date,source,supply_side,demand_side,financial_risk,geopolitical_risk,esg_regulation,natural_factor
2024-07-25,thehindu,1,0,1,0,0,1
2024-07-24,yahoo,1,0,1,0,0,1
2024-07-24,yahoo_sg,1,0,1,0,0,1
2024-11-01,benzinga,3,0,7,1,2,4
2024-10-28,benzinga,0,0,0,0,0,1
2024-09-20,benzinga,0,0,0,0,0,1
2024-07-29,fool,0,1,1,0,1,1
2024-07-31,seekingalpha,0,0,3,0,0,1
2024-07-31,seekingalpha,4,0,5,0,0,2
2024-12-23,startribune,0,0,0,0,0,1
2024-10-28,benzinga,1,0,2,0,0,1
2024-10-30,seekingalpha,0,0,4,0,0,1
2024-08-21,seekingalpha,2,1,3,0,0,2
2024-08-20,seekingalpha,0,0,1,0,0,1
2024-10-28,benzinga,1,0,0,0,0,1
2024-10-30,globenewswire,1,0,4,0,0,1
2024-07-09,seekingalpha,2,0,4,0,0,1
2024-11-01,benzinga,0,0,5,0,0,1
2024-10-24,benzinga,2,0,4,1,0,1
2024-11-19,openpr,1,1,0,0,2,1
2024-06-29,seekingalpha,0,0,3,0,0,1
2024-07-30,fool,0,0,1,0,0,1
2024-08-18,investorplace,0,0,0,0,0,1
2024-12-29,oilprice,1,0,2,1,0,1
2024-07-20,seekingalpha,2,2,4,0,0,1
2024-07-22,seekingalpha,1,1,4,0,1,1
2024-11-11,benzinga,3,0,7,0,0,4
2024-10-29,benzinga,1,0,0,0,0,1
2024-11-10,investorplace,2,1,2,0,1,1
2024-07-10,openpr,1,1,0,0,1,1
2025-02-23,cnbc,0,0,3,0,0,4
2024-07-19,seekingalpha,1,0,5,0,0,1
2024-08-20,benzinga,0,0,0,0,0,1
2024-08-20,benzinga,0,0,0,0,0,1
2024-11-18,benzinga,0,0,0,1,0,1
2025-02-26,financialpost,0,1,0,0,3,1
2024-09-25,globenewswire,1,0,2,1,1,1
2024-09-25,globenewswire_fr,1,0,2,1,1,1
2024-08-29,seekingalpha,1,1,7,0,1,2
2024-09-10,yahoo,2,1,0,0,0,3
2024-09-10,yahoo_sg,2,1,0,0,0,3
2024-09-10,yahoo_sg,2,1,0,0,0,3
2024-07-31,fool,2,0,4,0,0,2
2024-10-30,seekingalpha,3,1,1,0,0,2
2024-08-07,seekingalpha,1,1,7,1,0,2
2024-07-31,seekingalpha,2,0,4,0,0,2
2024-10-24,benzinga,1,0,0,0,0,1
2024-07-19,seekingalpha,0,0,6,0,0,2
2024-11-01,fool,9,1,6,0,1,2
2024-08-20,seekingalpha,0,0,3,0,0,1
2024-07-19,seekingalpha,0,1,3,0,0,1
2024-12-10,openpr,1,0,0,0,1,1
2024-12-29,benzinga,0,0,1,0,0,1
2024-11-01,fool,1,0,5,1,0,2
2024-10-30,globenewswire,1,0,2,0,0,2
2024-08-19,seekingalpha,1,0,2,0,0,2
2024-08-21,seekingalpha,3,0,3,0,0,2
2024-08-09,seekingalpha,1,1,1,0,0,2
2024-08-11,seekingalpha,0,1,1,0,0,1
2024-08-30,benzinga,1,0,4,0,0,3
2025-02-21,openpr,1,0,0,0,0,1
2024-10-24,benzinga,0,1,5,0,1,1
2024-10-24,fool,5,1,4,0,0,2
2024-09-26,seekingalpha,0,2,4,0,0,1
2024-07-09,seekingalpha,0,0,2,0,0,1
2024-07-10,investorplace,0,0,1,0,0,2
2024-12-01,fool,0,0,2,0,0,1
2024-08-08,investorplace,0,0,0,0,1,1
2025-02-25,benzinga,0,0,7,1,0,2
2024-12-20,globenewswire,0,0,0,0,0,1
2024-12-20,globenewswire_fr,0,0,0,0,0,1
2024-07-08,benzinga,0,0,1,0,0,1
2025-02-20,therecord,0,0,0,0,0,1
2024-11-27,benzinga,1,0,0,0,0,1
2024-07-19,seekingalpha,0,3,3,0,1,2
2024-12-10,benzinga,0,0,0,0,0,1
2024-12-09,benzinga,1,0,4,0,0,1
2024-08-10,seekingalpha,0,1,0,0,0,1
2024-08-30,seekingalpha,2,0,2,0,0,1
2024-08-30,seekingalpha,1,0,2,0,0,1
2024-08-30,seekingalpha,0,0,0,0,1,1
2024-07-21,seekingalpha,3,1,2,0,0,1
2024-08-20,yahoo_sg,0,0,4,0,0,1
2024-10-30,benzinga,1,0,8,1,1,1
2024-07-10,benzinga,0,0,0,0,0,1
2024-07-10,benzinga,0,0,0,0,0,1
2024-10-30,benzinga,1,0,7,1,2,1
2024-10-30,cision,1,0,6,1,1,1
2024-10-30,cision,1,0,5,1,2,1
2024-09-10,seekingalpha,1,0,4,0,0,1
2024-12-09,benzinga,3,1,4,1,2,4
2024-10-30,benzinga,3,1,4,1,3,5
2024-12-09,globenewswire,3,1,4,1,2,4
2024-12-09,globenewswire_fr,3,1,4,1,2,4
2024-11-01,benzinga,3,1,5,1,0,1
2024-11-01,cision,3,1,5,1,0,1
2024-07-20,seekingalpha,2,0,2,0,0,1
2024-08-20,seekingalpha,0,1,3,0,0,1
2024-10-29,benzinga,2,1,8,1,1,1
2024-10-29,globenewswire,2,1,7,1,1,1
2024-10-29,globenewswire_fr,2,1,7,1,1,1
2024-07-31,seekingalpha,1,0,1,0,2,1
2024-10-29,benzinga,1,0,0,0,0,1
2024-10-25,benzinga,0,0,1,0,0,1
2024-11-27,benzinga,0,0,1,0,0,1
2024-08-07,benzinga,3,0,7,0,0,3
2024-10-01,benzinga,0,0,0,0,0,1
2024-10-29,benzinga,0,0,0,0,0,1
2024-10-28,benzinga,0,0,0,0,0,1
2024-08-10,investorplace,0,0,3,0,0,1
2024-08-20,seekingalpha,3,0,6,0,0,1
2024-08-18,seekingalpha,0,0,1,0,0,2
2024-10-01,benzinga,0,0,1,0,0,1
2024-09-10,benzinga,1,0,0,0,0,1
2024-11-27,cision,0,0,1,0,0,1
2024-09-10,globenewswire_fr,1,0,0,0,0,1
2024-08-22,globenewswire_fr,1,0,3,0,2,2
2024-08-20,oilprice,3,0,0,0,0,2
2024-09-17,oilprice,2,1,1,0,0,2
2024-08-30,seekingalpha,0,0,1,0,0,1
2024-09-10,seekingalpha,0,0,0,0,0,1
2025-02-21,thesun,0,0,0,2,0,1
2011-02-01,The_Wall_Street_Journal,2,1,0,0,0,1
2014-10-07,Thomson_Reuters,3,1,0,0,0,1
2017-01-17,Thomson_Reuters,2,0,0,0,0,1
2001-03-28,The_Wall_Street_Journal,0,0,1,1,0,1
2021-05-10,The_Wall_Street_Journal,1,0,1,0,0,1
2016-10-12,The_Wall_Street_Journal,2,0,0,0,0,1
2020-03-09,Financial_Times,7,0,6,1,0,1
2020-04-21,Financial_Times,5,0,6,0,0,2
2016-11-14,Thomson_Reuters,4,0,0,0,0,1
2016-11-14,Thomson_Reuters,4,0,0,0,0,1
2022-03-07,Thomson_Reuters,1,0,0,0,0,1
2022-03-07,Thomson_Reuters,1,0,0,0,0,1
2022-03-07,Thomson_Reuters,1,0,1,0,0,1
2022-03-07,Thomson_Reuters,1,0,1,0,0,1
2022-03-15,Thomson_Reuters,1,0,1,0,0,1
2020-06-13,Thomson_Reuters,0,0,2,0,0,1
2020-06-17,Thomson_Reuters,0,0,2,0,0,1
2020-04-21,Channel_News_Asia,1,0,2,0,0,1
2020-09-01,Thomson_Reuters,0,0,1,0,0,1
2020-09-30,Thomson_Reuters,1,1,2,0,0,1
2020-08-14,Thomson_Reuters,1,0,1,0,0,1
2020-03-09,Thomson_Reuters,2,0,0,0,0,1
2021-06-07,Thomson_Reuters,2,0,0,0,0,1
2020-07-17,Channel_News_Asia,2,0,1,0,0,2
2020-05-11,Thomson_Reuters,1,0,1,0,0,1
2020-06-09,Thomson_Reuters,2,0,1,0,0,1
2020-04-22,Channel_News_Asia,0,1,1,0,0,1
2020-05-01,The_Wall_Street_Journal,1,1,1,0,0,1
2021-02-08,Thomson_Reuters,0,0,1,0,0,1
2020-09-09,Thomson_Reuters,1,0,2,0,0,1
2020-04-01,Thomson_Reuters,1,0,2,0,0,1
2020-04-20,Thomson_Reuters,1,0,2,0,0,1
2020-03-16,Thomson_Reuters,3,0,1,0,0,1
2021-06-07,Thomson_Reuters,2,0,0,0,0,1
2020-04-01,Thomson_Reuters,1,1,2,0,0,2
2020-04-14,Thomson_Reuters,1,0,2,0,0,1
2020-04-14,Thomson_Reuters,1,0,2,0,0,1
2020-03-11,Thomson_Reuters,0,0,3,0,0,1
2020-05-11,Thomson_Reuters,4,0,3,0,0,1
2020-04-02,Thomson_Reuters,1,3,1,0,0,1
2020-09-29,Thomson_Reuters,1,0,2,0,0,1
2020-07-17,Thomson_Reuters,2,0,1,0,0,2
2020-03-30,Thomson_Reuters,1,0,5,0,0,1
2020-04-01,Thomson_Reuters,0,0,1,0,0,1
2020-05-11,Thomson_Reuters,2,0,4,0,0,1
2020-10-01,Thomson_Reuters,1,1,2,0,0,1
2020-04-21,Thomson_Reuters,0,1,1,0,0,1
2020-09-01,Thomson_Reuters,1,0,1,0,0,1
2020-08-28,Thomson_Reuters,1,0,2,0,0,1
2020-04-17,Thomson_Reuters,1,0,1,0,0,2
2019-03-16,Thomson_Reuters,1,0,2,0,0,1
2016-07-14,Thomson_Reuters,1,0,0,0,0,1
2015-10-16,Thomson_Reuters,1,0,0,0,0,1
2019-04-02,Thomson_Reuters,1,0,1,0,0,1
2019-03-17,Thomson_Reuters,1,0,2,0,0,1
2017-04-13,Thomson_Reuters,0,0,1,0,0,1
2015-03-09,Thomson_Reuters,0,0,0,0,0,1
2017-11-08,Thomson_Reuters,0,0,0,0,0,1
2016-08-17,Thomson_Reuters,1,0,0,0,1,1
2015-03-24,Thomson_Reuters,0,0,1,0,0,1
2019-10-14,Thomson_Reuters,1,0,0,0,0,1
2014-02-26,Thomson_Reuters,0,0,0,0,0,1
2019-10-14,Thomson_Reuters,0,0,0,0,0,1
2015-03-09,Thomson_Reuters,0,0,2,0,0,1
2018-02-22,Thomson_Reuters,0,0,1,0,0,1
2015-03-09,Thomson_Reuters,0,0,2,0,0,1
2019-09-16,Thomson_Reuters,0,0,1,0,0,1
2015-03-24,Thomson_Reuters,0,0,3,0,0,1
2019-10-28,Thomson_Reuters,2,0,0,0,0,2
2015-03-09,Thomson_Reuters,0,0,1,0,0,1
2018-01-31,Thomson_Reuters,1,0,0,0,0,1
2015-03-09,Thomson_Reuters,0,0,1,0,0,1
2015-03-09,Thomson_Reuters,0,0,2,0,0,1
2015-03-07,Thomson_Reuters,1,0,0,0,0,1
2015-03-13,Thomson_Reuters,1,0,0,0,0,1
2017-06-22,Thomson_Reuters,3,0,1,0,0,1
2017-04-13,Thomson_Reuters,0,0,1,0,0,1
2015-03-24,Thomson_Reuters,0,0,2,0,0,1
2013-11-11,Thomson_Reuters,2,0,0,0,0,1
2014-11-05,Thomson_Reuters,1,0,0,0,0,1
2015-03-24,Thomson_Reuters,0,0,2,0,0,1
2019-03-15,Thomson_Reuters,1,0,2,0,0,1
2015-03-24,Thomson_Reuters,0,0,2,0,0,1
2019-04-04,Thomson_Reuters,1,0,1,0,0,1
2015-03-09,Thomson_Reuters,0,0,0,0,0,1
2018-06-14,Thomson_Reuters,2,0,1,0,0,1
2015-03-24,Thomson_Reuters,0,0,0,0,0,1
2015-03-27,Thomson_Reuters,1,0,0,0,0,1
2014-12-08,Thomson_Reuters,0,0,0,0,0,1
2018-06-14,Thomson_Reuters,2,0,1,0,0,1
2014-12-03,Thomson_Reuters,0,0,0,0,0,1
2016-05-16,Thomson_Reuters,2,0,1,0,0,2
2020-01-03,Thomson_Reuters,1,0,1,0,0,1
2020-10-05,Channel_News_Asia,1,1,2,0,0,1
2020-10-05,Thomson_Reuters,1,1,2,0,0,1
2020-11-02,Thomson_Reuters,1,1,2,0,0,1
2020-10-21,Channel_News_Asia,1,0,2,0,0,1
2020-10-21,Thomson_Reuters,1,0,3,0,0,1
2020-01-02,Thomson_Reuters,1,0,1,0,0,1
2020-11-03,Thomson_Reuters,2,0,1,0,0,1
2020-04-05,The_Wall_Street_Journal,2,2,1,0,0,3
2020-04-01,The_Wall_Street_Journal,3,0,1,0,0,2
2020-02-03,The_Wall_Street_Journal,1,0,6,0,0,2
2020-02-29,The_Wall_Street_Journal,2,0,1,0,0,1
2020-03-11,Financial_Times,1,0,6,1,0,1
2020-04-15,The_Wall_Street_Journal,1,0,1,0,0,1
2020-06-12,The_Wall_Street_Journal,0,0,1,0,0,2
2020-04-07,The_Wall_Street_Journal,2,0,1,0,0,1
2000-03-21,The_Wall_Street_Journal,0,0,0,0,0,1
2003-11-21,The_Wall_Street_Journal,0,0,0,0,0,1
2015-03-06,The_Wall_Street_Journal,1,0,1,0,0,1
2000-12-08,The_Wall_Street_Journal,0,0,0,0,0,1
2001-04-24,The_Wall_Street_Journal,0,0,0,0,0,1
2000-12-29,The_Wall_Street_Journal,0,0,0,0,0,1
2018-12-04,The_Wall_Street_Journal,2,1,0,0,0,1
2001-04-19,The_Wall_Street_Journal,0,0,0,0,0,1
1999-10-01,The_Wall_Street_Journal,0,0,0,0,0,1
2019-01-31,The_Wall_Street_Journal,0,0,0,1,0,1
2001-07-11,The_Wall_Street_Journal,0,0,0,0,0,1
2000-12-19,The_Wall_Street_Journal,0,0,0,0,0,1
2014-10-09,The_Wall_Street_Journal,5,2,1,0,0,1
2001-05-03,The_Wall_Street_Journal,0,0,0,1,0,1
2014-07-13,The_Wall_Street_Journal,1,0,0,0,0,1
2001-02-23,The_Wall_Street_Journal,3,0,0,1,0,2
2004-03-07,The_Wall_Street_Journal,0,0,1,0,0,1
2004-03-10,The_Wall_Street_Journal,0,0,1,0,0,1
2004-03-05,The_Wall_Street_Journal,0,0,2,0,0,1
2001-06-28,The_Wall_Street_Journal,0,0,0,0,0,1
2001-06-14,The_Wall_Street_Journal,0,0,0,0,0,1
2015-09-30,The_Wall_Street_Journal,0,0,0,0,0,1
2015-05-13,The_Wall_Street_Journal,6,0,0,0,0,2
2015-12-18,The_Wall_Street_Journal,0,0,1,0,0,1
2019-12-29,The_Wall_Street_Journal,2,0,1,0,0,1
2001-01-26,The_Wall_Street_Journal,0,0,0,0,0,1
1999-09-28,The_Wall_Street_Journal,1,0,0,0,0,1
2015-08-06,The_Wall_Street_Journal,3,0,0,0,0,1
2010-08-18,The_Wall_Street_Journal,0,0,0,0,0,1
2003-11-23,The_Wall_Street_Journal,0,0,0,0,0,1
2015-04-29,The_Wall_Street_Journal,2,0,0,0,0,1
2015-09-22,The_Wall_Street_Journal,0,0,0,0,0,1
2001-02-01,The_Wall_Street_Journal,0,0,0,0,0,1
2001-01-17,The_Wall_Street_Journal,0,0,0,0,0,1
2016-02-09,The_Wall_Street_Journal,0,0,1,0,0,1
2001-01-09,The_Wall_Street_Journal,0,0,0,0,0,1
1999-09-28,The_Wall_Street_Journal,0,0,0,0,0,1
2015-03-25,The_Wall_Street_Journal,0,0,0,0,0,1
2023-05-12,Thomson_Reuters,1,0,1,0,0,2
2021-11-04,Thomson_Reuters,1,0,1,0,0,1
2021-08-11,Thomson_Reuters,1,0,2,0,0,1
2021-11-04,Thomson_Reuters,1,0,1,0,0,1
2021-09-08,Thomson_Reuters,2,0,1,0,0,2
2021-08-11,Thomson_Reuters,1,0,2,0,0,1
2016-03-14,Thomson_Reuters,1,0,1,0,0,1
2015-09-18,Thomson_Reuters,1,0,1,0,0,1
2022-10-03,Thomson_Reuters,0,0,1,0,0,1
2023-03-30,Viet_Nam_News,0,0,0,0,0,1
2022-01-17,New_Strait_Times,0,2,0,0,1,3
2022-08-24,Thomson_Reuters,0,0,0,0,0,1
2023-01-03,The_Wall_Street_Journal,0,0,2,0,0,1
2023-05-22,The_Wall_Street_Journal,0,0,1,0,0,2
2022-09-19,The_Wall_Street_Journal,0,0,0,0,0,1
2022-09-06,The_Wall_Street_Journal,0,0,0,0,0,1
2022-04-12,The_Wall_Street_Journal,0,1,2,0,0,1
2021-04-30,The_Business_Times,0,0,0,0,0,1
2020-12-04,The_Phnom_Penh_Post,1,0,0,0,0,1
2020-12-29,The_Wall_Street_Journal,0,0,0,0,0,1
2021-03-26,New_Strait_Times,0,0,0,0,0,3
2021-04-09,The_Wall_Street_Journal,0,0,0,0,0,1
2021-12-10,The_Wall_Street_Journal,0,0,0,0,0,1
2021-02-27,Channel_News_Asia,0,0,1,0,0,1
2021-04-06,The_Wall_Street_Journal,0,0,0,0,0,1
2021-01-17,The_Jakarta_Post,0,0,0,0,0,1
2021-03-01,The_Business_Times,0,0,1,0,0,1
2021-03-09,The_Wall_Street_Journal,0,0,0,0,0,1
2021-03-01,The_Phnom_Penh_Post,1,0,0,0,0,1
2020-02-06,New_Strait_Times,0,0,0,0,0,1
2021-07-06,The_Wall_Street_Journal,0,0,0,0,0,1
2021-11-02,The_Wall_Street_Journal,0,0,0,0,0,1
2021-01-05,New_Strait_Times,0,0,0,0,0,1
2021-10-19,The_Wall_Street_Journal,0,0,0,0,0,1
2021-02-26,Thomson_Reuters,0,0,1,0,0,1
2020-02-04,The_Wall_Street_Journal,0,0,0,0,0,2
2019-07-02,The_Wall_Street_Journal,0,0,0,1,0,1
2017-06-05,The_Jakarta_Post,0,0,0,0,0,1
2018-06-18,The_Wall_Street_Journal,0,0,1,0,0,1
2016-11-29,The_Wall_Street_Journal,0,0,0,0,0,1
2018-10-12,Financial_Times,0,0,0,0,0,1
2015-12-06,The_Wall_Street_Journal,0,0,1,0,0,1
2018-04-24,The_Wall_Street_Journal,1,0,2,0,0,1
2013-12-01,The_Wall_Street_Journal,0,0,0,0,0,2
2019-05-07,The_Wall_Street_Journal,0,0,0,0,0,1
2015-04-28,The_Wall_Street_Journal,0,0,0,0,0,2
2016-11-30,The_Wall_Street_Journal,0,0,0,0,0,1
2018-11-27,The_Wall_Street_Journal,0,0,0,0,0,1
2017-06-25,The_Wall_Street_Journal,0,0,0,0,0,1
2018-06-05,Thomson_Reuters,0,0,0,0,0,1
2019-10-01,The_Wall_Street_Journal,0,0,0,0,0,1
2019-08-20,New_Strait_Times,0,0,0,0,0,1
2019-07-19,The_Wall_Street_Journal,0,0,0,0,0,1
2023-11-21,The_Wall_Street_Journal,0,0,3,0,0,1
2023-07-26,The_Business_Times,0,0,0,0,0,1
2024-05-01,Financial_Times,0,0,0,0,0,1
2024-05-14,The_Business_Times,0,0,0,0,1,1
2024-04-12,Viet_Nam_News,0,1,0,0,0,1
2024-04-12,The_Business_Times,0,0,0,0,0,1
2024-11-28,API_NEWS_en,0,0,0,0,0,1
2024-11-27,API_NEWS_en,0,0,0,0,0,1
2022-01-25,New_Strait_Times,0,0,0,0,0,1
2022-06-07,Financial_Times,0,1,0,0,0,2
2022-10-14,Financial_Times,1,0,0,2,0,1
2023-01-03,Manila_Bulletin,0,0,0,0,0,2
2022-11-11,Financial_Times,0,0,0,0,0,1
2023-05-17,Thomson_Reuters,0,0,0,0,0,1
2022-12-20,New_Strait_Times,0,0,0,0,1,1
2022-12-28,New_Strait_Times,0,0,0,0,0,1
2022-06-29,The_Wall_Street_Journal,2,0,0,0,0,1
2022-12-20,The_Jakarta_Post,0,0,0,0,0,1
2023-04-17,South_China_Morning_Post,0,0,0,0,0,2
2023-02-05,The_Jakarta_Post,0,0,0,0,0,1
2021-12-03,The_Jakarta_Post,0,0,0,0,0,1
2021-08-26,Thomson_Reuters,0,0,0,0,0,1
2021-05-02,New_Strait_Times,0,0,0,0,0,1
2021-08-20,New_Strait_Times,0,0,0,0,0,1
2020-04-28,The_Jakarta_Post,0,0,0,0,0,1
2021-04-14,New_Strait_Times,0,0,0,0,0,1
2021-03-11,Thomson_Reuters,0,0,0,0,0,1
2021-03-24,The_Jakarta_Post,0,0,0,0,0,1
2020-11-27,Financial_Times,1,0,0,0,1,1
2020-08-13,Thomson_Reuters,0,0,0,0,0,2
2020-08-13,Thomson_Reuters,1,0,0,0,0,2
2021-09-03,The_Strait_Times,0,0,0,0,0,1
2021-08-08,The_Strait_Times,0,0,0,0,6,3
2021-05-15,New_Strait_Times,0,0,0,0,0,1
2021-12-16,Channel_News_Asia,0,0,0,0,0,1
2021-11-29,Thomson_Reuters,0,0,0,0,0,1
2021-05-15,New_Strait_Times,0,0,0,0,0,1
2021-07-13,New_Strait_Times,0,0,0,0,0,1
2021-05-03,New_Strait_Times,0,0,0,0,0,1
2021-12-01,The_Jakarta_Post,0,1,0,0,0,2
2021-06-24,The_Strait_Times,0,0,0,0,0,1
2020-12-27,New_Strait_Times,0,0,0,0,0,1
2021-04-24,New_Strait_Times,0,0,0,0,0,1
2021-05-31,New_Strait_Times,0,0,0,0,0,1
2021-02-02,New_Strait_Times,0,0,0,0,0,1
2021-06-04,New_Strait_Times,0,0,0,0,0,1
2021-11-27,The_Strait_Times,0,0,0,0,0,1
2021-11-10,The_Jakarta_Post,0,0,0,0,0,1
2021-05-24,Channel_News_Asia,0,0,0,0,0,1
2021-06-19,New_Strait_Times,0,0,0,0,0,1
2020-08-15,The_Jakarta_Post,0,0,0,0,0,1
2020-08-22,The_Jakarta_Post,0,0,0,1,0,1
2021-05-27,New_Strait_Times,0,0,0,0,0,1
2021-11-30,The_Strait_Times,0,0,0,0,0,1
2020-03-02,The_Jakarta_Post,0,0,0,1,0,1
2021-10-28,New_Strait_Times,0,0,0,0,0,1
2021-01-18,Channel_News_Asia,0,0,0,0,0,1
2021-04-24,New_Strait_Times,0,0,0,0,0,1
2020-07-18,The_Jakarta_Post,0,0,0,0,0,1
2021-07-23,Thomson_Reuters,0,0,0,0,0,1
2021-08-28,The_Wall_Street_Journal,0,0,0,0,0,3
2021-05-02,New_Strait_Times,0,0,0,0,0,1
2021-02-25,Financial_Times,4,1,1,0,1,4
2020-10-15,Viet_Nam_News,0,0,0,0,0,1
2021-05-18,New_Strait_Times,0,0,0,0,0,1
2020-11-06,Viet_Nam_News,0,0,0,0,0,1
2021-12-21,New_Strait_Times,0,2,0,0,0,2
2021-08-06,Thomson_Reuters,0,0,0,0,0,1
2021-05-24,New_Strait_Times,0,0,0,0,0,1
2021-04-27,New_Strait_Times,0,0,0,0,0,1
2021-12-15,Thomson_Reuters,0,0,0,0,0,1
2021-11-27,The_Strait_Times,0,0,0,0,0,1
2020-10-20,Channel_News_Asia,0,0,0,0,0,1
2021-05-24,New_Strait_Times,0,0,0,0,0,1
2021-05-25,New_Strait_Times,0,0,0,0,0,1
2013-11-24,The_Jakarta_Post,0,0,0,1,0,3
2001-12-26,The_Wall_Street_Journal,0,1,0,0,0,1
2017-06-20,The_Jakarta_Post,0,0,0,0,0,1
2015-09-07,The_Jakarta_Post,0,0,0,0,0,2
2015-09-28,The_Wall_Street_Journal,0,0,0,0,0,1
2019-07-05,Channel_News_Asia,0,0,0,0,1,2
2018-11-03,Channel_News_Asia,0,0,0,0,0,1
2019-03-20,Channel_News_Asia,0,0,0,0,0,2
2009-03-05,The_Wall_Street_Journal,0,0,0,0,1,1
2019-01-28,The_Jakarta_Post,0,0,0,0,0,1
2005-05-12,The_Wall_Street_Journal,0,0,0,0,0,1
2019-08-20,The_Jakarta_Post,0,0,0,0,0,2
2018-07-09,The_Jakarta_Post,0,0,0,0,0,1
2018-07-07,The_Jakarta_Post,0,0,0,0,0,1
2018-07-18,Thomson_Reuters,0,0,0,0,0,1
2011-03-15,The_Wall_Street_Journal,0,0,0,0,1,1
2015-05-05,The_Wall_Street_Journal,0,0,0,0,0,1
2018-04-25,Channel_News_Asia,0,0,0,0,0,1
2019-10-09,The_Jakarta_Post,0,0,0,0,0,2
2016-05-25,The_Jakarta_Post,0,0,0,0,1,1
2018-06-09,Thomson_Reuters,0,0,0,0,0,1
2018-02-02,The_Jakarta_Post,0,0,0,0,0,1
2015-11-12,Thomson_Reuters,2,0,0,0,0,1
2018-04-23,The_Wall_Street_Journal,0,0,0,0,0,1
1999-05-17,The_Wall_Street_Journal,0,0,0,0,0,1
2019-06-27,Channel_News_Asia,0,0,0,0,0,2
2018-08-23,The_Jakarta_Post,0,0,0,0,0,2
2017-07-04,The_Wall_Street_Journal,0,0,0,0,0,1
2019-03-20,Channel_News_Asia,0,0,0,0,0,2
2002-07-10,The_Wall_Street_Journal,0,0,0,0,2,1
2016-10-25,The_Wall_Street_Journal,1,0,0,0,0,2
2017-11-15,The_Jakarta_Post,0,0,0,0,0,1
2018-01-10,The_Jakarta_Post,0,0,0,0,1,1
2017-06-06,The_Wall_Street_Journal,0,0,1,0,0,1
2018-01-19,The_Jakarta_Post,0,0,0,0,0,1
2006-04-07,The_Wall_Street_Journal,0,0,0,0,1,1
2019-07-01,Channel_News_Asia,0,0,0,0,1,2
2018-08-31,The_Jakarta_Post,0,0,0,0,0,1
2015-09-27,The_Wall_Street_Journal,0,0,1,0,0,1
2015-10-05,The_Jakarta_Post,0,0,0,0,0,2
2017-07-21,Viet_Nam_News,0,0,0,0,0,3
2024-12-10,API_NEWS_en,0,0,0,0,1,1
2024-12-10,API_NEWS_en,0,0,1,0,0,1
2014-09-15,The_Wall_Street_Journal,0,0,0,0,0,1
2015-07-16,The_Wall_Street_Journal,0,0,0,0,0,1
2024-11-27,API_NEWS_en,1,0,0,0,0,1
2016-07-18,Thomson_Reuters,1,0,1,0,0,1
2016-05-11,Thomson_Reuters,0,0,1,0,0,1
2016-12-29,Thomson_Reuters,0,0,0,0,0,1
2003-04-25,The_Wall_Street_Journal,0,0,1,0,0,1
2012-04-20,The_Wall_Street_Journal,0,0,0,0,0,1
2022-09-23,Thomson_Reuters,1,1,0,0,0,1
2022-11-13,Taipei_Times,1,1,2,0,0,1
2020-03-03,Thomson_Reuters,0,0,0,0,0,1
2020-04-29,Thomson_Reuters,0,0,0,0,0,1
2020-03-09,The_Wall_Street_Journal,2,0,2,0,0,2
2021-07-20,Thomson_Reuters,1,0,2,0,0,1
2020-04-30,Thomson_Reuters,0,0,0,0,0,1
2020-07-02,Thomson_Reuters,1,0,0,0,0,1
2021-07-20,Thomson_Reuters,1,0,2,0,0,1
2020-01-08,Thomson_Reuters,0,0,0,0,0,1
2020-02-14,Thomson_Reuters,0,0,0,0,0,1
2020-01-08,Thomson_Reuters,0,0,1,0,0,1
2020-01-08,Thomson_Reuters,0,0,0,0,0,1
2020-02-17,Thomson_Reuters,0,0,0,0,0,1
2012-01-31,Thomson_Reuters,1,0,0,0,0,1
2017-09-20,Thomson_Reuters,0,0,0,0,0,1
2019-07-29,Thomson_Reuters,0,0,0,0,0,1
2010-09-15,Thomson_Reuters,0,0,0,0,0,1
2010-09-08,Thomson_Reuters,0,0,0,0,0,1
2010-07-08,Thomson_Reuters,0,0,0,0,0,1
2013-12-16,Thomson_Reuters,1,0,0,0,0,1
2015-05-21,Thomson_Reuters,1,0,0,0,0,1
2018-09-04,Thomson_Reuters,1,0,0,0,0,1
2017-02-28,Thomson_Reuters,0,0,0,0,0,1
2012-01-27,Thomson_Reuters,2,0,0,0,0,1
2010-04-30,Thomson_Reuters,1,0,0,0,0,1
2012-01-27,Thomson_Reuters,0,1,1,0,0,1
2010-04-29,Thomson_Reuters,0,0,2,0,0,1
2013-11-11,Thomson_Reuters,1,0,0,0,0,1
2017-11-01,Thomson_Reuters,0,0,0,0,0,1
2019-01-03,Thomson_Reuters,0,0,0,0,0,1
2013-01-14,Thomson_Reuters,1,0,0,0,0,1
2013-11-11,Thomson_Reuters,1,0,0,0,0,1
2017-03-20,Thomson_Reuters,0,0,0,0,0,1
2010-09-08,Thomson_Reuters,0,0,0,0,0,1
2012-01-27,Thomson_Reuters,1,0,0,0,0,1
2013-11-11,Thomson_Reuters,1,0,0,0,0,1
2018-09-28,Thomson_Reuters,0,0,0,0,0,1
2010-08-02,Thomson_Reuters,0,0,0,0,0,1
2019-02-18,Thomson_Reuters,0,0,0,0,0,1
2010-10-12,Thomson_Reuters,1,0,0,0,0,2
2013-11-11,Thomson_Reuters,1,0,1,0,0,1
2018-12-28,Thomson_Reuters,0,0,0,0,0,1
2010-11-10,Thomson_Reuters,0,0,0,0,0,1
2016-11-02,Thomson_Reuters,0,0,0,0,0,1
2016-11-14,Thomson_Reuters,0,0,0,0,0,1
2018-02-06,Thomson_Reuters,0,0,0,0,0,1
2010-01-08,Thomson_Reuters,0,0,0,0,0,1
2017-04-05,Thomson_Reuters,0,0,0,0,0,1
2013-02-28,Thomson_Reuters,0,0,1,0,0,1
2019-04-29,Thomson_Reuters,0,0,0,0,0,1
2014-12-31,Thomson_Reuters,1,0,1,0,0,1
2018-03-21,Thomson_Reuters,1,0,0,0,0,1
2013-02-21,Thomson_Reuters,1,0,0,0,0,1
2019-03-28,Thomson_Reuters,1,0,0,0,0,1
2017-05-30,Thomson_Reuters,0,0,1,0,0,1
2010-09-08,Thomson_Reuters,0,0,1,0,0,1
2014-09-04,Thomson_Reuters,1,0,0,0,0,1
2019-04-17,Thomson_Reuters,0,0,0,0,0,1
2012-11-05,Thomson_Reuters,0,0,2,0,0,2
2018-05-09,Thomson_Reuters,0,0,0,0,0,1
2013-03-04,Thomson_Reuters,0,0,0,0,0,1
2015-02-17,Thomson_Reuters,0,0,1,0,0,1
2014-12-31,Thomson_Reuters,0,0,0,0,0,1
2018-10-16,Thomson_Reuters,3,0,0,0,0,1
2012-02-10,Thomson_Reuters,1,0,0,0,0,1
2012-02-22,Thomson_Reuters,1,0,0,0,0,1
2018-10-22,Thomson_Reuters,0,0,0,0,0,1
2013-01-14,Thomson_Reuters,1,1,1,0,0,1
2012-10-19,Thomson_Reuters,1,0,0,0,0,1
2012-09-05,Thomson_Reuters,0,0,0,0,0,1
2013-10-01,Thomson_Reuters,2,0,0,0,0,1
2015-02-17,Thomson_Reuters,0,0,1,0,0,1
2012-08-17,Thomson_Reuters,0,0,1,0,0,1
2013-01-14,Thomson_Reuters,1,0,0,0,0,1
2013-02-26,Thomson_Reuters,0,0,0,0,0,3
2018-07-23,Thomson_Reuters,0,0,0,0,0,1
2013-01-04,Thomson_Reuters,1,0,0,0,0,1
2019-10-17,Thomson_Reuters,0,0,0,0,0,1
2018-07-30,Thomson_Reuters,0,0,0,0,0,1
2010-01-08,Thomson_Reuters,0,0,1,0,0,1
2019-12-12,Thomson_Reuters,0,0,0,0,0,1
2013-07-11,Thomson_Reuters,1,0,0,0,0,1
2015-02-17,Thomson_Reuters,1,0,0,0,0,1
2016-10-07,Thomson_Reuters,0,0,1,0,0,1
2018-06-28,Thomson_Reuters,0,0,1,0,0,1
2018-01-18,Thomson_Reuters,1,0,0,0,0,1
2013-01-14,Thomson_Reuters,1,0,1,0,0,1
2012-11-05,Thomson_Reuters,1,0,0,0,0,2
2014-12-31,Thomson_Reuters,1,0,1,0,0,1
2015-07-03,Thomson_Reuters,1,0,0,0,0,1
2019-09-03,Thomson_Reuters,0,0,0,0,0,1
2013-03-19,Thomson_Reuters,1,0,0,0,0,1
2010-06-08,Thomson_Reuters,1,0,1,0,0,2
2013-01-03,The_Wall_Street_Journal,1,0,0,0,0,1
2013-02-27,Thomson_Reuters,0,0,0,0,0,1
2019-09-17,Thomson_Reuters,0,0,2,0,0,1
2019-05-15,Thomson_Reuters,0,0,1,0,0,1
2012-11-05,Thomson_Reuters,0,0,1,0,0,1
2012-03-04,Thomson_Reuters,1,0,0,0,0,1
2019-10-02,Thomson_Reuters,0,0,0,0,0,1
2019-05-13,Thomson_Reuters,0,0,0,0,0,1
2018-06-14,Thomson_Reuters,0,0,0,0,0,1
2018-02-21,Thomson_Reuters,3,0,0,0,0,1
2015-07-06,Financial_Times,0,0,1,0,0,1
2010-06-05,The_Wall_Street_Journal,1,0,1,0,0,1
2017-12-20,Thomson_Reuters,1,0,0,0,0,1
2018-07-10,Thomson_Reuters,0,0,0,0,0,1
2018-06-04,Thomson_Reuters,0,0,0,0,0,1
2015-07-02,Thomson_Reuters,1,0,0,0,0,1
2012-02-27,Thomson_Reuters,1,0,0,0,0,1
2013-02-22,Thomson_Reuters,1,0,1,0,0,1
2014-12-31,Thomson_Reuters,1,0,1,0,0,1
2012-02-23,Thomson_Reuters,1,0,0,0,0,1
2019-10-28,Thomson_Reuters,0,0,0,0,0,1
2019-06-09,Thomson_Reuters,0,0,0,0,1,1
2012-11-05,Thomson_Reuters,1,1,0,0,0,2
2018-03-20,Thomson_Reuters,0,0,0,0,0,1
2013-11-11,Thomson_Reuters,1,0,0,0,0,1
2013-07-25,Thomson_Reuters,1,0,0,0,0,1
2010-09-08,Thomson_Reuters,0,0,0,0,0,1
2013-11-11,Thomson_Reuters,1,0,1,0,0,1
2012-04-11,Thomson_Reuters,1,0,0,0,0,1
2018-01-16,Thomson_Reuters,1,0,0,0,0,1
2015-01-10,Thomson_Reuters,1,0,0,0,0,1
2015-05-20,Thomson_Reuters,1,0,0,0,0,1
2011-06-29,Thomson_Reuters,0,0,0,0,0,1
2010-06-08,Thomson_Reuters,0,0,1,0,0,1
2017-10-04,Thomson_Reuters,0,0,0,0,0,1
2010-07-19,Thomson_Reuters,1,0,0,0,0,1
2018-04-30,Thomson_Reuters,0,0,0,0,0,1
2018-04-18,Thomson_Reuters,0,0,0,0,0,1
2013-11-11,Thomson_Reuters,1,0,1,0,0,1
2018-02-20,Thomson_Reuters,0,0,0,0,0,1
2013-02-05,Thomson_Reuters,1,0,0,0,0,1
2015-05-21,Thomson_Reuters,1,0,0,0,0,1
2019-07-25,Thomson_Reuters,0,0,0,0,0,1
2010-10-12,Thomson_Reuters,1,0,0,0,0,2
2010-08-02,Thomson_Reuters,0,0,0,0,0,1
2018-08-14,Thomson_Reuters,0,0,0,0,0,1
2013-01-14,Thomson_Reuters,1,0,0,0,0,1
2018-09-21,Thomson_Reuters,0,0,0,0,0,1
2018-06-27,Thomson_Reuters,0,0,0,0,0,1
2013-02-04,Thomson_Reuters,0,0,1,0,0,1
2012-11-05,Thomson_Reuters,0,0,0,0,0,2
2017-06-13,Thomson_Reuters,0,0,0,0,0,1
2015-02-17,Thomson_Reuters,0,0,0,0,0,1
2012-04-12,Thomson_Reuters,2,0,0,0,1,1
2012-02-28,Thomson_Reuters,1,0,0,0,0,1
2014-09-04,Thomson_Reuters,1,0,0,0,0,1
2010-09-08,Thomson_Reuters,0,0,0,0,0,1
2012-09-05,Thomson_Reuters,1,0,0,0,0,1
2019-03-11,Thomson_Reuters,0,0,0,0,0,1
2015-02-17,Thomson_Reuters,0,0,0,0,0,1
2018-10-22,Thomson_Reuters,0,0,1,0,0,1
2013-07-26,Thomson_Reuters,1,0,0,1,0,1
2019-01-17,Thomson_Reuters,0,0,0,0,0,1
2012-02-23,Thomson_Reuters,1,0,0,0,0,1
2014-09-05,Thomson_Reuters,1,0,0,0,0,1
2017-02-23,Thomson_Reuters,0,0,0,0,0,1
2018-01-19,Thomson_Reuters,1,0,0,0,0,1
2010-04-30,Thomson_Reuters,1,0,0,0,0,1
2015-10-05,Thomson_Reuters,1,0,0,0,0,1
2010-09-14,Thomson_Reuters,0,0,0,0,0,1
2018-07-16,Thomson_Reuters,0,0,0,0,0,1
2018-03-08,Thomson_Reuters,0,0,0,0,0,1
2018-09-04,Thomson_Reuters,0,0,0,0,0,1
2010-09-15,Thomson_Reuters,0,0,1,0,0,1
2015-02-17,Thomson_Reuters,0,0,1,0,0,1
2018-02-06,Thomson_Reuters,0,0,0,0,0,1
2017-03-16,Thomson_Reuters,0,0,0,0,0,1
2017-08-16,Thomson_Reuters,1,0,0,0,0,1
2010-05-20,The_Wall_Street_Journal,2,0,0,0,0,1
2019-07-15,Thomson_Reuters,0,0,0,0,0,1
2015-07-03,Thomson_Reuters,1,0,0,0,0,1
2011-06-29,Thomson_Reuters,0,0,0,0,0,1
2009-11-02,Thomson_Reuters,0,0,0,0,0,1
2012-01-27,Thomson_Reuters,0,0,1,0,0,1
2014-09-05,Thomson_Reuters,1,0,0,0,0,1
2011-12-15,Thomson_Reuters,3,0,0,1,0,1
2010-06-23,Thomson_Reuters,1,0,1,0,0,1
2011-06-29,Thomson_Reuters,0,0,0,0,0,1
2019-05-14,Thomson_Reuters,0,0,0,0,0,1
2019-03-11,Thomson_Reuters,0,0,0,0,0,1
2018-09-04,Thomson_Reuters,1,0,0,0,0,1
2010-04-30,Thomson_Reuters,1,0,0,0,0,1
2012-11-05,Thomson_Reuters,1,0,1,0,0,1
2018-02-07,Thomson_Reuters,1,0,0,0,0,1
2018-09-12,Thomson_Reuters,0,0,0,0,0,1
2017-02-09,Thomson_Reuters,0,0,0,0,0,1
2013-10-01,Thomson_Reuters,1,0,1,0,0,1
2012-08-28,Thomson_Reuters,2,0,0,0,1,1
2019-01-23,Thomson_Reuters,0,0,1,0,0,1
2019-05-15,Thomson_Reuters,0,0,0,0,0,1
2010-04-30,Thomson_Reuters,1,0,0,0,0,1
2012-09-12,Thomson_Reuters,1,0,0,0,0,1
2012-02-13,Thomson_Reuters,1,0,0,0,0,1
2018-07-31,Thomson_Reuters,0,0,0,0,0,1
2010-11-18,The_Wall_Street_Journal,1,0,0,0,0,1
2012-04-19,Thomson_Reuters,1,0,0,0,1,1
2017-10-17,Thomson_Reuters,0,0,0,0,0,1
2013-02-26,Thomson_Reuters,1,0,0,0,0,2
2017-10-04,Thomson_Reuters,0,0,1,0,0,1
2012-11-16,Thomson_Reuters,1,0,0,0,0,1
2010-06-23,Thomson_Reuters,1,0,1,0,0,1
2012-08-29,Thomson_Reuters,0,0,0,0,0,2
2018-02-15,Thomson_Reuters,0,0,0,0,0,1
2017-09-22,Thomson_Reuters,0,0,1,0,0,1
2018-07-17,Thomson_Reuters,0,0,0,0,0,1
2010-09-15,Thomson_Reuters,0,0,1,0,0,1
2017-04-24,Thomson_Reuters,0,0,0,0,0,1
2018-09-04,Thomson_Reuters,0,0,0,0,0,1
2013-03-05,Thomson_Reuters,0,0,0,0,0,2
2013-02-15,Thomson_Reuters,0,0,0,0,0,1
2013-01-14,Thomson_Reuters,1,1,1,0,0,1
2019-02-11,Thomson_Reuters,0,0,0,0,0,1
2018-10-22,Thomson_Reuters,0,0,0,0,0,1
2017-10-26,Thomson_Reuters,0,0,0,0,0,1
2016-11-29,Thomson_Reuters,0,0,1,0,0,1
2012-04-11,Thomson_Reuters,0,0,0,0,0,1
2014-12-31,Thomson_Reuters,0,0,0,0,0,1
2018-07-31,Thomson_Reuters,1,0,0,0,0,1
2015-07-02,Thomson_Reuters,1,0,0,0,0,1
2019-01-23,Thomson_Reuters,0,0,0,0,0,1
2018-10-29,Thomson_Reuters,0,0,0,0,0,1
2019-07-29,Thomson_Reuters,1,0,0,0,0,1
2012-10-11,Thomson_Reuters,1,0,0,0,0,1
2017-08-02,Thomson_Reuters,0,0,0,0,0,1
2017-02-24,Thomson_Reuters,0,0,0,0,0,1
2017-05-03,Thomson_Reuters,0,0,0,0,0,1
2018-03-08,Thomson_Reuters,1,0,0,0,0,1
2010-01-08,Thomson_Reuters,0,0,1,0,0,1
2014-12-31,Thomson_Reuters,0,0,0,0,0,1
2018-10-08,Thomson_Reuters,1,0,0,0,0,1
2013-01-14,Thomson_Reuters,1,0,0,0,0,1
2018-07-16,Thomson_Reuters,1,0,0,0,0,1
2013-03-03,The_Wall_Street_Journal,1,0,0,0,0,1
2018-07-31,Thomson_Reuters,0,0,0,0,0,1
2018-09-04,Thomson_Reuters,1,0,0,0,0,1
2012-11-05,Thomson_Reuters,0,0,1,0,0,1
2010-09-08,Thomson_Reuters,0,0,1,0,0,1
2012-04-16,Thomson_Reuters,1,0,0,0,0,1
2010-08-02,Thomson_Reuters,0,0,0,0,0,2
2018-02-20,Thomson_Reuters,1,0,0,0,0,1
2011-04-15,Thomson_Reuters,1,0,0,0,0,1
2018-09-05,Thomson_Reuters,1,0,0,0,0,1
2011-12-20,Thomson_Reuters,0,0,0,0,0,1
2019-01-23,Thomson_Reuters,0,0,0,0,0,1
2019-02-18,Thomson_Reuters,0,0,0,0,0,1
2018-09-04,Thomson_Reuters,0,0,0,0,0,1
2012-09-10,Thomson_Reuters,1,0,0,0,0,1
2017-07-25,Thomson_Reuters,0,0,0,0,0,1
2010-06-23,Thomson_Reuters,1,0,1,0,0,1
2018-07-10,Thomson_Reuters,0,0,1,0,0,1
2010-08-02,Thomson_Reuters,0,0,0,0,0,2
2019-09-23,Thomson_Reuters,0,0,0,0,0,1
2013-04-22,Thomson_Reuters,1,0,0,1,0,1
2021-09-28,Thomson_Reuters,0,0,0,0,1,1
2015-05-15,Thomson_Reuters,0,0,0,1,1,2
2018-09-28,Thomson_Reuters,0,0,0,0,0,1
2023-06-05,Thomson_Reuters,0,0,0,0,0,1
2022-11-07,New_Strait_Times,0,1,0,0,0,1
2023-02-25,Financial_Times,0,0,2,0,0,1
2022-10-25,Viet_Nam_News,1,0,0,0,1,1
2020-09-24,Viet_Nam_News,1,0,0,0,1,1
2020-03-12,The_Wall_Street_Journal,0,0,0,1,0,1
2021-08-07,Financial_Times,1,0,0,1,0,1
2020-02-02,The_Jakarta_Post,0,0,0,0,0,1
2021-09-30,The_Wall_Street_Journal,2,0,0,0,0,2
2020-12-22,Thomson_Reuters,0,0,0,0,0,1
2020-12-11,Viet_Nam_News,1,1,0,0,0,1
2021-12-17,Thomson_Reuters,0,0,0,0,1,1
2020-07-13,Viet_Nam_News,1,0,0,0,0,1
2021-04-02,Viet_Nam_News,1,0,0,0,0,1
2020-01-03,The_Jakarta_Post,0,0,0,1,0,1
2020-03-28,The_Wall_Street_Journal,0,0,0,2,0,1
2020-12-22,Channel_News_Asia,0,0,0,0,0,1
2021-02-10,Viet_Nam_News,1,0,0,0,0,1
2020-10-29,The_Jakarta_Post,0,0,0,0,0,1
2020-07-03,Viet_Nam_News,1,0,0,0,0,1
2021-11-17,The_Wall_Street_Journal,2,0,0,0,0,1
2020-03-03,Financial_Times,4,3,7,2,0,2
2021-12-17,Thomson_Reuters,0,0,0,0,1,1
2006-12-23,The_Wall_Street_Journal,0,0,0,0,0,1
2019-08-31,The_Jakarta_Post,0,0,0,0,0,1
2009-08-28,The_Wall_Street_Journal,0,0,0,0,0,1
2017-02-06,The_Jakarta_Post,0,0,0,0,0,1
2011-02-26,The_Wall_Street_Journal,0,0,0,0,0,1
2011-02-27,The_Wall_Street_Journal,0,0,0,0,0,1
2008-11-07,The_Wall_Street_Journal,0,0,1,0,0,1
2017-01-18,The_Wall_Street_Journal,0,0,1,0,0,1
2018-09-28,The_Wall_Street_Journal,0,0,0,0,0,1
2002-01-25,The_Wall_Street_Journal,0,0,1,0,0,1
2009-05-30,The_Wall_Street_Journal,0,0,1,0,0,1
2000-04-05,The_Wall_Street_Journal,0,0,0,0,0,1
2009-11-17,The_Wall_Street_Journal,0,0,1,0,0,1
2016-06-12,The_Jakarta_Post,1,0,0,0,0,1
2016-11-03,The_Wall_Street_Journal,1,0,1,0,0,1
2009-03-21,The_Wall_Street_Journal,0,0,0,0,0,1
2017-10-05,Viet_Nam_News,0,0,0,0,0,1
2017-01-19,The_Wall_Street_Journal,0,0,1,0,0,1
2001-11-16,The_Wall_Street_Journal,0,0,0,1,0,1
2010-06-04,The_Wall_Street_Journal,0,0,0,0,0,1
2009-08-20,The_Wall_Street_Journal,0,0,0,0,0,1
2000-05-12,The_Wall_Street_Journal,0,0,0,0,0,1
2007-11-30,The_Wall_Street_Journal,0,0,0,0,0,1
2008-05-28,The_Wall_Street_Journal,0,0,0,0,0,1
2017-02-14,The_Jakarta_Post,0,0,0,0,0,1
2009-08-27,The_Wall_Street_Journal,0,0,0,0,0,1
2010-03-17,The_Wall_Street_Journal,0,0,1,0,0,1
2009-07-16,The_Wall_Street_Journal,0,0,0,0,0,1
2019-08-03,Financial_Times,0,0,2,0,0,1
2004-03-10,The_Wall_Street_Journal,0,0,0,0,0,1
2010-11-06,The_Wall_Street_Journal,0,0,1,0,0,1
2009-12-09,The_Wall_Street_Journal,0,0,1,0,0,1
2008-10-11,The_Wall_Street_Journal,0,0,0,0,0,1
2002-02-20,The_Wall_Street_Journal,0,0,0,0,0,1
2007-07-05,The_Wall_Street_Journal,0,0,0,0,0,1
2017-02-01,Thomson_Reuters,0,0,0,0,0,1
2009-11-10,The_Wall_Street_Journal,0,0,0,0,0,1
2012-04-23,The_Wall_Street_Journal,0,0,0,0,0,1
2023-11-04,New_Strait_Times,0,0,0,0,0,2
2016-01-25,Thomson_Reuters,1,0,2,0,0,2
2016-01-25,Thomson_Reuters,1,0,2,0,0,2
2023-05-12,Thomson_Reuters,4,0,0,0,0,1
2023-02-14,Thomson_Reuters,0,0,1,0,0,1
2022-01-20,Thomson_Reuters,2,0,1,0,0,1
2022-01-20,Thomson_Reuters,0,0,1,0,0,1
2023-03-31,Thomson_Reuters,2,0,0,0,0,1
2020-11-30,Thomson_Reuters,2,0,0,0,0,1
2021-02-26,Thomson_Reuters,2,0,0,0,1,1
2020-12-01,The_Business_Times,2,0,0,0,0,1
2020-11-30,Channel_News_Asia,2,0,0,0,0,1
2021-11-23,Thomson_Reuters,0,0,0,0,1,1
2021-02-04,Thomson_Reuters,1,0,0,0,0,1
2021-06-02,Thomson_Reuters,2,0,0,0,0,1
2021-02-26,Thomson_Reuters,2,0,0,0,1,1
2021-11-19,Thomson_Reuters,0,0,1,0,0,1
2021-06-02,Thomson_Reuters,2,0,1,0,0,1
2018-01-12,Thomson_Reuters,1,0,0,0,0,1
2017-08-14,Thomson_Reuters,0,0,0,0,0,1
2019-10-30,Thomson_Reuters,2,0,0,0,0,1
2015-06-29,Thomson_Reuters,1,0,0,0,1,2
2014-08-12,Thomson_Reuters,0,0,0,0,0,1
2023-06-16,Thomson_Reuters,3,0,0,0,0,1
2023-06-23,Thomson_Reuters,3,0,0,0,0,1
2016-12-13,Thomson_Reuters,0,0,1,0,0,1
2017-01-23,Thomson_Reuters,0,0,2,0,0,1
2016-12-15,Thomson_Reuters,0,0,0,0,0,1
2016-12-08,Thomson_Reuters,4,0,1,0,0,1
2022-01-24,Thomson_Reuters,2,0,2,0,0,1
2022-07-22,Thomson_Reuters,1,1,0,1,0,1
2022-04-22,Thomson_Reuters,0,0,2,0,0,1
2022-04-22,Thomson_Reuters,0,0,2,0,0,1
2022-07-20,Thomson_Reuters,1,1,1,1,0,1
2022-03-01,Thomson_Reuters,0,0,0,1,0,1
2022-07-22,Thomson_Reuters,3,0,1,1,0,1
2022-04-20,Thomson_Reuters,1,0,1,0,0,1
2022-04-25,Thomson_Reuters,0,0,2,0,0,1
2022-01-21,Thomson_Reuters,3,0,0,1,0,1
2022-04-25,Thomson_Reuters,0,0,1,0,0,1
2022-03-19,Thomson_Reuters,0,0,0,1,0,1
2022-04-25,Thomson_Reuters,0,1,2,0,0,1
2022-09-14,Thomson_Reuters,1,1,0,0,0,1
2022-04-22,Thomson_Reuters,0,0,2,0,0,1
2022-01-27,The_Wall_Street_Journal,7,1,0,1,0,2
2022-03-07,The_Wall_Street_Journal,0,2,3,1,0,1
2022-07-23,The_Wall_Street_Journal,2,3,0,0,0,1
2021-07-22,Thomson_Reuters,0,0,0,0,0,1
2021-07-21,Thomson_Reuters,0,0,0,0,0,1
2021-07-09,Thomson_Reuters,1,1,0,0,0,5
2020-03-03,The_Wall_Street_Journal,1,0,1,0,0,1
2020-07-24,Channel_News_Asia,1,0,1,0,0,1
2020-01-17,Thomson_Reuters,0,1,0,1,0,1
2021-06-21,Thomson_Reuters,0,0,1,0,0,1
2021-10-22,Thomson_Reuters,2,1,1,0,0,2
2020-01-21,Thomson_Reuters,4,0,1,0,0,1
2020-01-17,Thomson_Reuters,0,1,0,1,0,1
2021-08-30,Thomson_Reuters,0,1,0,0,0,1
2021-09-01,Thomson_Reuters,1,0,1,0,0,1
2021-09-02,Thomson_Reuters,0,1,0,0,0,2
2021-09-02,Thomson_Reuters,0,1,1,0,0,1
2020-01-17,Thomson_Reuters,0,1,0,1,0,1
2021-08-16,Thomson_Reuters,0,0,0,0,0,1
2021-07-09,Thomson_Reuters,0,0,0,0,0,1
2020-10-17,Channel_News_Asia,0,0,0,0,0,1
2021-09-01,Thomson_Reuters,1,0,1,0,0,1
2021-09-02,Thomson_Reuters,0,1,0,0,0,1
2021-10-22,Thomson_Reuters,2,1,1,0,0,2
2020-04-17,Thomson_Reuters,0,0,0,0,0,1
2021-07-07,Thomson_Reuters,0,1,0,0,0,1
2021-07-21,Thomson_Reuters,0,1,0,0,0,1
2021-08-26,Thomson_Reuters,0,0,0,0,0,1
2020-07-24,Thomson_Reuters,0,0,0,0,0,1
2021-06-29,Thomson_Reuters,0,1,0,0,0,1
2021-09-02,Thomson_Reuters,0,1,1,0,0,1
2021-08-27,Thomson_Reuters,2,0,0,0,0,1
2020-10-16,Thomson_Reuters,0,0,0,0,0,1
2020-04-26,Thomson_Reuters,0,0,2,0,0,1
2021-04-23,Thomson_Reuters,0,0,0,0,0,1
2020-10-16,Thomson_Reuters,0,0,0,0,0,1
2021-07-23,Thomson_Reuters,0,1,0,0,0,1
2021-05-03,The_Business_Times,0,0,0,0,0,1
2020-04-17,Thomson_Reuters,0,0,0,0,0,1
2020-01-17,Thomson_Reuters,0,1,0,1,0,1
2020-10-27,Thomson_Reuters,2,0,0,0,0,1
2021-08-11,Thomson_Reuters,0,0,0,0,0,2
2020-04-26,Thomson_Reuters,0,0,2,0,0,1
2020-10-21,Thomson_Reuters,0,1,1,0,0,1
2020-01-17,Thomson_Reuters,0,1,0,0,0,1
2021-08-11,Thomson_Reuters,0,0,0,0,0,2
2020-08-28,Thomson_Reuters,0,1,0,0,0,1
2021-07-20,Thomson_Reuters,0,0,0,0,0,1
2021-03-04,Thomson_Reuters,0,0,0,0,0,2
2020-01-22,Thomson_Reuters,1,0,1,0,0,1
2021-02-04,Thomson_Reuters,3,0,0,0,0,1
2020-04-22,Thomson_Reuters,4,0,1,1,0,1
2021-07-16,Thomson_Reuters,0,0,0,0,0,1
2021-02-08,Thomson_Reuters,0,0,0,0,0,1
2020-10-16,Thomson_Reuters,0,0,0,0,0,1
2021-01-22,Thomson_Reuters,0,1,1,0,0,1
2021-07-08,Thomson_Reuters,0,0,0,0,0,1
2020-02-19,Thomson_Reuters,1,0,0,0,0,1
2020-04-22,Thomson_Reuters,2,1,2,0,0,1
2021-10-18,Thomson_Reuters,1,0,0,1,0,1
2021-08-27,Thomson_Reuters,0,0,0,0,0,1
2020-04-01,Thomson_Reuters,0,0,0,0,0,1
2021-07-23,Thomson_Reuters,0,0,1,0,0,1
2021-07-20,Thomson_Reuters,0,0,0,0,0,1
2021-10-22,Thomson_Reuters,0,0,0,0,0,1
2020-04-17,Thomson_Reuters,0,0,0,0,0,1
2021-02-08,Thomson_Reuters,0,0,0,0,0,1
2020-03-17,The_Wall_Street_Journal,3,0,2,0,0,2
2021-08-17,Thomson_Reuters,0,0,0,0,0,1
2020-04-21,Thomson_Reuters,1,0,2,0,0,1
2020-09-08,Thomson_Reuters,0,0,0,0,0,1
2020-07-24,Thomson_Reuters,0,0,0,0,0,1
2020-01-17,Thomson_Reuters,0,1,0,0,0,1
2021-01-22,Thomson_Reuters,0,0,0,0,0,1
2020-10-19,Thomson_Reuters,1,0,0,0,0,1
2021-07-23,Thomson_Reuters,0,0,0,0,0,1
2021-08-17,Thomson_Reuters,0,0,0,0,0,1
2021-08-23,Thomson_Reuters,0,2,0,0,0,1
2021-03-24,Thomson_Reuters,0,1,0,0,0,1
2021-08-18,Thomson_Reuters,0,1,0,0,0,1
2021-08-13,Thomson_Reuters,1,0,0,0,0,1
2021-08-27,Thomson_Reuters,0,0,0,0,0,1
2021-10-18,Thomson_Reuters,1,1,0,1,0,1
2021-10-18,Thomson_Reuters,1,1,0,1,0,1
2020-07-29,Thomson_Reuters,1,1,0,0,0,1
2020-01-17,Thomson_Reuters,0,1,0,0,0,1
2021-08-09,Thomson_Reuters,0,0,0,0,0,1
2021-07-19,Thomson_Reuters,0,1,1,0,0,1
2020-10-16,Thomson_Reuters,0,0,0,0,0,1
2021-07-23,Thomson_Reuters,1,0,0,0,0,1
2021-07-20,Thomson_Reuters,0,0,0,0,0,1
2020-09-08,Thomson_Reuters,0,0,0,0,0,1
2021-08-09,Thomson_Reuters,0,0,0,0,0,1
2021-07-22,Thomson_Reuters,0,0,0,0,0,1
2020-09-10,Thomson_Reuters,3,0,0,0,0,1
2021-09-10,Thomson_Reuters,1,0,0,0,0,1
2021-10-07,Thomson_Reuters,1,1,0,0,0,1
2020-07-24,Thomson_Reuters,1,0,1,0,0,1
2021-04-23,Thomson_Reuters,1,0,1,0,0,1
2021-07-20,Thomson_Reuters,2,0,1,0,0,1
2021-04-26,Thomson_Reuters,0,1,0,0,1,1
2021-08-23,Thomson_Reuters,0,3,0,0,0,1
2017-12-15,Thomson_Reuters,5,0,2,0,0,1
2014-04-12,Thomson_Reuters,1,0,1,0,0,1
2016-10-31,Thomson_Reuters,1,0,0,0,0,1
2019-09-04,Thomson_Reuters,0,0,0,0,0,1
2019-04-22,Thomson_Reuters,3,0,0,0,0,1
2019-02-10,Thomson_Reuters,1,0,0,1,0,1
2019-12-31,Thomson_Reuters,0,1,0,0,0,1
2014-06-14,Thomson_Reuters,1,0,1,0,0,1
2019-04-16,The_Wall_Street_Journal,0,0,0,0,0,2
2019-04-18,Thomson_Reuters,2,0,1,0,0,1
2016-05-02,Thomson_Reuters,1,0,0,0,0,1
2015-04-16,Thomson_Reuters,1,0,0,0,0,1
2019-01-15,Thomson_Reuters,0,1,0,0,0,1
2018-09-05,Thomson_Reuters,0,0,0,0,0,1
2017-06-28,Thomson_Reuters,1,0,0,0,0,1
2017-07-20,Thomson_Reuters,0,0,0,0,0,1
2012-04-20,Thomson_Reuters,0,0,1,0,0,1
2018-04-20,Thomson_Reuters,0,0,0,0,0,1
2012-04-20,Thomson_Reuters,0,0,1,0,0,1
2012-05-31,Thomson_Reuters,0,1,0,0,0,1
2012-04-20,Thomson_Reuters,0,0,1,0,0,1
2014-04-11,Thomson_Reuters,1,0,1,0,0,1
2019-01-18,Thomson_Reuters,0,0,0,0,0,1
2019-04-18,Thomson_Reuters,0,0,0,0,0,2
2012-05-31,Thomson_Reuters,0,1,0,0,0,1
2014-11-17,Thomson_Reuters,0,0,0,0,0,1
2014-11-21,Thomson_Reuters,3,0,0,0,0,1
2019-03-27,Thomson_Reuters,1,0,0,0,0,1
2015-07-10,Thomson_Reuters,0,0,0,0,0,1
2019-04-22,Thomson_Reuters,0,0,0,0,0,1
2017-07-03,Thomson_Reuters,0,0,0,0,0,1
2017-06-02,Thomson_Reuters,0,0,0,0,0,1
2014-05-26,Thomson_Reuters,0,0,1,0,0,1
2019-07-21,Thomson_Reuters,0,0,4,0,0,1
2019-04-22,Thomson_Reuters,0,0,0,0,0,1
2017-09-29,Thomson_Reuters,0,0,2,0,0,1
2017-04-21,Thomson_Reuters,1,0,0,0,0,1
2015-07-22,Thomson_Reuters,0,0,0,0,0,1
2018-06-22,Thomson_Reuters,1,0,0,0,0,1
2015-03-27,Thomson_Reuters,0,0,0,0,0,1
2017-07-27,Thomson_Reuters,0,0,0,0,0,1
2014-11-14,Thomson_Reuters,1,0,0,0,0,1
2019-01-18,Thomson_Reuters,0,0,0,0,0,1
2019-10-21,Thomson_Reuters,3,0,1,0,0,1
2014-02-08,Thomson_Reuters,0,0,1,0,0,1
2019-07-19,Thomson_Reuters,0,0,1,0,0,1
2014-06-04,Thomson_Reuters,1,0,1,0,0,1
2017-10-23,Thomson_Reuters,2,0,0,0,0,1
2017-07-03,Thomson_Reuters,0,0,0,0,0,1
2019-01-31,Thomson_Reuters,1,0,2,1,0,1
2014-11-14,Thomson_Reuters,0,0,0,0,0,1
2019-03-13,Thomson_Reuters,1,0,0,2,0,1
2017-10-01,Thomson_Reuters,0,0,2,0,0,1
2017-03-13,Thomson_Reuters,1,0,1,0,0,1
2017-07-27,Thomson_Reuters,0,0,0,0,0,1
2019-07-20,Thomson_Reuters,0,0,4,0,0,1
2015-10-23,Thomson_Reuters,0,0,0,0,0,1
2016-04-12,Thomson_Reuters,0,0,0,0,0,1
2014-11-17,Thomson_Reuters,0,0,0,0,0,1
2019-01-09,Thomson_Reuters,1,0,2,1,0,1
2017-12-14,Thomson_Reuters,2,0,0,0,0,1
2019-07-22,Thomson_Reuters,0,0,1,0,0,1
2017-04-07,Thomson_Reuters,0,0,2,0,0,1
2019-10-18,Thomson_Reuters,0,0,0,1,0,1
2013-07-19,Thomson_Reuters,0,0,0,0,0,1
2013-07-19,Thomson_Reuters,0,0,0,0,0,1
2018-04-20,Thomson_Reuters,2,0,0,0,0,1
2019-03-26,Thomson_Reuters,1,0,0,0,0,1
2013-07-22,Thomson_Reuters,0,0,1,0,0,1
2018-08-09,Thomson_Reuters,0,0,0,0,0,1
2018-01-12,Thomson_Reuters,0,0,0,0,0,1
2019-10-18,Thomson_Reuters,0,0,0,1,0,1
2016-04-20,Thomson_Reuters,0,0,0,0,0,1
2012-04-20,Thomson_Reuters,0,0,0,0,0,1
2017-07-21,Thomson_Reuters,2,0,0,1,0,1
2019-09-12,Thomson_Reuters,2,0,0,0,0,1
2019-06-13,Thomson_Reuters,0,0,1,1,0,1
2013-07-19,Thomson_Reuters,0,0,0,0,0,1
2018-12-20,The_Wall_Street_Journal,3,0,1,0,0,1
2018-10-17,Thomson_Reuters,3,0,0,0,0,1
2019-10-18,Thomson_Reuters,2,0,0,0,0,1
2018-06-26,Thomson_Reuters,1,0,2,0,0,1
2019-10-18,Thomson_Reuters,2,0,1,1,0,1
2019-08-26,Thomson_Reuters,1,0,0,0,0,1
2012-05-31,Thomson_Reuters,0,1,0,0,0,1
2019-10-18,Thomson_Reuters,0,0,0,1,0,1
2017-07-21,Thomson_Reuters,0,0,0,1,0,1
2015-08-03,Thomson_Reuters,0,0,0,0,0,1
2019-04-22,Thomson_Reuters,2,0,0,0,0,1
2019-09-12,Thomson_Reuters,2,0,0,0,0,1
2019-10-18,Thomson_Reuters,0,0,0,1,0,1
2019-04-18,Thomson_Reuters,0,0,0,0,0,2
2018-06-26,Thomson_Reuters,0,0,0,0,1,2
2019-10-18,Thomson_Reuters,0,0,1,1,0,1
2019-12-31,Thomson_Reuters,0,0,0,0,0,1
2015-08-07,Thomson_Reuters,1,0,0,0,0,1
2019-01-18,Thomson_Reuters,1,0,2,0,0,1
2017-10-20,Thomson_Reuters,1,0,0,0,0,1
2017-12-30,Thomson_Reuters,2,0,0,0,0,1
2019-04-15,Thomson_Reuters,0,0,0,0,1,1
2019-04-15,Thomson_Reuters,0,0,0,0,1,1
2014-05-22,Thomson_Reuters,1,0,0,0,0,1
2019-02-09,Thomson_Reuters,1,0,0,1,0,1
2019-12-10,Thomson_Reuters,0,0,0,0,0,1
2017-10-02,Thomson_Reuters,0,0,2,0,0,1
2017-03-06,Thomson_Reuters,0,0,0,0,0,1
2013-07-22,Thomson_Reuters,0,0,1,0,0,1
2019-06-17,Thomson_Reuters,1,0,1,0,0,1
2019-01-11,Thomson_Reuters,0,1,0,0,0,1
2012-04-20,Thomson_Reuters,0,0,0,0,0,1
2019-10-18,Thomson_Reuters,0,0,0,1,0,1
2018-04-16,Thomson_Reuters,0,0,0,0,0,1
2018-04-20,Thomson_Reuters,1,0,0,0,0,1
2017-09-08,Thomson_Reuters,4,0,1,0,0,1
2019-01-18,Thomson_Reuters,0,0,0,0,0,1
2016-04-20,Thomson_Reuters,0,0,0,0,0,1
2018-06-06,Thomson_Reuters,3,0,0,0,0,1
2014-11-17,Thomson_Reuters,0,0,0,0,0,1
2017-04-07,Thomson_Reuters,0,0,2,0,0,1
2012-04-20,Thomson_Reuters,0,0,0,0,0,1
2015-08-06,Thomson_Reuters,1,0,0,0,0,1
2019-07-31,Thomson_Reuters,0,1,1,0,0,1
2018-12-20,Thomson_Reuters,1,0,2,0,0,1
2017-12-14,Thomson_Reuters,5,0,2,0,0,1
2019-03-19,Thomson_Reuters,0,0,0,0,0,1
2012-04-20,Thomson_Reuters,0,0,1,0,0,1
2016-02-16,Thomson_Reuters,0,0,0,0,0,1
2019-07-19,Thomson_Reuters,0,0,1,0,0,1
2016-01-12,Thomson_Reuters,0,0,0,0,0,1
2017-06-24,Thomson_Reuters,2,0,0,0,0,1
2019-07-19,Thomson_Reuters,0,0,4,0,0,1
2018-06-08,Thomson_Reuters,1,0,0,0,0,1
2018-12-19,Thomson_Reuters,1,0,2,0,0,1
2019-01-09,Thomson_Reuters,0,0,2,1,0,1
2019-10-18,Thomson_Reuters,0,0,1,1,0,1
2018-10-02,Thomson_Reuters,1,0,0,0,0,1
2019-04-30,Thomson_Reuters,1,0,3,0,0,1
2018-11-29,Thomson_Reuters,0,0,0,0,0,1
2016-04-06,Thomson_Reuters,2,0,0,0,0,1
2017-06-28,Thomson_Reuters,1,0,0,0,0,1
2019-01-18,Thomson_Reuters,0,0,0,0,0,1
2021-10-07,Thomson_Reuters,1,2,0,0,0,1
2023-07-21,Thomson_Reuters,0,0,0,0,0,1
2020-04-16,Thomson_Reuters,2,0,2,0,0,1
2018-01-18,Thomson_Reuters,1,0,1,0,0,1
2016-05-16,Thomson_Reuters,0,0,1,0,0,1
2009-09-23,Thomson_Reuters,0,0,1,0,0,1
2017-12-11,Thomson_Reuters,0,0,0,0,0,1
2018-06-15,Thomson_Reuters,1,0,0,0,0,1
2018-04-09,Thomson_Reuters,1,0,1,0,0,1
2018-06-15,Thomson_Reuters,0,0,0,0,0,1
2017-11-15,Thomson_Reuters,0,0,1,0,0,1
2018-01-17,Thomson_Reuters,1,0,1,0,0,1
2017-12-01,Thomson_Reuters,0,0,0,0,0,1
2018-09-21,Thomson_Reuters,0,0,0,0,0,1
2013-03-14,Thomson_Reuters,0,0,0,0,0,1
2018-01-17,Thomson_Reuters,1,0,1,0,0,1
2017-12-15,Thomson_Reuters,0,0,0,0,0,1
2018-04-05,Thomson_Reuters,0,0,0,0,0,1
2016-09-09,Thomson_Reuters,0,0,1,0,0,1
2018-01-09,Thomson_Reuters,0,0,0,0,0,1
2016-09-09,Thomson_Reuters,0,0,2,0,0,1
2018-01-17,Thomson_Reuters,1,0,1,0,0,1
2018-04-25,Thomson_Reuters,0,0,0,0,0,1
2018-06-29,Thomson_Reuters,1,0,0,0,0,1
2018-02-06,Thomson_Reuters,1,0,2,0,0,2
2017-02-14,Thomson_Reuters,0,0,0,0,0,1
2016-02-16,Thomson_Reuters,0,0,1,0,0,1
2018-02-06,Thomson_Reuters,0,0,0,0,0,1
2015-09-11,Thomson_Reuters,1,0,1,0,0,2
2017-11-27,Thomson_Reuters,1,0,1,0,0,1
2017-11-27,Thomson_Reuters,0,0,0,0,0,1
2016-03-16,Thomson_Reuters,1,0,3,0,0,1
2017-12-15,Thomson_Reuters,0,0,0,0,0,1
2017-12-15,Thomson_Reuters,0,0,1,0,0,1
2018-06-15,Thomson_Reuters,0,0,0,0,0,1
2018-01-23,Thomson_Reuters,1,0,0,0,0,1
2018-03-20,Thomson_Reuters,0,0,0,0,0,1
2016-05-11,Thomson_Reuters,0,0,1,0,0,1
2017-11-15,Thomson_Reuters,0,0,0,0,0,1
2018-04-09,Thomson_Reuters,0,0,0,0,0,1
2016-03-30,Thomson_Reuters,2,0,3,0,0,1
2017-11-27,Thomson_Reuters,0,0,0,0,0,1
2018-03-19,Thomson_Reuters,0,0,0,0,0,1
2017-11-20,Thomson_Reuters,0,0,1,0,0,1
2018-05-11,Thomson_Reuters,1,0,0,0,0,1
2016-03-22,Thomson_Reuters,1,0,1,0,0,1
2018-04-09,Thomson_Reuters,0,0,0,0,0,1
2017-10-02,Thomson_Reuters,3,0,2,0,0,1
2018-02-09,Thomson_Reuters,0,0,0,0,0,1
2018-09-11,Thomson_Reuters,1,0,0,0,0,1
2017-11-22,Thomson_Reuters,0,0,0,0,0,1
2018-03-20,Thomson_Reuters,1,0,0,0,1,1
2017-11-30,Thomson_Reuters,0,0,0,0,0,1
2017-12-11,Thomson_Reuters,0,0,1,0,0,1
2016-01-25,Thomson_Reuters,0,0,0,0,0,1
2018-04-24,Thomson_Reuters,0,0,0,0,0,1
2017-10-02,Thomson_Reuters,3,0,2,0,0,1
2018-04-16,Thomson_Reuters,0,0,0,0,0,1
2017-12-28,Thomson_Reuters,0,0,0,0,0,1
2018-09-11,Thomson_Reuters,1,0,1,0,0,1
2017-12-01,Thomson_Reuters,0,0,0,0,0,1
2018-04-16,Thomson_Reuters,1,0,0,0,0,1
2016-03-30,Thomson_Reuters,0,0,0,0,0,1
2018-01-09,Thomson_Reuters,1,0,1,0,0,1
2016-09-01,Thomson_Reuters,0,0,2,0,0,1
2018-05-29,Thomson_Reuters,1,0,1,0,0,1
2018-09-11,Thomson_Reuters,0,0,0,0,0,1
2022-03-26,The_Wall_Street_Journal,1,0,0,0,2,2
2005-08-26,The_Wall_Street_Journal,3,0,1,0,0,1
2010-03-30,The_Wall_Street_Journal,4,0,0,0,0,1
2023-01-17,Bangkok_Post,0,0,0,0,0,2
2022-07-06,The_Business_Times,0,0,0,0,0,1
2023-06-01,The_Business_Times,0,1,0,0,0,1
2023-04-28,The_Business_Times,0,0,0,0,0,1
2022-08-26,New_Strait_Times,0,0,0,0,0,1
2022-02-07,Financial_Times,0,0,0,1,0,1
2023-05-2,Bangkok_Post,0,0,0,0,0,1
2022-06-09,Financial_Times,0,0,1,0,0,1
2023-06-10,Financial_Times,0,0,0,0,0,1
2022-08-09,Thomson_Reuters,0,1,1,0,0,1
2022-06-05,The_Business_Times,0,0,0,0,0,1
2023-05-30,Manila_Bulletin,1,0,0,0,0,1
2023-05-22,Thomson_Reuters,0,0,0,0,0,1
2022-08-12,Financial_Times,0,0,1,0,0,2
2022-02-02,Thomson_Reuters,0,0,0,0,0,1
2023-06-07,Thomson_Reuters,0,0,0,0,0,1
2023-03-10,The_Business_Times,0,0,0,0,0,1
2022-07-30,The_Wall_Street_Journal,0,1,0,0,0,1
2022-06-1,South_China_Morning_Post,0,0,0,0,0,1
2022-05-29,The_Wall_Street_Journal,0,0,0,0,0,1
2023-04-30,South_China_Morning_Post,0,0,1,0,0,1
2022-07-05,The_Wall_Street_Journal,0,2,1,0,0,1
2023-05-23,The_Wall_Street_Journal,0,0,0,0,0,3
2022-06-06,The_Wall_Street_Journal,0,0,0,0,0,1
2023-01-03,The_Wall_Street_Journal,0,1,1,0,0,1
2022-08-01,Nikkei_Asia,0,1,1,0,0,1
2023-01-24,Nikkei_Asia,0,0,0,0,0,1
2022-08-10,The_Wall_Street_Journal,0,0,0,0,0,1
2022-10-25,The_Wall_Street_Journal,0,0,0,0,0,1
2023-04-22,Nikkei_Asia,0,0,0,0,0,1
2022-07-13,The_Wall_Street_Journal,0,0,0,0,0,1
2023-05-14,South_China_Morning_Post,0,0,0,0,0,1
2022-06-12,The_Wall_Street_Journal,0,0,0,0,0,1
2022-04-19,The_Wall_Street_Journal,0,0,1,0,0,1
2022-08-05,The_Wall_Street_Journal,0,0,0,0,0,1
2022-07-18,The_Wall_Street_Journal,0,0,0,0,0,1
2023-02-06,The_Strait_Times,0,0,0,0,0,1
2022-01-21,The_Wall_Street_Journal,0,0,0,0,0,1
2022-02-11,The_Wall_Street_Journal,0,0,0,0,0,2
2022-05-03,The_Wall_Street_Journal,0,0,0,0,0,1
2022-07-11,The_Wall_Street_Journal,0,0,0,0,0,2
2022-07-17,South_China_Morning_Post,0,0,0,0,0,1
2022-09-30,South_China_Morning_Post,0,0,0,0,0,1
2022-09-06,The_Wall_Street_Journal,0,0,0,0,0,1
2022-01-11,The_Wall_Street_Journal,1,0,0,0,0,1
2022-07-14,The_Wall_Street_Journal,0,1,0,0,0,1
2022-08-24,The_Wall_Street_Journal,0,0,0,0,0,1
2022-07-26,The_Wall_Street_Journal,0,0,0,0,0,1
2022-09-27,The_Wall_Street_Journal,0,0,0,0,0,1
2022-11-3,South_China_Morning_Post,0,0,3,0,0,1
2022-02-08,The_Wall_Street_Journal,0,0,0,0,0,1
2022-12-11,Nikkei_Asia,0,0,0,0,0,1
2022-03-14,The_Wall_Street_Journal,0,0,0,0,0,1
2023-02-05,Nikkei_Asia,0,0,0,0,0,1
2022-11-08,The_Wall_Street_Journal,0,0,0,0,0,1
2022-01-24,The_Wall_Street_Journal,0,0,0,0,0,1
2022-09-12,The_Wall_Street_Journal,0,0,0,0,0,1
2022-04-27,The_Wall_Street_Journal,0,0,0,0,0,1
2022-09-11,The_Wall_Street_Journal,0,1,1,0,0,1
2023-03-03,Nikkei_Asia,0,0,0,0,0,1
2022-09-20,The_Wall_Street_Journal,0,0,0,0,1,1
2022-11-1,South_China_Morning_Post,0,0,0,0,0,1
2023-02-13,The_Wall_Street_Journal,0,0,0,0,0,1
2021-12-09,Financial_Times,0,0,0,0,0,2
2021-02-26,The_Wall_Street_Journal,0,0,0,0,0,1
2020-07-26,Financial_Times,0,0,0,0,0,1
2021-03-19,The_Wall_Street_Journal,0,2,0,0,0,1
2021-09-24,Financial_Times,0,0,0,0,0,1
2020-08-31,Financial_Times,0,0,0,0,0,1
2021-06-14,The_Wall_Street_Journal,0,0,0,0,0,1
2021-04-21,The_Wall_Street_Journal,0,0,0,0,0,1
2021-02-25,Thomson_Reuters,0,1,0,0,0,1
2021-05-07,Financial_Times,0,0,0,0,0,1
2021-02-16,The_Wall_Street_Journal,0,0,0,0,0,1
2021-06-10,The_Wall_Street_Journal,0,0,0,0,0,1
2020-02-14,Channel_News_Asia,0,0,0,0,1,1
2021-05-19,Financial_Times,0,0,0,0,0,1
2023-06-13,Thomson_Reuters,1,1,1,0,0,1
2020-09-25,The_Wall_Street_Journal,0,1,0,0,0,1
2021-02-26,Channel_News_Asia,0,1,0,0,0,1
2020-08-20,Financial_Times,0,0,0,0,0,1
2020-09-22,The_Wall_Street_Journal,0,0,1,0,0,1
2020-04-24,Thomson_Reuters,0,0,0,0,0,1
2021-08-31,The_Wall_Street_Journal,0,0,0,0,0,1
2021-07-09,The_Business_Times,0,0,0,0,1,1
2021-01-08,Financial_Times,0,0,1,0,0,2
2020-03-16,Financial_Times,1,0,1,0,0,1
2021-09-06,The_Wall_Street_Journal,0,0,0,0,0,1
2021-03-21,The_Wall_Street_Journal,0,0,0,0,0,1
2020-06-07,Financial_Times,0,1,0,0,0,1
2021-01-25,Financial_Times,0,0,0,0,0,1
2020-09-22,Channel_News_Asia,0,0,0,1,0,1
2020-07-21,The_Wall_Street_Journal,0,0,0,0,0,1
2020-11-06,The_Wall_Street_Journal,0,0,3,0,0,1
2020-10-26,Financial_Times,0,0,0,0,0,1
2020-03-14,The_Wall_Street_Journal,0,0,0,0,0,1
2020-02-10,Thomson_Reuters,0,0,0,0,0,1
2020-11-30,Financial_Times,0,0,0,0,0,1
2021-05-04,The_Wall_Street_Journal,0,0,0,0,0,1
2020-09-16,The_Wall_Street_Journal,0,0,0,0,0,2
2021-06-23,The_Wall_Street_Journal,0,0,0,0,0,1
2020-07-11,The_Wall_Street_Journal,3,0,0,0,0,3
2020-07-22,The_Wall_Street_Journal,0,1,0,0,0,1
2020-03-13,The_Wall_Street_Journal,0,0,0,0,0,1
2020-07-28,The_Wall_Street_Journal,0,0,0,0,0,1
2021-03-03,New_Strait_Times,0,0,0,0,0,1
2020-10-23,Financial_Times,0,0,0,0,0,1
2020-03-04,Financial_Times,0,0,0,0,0,1
2020-04-10,Thomson_Reuters,0,0,0,0,0,3
2021-02-24,Thomson_Reuters,0,0,1,0,0,1
2020-11-23,Financial_Times,0,0,0,0,0,1
2021-02-21,The_Wall_Street_Journal,0,0,0,0,0,1
2020-04-27,Financial_Times,0,0,0,0,0,1
2020-09-18,Manila_Bulletin,0,0,0,0,0,2
2020-09-16,Manila_Bulletin,0,0,0,1,0,1
2020-08-17,Financial_Times,0,0,0,0,0,1
2021-12-23,The_Wall_Street_Journal,1,1,0,0,0,1
2021-12-10,The_Wall_Street_Journal,0,1,0,0,0,1
2020-03-24,Financial_Times,0,1,1,0,0,1
2021-02-11,Thomson_Reuters,0,0,0,0,0,1
2021-06-30,Thomson_Reuters,0,0,0,0,0,1
2021-09-29,The_Wall_Street_Journal,0,2,0,0,0,1
2020-02-18,Channel_News_Asia,0,0,0,0,0,1
2020-04-15,The_Wall_Street_Journal,0,0,0,1,0,1
2020-02-18,The_Jakarta_Post,0,0,0,0,0,1
2020-03-24,The_Wall_Street_Journal,0,0,1,0,0,1
2021-08-17,The_Wall_Street_Journal,0,0,0,0,0,1
2020-06-14,Financial_Times,0,0,0,0,0,1
2021-06-30,Thomson_Reuters,0,0,0,0,0,1
2021-03-09,New_Strait_Times,0,0,2,0,0,1
2020-11-30,The_Wall_Street_Journal,0,0,2,0,0,2
2021-07-19,New_Strait_Times,0,0,0,0,0,2
2021-12-02,The_Wall_Street_Journal,0,0,0,0,0,1
2020-12-15,The_Wall_Street_Journal,0,0,0,0,0,1
2021-08-17,The_Wall_Street_Journal,0,0,0,0,0,1
2020-04-23,Financial_Times,0,1,0,0,0,1
2021-03-16,The_Wall_Street_Journal,0,0,0,0,0,1
2021-10-09,Financial_Times,0,0,1,0,0,1
2020-04-02,The_Wall_Street_Journal,0,0,1,0,0,1
2020-03-26,The_Wall_Street_Journal,0,0,0,0,0,1
2021-02-11,The_Wall_Street_Journal,0,0,0,0,0,2
2021-12-10,Financial_Times,0,0,0,0,0,1
2021-02-18,The_Wall_Street_Journal,0,0,1,0,0,1
2021-02-03,Channel_News_Asia,0,0,0,0,0,1
2020-10-27,Financial_Times,0,0,1,0,0,1
2021-11-15,The_Wall_Street_Journal,0,0,0,0,0,1
2021-05-04,The_Wall_Street_Journal,0,0,0,0,0,1
2021-10-28,The_Wall_Street_Journal,1,1,0,0,0,2
2021-12-07,The_Wall_Street_Journal,0,0,0,0,0,2
2021-07-09,The_Strait_Times,0,0,0,0,1,1
2020-02-05,Financial_Times,2,2,0,0,0,2
2021-03-17,The_Business_Times,0,0,1,0,0,1
2020-03-10,The_Wall_Street_Journal,1,0,3,1,0,1
2020-05-13,The_Wall_Street_Journal,0,0,0,0,0,1
2020-06-29,The_Wall_Street_Journal,0,0,0,0,0,1
2020-07-23,Thomson_Reuters,0,0,0,0,0,1
2020-04-24,Financial_Times,0,0,0,0,0,1
2021-08-15,Financial_Times,0,0,0,0,0,1
2020-05-22,The_Wall_Street_Journal,0,0,0,0,0,1
2021-05-11,The_Wall_Street_Journal,0,0,0,0,0,1
2020-03-19,Thomson_Reuters,0,0,0,0,0,1
2021-05-19,The_Wall_Street_Journal,0,0,0,0,0,1
2020-03-21,The_Wall_Street_Journal,0,0,0,0,0,1
2020-10-18,The_Wall_Street_Journal,0,0,0,0,0,1
2020-06-16,The_Wall_Street_Journal,0,0,0,0,0,1
2020-07-21,Financial_Times,1,1,0,0,0,1
2020-08-17,New_Strait_Times,0,0,1,0,0,1
2020-03-19,The_Wall_Street_Journal,0,0,0,0,0,1
2020-12-21,The_Wall_Street_Journal,0,0,0,0,0,1
2020-05-06,Financial_Times,0,0,0,0,0,1
2021-09-17,Financial_Times,0,0,0,0,0,1
2020-08-11,The_Wall_Street_Journal,0,0,0,0,0,1
2021-10-05,The_Wall_Street_Journal,0,0,0,0,0,1
2020-01-03,Channel_News_Asia,0,0,0,1,0,1
2020-02-27,Financial_Times,0,0,0,0,0,1
2021-07-08,Financial_Times,0,0,0,0,0,1
2020-05-01,The_Wall_Street_Journal,0,0,0,0,0,2
2021-04-27,The_Wall_Street_Journal,0,0,0,0,0,1
2020-01-28,The_Wall_Street_Journal,0,0,0,0,0,1
2021-09-12,The_Wall_Street_Journal,0,1,0,0,0,1
2020-10-22,The_Wall_Street_Journal,0,0,0,0,0,1
2021-12-31,Manila_Bulletin,0,0,0,0,0,1
2021-11-23,The_Wall_Street_Journal,0,0,0,0,0,1
2020-10-06,Channel_News_Asia,0,0,0,0,0,1
2021-07-29,Thomson_Reuters,0,1,0,0,0,1
2021-12-29,The_Wall_Street_Journal,0,0,0,0,0,1
2021-02-22,The_Wall_Street_Journal,0,1,0,0,0,1
2021-11-25,Financial_Times,0,0,0,0,0,1
2021-09-08,The_Wall_Street_Journal,0,0,0,0,0,2
2021-07-13,The_Strait_Times,0,0,0,0,0,1
2021-03-22,Manila_Bulletin,0,0,0,0,0,1
2020-04-20,The_Wall_Street_Journal,0,0,0,0,0,1
2020-05-13,Financial_Times,0,0,0,0,0,2
2020-11-04,The_Wall_Street_Journal,0,0,0,1,0,1
2021-11-02,The_Wall_Street_Journal,0,0,0,0,0,2
2020-03-03,The_Wall_Street_Journal,0,1,0,1,0,1
2020-03-27,New_Strait_Times,0,1,1,0,0,1
2020-02-18,The_Wall_Street_Journal,0,0,0,0,0,1
2020-02-07,Channel_News_Asia,0,0,0,0,0,1
2021-05-12,The_Wall_Street_Journal,0,0,0,0,0,1
2021-03-18,The_Wall_Street_Journal,0,0,0,0,0,1
2020-03-17,The_Wall_Street_Journal,0,0,0,1,0,1
2021-03-15,The_Wall_Street_Journal,0,0,1,0,0,1
2020-08-27,The_Wall_Street_Journal,0,0,0,0,0,1
2020-09-27,Financial_Times,0,1,0,0,0,1
2021-08-11,The_Wall_Street_Journal,0,1,0,0,0,1
2020-04-24,The_Asahi_Shimbun,0,0,0,0,0,1
2021-01-12,The_Wall_Street_Journal,0,0,0,0,0,1
2020-08-05,The_Wall_Street_Journal,0,0,0,0,0,1
2020-04-13,New_Strait_Times,0,0,0,0,0,1
2020-04-21,The_Wall_Street_Journal,0,0,1,0,0,1
2020-11-18,The_Wall_Street_Journal,0,0,1,0,0,1
2020-11-22,Manila_Bulletin,0,0,0,0,0,1
2020-06-13,The_Wall_Street_Journal,0,0,0,0,0,2
2020-05-26,The_Wall_Street_Journal,0,0,0,0,0,1
2021-03-19,The_Wall_Street_Journal,0,0,2,0,0,1
2020-09-15,The_Wall_Street_Journal,0,0,0,0,0,1
2020-11-12,Financial_Times,0,0,0,0,0,1
2021-04-20,The_Wall_Street_Journal,0,0,0,0,0,1
2021-07-07,New_Strait_Times,0,0,0,0,0,2
2020-10-01,The_Wall_Street_Journal,0,1,0,0,0,1
2021-09-05,Financial_Times,0,0,0,0,0,1
2020-09-02,The_Wall_Street_Journal,0,0,0,0,0,1
2020-02-28,Financial_Times,0,1,0,0,0,1
2020-02-18,New_Strait_Times,0,0,0,0,0,1
2020-12-15,The_Wall_Street_Journal,0,0,0,0,0,1
2020-06-16,Financial_Times,0,0,0,0,0,1
2021-03-17,The_Wall_Street_Journal,0,0,0,0,0,2
2020-08-06,Thomson_Reuters,0,0,0,0,0,1
2018-09-25,The_Wall_Street_Journal,0,0,0,0,0,2
2017-08-22,The_Wall_Street_Journal,0,0,0,0,0,1
2017-05-02,The_Wall_Street_Journal,0,0,0,0,0,2
2018-01-03,The_Wall_Street_Journal,0,0,0,0,0,1
2019-12-15,The_Wall_Street_Journal,2,0,0,0,0,1
2016-08-02,The_Wall_Street_Journal,0,0,0,0,0,1
2019-06-23,The_Wall_Street_Journal,0,0,0,0,0,2
2014-01-22,The_Wall_Street_Journal,0,0,2,0,0,1
2015-11-25,The_Wall_Street_Journal,0,0,0,1,0,1
2018-11-10,Channel_News_Asia,0,0,0,0,0,1
2019-11-19,The_Wall_Street_Journal,0,0,0,0,0,1
2015-10-20,The_Wall_Street_Journal,0,0,0,0,0,1
2019-05-01,The_Wall_Street_Journal,0,0,0,0,0,1
2019-07-15,The_Wall_Street_Journal,0,2,0,0,0,1
2012-07-29,Financial_Times,0,0,0,0,0,1
2016-07-24,The_Wall_Street_Journal,0,1,1,1,0,1
2014-12-08,The_Wall_Street_Journal,0,0,1,0,0,1
2016-02-16,The_Wall_Street_Journal,0,1,3,0,0,1
2015-07-12,The_Wall_Street_Journal,0,0,0,0,0,1
2018-08-21,The_Wall_Street_Journal,0,1,0,0,0,2
2014-08-13,The_Wall_Street_Journal,0,0,0,0,0,1
2010-08-19,The_Wall_Street_Journal,0,0,1,0,0,1
1999-07-13,The_Wall_Street_Journal,0,0,0,0,0,1
2019-05-09,Channel_News_Asia,0,0,0,0,0,1
2014-12-14,The_Wall_Street_Journal,0,0,0,0,0,1
2004-11-26,The_Wall_Street_Journal,0,0,0,0,0,1
2017-08-07,The_Wall_Street_Journal,0,0,0,0,0,1
2014-04-11,The_Wall_Street_Journal,0,0,0,0,0,2
2015-02-11,Thomson_Reuters,0,1,0,0,0,1
2016-07-26,The_Wall_Street_Journal,1,0,0,1,0,1
2019-08-06,The_Wall_Street_Journal,0,0,1,0,0,2
2019-10-13,Financial_Times,0,1,0,0,0,1
2015-09-01,The_Wall_Street_Journal,0,0,1,0,0,1
2011-08-15,The_Wall_Street_Journal,0,0,0,1,0,1
2019-05-14,The_Wall_Street_Journal,0,0,0,0,0,1
2023-06-16,Thomson_Reuters,0,0,0,0,0,1
2018-11-27,The_Wall_Street_Journal,0,0,0,0,0,1
2015-07-04,The_Wall_Street_Journal,0,0,0,0,0,1
2014-08-14,The_Wall_Street_Journal,0,0,1,0,0,1
2018-09-27,The_Wall_Street_Journal,0,0,0,0,0,1
2009-12-17,The_Wall_Street_Journal,0,0,0,0,0,1
2018-01-21,The_Wall_Street_Journal,0,0,0,0,0,1
2015-01-02,The_Wall_Street_Journal,0,0,0,0,0,1
2008-10-12,The_Wall_Street_Journal,0,0,0,0,0,1
2019-01-29,The_Wall_Street_Journal,0,0,0,0,0,1
2013-09-29,The_Wall_Street_Journal,0,0,1,0,0,1
2015-01-07,The_Wall_Street_Journal,0,0,0,0,0,1
2019-09-10,The_Wall_Street_Journal,0,0,0,0,0,1
2019-10-15,The_Wall_Street_Journal,1,1,0,0,0,1
2015-07-05,The_Wall_Street_Journal,0,0,0,0,0,1
2019-01-24,The_Wall_Street_Journal,0,0,0,0,0,1
2017-08-01,The_Wall_Street_Journal,0,0,0,0,0,1
2015-04-22,The_Wall_Street_Journal,0,0,0,0,0,1
2015-01-21,The_Wall_Street_Journal,0,0,0,0,0,1
2017-08-29,The_Wall_Street_Journal,0,0,0,0,0,2
2015-10-02,The_Wall_Street_Journal,0,0,0,0,0,1
2013-09-10,The_Wall_Street_Journal,0,0,0,0,0,1
2016-09-16,The_Jakarta_Post,0,0,0,0,0,1
2019-05-28,The_Wall_Street_Journal,0,0,0,0,0,1
2019-10-22,The_Strait_Times,0,0,0,0,0,1
2019-08-22,Financial_Times,1,2,0,0,0,1
2016-03-12,The_Jakarta_Post,0,0,0,1,0,1
2019-06-25,The_Wall_Street_Journal,0,0,1,0,0,1
2006-11-27,The_Wall_Street_Journal,0,0,0,0,0,1
2012-12-10,The_Wall_Street_Journal,1,0,0,0,0,1
2016-03-04,The_Wall_Street_Journal,0,0,1,0,0,1
2009-11-09,The_Wall_Street_Journal,0,0,0,0,0,1
2018-04-15,The_Wall_Street_Journal,0,0,1,0,0,1
2014-12-23,The_Wall_Street_Journal,0,0,2,0,0,1
2013-08-23,The_Wall_Street_Journal,0,0,0,1,0,3
2009-04-09,The_Wall_Street_Journal,0,0,0,0,0,2
2019-10-25,The_Wall_Street_Journal,0,0,0,0,0,1
2019-10-18,Financial_Times,0,1,0,1,0,1
2013-04-30,The_Wall_Street_Journal,1,0,0,0,0,1
2018-10-01,Channel_News_Asia,0,0,0,0,0,1
2016-03-28,The_Wall_Street_Journal,0,0,0,1,0,1
2019-08-12,The_Wall_Street_Journal,0,0,0,0,0,1
2013-11-11,The_Wall_Street_Journal,0,0,0,0,0,1
2019-12-27,Financial_Times,0,0,1,1,0,3
2015-05-01,The_Wall_Street_Journal,0,0,0,0,0,1
2016-09-26,The_Wall_Street_Journal,0,0,0,0,0,1
2015-02-06,The_Wall_Street_Journal,0,0,1,0,0,1
2018-02-06,The_Wall_Street_Journal,0,3,0,0,0,2
2019-02-12,The_Wall_Street_Journal,0,1,0,0,0,1
2010-05-09,The_Wall_Street_Journal,0,1,0,0,0,2
2013-03-18,The_Wall_Street_Journal,0,0,0,0,0,1
2013-07-18,The_Wall_Street_Journal,0,1,0,0,0,1
2016-06-08,Financial_Times,0,0,0,0,0,1
2015-09-22,The_Wall_Street_Journal,0,0,0,0,0,1
2013-08-30,The_Wall_Street_Journal,0,0,0,0,0,1
2015-01-26,The_Wall_Street_Journal,0,0,0,0,0,1
2019-08-27,The_Wall_Street_Journal,0,0,1,0,0,1
2016-05-03,The_Wall_Street_Journal,0,0,0,1,0,1
2018-05-23,The_Wall_Street_Journal,0,0,0,0,0,2
2015-06-28,The_Wall_Street_Journal,0,0,1,0,0,1
2018-12-25,The_Wall_Street_Journal,0,0,1,0,0,1
2015-07-16,The_Wall_Street_Journal,0,0,0,0,0,1
2017-09-26,The_Wall_Street_Journal,0,0,0,0,0,2
2019-05-08,New_Strait_Times,0,0,0,0,0,1
2015-03-22,Financial_Times,0,0,0,0,0,1
1999-07-12,The_Wall_Street_Journal,0,0,0,0,0,1
2013-03-19,The_Wall_Street_Journal,0,0,1,0,0,1
2017-07-06,The_Wall_Street_Journal,0,0,0,0,0,1
2019-01-28,The_Wall_Street_Journal,0,0,0,0,0,1
2018-08-14,The_Wall_Street_Journal,0,0,0,0,0,1
2017-03-10,The_Wall_Street_Journal,0,0,0,0,0,1
2017-12-04,The_Wall_Street_Journal,0,0,0,0,0,3
2015-08-26,The_Wall_Street_Journal,0,0,0,0,0,1
2015-03-31,The_Wall_Street_Journal,0,0,0,0,0,1
2015-04-27,The_Wall_Street_Journal,0,0,0,0,0,1
2010-04-20,The_Wall_Street_Journal,0,1,0,0,0,1
2017-03-22,The_Jakarta_Post,0,0,0,0,0,1
2018-12-16,Channel_News_Asia,0,0,0,0,0,1
2019-01-30,The_Wall_Street_Journal,0,1,1,0,0,1
2016-12-31,The_Wall_Street_Journal,0,0,0,0,0,1
2015-07-22,The_Wall_Street_Journal,0,0,0,0,0,1
2010-04-08,The_Wall_Street_Journal,0,0,0,0,0,1
2010-08-21,The_Wall_Street_Journal,0,0,0,0,0,1
2023-07-11,The_Strait_Times,0,0,0,0,0,1
2023-07-04,Financial_Times,0,0,0,0,0,1
2023-07-17,South_China_Morning_Post,0,0,1,0,0,1
2023-07-07,Financial_Times,0,0,1,0,0,1
2023-07-12,The_Business_Times,0,0,0,0,0,1
2023-07-31,South_China_Morning_Post,0,0,1,0,0,1
2024-01-12,New_Strait_Times,1,0,0,0,0,1
2023-09-05,Financial_Times,0,0,0,0,0,2
2023-11-13,Thomson_Reuters,0,0,0,0,0,1
2023-11-13,The_Strait_Times,0,0,0,0,0,1
2023-10-12,Channel_News_Asia,0,0,0,0,0,1
2023-12-05,New_Strait_Times,0,0,0,0,0,1
2024-01-16,Bangkok_Post,0,0,0,0,0,1
2023-09-26,The_Jakarta_Post,0,0,0,0,0,1
2023-10-08,The_Strait_Times,0,0,0,0,0,1
2023-08-26,Nikkei_Asia,0,0,0,0,0,1
2023-08-16,Manila_Bulletin,0,0,0,0,0,1
2023-09-04,Nikkei_Asia,0,0,0,0,0,1
2023-10-24,Financial_Times,0,0,0,0,0,1
2023-07-28,South_China_Morning_Post,0,0,1,0,0,1
2023-10-31,New_Strait_Times,0,0,0,0,0,1
2023-10-08,The_Strait_Times,0,0,0,0,0,1
2024-04-21,Financial_Times,0,0,0,0,0,1
2024-05-10,Financial_Times,0,0,0,0,0,1
2024-07-23,Financial_Times,0,0,1,0,0,1
2024-06-13,Financial_Times,0,0,0,0,0,1
2024-09-20,The_Business_Times,0,0,0,0,0,1
2023-12-30,The_Business_Times,0,0,0,0,0,1
2024-02-06,South_China_Morning_Post,0,0,1,0,0,1
2023-08-24,The_Business_Times,0,2,0,0,0,1
2024-01-26,The_Business_Times,0,0,0,0,0,1
2024-06-12,Channel_News_Asia,0,2,0,0,0,1
2024-08-13,The_Wall_Street_Journal,0,0,0,0,0,1
2024-04-05,Nikkei_Asia,0,0,0,0,0,2
2024-03-1,The_Business_Times,0,0,0,0,0,1
2024-10-04,The_Strait_Times,0,1,0,0,0,1
2019-08-26,Thomson_Reuters,0,0,1,0,0,1
2019-08-26,Thomson_Reuters,1,0,1,0,0,1
2019-08-26,Thomson_Reuters,0,0,0,0,0,1
2021-12-21,Manila_Bulletin,0,0,0,0,0,1
2017-08-30,The_Jakarta_Post,0,0,0,0,0,1
2022-09-13,The_Business_Times,0,0,1,0,3,1
2023-01-25,Financial_Times,2,2,1,0,0,1
2023-05-01,The_Business_Times,0,0,1,0,3,2
2023-01-11,JoongAng_Daily,0,0,3,0,0,1
2023-05-25,Thomson_Reuters,2,0,0,0,0,1
2022-11-14,Thomson_Reuters,0,0,0,0,0,1
2023-04-21,Thomson_Reuters,3,1,2,0,0,1
2023-01-20,Financial_Times,0,1,0,0,0,1
2022-05-17,The_Business_Times,0,1,3,0,4,1
2022-06-13,The_Business_Times,0,0,0,0,2,1
2023-01-20,Thomson_Reuters,2,0,0,0,0,1
2023-02-14,Financial_Times,1,0,3,0,3,4
2023-04-21,Financial_Times,0,1,0,0,2,2
2022-12-02,Thomson_Reuters,3,0,1,0,0,1
2023-04-20,Financial_Times,3,0,2,0,1,1
2023-04-21,Thomson_Reuters,2,0,2,0,0,1
2022-12-02,Thomson_Reuters,3,0,1,0,0,1
2022-10-01,The_Business_Times,0,0,0,0,3,2
2023-04-24,Financial_Times,0,1,0,0,3,3
2022-11-03,Thomson_Reuters,1,1,1,0,0,1
2023-01-19,Thomson_Reuters,0,0,0,1,0,1
2022-12-06,Thomson_Reuters,3,0,1,0,0,1
2023-05-13,Thomson_Reuters,0,0,0,1,0,1
2022-02-02,Financial_Times,0,0,2,0,4,3
2022-09-23,The_Business_Times,0,0,1,0,1,1
2022-12-04,Thomson_Reuters,3,0,1,0,0,1
2022-11-03,The_Business_Times,0,0,0,0,1,1
2022-04-20,The_Business_Times,0,0,1,0,0,1
2023-04-21,Thomson_Reuters,2,2,2,0,0,1
2023-01-24,Financial_Times,4,0,2,0,0,1
2022-09-20,The_Business_Times,0,0,0,0,0,1
2023-04-19,Thomson_Reuters,1,0,1,0,0,1
2022-11-09,Thomson_Reuters,0,0,1,0,4,3
2023-02-14,Thomson_Reuters,1,0,1,0,0,1
2023-01-19,The_Business_Times,0,0,1,0,0,1
2022-10-24,Thomson_Reuters,0,0,1,0,0,1
2023-04-22,The_Business_Times,3,1,2,0,0,1
2023-05-11,Thomson_Reuters,0,0,0,1,0,1
2022-09-19,The_Business_Times,0,0,0,0,2,1
2022-03-16,Thomson_Reuters,0,0,0,0,0,1
2023-05-29,The_Business_Times,1,2,2,0,3,1
2023-03-06,The_Business_Times,0,0,0,0,0,1
2022-06-29,The_Business_Times,1,0,0,0,4,2
2023-04-03,The_Business_Times,0,0,0,0,0,1
2022-04-20,The_Business_Times,1,1,0,0,1,1
2022-05-12,Thomson_Reuters,0,0,0,0,2,1
2022-05-10,Financial_Times,0,1,0,1,3,3
2023-02-01,Thomson_Reuters,0,0,0,0,0,1
2022-08-02,The_Business_Times,0,1,0,1,1,1
2022-10-25,The_Wall_Street_Journal,3,0,1,0,0,1
2022-10-24,The_Wall_Street_Journal,0,0,0,0,0,1
2022-07-22,The_Wall_Street_Journal,3,0,2,0,0,1
2022-03-07,The_Wall_Street_Journal,0,0,0,2,1,1
2023-05-17,The_Wall_Street_Journal,0,0,1,0,0,1
2023-04-04,The_Wall_Street_Journal,2,0,0,0,1,2
2022-07-22,The_Wall_Street_Journal,2,0,0,0,0,1
2023-04-24,The_Wall_Street_Journal,1,0,0,0,0,1
2023-01-24,The_Wall_Street_Journal,0,0,0,0,0,1
2022-09-21,The_Strait_Times,0,0,0,0,0,1
2023-02-22,The_Wall_Street_Journal,1,1,0,0,0,1
2022-11-13,The_Wall_Street_Journal,1,0,0,0,1,1
2020-11-02,Thomson_Reuters,2,0,0,0,0,1
2020-12-14,The_Business_Times,0,0,0,0,0,1
2021-06-29,Thomson_Reuters,0,0,0,0,0,1
2021-04-28,The_Business_Times,0,0,1,0,1,1
2021-12-17,The_Wall_Street_Journal,1,0,0,0,0,2
2021-04-28,The_Business_Times,0,0,0,0,3,2
2020-07-24,The_Wall_Street_Journal,1,0,0,0,0,1
2020-09-11,Thomson_Reuters,0,0,0,0,0,1
2021-03-22,Channel_News_Asia,0,0,0,0,1,1
2020-06-08,The_Wall_Street_Journal,0,0,1,0,0,1
2021-10-28,The_Business_Times,0,1,0,0,2,1
2021-03-22,Thomson_Reuters,0,0,0,0,1,1
2021-05-29,The_Business_Times,0,0,0,0,0,1
2020-01-17,The_Wall_Street_Journal,3,0,2,0,0,1
2021-06-02,The_Wall_Street_Journal,1,1,2,0,0,1
2021-03-22,Thomson_Reuters,0,0,0,0,1,1
2021-01-14,The_Business_Times,0,0,1,0,0,1
2021-01-13,Thomson_Reuters,0,0,0,0,3,1
2021-12-15,Thomson_Reuters,0,0,1,0,3,1
2020-09-22,Thomson_Reuters,2,0,0,0,0,1
2020-11-20,The_Jakarta_Post,0,0,0,0,0,1
2020-10-22,The_Wall_Street_Journal,1,0,1,0,0,1
2021-11-29,Financial_Times,0,0,0,0,2,1
2020-09-01,Thomson_Reuters,2,0,0,0,0,1
2021-05-31,The_Business_Times,0,0,1,0,0,1
2020-04-27,The_Wall_Street_Journal,4,0,1,0,0,1
2020-12-18,The_Business_Times,0,0,0,0,0,1
2021-03-17,The_Business_Times,0,0,2,0,1,1
2020-10-29,Thomson_Reuters,2,1,0,0,0,1
2020-12-18,The_Business_Times,0,0,0,0,0,1
2011-10-18,The_Wall_Street_Journal,2,0,0,0,0,1
2015-01-14,The_Wall_Street_Journal,1,0,1,0,0,2
2014-04-17,The_Wall_Street_Journal,0,0,0,0,0,1
2013-01-14,The_Wall_Street_Journal,1,0,1,0,0,2
2017-01-20,The_Wall_Street_Journal,2,0,0,0,0,1
2004-08-23,The_Wall_Street_Journal,0,1,1,0,0,1
2012-01-20,The_Wall_Street_Journal,0,0,1,1,0,1
2006-01-04,The_Wall_Street_Journal,0,0,2,0,0,1
2019-09-12,The_Wall_Street_Journal,4,0,3,0,0,1
2014-08-23,The_Wall_Street_Journal,2,0,0,0,0,1
2015-12-02,The_Jakarta_Post,0,0,0,0,0,1
2012-05-13,The_Wall_Street_Journal,1,0,1,0,0,1
2015-08-10,The_Wall_Street_Journal,0,0,1,0,0,1
2015-11-04,The_Wall_Street_Journal,2,0,0,0,0,1
2015-03-30,The_Wall_Street_Journal,1,0,0,1,0,1
2007-06-06,The_Wall_Street_Journal,0,0,0,0,0,1
2010-08-20,The_Wall_Street_Journal,0,0,0,0,0,1
2013-04-01,The_Wall_Street_Journal,0,0,0,0,0,1
2009-01-08,The_Wall_Street_Journal,1,0,1,0,0,1
2013-01-14,The_Wall_Street_Journal,4,0,2,0,0,1
2007-10-12,The_Wall_Street_Journal,0,0,0,0,0,1
2010-03-31,The_Wall_Street_Journal,2,0,0,1,0,1
2012-07-20,The_Wall_Street_Journal,1,1,0,0,0,1
2011-08-23,The_Wall_Street_Journal,3,0,0,0,0,1
2010-07-26,The_Wall_Street_Journal,0,0,0,0,0,1
2015-03-02,The_Wall_Street_Journal,0,0,0,0,0,1
2014-11-30,The_Wall_Street_Journal,2,0,2,0,0,1
2012-07-15,The_Wall_Street_Journal,1,0,1,0,0,1
2003-07-22,The_Wall_Street_Journal,0,0,0,0,0,1
2010-09-27,The_Wall_Street_Journal,0,0,0,0,0,1
2009-08-26,The_Wall_Street_Journal,0,0,0,0,0,1
2010-02-20,The_Wall_Street_Journal,0,1,0,0,0,1
2007-10-10,The_Wall_Street_Journal,0,0,0,0,0,1
2019-07-26,The_Jakarta_Post,0,0,0,0,0,1
2016-04-27,The_Wall_Street_Journal,1,0,1,0,0,1
2016-03-28,The_Wall_Street_Journal,0,0,0,0,0,1
2013-03-13,The_Wall_Street_Journal,4,0,0,0,0,1
2006-11-17,The_Wall_Street_Journal,0,0,1,0,0,1
2009-04-22,The_Wall_Street_Journal,0,0,0,0,0,1
2003-10-23,The_Wall_Street_Journal,2,0,2,0,0,1
2013-06-21,The_Wall_Street_Journal,0,1,1,0,0,1
2015-09-07,The_Jakarta_Post,0,0,0,0,0,1
2010-07-23,The_Wall_Street_Journal,0,0,0,0,0,1
2018-12-05,Thomson_Reuters,0,0,0,0,0,1
2015-10-15,The_Wall_Street_Journal,1,0,2,0,0,1
2013-01-18,The_Wall_Street_Journal,3,0,0,0,0,1
2023-06-16,Channel_News_Asia,2,2,1,0,0,1
2016-11-27,The_Wall_Street_Journal,2,0,0,1,0,1
2011-01-26,The_Wall_Street_Journal,0,0,0,0,0,1
2011-01-31,The_Wall_Street_Journal,0,0,0,1,0,1
2019-10-18,The_Wall_Street_Journal,3,2,2,1,0,1
2013-05-24,The_Wall_Street_Journal,0,0,0,0,0,1
2015-09-25,The_Wall_Street_Journal,1,0,0,1,0,1
2005-11-06,The_Wall_Street_Journal,1,0,1,0,0,1
2015-10-19,The_Wall_Street_Journal,1,0,0,0,0,1
2013-04-18,The_Wall_Street_Journal,0,0,0,0,0,1
2016-05-31,The_Wall_Street_Journal,3,0,0,1,0,1
2014-11-14,The_Wall_Street_Journal,3,0,0,0,0,1
2015-01-20,The_Wall_Street_Journal,2,0,0,1,0,1
2010-10-22,The_Wall_Street_Journal,3,0,0,0,0,1
2008-11-10,The_Wall_Street_Journal,2,0,1,0,0,1
2012-04-15,The_Wall_Street_Journal,1,1,1,0,0,1
2009-05-20,The_Wall_Street_Journal,3,0,0,0,0,1
2016-10-20,The_Wall_Street_Journal,0,0,1,0,0,1
2009-02-25,The_Wall_Street_Journal,0,0,0,0,0,1
2005-03-11,The_Wall_Street_Journal,0,0,0,0,0,1
2011-03-28,The_Wall_Street_Journal,0,0,0,0,0,2
2014-01-17,The_Wall_Street_Journal,0,0,0,0,0,1
2009-03-18,The_Wall_Street_Journal,0,0,0,0,0,1
2010-02-22,The_Wall_Street_Journal,0,0,0,0,0,1
2010-10-22,Thomson_Reuters,0,0,2,0,0,1
2016-07-21,The_Wall_Street_Journal,1,0,1,0,0,1
2016-07-22,The_Wall_Street_Journal,4,0,0,0,0,1
2009-03-24,The_Wall_Street_Journal,1,0,1,0,0,1
2016-07-28,The_Wall_Street_Journal,1,0,1,0,0,1
2010-04-12,The_Wall_Street_Journal,0,0,1,0,0,1
2012-07-19,The_Wall_Street_Journal,1,0,0,0,0,1
2013-07-19,The_Wall_Street_Journal,3,0,0,0,0,1
2007-07-20,The_Wall_Street_Journal,0,0,0,0,0,1
2016-07-20,The_Wall_Street_Journal,1,0,1,0,0,1
2010-12-14,The_Wall_Street_Journal,1,0,0,0,0,1
2013-04-19,The_Wall_Street_Journal,1,0,0,0,0,1
2015-04-16,The_Wall_Street_Journal,0,0,1,0,0,1
2009-01-24,The_Wall_Street_Journal,1,0,0,0,0,2
2000-04-11,The_Wall_Street_Journal,0,0,2,0,0,1
2010-11-18,The_Wall_Street_Journal,1,0,0,0,0,1
2006-04-15,The_Wall_Street_Journal,0,0,0,0,0,1
2010-03-24,The_Wall_Street_Journal,0,0,0,0,0,1
2017-01-20,The_Wall_Street_Journal,3,0,3,0,0,1
2011-01-25,The_Wall_Street_Journal,0,0,1,0,0,1
2016-06-09,The_Wall_Street_Journal,0,0,0,0,0,1
2010-10-15,The_Wall_Street_Journal,0,0,0,1,0,1
2018-03-01,Thomson_Reuters,0,0,0,0,0,1
2010-12-08,The_Wall_Street_Journal,1,0,0,0,0,1
2015-12-01,The_Wall_Street_Journal,0,0,1,0,0,1
2002-05-19,The_Wall_Street_Journal,0,0,1,0,0,1
2015-01-15,The_Wall_Street_Journal,0,0,0,1,0,1
2011-04-18,The_Wall_Street_Journal,0,0,1,0,0,1
2013-07-18,The_Wall_Street_Journal,1,1,2,0,0,1
2015-03-09,The_Wall_Street_Journal,0,0,1,0,0,1
2011-01-21,The_Wall_Street_Journal,2,0,0,0,0,1
2011-05-24,The_Wall_Street_Journal,3,0,0,0,0,2
2010-10-08,The_Wall_Street_Journal,0,0,0,0,0,1
2013-10-18,The_Wall_Street_Journal,0,0,0,0,0,1
2010-09-10,The_Wall_Street_Journal,1,0,0,0,0,1
2005-07-25,The_Wall_Street_Journal,0,0,1,0,0,2
2006-02-09,The_Wall_Street_Journal,0,0,0,0,0,1
2015-07-16,The_Wall_Street_Journal,1,0,0,0,0,1
2010-11-03,The_Wall_Street_Journal,0,0,0,0,0,1
2016-04-22,The_Wall_Street_Journal,2,0,0,0,0,1
2004-01-29,The_Wall_Street_Journal,1,0,2,0,0,1
2011-09-07,The_Wall_Street_Journal,0,0,3,0,0,1
2016-02-05,The_Wall_Street_Journal,1,0,0,0,0,1
2015-09-30,The_Wall_Street_Journal,1,0,0,1,0,1
2012-12-25,The_Wall_Street_Journal,2,0,0,0,0,1
2009-07-20,The_Wall_Street_Journal,1,0,0,0,0,1
2012-04-20,The_Wall_Street_Journal,1,0,0,0,0,1
2004-02-11,The_Wall_Street_Journal,1,0,1,0,0,1
2014-10-16,The_Wall_Street_Journal,2,0,1,1,0,2
2008-12-05,The_Wall_Street_Journal,6,2,0,0,0,1
2017-10-23,Thomson_Reuters,0,0,1,0,0,1
2016-05-01,The_Wall_Street_Journal,2,0,0,0,0,1
2004-01-25,The_Wall_Street_Journal,0,0,0,0,0,1
2014-05-09,The_Wall_Street_Journal,1,0,0,0,0,1
2016-03-14,Thomson_Reuters,0,0,1,0,0,1
2016-04-12,The_Wall_Street_Journal,0,0,0,0,0,1
2015-08-26,The_Wall_Street_Journal,2,0,1,0,0,1
2010-10-19,The_Wall_Street_Journal,2,0,0,0,0,1
2017-07-21,The_Wall_Street_Journal,3,0,1,0,0,2
2009-04-24,The_Wall_Street_Journal,0,0,1,0,0,1
2012-11-30,The_Wall_Street_Journal,2,1,0,0,0,1
2014-08-12,The_Wall_Street_Journal,2,0,0,1,0,1
2002-05-10,The_Wall_Street_Journal,0,0,1,0,0,1
2012-12-14,The_Wall_Street_Journal,2,0,1,0,0,2
2010-02-19,The_Wall_Street_Journal,0,1,0,0,0,1
2015-04-20,The_Wall_Street_Journal,3,0,0,0,0,1
2009-12-07,The_Wall_Street_Journal,1,0,0,0,0,2
2009-05-08,The_Wall_Street_Journal,0,0,0,0,0,1
2018-07-20,The_Wall_Street_Journal,3,0,1,1,0,1
2016-01-22,The_Wall_Street_Journal,0,0,0,2,0,1
2015-01-01,The_Wall_Street_Journal,1,0,0,0,0,1
2012-07-10,The_Wall_Street_Journal,2,0,0,0,0,1
2015-09-13,The_Wall_Street_Journal,3,0,0,0,0,2
2013-07-09,The_Wall_Street_Journal,2,0,0,0,0,1
2013-02-11,The_Wall_Street_Journal,0,0,0,0,0,1
2015-10-08,The_Wall_Street_Journal,3,0,0,1,0,1
2007-09-24,The_Wall_Street_Journal,1,0,0,0,0,1
2011-07-22,The_Wall_Street_Journal,3,0,0,0,0,1
2011-07-19,The_Wall_Street_Journal,5,0,0,0,0,2
2008-10-17,The_Wall_Street_Journal,0,0,0,0,0,1
2014-12-02,The_Wall_Street_Journal,0,0,0,0,0,1
2006-01-24,The_Wall_Street_Journal,0,0,0,0,0,1
2015-08-26,Thomson_Reuters,0,0,0,0,0,1
2013-11-01,The_Wall_Street_Journal,0,0,0,0,0,1
2008-07-12,The_Wall_Street_Journal,0,0,0,1,0,1
2010-01-28,The_Wall_Street_Journal,0,0,0,0,0,1
2012-04-20,The_Wall_Street_Journal,2,0,0,0,0,1
2011-01-25,The_Wall_Street_Journal,1,0,0,0,0,1
2015-08-26,The_Wall_Street_Journal,0,0,0,0,0,1
2019-10-18,The_Wall_Street_Journal,2,0,1,0,0,1
2003-02-12,The_Wall_Street_Journal,0,0,0,0,0,1
2016-10-21,The_Wall_Street_Journal,1,0,0,0,0,1
2011-01-22,The_Wall_Street_Journal,2,0,1,0,0,1
2010-07-06,The_Wall_Street_Journal,0,0,0,1,0,1
2016-10-12,The_Jakarta_Post,0,0,0,0,0,1
2004-08-12,The_Wall_Street_Journal,1,0,3,0,0,1
2008-10-18,The_Wall_Street_Journal,1,0,1,0,0,1
2010-11-08,The_Wall_Street_Journal,0,0,0,0,0,1
2004-09-30,The_Wall_Street_Journal,0,0,1,0,0,1
2011-07-26,The_Wall_Street_Journal,0,0,0,0,0,1
2010-10-22,The_Wall_Street_Journal,0,0,0,0,0,1
2010-04-16,The_Wall_Street_Journal,1,0,0,1,0,2
2010-04-24,The_Wall_Street_Journal,1,0,1,0,0,1
2011-01-21,The_Wall_Street_Journal,2,0,0,0,0,1
2004-11-12,The_Wall_Street_Journal,0,0,0,0,0,1
2013-02-06,The_Wall_Street_Journal,5,0,1,0,0,1
2016-06-14,Thomson_Reuters,3,0,0,1,0,1
2016-07-07,The_Wall_Street_Journal,3,0,2,0,0,1
2023-06-21,Thomson_Reuters,2,0,0,0,0,1
2011-10-24,The_Wall_Street_Journal,0,0,0,0,0,1
2018-12-26,The_Jakarta_Post,0,0,0,0,0,1
2010-11-11,The_Wall_Street_Journal,2,0,0,0,0,1
2011-10-21,The_Wall_Street_Journal,2,0,0,1,0,1
2007-04-08,The_Wall_Street_Journal,0,0,0,0,0,1
2016-07-08,The_Wall_Street_Journal,1,0,0,0,0,1
2012-04-18,The_Wall_Street_Journal,2,0,0,0,0,1
2016-01-21,The_Wall_Street_Journal,1,0,0,0,0,1
2014-01-16,The_Wall_Street_Journal,0,0,0,0,0,1
2012-11-20,The_Wall_Street_Journal,3,0,0,0,0,3
2012-10-19,The_Wall_Street_Journal,2,0,0,0,0,2
2003-07-07,The_Wall_Street_Journal,0,0,0,0,0,1
2023-06-21,Thomson_Reuters,2,0,0,0,0,1
2023-06-22,Thomson_Reuters,1,2,0,0,0,1
2023-10-20,Thomson_Reuters,2,0,0,1,0,1
2023-10-20,Thomson_Reuters,2,0,0,1,0,1
2023-09-18,Financial_Times,1,1,1,0,5,2
2023-10-25,Thomson_Reuters,0,0,1,0,0,1
2023-11-16,Thomson_Reuters,0,0,0,1,0,1
2023-10-16,Financial_Times,0,0,0,0,3,2
2023-07-03,Channel_News_Asia,2,1,0,0,1,1
2023-12-03,Financial_Times,1,1,0,0,2,1
2023-08-15,Thomson_Reuters,0,0,0,0,0,1
2023-07-21,Financial_Times,0,0,2,0,0,1
2023-07-22,The_Business_Times,1,0,1,0,0,1
2023-07-17,Financial_Times,0,1,1,0,3,2
2023-07-20,The_Business_Times,0,0,0,0,0,1
2023-11-06,Thomson_Reuters,0,0,0,1,0,1
2023-07-21,The_Business_Times,0,1,0,0,2,1
2023-07-22,Financial_Times,4,0,1,0,0,1
2023-07-21,Thomson_Reuters,1,0,1,0,0,1
2023-08-01,The_Business_Times,0,1,0,0,0,1
2023-07-21,Thomson_Reuters,2,0,0,0,0,1
2023-11-07,The_Business_Times,0,0,1,0,1,1
2023-07-20,Financial_Times,4,0,0,1,2,1
2023-07-14,Thomson_Reuters,0,0,0,1,0,1
2023-11-13,The_Business_Times,0,2,0,0,0,1
2023-07-17,The_Business_Times,1,0,3,0,1,1
2023-11-13,Financial_Times,0,0,0,1,1,1
2023-09-06,Thomson_Reuters,1,0,0,0,0,1
2023-10-26,Channel_News_Asia,0,0,1,0,0,1
2023-07-25,The_Business_Times,0,0,0,0,2,1
2023-07-21,Thomson_Reuters,2,0,0,0,0,1
2023-10-24,Thomson_Reuters,2,0,1,0,0,1
2023-07-03,Thomson_Reuters,2,1,0,0,1,2
2023-10-20,Thomson_Reuters,4,0,0,1,0,1
2023-11-10,Thomson_Reuters,5,0,0,0,0,1
2024-05-03,Financial_Times,0,1,2,0,2,2
2024-04-03,Financial_Times,0,0,0,1,0,1
2024-05-30,Financial_Times,0,0,1,0,2,2
2024-03-25,Financial_Times,1,0,1,1,0,1
2024-04-19,Financial_Times,0,0,0,1,0,1
2024-01-24,Thomson_Reuters,3,0,0,0,0,1
2024-07-20,Thomson_Reuters,3,0,0,0,0,1
2023-12-16,Thomson_Reuters,0,0,0,0,0,1
2024-07-02,The_Wall_Street_Journal,1,0,1,0,0,1
2024-08-16,Financial_Times,1,0,0,0,1,3
2024-04-23,Thomson_Reuters,1,0,1,0,0,1
2024-05-29,The_Business_Times,0,0,0,0,0,1
2024-04-19,Thomson_Reuters,0,0,1,0,0,1
2024-07-22,Thomson_Reuters,1,0,0,0,0,1
2024-05-31,The_Business_Times,0,0,1,0,2,2
2024-07-19,Thomson_Reuters,2,0,0,0,0,1
2024-07-20,The_Wall_Street_Journal,3,0,2,0,0,1
2024-06-10,The_Business_Times,0,0,2,0,3,2
2024-09-11,The_Business_Times,2,0,0,0,0,3
2024-07-27,Thomson_Reuters,1,0,0,0,0,1
2024-01-15,The_Wall_Street_Journal,0,0,2,0,0,2
2024-07-03,The_Strait_Times,0,0,0,0,0,1
2022-11-3,The_Business_Times,0,0,0,0,1,1
2023-09-4,The_Business_Times,1,1,0,0,0,2
2024-08-16,Financial_Times,0,0,0,1,0,1
2024-06-19,Financial_Times,0,0,2,0,1,1
2024-07-27,Thomson_Reuters,1,0,0,0,0,1
2024-07-20,Thomson_Reuters,0,1,1,0,0,1
2024-02-28,Bangkok_Post,1,0,1,0,3,2
2024-04-02,The_Wall_Street_Journal,0,0,0,0,0,1
2024-03-19,The_Wall_Street_Journal,0,0,0,0,0,2
2024-01-24,Thomson_Reuters,1,0,1,0,0,1
2024-09-11,Channel_News_Asia,0,2,0,0,0,1
2024-07-27,Thomson_Reuters,2,0,0,0,0,1
2024-01-14,Thomson_Reuters,1,0,0,1,0,1
2024-10-19,Financial_Times,1,0,0,1,0,1
2024-12-17,Channel_News_Asia,1,0,0,0,0,1
2024-10-18,Financial_Times,0,1,1,0,0,1
2024-07-19,The_Strait_Times,0,0,1,0,0,1
2024-10-10,Channel_News_Asia,0,1,0,0,0,1
2024-10-21,The_Wall_Street_Journal,3,1,3,0,0,1
2024-12-20,API_NEWS_en,0,1,0,0,0,1
2024-12-20,API_NEWS_en,0,1,0,0,0,1
2024-12-21,API_NEWS_en,0,1,0,0,0,1
2024-12-10,API_NEWS_en,0,0,0,0,0,1
2024-12-20,API_NEWS_en,0,1,0,0,0,1
2024-11-28,API_NEWS_en,1,0,0,0,0,1
2024-12-20,API_NEWS_en,0,1,0,0,0,1
2020-02-25,Channel_News_Asia,0,0,0,0,0,1
2020-04-29,Financial_Times,0,0,0,0,0,1
2002-03-29,The_Wall_Street_Journal,0,0,0,0,0,1
2021-05-05,New_Strait_Times,0,0,0,0,0,2
2017-09-20,Thomson_Reuters,0,0,0,0,0,1
2018-12-19,Thomson_Reuters,0,0,0,0,0,1
2017-09-14,Thomson_Reuters,0,0,0,0,0,1
2017-07-05,Thomson_Reuters,0,0,0,0,0,1
2018-12-16,Thomson_Reuters,0,0,1,0,0,1
2017-09-20,Thomson_Reuters,0,0,0,0,0,1
2017-09-14,Thomson_Reuters,0,0,0,0,0,1
2017-07-10,Thomson_Reuters,1,0,0,0,0,1
2017-02-03,Thomson_Reuters,1,0,0,0,0,1
2018-01-19,Thomson_Reuters,0,0,0,0,0,1
2017-09-14,Thomson_Reuters,0,0,0,0,0,1
2017-07-03,Thomson_Reuters,0,0,0,0,0,1
2016-06-09,Thomson_Reuters,0,0,2,0,0,1
2009-07-29,The_Wall_Street_Journal,2,0,0,0,0,3
2021-07-20,Thomson_Reuters,0,0,1,0,0,1
2021-08-04,Thomson_Reuters,1,0,1,0,0,1
2020-02-11,Thomson_Reuters,6,0,0,0,0,1
2020-01-31,Thomson_Reuters,0,0,3,0,0,1
2021-07-20,Thomson_Reuters,0,0,1,0,0,1
2019-07-26,The_Wall_Street_Journal,2,0,1,0,0,3
2019-01-31,Thomson_Reuters,1,0,0,0,0,1
2016-08-24,Thomson_Reuters,0,0,0,0,0,1
2016-10-18,Thomson_Reuters,2,0,1,0,0,1
2017-06-17,Thomson_Reuters,4,0,0,0,0,1
2017-06-16,Thomson_Reuters,4,0,0,0,0,1
2022-04-28,The_Wall_Street_Journal,0,0,1,0,0,2
2019-10-08,The_Wall_Street_Journal,1,0,0,0,0,3
2011-08-14,The_Wall_Street_Journal,1,0,4,0,0,1
2011-06-20,The_Wall_Street_Journal,1,1,0,0,0,1
2022-03-07,Thomson_Reuters,1,3,0,1,1,2
2022-01-24,Thomson_Reuters,3,0,0,1,0,1
2023-04-25,Financial_Times,0,0,1,0,0,1
2023-05-16,New_Strait_Times,0,0,0,0,0,1
2021-08-17,Thomson_Reuters,5,0,0,0,0,1
2021-02-05,Thomson_Reuters,2,2,0,0,0,1
2020-02-21,Thomson_Reuters,2,0,0,0,0,1
2021-06-14,Thomson_Reuters,1,1,0,0,0,1
2020-12-02,Thomson_Reuters,2,1,0,0,0,1
2020-09-25,Thomson_Reuters,1,0,0,1,0,1
2020-01-24,Thomson_Reuters,2,1,0,0,0,1
2020-10-02,Thomson_Reuters,2,0,0,0,0,1
2020-08-21,Thomson_Reuters,1,0,0,0,0,1
2021-04-12,Thomson_Reuters,2,1,0,0,0,1
2021-04-19,Thomson_Reuters,0,0,0,0,0,1
2020-12-11,Thomson_Reuters,0,0,0,0,0,1
2021-10-11,Thomson_Reuters,0,0,0,0,0,2
2021-06-04,Thomson_Reuters,3,0,0,0,0,1
2020-05-29,Thomson_Reuters,1,0,0,0,0,1
2020-12-08,Thomson_Reuters,2,0,0,0,0,1
2020-10-23,Thomson_Reuters,1,0,0,0,0,1
2020-12-04,Thomson_Reuters,3,0,0,0,0,1
2021-02-01,Thomson_Reuters,1,1,0,0,0,2
2021-02-26,Thomson_Reuters,1,0,0,1,0,1
2020-10-13,Thomson_Reuters,2,0,0,0,0,1
2015-08-03,Thomson_Reuters,1,0,0,0,0,1
2019-04-01,Thomson_Reuters,2,0,0,2,0,2
2016-12-02,Thomson_Reuters,1,0,0,0,0,1
2018-05-11,Thomson_Reuters,4,0,0,1,0,1
2018-04-27,Thomson_Reuters,3,0,0,2,0,1
2016-06-17,Thomson_Reuters,0,0,0,0,0,1
2018-06-08,Thomson_Reuters,4,0,0,0,0,1
2016-03-11,Thomson_Reuters,5,1,0,0,0,1
2018-08-10,Thomson_Reuters,0,1,0,1,0,1
2016-07-15,Thomson_Reuters,1,1,0,0,0,1
2013-04-09,The_Wall_Street_Journal,1,0,0,0,0,1
2018-01-16,Thomson_Reuters,3,1,0,0,0,1
2018-01-08,Thomson_Reuters,3,0,0,0,0,1
2019-11-14,Thomson_Reuters,4,1,0,0,0,1
2017-09-12,Thomson_Reuters,4,0,0,1,0,2
2008-08-03,The_Wall_Street_Journal,0,0,0,0,0,1
2017-02-03,Thomson_Reuters,3,0,0,1,0,1
2011-05-02,The_Wall_Street_Journal,1,0,0,0,0,1
2015-10-23,Thomson_Reuters,2,0,0,0,0,1
2019-09-06,Thomson_Reuters,1,1,1,1,0,1
2018-08-06,Thomson_Reuters,1,0,0,2,0,1
2018-08-17,Thomson_Reuters,0,1,1,1,0,1
2019-11-27,Thomson_Reuters,1,0,0,0,0,1
2016-01-09,Thomson_Reuters,1,0,1,0,0,1
2017-02-28,Thomson_Reuters,4,0,0,0,1,1
2007-07-23,The_Wall_Street_Journal,1,0,0,0,0,1
2017-11-29,Thomson_Reuters,3,0,0,0,0,1
2016-06-24,Thomson_Reuters,1,0,0,0,0,1
2019-06-21,Thomson_Reuters,2,1,0,2,0,1
2015-07-06,Thomson_Reuters,2,1,0,2,0,2
2017-11-10,Thomson_Reuters,4,0,0,0,0,1
2019-04-12,Thomson_Reuters,2,0,1,1,0,1
2000-04-26,The_Wall_Street_Journal,0,0,1,0,0,1
2019-09-13,Thomson_Reuters,2,1,0,0,0,1
2015-06-12,Thomson_Reuters,4,0,0,0,0,1
2018-06-11,Thomson_Reuters,2,0,0,1,0,1
2011-11-26,The_Wall_Street_Journal,0,0,1,0,0,1
2017-06-30,Thomson_Reuters,2,0,0,0,0,1
2019-07-12,Thomson_Reuters,3,1,0,1,0,3
2019-02-22,Thomson_Reuters,3,0,0,0,0,1
2017-11-17,Thomson_Reuters,2,0,0,0,0,1
2016-06-16,Thomson_Reuters,1,0,1,0,0,1
2018-02-28,Thomson_Reuters,0,0,0,0,0,1
2018-06-01,Thomson_Reuters,2,0,0,1,0,1
2019-04-05,Thomson_Reuters,1,0,0,2,0,1
2019-11-15,Thomson_Reuters,4,1,0,0,0,1
2013-01-03,The_Wall_Street_Journal,1,0,0,0,0,1
2004-09-02,The_Wall_Street_Journal,1,0,1,0,0,1
2016-09-30,Thomson_Reuters,2,0,0,0,0,1
2023-10-19,Thomson_Reuters,1,0,0,0,0,1
2023-10-19,The_Business_Times,1,0,0,0,0,1
2024-04-25,The_Wall_Street_Journal,1,0,0,0,0,1
2024-07-25,The_Wall_Street_Journal,0,0,1,0,0,1
2024-11-28,API_NEWS_en,1,0,0,0,0,1
2013-08-27,Financial_Times,1,0,0,0,0,2
2016-06-27,Thomson_Reuters,0,0,0,0,0,1
2014-03-19,Financial_Times,2,1,0,0,2,1
2020-12-07,The_Wall_Street_Journal,0,0,0,0,0,2
2004-04-15,The_Wall_Street_Journal,0,1,0,0,0,1
2016-11-21,Thomson_Reuters,1,0,1,0,0,1
2021-03-09,Thomson_Reuters,0,0,0,0,0,1
2019-01-07,Thomson_Reuters,4,1,0,0,0,1
2020-12-21,Thomson_Reuters,1,0,1,0,0,1
2020-12-21,Thomson_Reuters,1,0,1,0,0,1
2022-01-12,Thomson_Reuters,3,0,0,0,0,1
2020-06-02,Thomson_Reuters,1,0,0,0,0,1
2021-03-22,Thomson_Reuters,1,0,0,0,0,1
2020-03-16,Thomson_Reuters,2,0,0,0,0,1
2021-04-27,Thomson_Reuters,2,0,0,0,0,1
2021-07-27,Thomson_Reuters,1,0,0,0,0,1
2021-04-15,Thomson_Reuters,2,0,0,0,0,1
2020-04-03,Thomson_Reuters,2,0,1,0,0,1
2021-07-12,Thomson_Reuters,1,0,0,0,0,1
2021-02-01,Thomson_Reuters,1,0,0,0,0,1
2020-11-06,Thomson_Reuters,3,0,0,0,0,1
2021-07-27,Thomson_Reuters,0,0,0,0,0,1
2021-08-12,Thomson_Reuters,2,0,0,0,0,1
2020-05-26,Thomson_Reuters,2,0,0,0,0,1
2021-11-22,Thomson_Reuters,0,0,0,0,0,1
2020-05-26,Thomson_Reuters,2,0,0,0,0,1
2021-11-22,Thomson_Reuters,0,0,0,0,0,1
2019-10-18,Thomson_Reuters,1,0,0,0,0,1
2019-10-31,Thomson_Reuters,1,0,0,0,0,1
2019-10-09,Thomson_Reuters,0,0,0,0,0,1
2019-10-09,Thomson_Reuters,0,0,0,0,0,1
2019-10-14,Thomson_Reuters,1,0,0,0,0,1
2019-11-13,Thomson_Reuters,0,0,1,0,0,1
2017-05-17,Thomson_Reuters,4,0,0,0,0,1
2017-05-17,Thomson_Reuters,4,0,0,0,0,1
2022-05-13,Thomson_Reuters,0,0,0,0,0,1
2022-05-13,Thomson_Reuters,0,1,1,0,0,1
2022-05-12,Thomson_Reuters,0,0,0,0,0,1
2023-04-26,Thomson_Reuters,1,0,0,0,0,1
2022-09-02,Thomson_Reuters,1,0,1,0,0,1
2021-10-19,Thomson_Reuters,3,1,1,1,0,2
2021-12-07,Thomson_Reuters,1,0,0,0,0,1
2021-08-03,Thomson_Reuters,0,1,0,0,0,1
2021-08-02,Thomson_Reuters,0,1,0,0,0,1
2021-04-01,Thomson_Reuters,1,0,0,0,0,1
2021-06-10,Thomson_Reuters,0,0,0,0,1,1
2020-07-21,Thomson_Reuters,1,1,1,0,0,2
2021-11-03,Thomson_Reuters,0,0,1,0,0,1
2021-05-17,Thomson_Reuters,0,1,2,0,0,1
2020-04-28,Thomson_Reuters,3,0,0,0,0,1
2020-01-09,Thomson_Reuters,0,0,0,0,0,1
2016-03-26,Thomson_Reuters,0,0,0,0,0,2
2016-02-26,Thomson_Reuters,2,0,1,0,0,1
2019-02-15,Thomson_Reuters,4,0,2,0,0,1
2023-04-18,Thomson_Reuters,1,0,1,0,0,1
2023-05-23,Thomson_Reuters,1,0,0,0,0,2
2021-02-05,Thomson_Reuters,3,0,0,0,0,1
2019-06-13,Thomson_Reuters,1,0,0,0,0,1
2017-09-05,Thomson_Reuters,0,0,0,0,0,1
2016-12-13,Thomson_Reuters,0,0,0,0,0,1
2020-03-10,Thomson_Reuters,3,0,0,0,0,1
2020-03-10,Thomson_Reuters,3,0,0,0,0,1
2020-03-12,Thomson_Reuters,4,0,1,0,0,1
2020-03-09,Thomson_Reuters,5,0,3,0,0,1
2020-03-10,Thomson_Reuters,2,0,0,0,0,1
2020-03-09,Thomson_Reuters,3,0,2,0,0,1
2019-10-14,Thomson_Reuters,1,0,1,0,0,1
2019-05-04,Thomson_Reuters,2,0,2,1,0,1
2019-05-05,Thomson_Reuters,2,0,2,1,0,1
2018-03-25,Thomson_Reuters,1,0,0,1,0,1
2019-05-03,Thomson_Reuters,2,0,2,1,0,1
2019-03-18,Thomson_Reuters,1,0,0,0,0,1
2019-11-18,Thomson_Reuters,1,0,1,0,0,1
2020-01-02,Thomson_Reuters,3,0,1,0,0,1
2013-12-05,The_Wall_Street_Journal,1,0,0,0,0,4
2013-11-23,The_Wall_Street_Journal,2,0,1,0,0,1
2022-08-09,JoongAng_Daily,0,0,0,0,0,1
2022-06-23,New_Strait_Times,0,0,0,0,0,2
2020-03-19,Thomson_Reuters,2,0,0,0,0,1
2020-09-03,JoongAng_Daily,0,0,0,0,0,2
2021-11-24,Thomson_Reuters,0,0,0,0,0,2
2021-05-11,Thomson_Reuters,0,1,0,0,0,1
2020-11-17,JoongAng_Daily,0,0,0,0,0,1
2014-09-19,Thomson_Reuters,1,0,0,0,0,1
2024-11-28,API_NEWS_en,0,0,0,0,0,1
2022-02-06,New_Strait_Times,0,0,0,0,0,1
2020-06-19,Thomson_Reuters,0,0,0,0,0,1
2020-06-19,Thomson_Reuters,0,0,0,0,0,1
2023-06-12,The_Wall_Street_Journal,1,0,0,0,0,1
2015-09-01,The_Wall_Street_Journal,0,0,0,0,0,1
2004-05-08,The_Wall_Street_Journal,3,0,1,0,0,1
2010-08-21,The_Wall_Street_Journal,0,1,0,0,0,1
2011-02-03,The_Wall_Street_Journal,0,0,0,0,0,1
2023-06-16,The_Wall_Street_Journal,2,0,0,0,0,1
2003-10-24,The_Wall_Street_Journal,0,0,0,0,0,1
2015-04-20,The_Wall_Street_Journal,0,0,0,0,0,1
2005-01-04,The_Wall_Street_Journal,1,0,1,0,0,1
2011-07-19,The_Wall_Street_Journal,0,0,0,0,0,1
2019-07-29,The_Wall_Street_Journal,2,0,0,0,0,1
2005-11-12,The_Wall_Street_Journal,0,0,0,0,0,1
2010-01-06,The_Wall_Street_Journal,0,1,0,0,0,1
2005-11-12,The_Wall_Street_Journal,0,0,1,0,0,1
2009-07-07,The_Wall_Street_Journal,0,0,0,0,0,1
2023-06-15,The_Wall_Street_Journal,1,0,0,0,0,1
2005-07-25,The_Wall_Street_Journal,0,0,0,0,0,1
2024-11-28,API_NEWS_en,0,0,0,0,0,1
2024-11-28,API_NEWS_en,0,0,0,0,0,1
2022-03-02,Financial_Times,0,0,0,1,0,1
2022-10-07,Manila_Bulletin,0,0,0,0,0,2
2022-01-25,Financial_Times,0,0,0,0,0,2
2022-10-24,Manila_Bulletin,0,0,1,0,0,2
2023-05-05,Financial_Times,0,0,0,0,0,2
2022-10-08,Manila_Bulletin,0,0,0,0,0,2
2022-09-12,Financial_Times,0,0,0,0,0,1
2022-10-12,Manila_Bulletin,0,0,0,0,0,2
2022-04-26,The_Asahi_Shimbun,0,0,0,0,0,1
2022-09-25,Thomson_Reuters,0,0,0,0,0,1
2022-07-21,Thomson_Reuters,0,0,0,0,0,1
2022-09-22,Financial_Times,0,0,0,0,0,1
2022-02-10,Financial_Times,0,1,0,0,1,2
2022-03-06,Thomson_Reuters,0,0,0,0,0,1
2022-08-01,The_Wall_Street_Journal,0,0,0,0,0,1
2020-10-09,Financial_Times,0,1,0,0,5,3
2020-11-04,The_Myanmar_Times,0,0,1,0,0,1
2021-03-22,New_Strait_Times,1,0,0,0,0,2
2020-01-10,The_Wall_Street_Journal,0,0,0,0,0,1
2020-05-28,Thomson_Reuters,0,0,0,0,0,1
2020-11-23,Financial_Times,0,0,0,0,0,2
2021-03-17,Channel_News_Asia,0,0,0,0,0,1
2021-04-16,Thomson_Reuters,0,0,0,0,0,1
2020-07-18,Channel_News_Asia,0,0,1,0,0,2
2020-02-12,Financial_Times,0,0,0,0,0,2
2021-07-01,Financial_Times,0,0,1,0,1,1
2020-05-28,Thomson_Reuters,0,0,0,0,0,1
2020-06-09,Financial_Times,0,0,0,0,0,2
2021-07-22,Thomson_Reuters,0,0,0,0,0,2
2021-07-08,Financial_Times,0,0,0,0,0,1
2021-09-22,Thomson_Reuters,0,0,0,0,0,1
2021-06-22,Thomson_Reuters,0,0,0,0,0,2
2021-04-15,The_Business_Times,0,0,0,0,0,1
2020-03-15,The_Wall_Street_Journal,0,0,0,0,0,1
2020-06-01,The_Wall_Street_Journal,0,0,1,0,0,1
2020-09-06,Viet_Nam_News,0,0,0,0,0,1
2020-07-09,The_Jakarta_Post,0,0,0,0,0,1
2021-02-10,Financial_Times,0,0,0,0,1,2
2020-01-22,Financial_Times,0,0,0,0,0,1
2020-12-10,The_Myanmar_Times,0,0,0,0,0,1
2021-05-05,Financial_Times,0,0,1,0,0,1
2021-05-21,Financial_Times,0,0,0,0,0,1
2020-05-08,Financial_Times,0,0,0,0,0,2
2021-01-04,Financial_Times,0,0,0,0,0,1
2020-12-10,The_Wall_Street_Journal,0,0,0,0,0,1
2021-12-14,Thomson_Reuters,0,0,0,2,0,1
2020-11-20,Financial_Times,0,0,0,0,0,1
2020-12-24,Financial_Times,0,0,0,0,0,1
2020-01-07,Financial_Times,0,0,0,0,0,1
2020-02-07,Thomson_Reuters,0,0,0,0,0,1
2021-01-12,Financial_Times,0,0,0,0,0,1
2017-10-27,Financial_Times,0,0,0,0,0,2
2019-02-08,Financial_Times,1,0,0,0,0,1
2017-09-28,Financial_Times,0,0,0,0,0,1
2017-09-04,Financial_Times,0,0,0,0,0,1
2017-07-06,Financial_Times,0,0,1,0,0,1
2014-09-25,Financial_Times,0,0,2,1,0,1
2019-08-02,Financial_Times,0,0,1,0,1,1
2017-09-05,Financial_Times,0,0,0,1,0,1
2002-07-19,The_Wall_Street_Journal,0,0,0,0,0,1
2002-12-23,The_Wall_Street_Journal,0,0,0,0,1,1
2012-08-23,The_Wall_Street_Journal,0,0,0,0,0,2
2019-06-19,Thomson_Reuters,0,0,0,0,0,1
2007-03-08,The_Wall_Street_Journal,1,0,0,0,0,3
2002-07-22,The_Wall_Street_Journal,0,0,0,0,0,1
2004-12-10,The_Wall_Street_Journal,0,0,0,0,0,1
2004-03-08,The_Wall_Street_Journal,0,0,0,0,0,1
2019-02-28,Financial_Times,0,0,2,0,0,1
1999-12-31,The_Wall_Street_Journal,0,0,1,0,0,1
2000-07-12,The_Wall_Street_Journal,0,0,0,0,0,1
2016-07-20,Financial_Times,0,0,0,0,0,3
2011-10-22,The_Wall_Street_Journal,0,0,0,0,0,1
2011-02-19,The_Wall_Street_Journal,0,0,0,0,0,1
2013-11-10,The_Myanmar_Times,0,0,0,0,0,1
2000-06-12,The_Wall_Street_Journal,0,0,0,0,0,1
2017-09-12,Financial_Times,0,0,0,0,0,1
2006-09-25,The_Wall_Street_Journal,0,0,0,0,0,1
2013-02-28,The_Wall_Street_Journal,0,0,0,0,0,1
2014-08-24,Thomson_Reuters,0,0,1,0,0,1
2018-05-15,The_Jakarta_Post,0,0,0,0,0,1
1998-12-29,The_Wall_Street_Journal,0,0,0,0,0,1
2000-08-29,The_Wall_Street_Journal,0,0,0,0,0,1
2013-07-14,Financial_Times,0,0,0,0,0,1
2018-08-01,Thomson_Reuters,0,0,0,0,0,1
2019-08-26,Financial_Times,0,0,0,1,0,1
2006-09-13,The_Wall_Street_Journal,0,0,0,1,0,1
2017-09-05,Thomson_Reuters,0,0,0,1,0,1
2008-05-05,The_Wall_Street_Journal,0,0,0,0,0,1
2011-06-06,The_Wall_Street_Journal,0,0,0,0,0,1
2016-02-20,Thomson_Reuters,0,0,0,0,0,1
2017-08-18,Thomson_Reuters,0,0,0,0,0,1
2008-04-21,The_Wall_Street_Journal,0,0,0,0,0,2
2013-04-04,The_Phnom_Penh_Post,0,0,0,0,0,2
2007-06-11,The_Wall_Street_Journal,0,0,0,0,0,1
2016-03-01,The_Wall_Street_Journal,0,0,0,0,0,1
2018-11-20,Financial_Times,0,0,0,0,0,1
2007-09-15,The_Wall_Street_Journal,0,0,0,0,0,1
2019-08-23,Financial_Times,0,0,0,0,0,1
2006-07-15,The_Wall_Street_Journal,0,0,0,0,0,1
2015-12-18,The_Wall_Street_Journal,0,0,0,0,0,1
2017-09-18,Financial_Times,0,0,0,0,0,1
2004-09-06,The_Wall_Street_Journal,0,0,1,0,0,1
2006-05-04,The_Wall_Street_Journal,0,0,0,0,0,2
2006-05-17,The_Wall_Street_Journal,0,0,0,0,0,1
2000-09-21,The_Wall_Street_Journal,0,0,0,0,0,1
2007-05-14,The_Wall_Street_Journal,0,0,0,0,0,1
2002-09-05,The_Wall_Street_Journal,0,0,0,0,0,1
2004-07-01,The_Wall_Street_Journal,0,0,0,1,0,2
2006-12-07,The_Wall_Street_Journal,0,0,0,0,0,1
2016-01-06,The_Wall_Street_Journal,0,0,0,0,0,1
2001-03-29,The_Wall_Street_Journal,0,0,1,0,0,1
2019-10-16,The_Jakarta_Post,0,0,0,0,2,2
2018-08-31,Financial_Times,0,0,0,1,0,1
2018-11-16,Thomson_Reuters,0,0,0,0,0,1
2017-02-25,Financial_Times,0,0,1,0,0,1
2004-05-18,The_Wall_Street_Journal,0,0,0,0,0,1
2012-09-21,The_Phnom_Penh_Post,0,0,0,0,0,1
2000-04-27,The_Wall_Street_Journal,0,0,0,0,0,1
2010-02-18,The_Wall_Street_Journal,0,0,0,0,0,1
2016-04-21,The_Wall_Street_Journal,0,0,0,0,0,1
2015-01-09,The_Wall_Street_Journal,0,0,0,0,0,1
2015-02-08,Financial_Times,0,0,1,0,0,1
2016-12-02,Financial_Times,0,0,0,0,0,1
2016-12-02,The_Wall_Street_Journal,0,0,0,0,0,1
2017-09-04,Financial_Times,0,0,0,0,0,1
2015-10-18,The_Wall_Street_Journal,0,0,0,0,0,1
2019-05-17,Thomson_Reuters,0,0,0,0,0,1
2007-07-13,The_Wall_Street_Journal,0,0,0,0,0,1
2015-12-01,Thomson_Reuters,0,0,0,0,0,1
2018-04-16,Financial_Times,0,0,0,0,0,1
2000-03-13,The_Wall_Street_Journal,0,0,0,0,0,1
2015-12-15,Thomson_Reuters,0,0,0,0,0,1
2018-07-05,Financial_Times,0,0,0,0,0,1
2017-10-25,Thomson_Reuters,0,0,0,0,0,1
2013-09-09,The_Wall_Street_Journal,0,0,0,0,0,1
2018-11-15,Thomson_Reuters,0,0,0,0,0,1
2002-03-07,The_Wall_Street_Journal,0,0,0,0,0,1
2004-06-16,The_Wall_Street_Journal,0,0,2,0,0,1
2010-09-13,The_Wall_Street_Journal,0,0,0,0,0,1
2002-10-22,The_Wall_Street_Journal,0,0,0,0,0,1
2017-09-18,Financial_Times,0,0,0,0,0,1
2017-07-07,Financial_Times,0,0,0,1,0,1
2017-07-27,Financial_Times,1,0,0,0,0,2
2006-11-25,The_Wall_Street_Journal,0,0,0,1,0,1
2018-04-18,Financial_Times,0,0,0,0,0,1
2011-08-02,The_Wall_Street_Journal,0,0,0,0,0,1
2018-09-04,Financial_Times,0,0,1,0,0,1
2016-06-14,The_Wall_Street_Journal,0,0,0,0,0,1
2010-08-01,The_Wall_Street_Journal,0,0,0,0,0,1
2000-03-17,The_Wall_Street_Journal,0,0,0,0,0,4
2011-08-13,The_Wall_Street_Journal,0,0,0,0,1,1
2009-09-02,The_Wall_Street_Journal,0,0,0,0,0,2
2018-03-30,Financial_Times,0,0,0,0,0,1
2010-10-04,The_Wall_Street_Journal,0,0,0,0,0,1
2017-06-19,The_Wall_Street_Journal,0,0,0,0,0,1
2013-09-29,The_Wall_Street_Journal,0,0,0,2,0,1
2019-10-01,Thomson_Reuters,0,0,0,0,0,1
2023-12-17,Financial_Times,0,0,0,0,0,1
2023-12-17,Financial_Times,0,0,0,0,0,1
2023-07-24,Manila_Bulletin,0,0,0,0,0,1
2023-06-23,The_Business_Times,0,0,0,0,0,1
2024-02-09,Financial_Times,0,0,0,0,0,1
2024-05-17,Financial_Times,0,0,0,0,0,1
2024-02-08,Financial_Times,0,1,1,0,0,1
2024-08-22,Financial_Times,0,0,0,0,0,2
2024-01-31,The_Wall_Street_Journal,0,0,1,0,0,1
2024-07-23,The_Wall_Street_Journal,0,0,0,0,0,1
2024-08-19,Financial_Times,1,0,0,0,1,1
2024-10-02,Financial_Times,0,0,0,0,0,1
2024-10-03,Financial_Times,1,1,0,0,0,1
2024-11-15,Financial_Times,0,1,0,1,0,1
2024-11-28,API_NEWS_en,0,0,0,0,0,1
2024-11-27,API_NEWS_en,0,0,0,0,0,1
2022-01-19,Manila_Bulletin,0,0,1,0,0,1
2023-06-11,The_Wall_Street_Journal,0,0,0,0,0,1
2023-06-13,The_Wall_Street_Journal,0,0,0,0,0,1
2010-08-02,The_Wall_Street_Journal,0,0,0,0,0,1
2018-06-20,The_Wall_Street_Journal,0,0,0,0,0,1
2011-12-09,The_Wall_Street_Journal,0,0,0,0,0,1
2019-11-15,The_Wall_Street_Journal,0,0,0,0,0,1
2009-03-03,The_Wall_Street_Journal,0,0,0,0,0,1
2019-11-15,Financial_Times,0,0,0,0,0,1
2022-09-14,The_Phnom_Penh_Post,1,1,0,0,1,1
2022-07-18,The_Phnom_Penh_Post,0,0,0,0,0,1
2022-12-25,The_Phnom_Penh_Post,0,0,0,0,0,1
2022-11-11,Manila_Bulletin,1,0,0,0,1,1
2022-03-13,The_Phnom_Penh_Post,0,1,0,0,0,1
2022-09-06,The_Phnom_Penh_Post,0,0,1,0,0,1
2023-04-21,Thomson_Reuters,0,0,0,0,0,1
2022-10-11,The_Phnom_Penh_Post,0,0,0,0,0,1
2022-04-07,The_Phnom_Penh_Post,0,0,0,0,0,1
2022-09-19,The_Phnom_Penh_Post,0,0,0,0,1,1
2021-02-04,The_Business_Times,0,0,0,0,0,1
2021-01-24,The_Wall_Street_Journal,0,0,0,0,0,1
2021-11-23,The_Wall_Street_Journal,0,0,0,0,0,1
2020-08-19,The_Wall_Street_Journal,0,0,0,0,0,1
2009-02-12,The_Wall_Street_Journal,0,0,0,0,0,1
2015-01-26,The_Wall_Street_Journal,0,0,1,0,0,1
2013-01-10,The_Wall_Street_Journal,0,0,0,0,0,1
2015-07-23,The_Wall_Street_Journal,0,0,0,1,0,1
2014-01-14,The_Wall_Street_Journal,0,0,0,0,0,1
2013-12-13,The_Wall_Street_Journal,0,0,0,0,0,1
2013-07-24,The_Wall_Street_Journal,0,0,0,0,0,1
2014-10-02,The_Wall_Street_Journal,0,0,0,0,0,1
2002-04-24,The_Wall_Street_Journal,0,0,0,0,0,1
2011-06-30,The_Wall_Street_Journal,0,0,0,0,0,1
2013-08-09,The_Wall_Street_Journal,0,0,0,0,0,1
2013-09-25,The_Wall_Street_Journal,0,0,0,0,0,1
2014-03-24,The_Wall_Street_Journal,0,0,0,0,0,1
2013-06-05,The_Wall_Street_Journal,0,0,0,0,0,1
2014-03-30,The_Wall_Street_Journal,0,0,0,0,0,1
2013-09-24,The_Wall_Street_Journal,0,0,0,0,0,1
2015-08-19,The_Wall_Street_Journal,0,0,0,0,0,1
2018-05-14,Financial_Times,1,2,0,0,2,2
2012-01-23,The_Wall_Street_Journal,0,0,0,0,0,1
2015-07-28,The_Wall_Street_Journal,0,0,0,0,0,1
2015-07-07,The_Wall_Street_Journal,0,0,0,0,0,1
2013-07-10,The_Wall_Street_Journal,0,0,0,0,0,1
2016-07-18,The_Wall_Street_Journal,0,0,0,0,0,1
2013-10-04,The_Wall_Street_Journal,0,0,0,0,0,1
2012-05-03,The_Wall_Street_Journal,0,0,0,0,0,1
2014-06-23,The_Wall_Street_Journal,0,0,0,0,0,1
2017-04-06,Thomson_Reuters,0,0,0,0,0,1
2015-05-13,The_Wall_Street_Journal,0,0,0,0,0,1
2019-03-28,The_Wall_Street_Journal,0,0,0,0,0,1
2014-08-21,The_Wall_Street_Journal,0,0,0,0,0,1
2013-07-22,The_Wall_Street_Journal,0,0,0,0,0,1
2013-07-22,The_Wall_Street_Journal,0,0,0,0,0,1
2016-02-21,The_Wall_Street_Journal,0,0,0,0,0,1
2013-08-20,The_Wall_Street_Journal,0,0,0,0,0,1
2013-11-17,The_Wall_Street_Journal,0,0,0,0,0,2
2016-08-09,The_Wall_Street_Journal,0,0,0,1,0,1
2014-04-15,Thomson_Reuters,0,0,0,0,0,1
2014-04-18,The_Wall_Street_Journal,0,0,0,0,0,1
2013-01-09,The_Wall_Street_Journal,0,0,0,0,0,1
2015-02-16,The_Wall_Street_Journal,0,0,0,0,0,1
2013-02-01,The_Wall_Street_Journal,0,0,0,0,0,1
2015-02-20,The_Wall_Street_Journal,0,0,0,0,0,2
2015-01-26,The_Wall_Street_Journal,0,0,0,0,0,1
2014-04-04,The_Wall_Street_Journal,0,0,0,0,0,1
2013-05-13,The_Wall_Street_Journal,0,0,0,0,0,1
2010-09-03,The_Wall_Street_Journal,0,0,0,0,0,1
2016-01-06,The_Wall_Street_Journal,0,0,0,1,0,1
2010-06-12,The_Wall_Street_Journal,0,0,0,0,0,1
2019-02-10,The_Wall_Street_Journal,0,0,0,0,0,1
2014-01-07,The_Wall_Street_Journal,0,0,0,0,0,1
2013-07-28,The_Wall_Street_Journal,0,0,0,0,0,1
2012-09-22,The_Wall_Street_Journal,0,0,0,0,0,1
2013-09-26,The_Wall_Street_Journal,0,0,0,0,0,1
2017-01-18,The_Wall_Street_Journal,0,0,0,0,0,1
2014-06-20,The_Wall_Street_Journal,0,0,0,0,0,1
2010-08-20,The_Wall_Street_Journal,0,0,0,0,0,2
2013-01-08,The_Wall_Street_Journal,0,0,0,0,0,1
2016-09-29,The_Wall_Street_Journal,0,0,0,0,0,2
2012-11-29,The_Wall_Street_Journal,0,0,0,0,0,1
2013-07-22,The_Wall_Street_Journal,0,0,0,0,0,1
2013-06-16,The_Wall_Street_Journal,0,0,0,0,0,1
2014-12-19,The_Wall_Street_Journal,0,0,0,0,0,1
2016-03-11,The_Wall_Street_Journal,0,0,0,0,0,1
2013-02-05,The_Wall_Street_Journal,0,0,0,0,0,2
2013-06-10,The_Wall_Street_Journal,0,0,0,0,0,1
2019-07-08,The_Wall_Street_Journal,0,0,0,0,0,1
2015-04-15,The_Wall_Street_Journal,0,0,0,0,0,1
2012-02-22,The_Wall_Street_Journal,0,0,0,0,0,1
2014-01-10,The_Wall_Street_Journal,0,0,0,0,0,1
2012-08-26,The_Wall_Street_Journal,0,0,0,0,0,1
2013-09-22,The_Wall_Street_Journal,1,0,0,0,0,2
2003-04-28,The_Wall_Street_Journal,0,0,0,0,1,1
2010-08-31,The_Wall_Street_Journal,0,0,0,0,0,1
2015-04-30,The_Wall_Street_Journal,0,0,0,0,0,1
2015-11-10,The_Wall_Street_Journal,0,0,0,0,0,1
2015-02-17,The_Wall_Street_Journal,0,0,0,0,0,1
2015-04-12,The_Wall_Street_Journal,0,0,0,0,0,1
2023-06-22,Viet_Nam_News,0,0,0,0,0,2
2023-06-08,Financial_Times,0,0,0,0,0,1
2023-05-31,Financial_Times,1,0,0,1,1,2
2022-07-25,Financial_Times,0,0,0,0,0,1
2023-06-05,Thomson_Reuters,0,0,1,0,0,1
2023-05-07,Financial_Times,0,0,1,0,0,1
2022-10-28,South_China_Morning_Post,0,0,1,0,0,1
2021-04-16,Thomson_Reuters,0,0,1,0,0,1
2020-08-20,Financial_Times,0,0,0,0,0,1
2021-07-22,Thomson_Reuters,0,1,1,0,0,1
2020-03-05,Financial_Times,0,0,5,0,0,1
2021-05-08,The_Business_Times,0,0,2,0,0,1
2021-04-16,Thomson_Reuters,0,0,1,0,0,1
2020-08-20,The_Wall_Street_Journal,0,0,0,0,0,1
2021-07-22,Thomson_Reuters,0,1,2,0,0,1
2021-10-06,Financial_Times,0,0,1,0,0,1
2020-05-26,Financial_Times,3,1,2,0,0,1
2021-04-16,The_Business_Times,0,0,1,0,0,1
2023-06-21,Thomson_Reuters,0,0,0,0,0,1
2019-11-19,Thomson_Reuters,0,0,0,0,0,1
2019-06-06,Financial_Times,0,0,0,0,0,1
2018-02-27,Financial_Times,0,0,1,0,0,1
2019-10-12,Financial_Times,0,0,0,0,0,1
2019-07-05,Channel_News_Asia,0,0,0,0,0,1
2019-07-03,Thomson_Reuters,0,0,1,0,0,1
2019-07-29,Thomson_Reuters,0,0,0,0,0,1
2011-01-24,Thomson_Reuters,0,1,1,0,0,1
2019-11-19,Thomson_Reuters,0,0,0,0,0,1
2018-09-11,Thomson_Reuters,2,0,0,0,0,1
2019-10-15,Financial_Times,0,0,1,0,0,1
2023-10-02,Nikkei_Asia,0,0,0,0,0,1
2023-11-01,The_Wall_Street_Journal,0,0,1,0,0,1
2023-11-01,Financial_Times,0,0,6,0,0,2
2024-03-13,Financial_Times,0,0,0,0,0,1
2024-04-16,Financial_Times,0,1,0,0,0,1
2024-05-31,Financial_Times,0,0,1,0,0,2
2024-03-05,Financial_Times,0,0,2,0,1,1
2024-03-17,Financial_Times,0,0,2,0,0,1
2024-03-12,Financial_Times,0,0,3,0,0,1
2024-03-06,Financial_Times,0,0,1,0,0,2
2024-03-25,The_Business_Times,0,2,1,0,0,1
2024-08-22,The_Business_Times,0,0,0,0,0,1
2024-08-24,The_Business_Times,0,0,0,0,0,1
2024-06-05,The_Business_Times,0,0,0,0,0,1
2019-07-4,The_Business_Times,0,0,0,0,0,1
2024-06-27,Financial_Times,0,0,1,0,0,1
2024-08-23,Financial_Times,0,0,0,0,0,1
2024-10-22,Financial_Times,0,0,0,0,0,1
2024-11-28,API_NEWS_en,1,0,0,0,0,1
2024-11-28,API_NEWS_en,0,0,0,0,0,1
2024-11-28,API_NEWS_en,0,0,0,0,0,1
2024-11-28,API_NEWS_en,0,0,0,0,0,1
2024-11-28,API_NEWS_en,0,0,0,0,0,1
2024-12-24,Financial_Times,1,1,0,0,0,1
2020-04-15,The_Wall_Street_Journal,0,1,0,0,0,1
2016-08-25,The_Wall_Street_Journal,1,0,0,0,0,1
2023-05-22,Thomson_Reuters,1,0,2,0,0,1
2022-05-04,Thomson_Reuters,1,0,1,0,0,1
2023-05-23,Thomson_Reuters,0,0,1,0,0,1
2020-05-19,Channel_News_Asia,0,0,1,0,0,1
2020-05-19,Thomson_Reuters,0,0,1,0,0,1
2019-03-07,Thomson_Reuters,0,0,0,0,0,1
2016-08-23,Thomson_Reuters,0,0,0,0,0,1
2016-08-23,Thomson_Reuters,0,0,0,0,0,1
2019-02-22,Thomson_Reuters,0,0,1,0,0,1
2019-05-17,Thomson_Reuters,0,0,0,0,0,1
2019-03-07,Thomson_Reuters,0,0,0,0,0,1
2017-01-04,Thomson_Reuters,0,0,0,0,0,1
2017-11-14,Thomson_Reuters,0,0,0,0,0,1
2017-06-26,Thomson_Reuters,0,0,0,0,0,1
2017-09-25,Thomson_Reuters,0,0,0,0,0,1
2013-09-19,Thomson_Reuters,1,0,0,0,0,1
2017-10-31,Thomson_Reuters,0,0,0,0,0,1
2023-10-06,Thomson_Reuters,1,2,0,0,0,1
2023-06-29,Thomson_Reuters,1,0,0,0,0,1
2023-12-27,Thomson_Reuters,1,0,0,0,0,1
2023-04-03,Thomson_Reuters,1,0,0,0,0,1
2022-05-04,Thomson_Reuters,1,0,1,0,0,1
2018-04-17,Thomson_Reuters,1,0,1,0,0,1
2018-04-18,Thomson_Reuters,1,0,1,0,0,1
2018-04-18,Thomson_Reuters,1,0,1,0,0,1
2023-03-10,Thomson_Reuters,1,1,0,0,0,1
2022-08-15,Thomson_Reuters,0,0,3,0,1,2
2023-06-05,Thomson_Reuters,0,0,2,0,0,1
2022-04-07,Thomson_Reuters,0,0,0,0,0,1
2022-04-07,Thomson_Reuters,0,0,0,0,0,1
2022-12-14,Thomson_Reuters,1,0,0,0,0,1
2022-04-07,Thomson_Reuters,0,0,0,0,0,1
2020-08-31,Thomson_Reuters,1,1,2,0,0,1
2021-02-23,Thomson_Reuters,3,0,0,0,0,2
2020-08-31,Channel_News_Asia,1,1,2,0,0,1
2020-03-13,Thomson_Reuters,0,0,1,0,0,1
2020-05-18,Thomson_Reuters,0,0,0,0,0,1
2020-04-21,Thomson_Reuters,0,0,0,0,0,1
2020-04-21,Thomson_Reuters,0,0,0,0,0,1
2020-04-21,Thomson_Reuters,1,0,0,0,0,1
2021-02-25,Thomson_Reuters,1,0,1,0,0,1
2021-02-23,Channel_News_Asia,3,0,0,0,0,1
2020-08-31,Thomson_Reuters,1,1,2,0,0,1
2021-02-22,Thomson_Reuters,3,0,0,0,0,2
2021-09-07,Thomson_Reuters,0,0,0,0,0,1
2019-05-09,Thomson_Reuters,1,1,0,0,0,2
2019-07-30,Thomson_Reuters,2,0,2,0,0,2
2019-04-12,Thomson_Reuters,1,0,1,0,0,1
2019-12-20,Thomson_Reuters,1,0,0,0,0,1
2019-09-19,Thomson_Reuters,0,0,1,0,0,1
2019-04-13,Thomson_Reuters,1,0,1,0,0,1
2023-06-05,Thomson_Reuters,0,0,2,0,0,1
2023-12-12,Thomson_Reuters,1,0,0,0,0,1
2019-08-02,The_Wall_Street_Journal,0,0,0,0,0,1
2012-05-18,The_Wall_Street_Journal,0,0,2,0,0,1
2010-07-16,The_Wall_Street_Journal,0,0,0,1,0,1
2013-06-03,The_Wall_Street_Journal,2,0,0,0,0,1
2012-05-31,The_Wall_Street_Journal,0,0,2,0,0,1
2011-04-08,The_Wall_Street_Journal,3,0,0,0,0,1
2014-09-11,Thomson_Reuters,0,0,0,0,0,1
2017-05-01,Thomson_Reuters,0,0,0,0,0,1
2020-07-20,Thomson_Reuters,0,0,0,0,0,1
2020-07-20,Thomson_Reuters,0,0,0,0,0,1
2020-07-20,Thomson_Reuters,0,0,1,0,0,1
2020-07-20,Thomson_Reuters,0,0,0,0,0,1
2020-07-20,Thomson_Reuters,0,0,1,0,0,1
2020-07-20,Thomson_Reuters,0,0,1,0,0,1
2020-07-20,Thomson_Reuters,0,0,1,0,0,1
2020-07-20,Channel_News_Asia,0,0,0,0,0,1
2016-10-31,Thomson_Reuters,1,0,0,0,0,1
2020-06-24,Thomson_Reuters,3,0,4,0,0,1
2020-06-24,Thomson_Reuters,3,0,4,0,0,1
2013-01-24,Thomson_Reuters,1,0,0,0,0,1
2016-02-08,Thomson_Reuters,1,0,1,0,0,1
2014-10-09,Thomson_Reuters,1,1,0,0,0,1
2021-11-17,Thomson_Reuters,1,0,0,0,0,1
2014-12-10,Thomson_Reuters,1,0,1,0,0,1
2018-05-01,Thomson_Reuters,0,0,0,0,0,1
2017-05-16,Thomson_Reuters,0,0,0,0,0,1
2013-07-10,Thomson_Reuters,0,0,0,0,0,1
2008-12-23,Thomson_Reuters,0,0,0,0,0,1
2013-07-10,Thomson_Reuters,0,0,1,0,0,1
2013-07-10,Thomson_Reuters,0,0,0,0,0,1
2012-08-13,Thomson_Reuters,4,0,0,0,0,1
2010-03-19,Thomson_Reuters,0,0,1,0,0,1
2016-08-15,Thomson_Reuters,0,0,0,0,0,1
2013-07-10,Thomson_Reuters,0,0,0,0,0,1
2017-07-12,Thomson_Reuters,3,0,0,0,1,2
2017-11-06,Thomson_Reuters,0,0,0,0,0,1
2013-07-10,Thomson_Reuters,0,0,0,0,0,1
2010-03-18,Thomson_Reuters,0,0,1,0,0,1
2010-03-18,Thomson_Reuters,0,0,1,0,0,1
2015-02-09,Thomson_Reuters,0,0,1,0,0,1
2012-12-13,Thomson_Reuters,0,0,0,0,0,1
2013-07-10,Thomson_Reuters,0,0,0,0,0,1
2012-12-13,Thomson_Reuters,0,0,0,0,0,1
2012-12-13,Thomson_Reuters,0,0,0,0,0,1
2014-09-23,Thomson_Reuters,1,0,0,0,0,1
2019-02-13,Thomson_Reuters,0,0,0,0,0,1
2017-08-14,Thomson_Reuters,0,0,0,0,0,1
2012-12-13,Thomson_Reuters,0,0,0,0,0,1
2013-07-10,Thomson_Reuters,0,0,0,0,0,1
2017-09-05,Thomson_Reuters,1,0,0,0,0,1
2015-09-15,Thomson_Reuters,0,0,0,0,0,1
2014-10-24,Thomson_Reuters,0,0,0,0,0,1
2014-11-25,Thomson_Reuters,0,0,0,0,0,1
2021-02-04,Thomson_Reuters,1,0,0,0,0,1
2021-02-04,Thomson_Reuters,1,0,0,0,0,1
2020-03-10,Thomson_Reuters,2,0,0,0,0,2
2017-08-03,The_Wall_Street_Journal,2,0,0,0,0,1
2023-05-10,Financial_Times,0,1,0,0,0,1
2023-04-22,Bangkok_Post,0,1,1,0,0,1
2023-04-21,Thomson_Reuters,0,0,0,0,0,1
2022-02-16,Bangkok_Post,0,1,0,0,0,1
2023-05-18,Bangkok_Post,0,0,0,0,0,1
2023-04-06,The_Business_Times,0,0,1,0,0,1
2022-07-21,The_Business_Times,0,0,0,0,0,1
2023-03-08,Channel_News_Asia,0,0,0,0,0,1
2022-08-29,Channel_News_Asia,0,1,0,0,1,1
2021-11-1,Financial_Times,0,0,0,0,0,1
2020-09-03,Channel_News_Asia,0,0,0,0,0,1
2020-03-21,Channel_News_Asia,0,0,0,0,0,1
2020-08-13,Financial_Times,0,0,1,0,0,2
2020-09-04,Channel_News_Asia,0,0,0,0,0,1
2021-06-30,Channel_News_Asia,0,0,0,0,0,1
2020-04-25,Channel_News_Asia,0,0,0,0,0,1
2020-10-18,Channel_News_Asia,0,0,0,0,0,1
2021-05-28,Channel_News_Asia,0,1,0,0,0,1
2021-05-03,Channel_News_Asia,0,1,0,0,0,1
2021-11-01,Financial_Times,0,0,0,0,0,1
2020-07-11,Channel_News_Asia,0,0,0,0,0,1
2021-03-16,Channel_News_Asia,0,1,0,0,0,1
2020-09-16,Channel_News_Asia,0,0,0,0,0,1
2020-01-06,Thomson_Reuters,0,0,1,0,0,1
2021-03-13,The_Strait_Times,0,0,0,0,0,1
2020-10-06,Channel_News_Asia,0,0,0,0,0,1
2021-02-17,The_Business_Times,0,0,0,0,0,1
2020-04-28,Financial_Times,0,1,7,0,0,2
2020-05-13,Financial_Times,0,0,3,0,0,1
2020-12-07,Channel_News_Asia,0,0,0,0,0,1
2020-08-31,Channel_News_Asia,0,0,0,0,0,1
2020-09-15,Channel_News_Asia,0,0,0,0,0,1
2020-09-18,Financial_Times,0,0,0,0,0,1
2021-02-18,The_Business_Times,0,0,0,0,0,1
2020-04-23,Channel_News_Asia,0,0,0,0,0,1
2021-08-21,The_Strait_Times,0,0,0,0,0,1
2020-04-01,Channel_News_Asia,0,0,0,0,0,1
2020-09-04,Channel_News_Asia,0,0,0,0,0,1
2021-02-04,Channel_News_Asia,0,0,0,0,0,1
2020-02-21,Financial_Times,0,0,0,0,0,1
2020-04-22,Channel_News_Asia,0,0,0,0,0,1
2021-02-03,Channel_News_Asia,0,0,0,0,0,1
2021-03-16,The_Business_Times,0,0,0,0,0,1
2021-04-20,Channel_News_Asia,0,1,0,0,0,1
2020-09-16,Channel_News_Asia,0,0,0,0,0,1
2020-10-18,Channel_News_Asia,0,0,0,0,0,1
2021-02-03,Channel_News_Asia,0,0,0,0,0,2
2016-11-16,Financial_Times,0,0,1,0,0,1
2017-08-31,Financial_Times,0,0,0,0,0,1
2016-11-29,Financial_Times,0,0,2,0,0,1
2016-07-21,Financial_Times,0,0,0,0,0,1
2016-11-16,Financial_Times,0,0,2,0,0,1
2009-11-11,The_Wall_Street_Journal,0,0,0,0,0,1
2007-01-19,The_Wall_Street_Journal,0,0,0,0,0,1
2019-09-12,Thomson_Reuters,0,0,0,0,0,1
2019-12-02,Channel_News_Asia,0,1,0,0,0,1
2018-03-28,Thomson_Reuters,0,0,0,0,0,1
2018-10-31,Thomson_Reuters,0,0,1,0,0,1
2018-03-15,Thomson_Reuters,0,0,1,0,0,1
2010-11-29,The_Wall_Street_Journal,0,0,0,0,0,1
2011-05-09,The_Wall_Street_Journal,0,0,0,0,0,1
2018-06-04,Thomson_Reuters,0,0,0,0,0,1
2018-03-16,The_Wall_Street_Journal,0,0,0,0,0,1
2017-05-15,Financial_Times,1,0,3,0,0,1
2017-11-20,Financial_Times,0,0,0,0,0,1
2019-08-07,The_Jakarta_Post,0,0,0,0,0,1
2017-02-10,Thomson_Reuters,0,0,0,0,0,1
2017-08-21,Thomson_Reuters,0,0,0,0,0,1
2019-09-11,Thomson_Reuters,0,0,0,0,0,1
2018-01-02,The_Wall_Street_Journal,0,0,1,0,0,1
2018-12-12,Financial_Times,0,1,4,0,0,1
2018-08-01,Thomson_Reuters,0,0,0,0,0,1
2019-07-05,Thomson_Reuters,0,1,1,0,0,1
2018-03-29,Thomson_Reuters,0,0,0,0,0,1
2018-03-29,The_Wall_Street_Journal,0,0,0,0,0,1
2018-03-15,Thomson_Reuters,0,0,0,0,0,1
2018-09-13,Thomson_Reuters,0,0,0,0,0,1
2016-12-18,Financial_Times,0,0,0,0,0,1
2018-08-01,Thomson_Reuters,0,0,0,0,0,1
2017-05-11,Financial_Times,0,0,0,0,0,1
2019-07-05,The_Jakarta_Post,0,0,0,1,0,1
2017-05-16,Financial_Times,0,0,0,0,0,1
2018-10-31,Thomson_Reuters,0,0,0,0,0,1
2019-09-11,Thomson_Reuters,0,0,0,0,0,1
2018-03-29,The_Wall_Street_Journal,0,0,0,0,0,1
2018-10-31,Thomson_Reuters,0,0,0,0,0,1
2019-07-05,Thomson_Reuters,0,0,1,0,0,1
2010-12-01,The_Wall_Street_Journal,0,0,0,0,0,1
2019-05-01,The_Wall_Street_Journal,0,0,0,0,0,1
2010-10-27,The_Wall_Street_Journal,0,0,0,0,0,1
2012-08-15,The_Wall_Street_Journal,0,0,0,0,0,1
2013-09-06,The_Wall_Street_Journal,0,0,2,0,0,1
2018-03-28,Thomson_Reuters,0,0,1,0,0,1
2008-12-09,The_Wall_Street_Journal,0,0,1,1,0,1
2019-07-19,Financial_Times,0,0,0,0,1,6
2017-01-06,Financial_Times,0,0,2,0,0,1
2019-07-05,Thomson_Reuters,0,0,1,0,0,1
2018-03-29,Thomson_Reuters,0,0,0,0,0,1
2018-03-28,Financial_Times,0,0,2,0,0,1
2017-11-20,Thomson_Reuters,1,0,0,0,0,1
2018-03-16,Thomson_Reuters,0,0,0,0,0,1
2008-12-10,The_Wall_Street_Journal,0,1,0,0,0,1
2011-10-12,Thomson_Reuters,1,1,0,1,0,5
2019-09-17,The_Phnom_Penh_Post,0,0,0,0,0,1
2010-12-28,The_Wall_Street_Journal,0,0,0,0,0,1
2009-12-21,The_Wall_Street_Journal,0,0,0,0,0,2
2004-08-19,The_Wall_Street_Journal,0,0,0,0,0,1
2019-02-07,The_Jakarta_Post,0,0,0,0,0,1
2009-11-12,The_Wall_Street_Journal,0,0,0,0,0,1
2017-04-16,Thomson_Reuters,0,0,0,0,0,1
2018-03-29,Thomson_Reuters,0,0,1,0,0,1
2007-06-11,The_Wall_Street_Journal,0,0,0,1,0,2
2018-04-10,Financial_Times,0,0,1,0,0,1
2018-03-29,The_Wall_Street_Journal,0,0,0,0,0,1
2018-03-28,Thomson_Reuters,0,0,1,0,0,1
2018-09-13,Thomson_Reuters,0,0,0,0,0,1
2018-11-07,New_Strait_Times,0,0,0,0,0,1
2017-03-14,Financial_Times,0,0,5,0,0,2
2019-07-27,Channel_News_Asia,0,0,0,0,0,1
2019-07-04,Financial_Times,0,0,0,0,0,1
2018-09-04,Financial_Times,0,0,0,0,0,1
2023-11-1,Bangkok_Post,0,1,0,0,0,1
2023-09-25,The_Business_Times,0,0,0,0,0,1
2024-01-22,The_Business_Times,0,0,1,0,0,1
2024-12-09,API_NEWS_en,0,0,1,0,0,1
2022-08-29,Financial_Times,0,0,0,0,0,2
2023-06-11,Nikkei_Asia,0,0,0,0,0,1
2021-10-19,Financial_Times,0,0,0,0,0,1
2021-03-18,New_Strait_Times,0,0,0,0,0,1
2020-04-29,Thomson_Reuters,0,0,0,1,0,1
2020-12-01,Financial_Times,0,0,1,0,0,1
2021-10-20,Financial_Times,0,0,0,0,0,1
2020-12-21,Channel_News_Asia,0,0,0,0,0,2
2020-06-26,The_Asahi_Shimbun,1,0,0,0,0,1
2021-06-08,Financial_Times,0,0,0,0,0,2
2020-08-20,The_Wall_Street_Journal,0,0,0,0,0,1
2021-12-16,The_Strait_Times,0,0,0,0,0,2
2020-02-13,The_Myanmar_Times,0,0,1,0,0,1
2015-11-11,The_Myanmar_Times,0,0,0,0,0,1
2019-03-18,The_Myanmar_Times,0,0,1,0,0,1
2019-01-23,The_Jakarta_Post,0,0,0,0,0,1
2018-05-10,The_Wall_Street_Journal,0,0,0,0,0,1
2016-11-17,The_Wall_Street_Journal,0,0,0,0,0,1
2014-10-07,The_Jakarta_Post,0,0,0,0,0,1
2018-04-02,The_Jakarta_Post,0,1,0,0,0,1
2004-05-21,The_Wall_Street_Journal,0,0,0,0,0,2
2019-04-26,The_Myanmar_Times,0,1,0,0,0,1
2019-03-18,The_Myanmar_Times,0,0,1,0,1,1
2013-12-01,The_Myanmar_Times,0,0,1,0,0,1
2013-05-09,The_Wall_Street_Journal,0,0,0,0,0,1
2019-02-06,The_Myanmar_Times,0,0,0,0,0,1
2017-01-25,Thomson_Reuters,0,0,1,0,0,2
2005-05-17,The_Wall_Street_Journal,0,0,0,0,0,1
2018-09-20,The_Phnom_Penh_Post,0,0,0,0,0,1
2019-04-23,The_Myanmar_Times,0,1,0,0,0,1
2013-09-25,The_Jakarta_Post,0,0,0,0,0,1
2005-07-26,The_Wall_Street_Journal,0,0,0,0,0,1
2010-10-09,The_Wall_Street_Journal,0,0,0,0,0,2
1999-07-12,The_Wall_Street_Journal,0,0,0,0,0,1
2019-03-05,The_Myanmar_Times,0,0,0,0,0,1
2018-06-21,The_Jakarta_Post,0,0,0,0,1,1
2014-01-29,The_Jakarta_Post,0,0,0,0,0,1
2019-11-27,Financial_Times,0,0,0,0,0,1
2017-10-24,The_Wall_Street_Journal,0,0,0,0,0,1
2017-01-16,The_Jakarta_Post,0,1,0,0,2,2
2017-03-16,The_Jakarta_Post,0,0,0,0,0,1
2017-01-25,Thomson_Reuters,0,0,0,0,0,2
2019-03-04,The_Myanmar_Times,0,0,1,0,0,1
2016-11-18,The_Wall_Street_Journal,0,1,0,0,0,1
2011-08-20,The_Wall_Street_Journal,0,0,0,0,0,1
2015-03-31,The_Jakarta_Post,0,0,0,0,0,1
2019-03-27,The_Myanmar_Times,1,0,0,0,0,2
2019-04-30,The_Jakarta_Post,0,0,0,0,2,1
2018-12-28,The_Jakarta_Post,0,0,0,0,0,1
2023-09-27,Thomson_Reuters,0,0,0,0,0,2
2023-11-04,Nikkei_Asia,0,0,0,0,0,2
2024-09-23,Financial_Times,0,0,0,0,0,1
2024-12-10,API_NEWS_en,0,0,1,0,1,1
2022-09-17,The_Wall_Street_Journal,0,0,0,1,0,1
2020-05-11,JoongAng_Daily,0,1,0,0,0,1
2020-07-07,JoongAng_Daily,0,1,0,0,0,1
2020-11-26,JoongAng_Daily,0,1,0,0,0,1
2021-06-18,The_Wall_Street_Journal,0,0,0,0,0,2
2016-01-14,The_Wall_Street_Journal,1,0,0,0,0,2
2008-05-27,The_Wall_Street_Journal,0,0,0,0,0,1
2013-09-29,The_Wall_Street_Journal,0,0,0,0,0,1
2007-01-22,The_Wall_Street_Journal,0,0,0,0,0,1
2019-10-09,The_Jakarta_Post,0,0,0,1,0,1
2000-09-21,The_Wall_Street_Journal,0,0,0,0,0,1
2003-11-14,The_Wall_Street_Journal,0,0,0,1,0,1
2014-07-25,The_Wall_Street_Journal,0,0,0,0,0,1
2012-11-03,The_Wall_Street_Journal,0,0,0,0,0,3
2019-10-09,Channel_News_Asia,0,0,0,1,0,1
2018-01-08,Viet_Nam_News,0,0,0,0,0,1
2015-12-02,The_Jakarta_Post,0,0,0,0,0,1
2019-05-29,The_Wall_Street_Journal,0,0,0,0,0,1
2004-05-26,The_Wall_Street_Journal,0,0,0,0,0,1
2018-06-10,Channel_News_Asia,0,0,0,0,1,2
2015-11-19,The_Wall_Street_Journal,0,0,0,0,0,1
2017-03-01,Thomson_Reuters,0,0,0,0,0,1
2004-09-24,The_Wall_Street_Journal,0,0,0,0,0,2
2002-04-01,The_Wall_Street_Journal,0,0,0,0,0,1
2007-09-29,The_Wall_Street_Journal,0,0,0,0,0,1
2019-12-04,The_Wall_Street_Journal,0,0,0,0,0,1
2013-02-12,The_Wall_Street_Journal,2,0,0,0,0,1
2017-08-25,Financial_Times,3,0,1,0,1,3
2009-09-10,The_Wall_Street_Journal,0,0,0,0,0,1
2004-05-21,The_Wall_Street_Journal,0,0,0,0,0,2
2019-10-07,The_Wall_Street_Journal,0,0,0,1,0,1
2023-08-07,The_Business_Times,0,0,0,0,0,1
2024-10-17,The_Strait_Times,0,0,0,0,0,1
2024-08-06,The_Strait_Times,0,0,0,0,0,1
2024-12-20,API_NEWS_en,0,0,0,0,0,1
2023-03-10,Thomson_Reuters,0,0,0,0,0,1
2022-02-17,Financial_Times,0,0,0,0,0,1
2023-05-31,New_Strait_Times,0,0,1,0,0,1
2022-06-07,Financial_Times,0,0,0,0,0,1
2023-06-02,Nikkei_Asia,0,0,3,0,0,1
2020-01-14,The_Wall_Street_Journal,2,0,4,0,0,1
2014-06-26,The_Wall_Street_Journal,1,0,0,0,0,1
2009-01-20,The_Wall_Street_Journal,0,0,0,2,0,1
2014-10-08,The_Wall_Street_Journal,1,1,2,0,0,1
2013-03-14,The_Wall_Street_Journal,3,0,1,0,0,1
1999-01-20,The_Wall_Street_Journal,0,0,2,0,0,1
2014-11-24,The_Wall_Street_Journal,0,0,0,0,0,1
2014-02-24,The_Wall_Street_Journal,1,0,0,0,0,1
2017-10-03,Thomson_Reuters,0,0,1,0,0,1
2011-10-31,The_Wall_Street_Journal,0,0,0,0,0,1
2002-05-29,The_Wall_Street_Journal,0,0,0,1,0,1
2014-08-25,The_Wall_Street_Journal,0,0,0,0,0,1
2015-06-08,The_Wall_Street_Journal,0,0,1,0,0,1
2014-12-19,Thomson_Reuters,0,0,0,0,0,1
2006-10-11,The_Wall_Street_Journal,0,0,4,0,0,1
2015-03-07,The_Wall_Street_Journal,0,0,0,0,0,1
2014-06-25,The_Wall_Street_Journal,0,0,0,0,0,1
2015-08-04,The_Wall_Street_Journal,0,0,0,0,0,1
2013-09-09,The_Wall_Street_Journal,0,0,0,0,0,1
2012-03-26,The_Wall_Street_Journal,2,0,0,0,0,1
2016-04-25,The_Wall_Street_Journal,1,0,1,0,0,1
2011-04-26,The_Wall_Street_Journal,0,0,0,0,0,1
2009-01-08,The_Wall_Street_Journal,0,0,5,0,0,1
2010-08-09,The_Wall_Street_Journal,1,0,0,0,0,1
2009-05-01,The_Wall_Street_Journal,0,0,0,0,0,1
2014-04-22,The_Wall_Street_Journal,0,0,0,0,0,1
2011-10-01,Thomson_Reuters,0,1,0,0,0,3
2011-11-11,The_Wall_Street_Journal,0,0,0,0,0,1
2010-05-03,The_Wall_Street_Journal,0,0,0,0,0,1
2015-02-09,The_Wall_Street_Journal,0,0,0,0,0,1
2001-12-30,The_Wall_Street_Journal,0,0,0,0,0,1
2009-01-03,The_Wall_Street_Journal,0,0,0,0,0,1
2015-10-27,The_Wall_Street_Journal,0,0,1,0,0,1
2011-10-31,The_Wall_Street_Journal,0,0,1,0,0,1
2014-11-26,The_Wall_Street_Journal,0,0,0,0,0,1
2018-02-07,Thomson_Reuters,0,0,1,0,0,1
2016-01-06,The_Wall_Street_Journal,0,0,0,0,0,1
2006-10-11,The_Wall_Street_Journal,0,0,0,0,0,1
2012-01-12,The_Wall_Street_Journal,0,0,0,0,0,1
2013-01-09,The_Wall_Street_Journal,0,0,0,0,0,2
2014-04-14,The_Wall_Street_Journal,0,0,0,0,0,1
2001-10-12,The_Wall_Street_Journal,0,0,0,0,0,1
2014-12-19,The_Wall_Street_Journal,0,0,0,0,0,1
2008-12-12,The_Wall_Street_Journal,1,0,0,0,0,1
2013-06-06,The_Wall_Street_Journal,0,0,0,0,0,1
2014-01-08,The_Wall_Street_Journal,0,0,0,0,0,1
2008-11-24,The_Wall_Street_Journal,0,0,0,0,0,1
2012-02-14,The_Wall_Street_Journal,2,0,0,0,0,1
2014-05-30,The_Wall_Street_Journal,0,0,0,0,0,1
2014-06-05,The_Wall_Street_Journal,0,0,0,0,0,1
2023-08-04,Channel_News_Asia,0,0,1,0,0,1
2023-09-16,The_Business_Times,0,0,0,0,0,1
2024-09-05,Channel_News_Asia,0,0,0,0,0,2
2024-12-10,API_NEWS_en,0,0,0,0,0,1
2024-12-09,API_NEWS_en,0,0,0,0,1,1
2024-12-10,API_NEWS_en,0,0,0,0,0,2
2012-09-01,Thomson_Reuters,1,0,0,0,0,4
2017-12-20,Thomson_Reuters,0,0,0,0,0,1
2023-05-04,Thomson_Reuters,1,1,0,0,0,1
2022-11-02,Thomson_Reuters,0,0,0,1,0,1
2023-05-03,Thomson_Reuters,1,0,0,1,0,1
2023-05-08,Thomson_Reuters,1,0,0,0,0,1
2023-03-08,Thomson_Reuters,2,0,0,0,0,1
2021-08-10,Thomson_Reuters,0,0,0,0,0,1
2021-08-10,Thomson_Reuters,0,0,0,0,0,1
2021-08-04,Thomson_Reuters,0,1,1,0,0,1
2021-05-06,Thomson_Reuters,1,1,0,0,0,1
2019-09-25,Thomson_Reuters,0,0,0,0,0,1
2019-09-25,Thomson_Reuters,0,0,0,0,0,1
2019-09-27,Thomson_Reuters,0,0,0,0,0,1
2019-06-21,Thomson_Reuters,0,0,1,0,0,1
2019-09-10,Thomson_Reuters,0,0,1,0,0,2
2017-03-21,Thomson_Reuters,1,0,0,0,0,1
2023-10-16,Financial_Times,1,0,1,0,0,1
2023-10-31,Financial_Times,0,1,2,0,0,1
2021-05-19,Thomson_Reuters,1,0,0,0,0,1
2021-09-24,Thomson_Reuters,1,0,0,0,0,1
2021-05-19,Channel_News_Asia,1,0,0,0,0,1
2021-06-22,Thomson_Reuters,1,0,0,0,0,1
2021-03-01,Thomson_Reuters,1,0,0,0,0,1
2021-05-19,Channel_News_Asia,1,0,0,0,0,1
2021-09-24,Thomson_Reuters,1,0,0,0,0,1
2012-02-03,Financial_Times,0,0,0,0,0,1
2017-11-20,Financial_Times,0,0,0,0,0,1
2008-09-09,The_Wall_Street_Journal,1,0,0,0,0,3
2002-01-09,The_Wall_Street_Journal,0,0,0,0,0,1
2023-04-01,Thomson_Reuters,0,0,0,0,0,1
2023-04-01,Thomson_Reuters,0,0,0,0,0,1
2023-02-06,Thomson_Reuters,1,0,0,0,0,2
2008-03-25,The_Wall_Street_Journal,0,0,0,0,0,1
2018-07-07,The_Jakarta_Post,0,0,0,0,0,1
2012-07-04,Thomson_Reuters,0,0,0,0,0,1
2016-01-24,The_Jakarta_Post,0,0,0,0,0,1
2023-07-25,Thomson_Reuters,0,0,1,0,0,1
2022-05-17,Thomson_Reuters,2,0,0,0,0,1
2019-11-28,The_Wall_Street_Journal,1,0,1,0,0,2
2022-02-04,South_China_Morning_Post,0,0,0,0,0,1
2020-09-08,New_Strait_Times,0,0,1,0,0,1
2024-11-28,API_NEWS_en,0,0,0,0,0,1
2015-12-23,The_Jakarta_Post,0,0,0,0,0,1
2023-10-25,Thomson_Reuters,1,0,0,0,0,1
2024-12-09,API_NEWS_en,1,0,0,0,1,1
2019-10-04,The_Wall_Street_Journal,0,0,0,0,0,1
2014-09-24,The_Wall_Street_Journal,1,0,0,0,0,1
2017-05-22,Thomson_Reuters,0,0,0,0,0,1
2023-02-22,Thomson_Reuters,0,0,0,0,0,2
2017-10-09,Thomson_Reuters,1,0,0,0,0,1
2022-04-19,Thomson_Reuters,0,0,2,0,0,1
2022-04-19,Thomson_Reuters,0,0,0,0,0,1
2022-04-22,Thomson_Reuters,0,0,1,1,0,1
2022-04-29,Thomson_Reuters,2,0,0,0,0,1
2022-04-19,Thomson_Reuters,0,0,2,0,0,1
2022-07-19,Thomson_Reuters,3,0,0,0,0,1
2022-04-22,Thomson_Reuters,1,0,0,0,0,1
2022-05-02,Thomson_Reuters,0,0,0,0,0,1
2022-04-19,Thomson_Reuters,3,0,1,1,0,1
2022-04-29,Thomson_Reuters,2,0,0,0,0,1
2022-10-25,Thomson_Reuters,1,0,1,1,0,1
2022-04-19,Thomson_Reuters,0,1,2,0,0,1
2023-04-25,Thomson_Reuters,0,0,2,0,0,2
2023-01-24,Thomson_Reuters,2,1,0,1,0,1
2022-04-19,Thomson_Reuters,0,0,2,0,0,1
2023-01-24,Thomson_Reuters,2,1,0,1,0,1
2023-01-24,Thomson_Reuters,2,0,1,0,0,1
2022-01-24,Thomson_Reuters,3,0,0,0,0,1
2022-03-19,Thomson_Reuters,0,0,0,1,0,1
2022-04-22,Thomson_Reuters,0,0,1,1,0,1
2022-01-24,Thomson_Reuters,0,0,0,0,0,1
2023-01-25,Channel_News_Asia,2,1,0,1,0,1
2023-01-25,Channel_News_Asia,2,1,0,1,0,1
2020-07-20,Thomson_Reuters,0,0,0,0,0,1
2020-01-21,Thomson_Reuters,0,0,0,0,0,1
2021-05-20,Thomson_Reuters,0,0,0,0,0,1
2021-04-06,Thomson_Reuters,0,1,0,0,0,1
2021-12-07,Thomson_Reuters,1,2,0,0,1,1
2020-10-19,Thomson_Reuters,0,0,0,0,0,1
2020-10-19,Thomson_Reuters,0,0,0,0,0,1
2020-10-19,Thomson_Reuters,1,0,0,0,0,1
2021-01-19,Thomson_Reuters,0,0,0,0,0,1
2020-04-20,Thomson_Reuters,0,1,1,0,0,1
2020-04-20,Thomson_Reuters,2,0,1,0,0,1
2020-11-19,Thomson_Reuters,0,0,0,0,1,1
2021-07-20,Thomson_Reuters,0,0,0,0,0,1
2020-02-05,Thomson_Reuters,1,1,1,0,0,1
2021-01-21,Thomson_Reuters,1,0,1,0,0,1
2020-04-09,The_Jakarta_Post,0,0,0,0,0,1
2021-01-19,Thomson_Reuters,1,0,1,0,0,1
2021-12-20,Thomson_Reuters,2,0,0,0,2,1
2021-01-21,Thomson_Reuters,1,0,0,0,0,1
2020-07-23,Channel_News_Asia,0,0,0,0,0,1
2020-10-20,Thomson_Reuters,1,0,0,0,0,1
2021-01-21,Thomson_Reuters,1,0,0,0,0,1
2020-05-28,Thomson_Reuters,1,1,0,0,0,1
2020-10-19,Thomson_Reuters,1,0,0,0,0,1
2020-04-07,Thomson_Reuters,1,0,0,0,0,1
2021-10-19,Thomson_Reuters,0,0,0,0,0,1
2020-04-07,Thomson_Reuters,1,0,0,0,0,1
2020-04-09,Thomson_Reuters,0,0,0,0,0,1
2021-01-19,Thomson_Reuters,0,0,0,0,0,1
2020-04-07,Thomson_Reuters,1,0,0,0,0,1
2020-01-21,Thomson_Reuters,0,1,0,0,0,1
2021-04-21,Thomson_Reuters,1,0,0,0,0,1
2021-07-20,Thomson_Reuters,0,0,0,0,0,1
2021-12-06,Thomson_Reuters,1,2,0,0,1,1
2020-04-07,Thomson_Reuters,2,0,0,0,0,1
2021-01-21,Thomson_Reuters,1,0,0,0,0,1
2021-10-19,Thomson_Reuters,0,0,1,0,0,2
2021-07-23,Thomson_Reuters,0,0,1,0,0,1
2020-04-20,Thomson_Reuters,0,1,1,0,0,1
2020-10-19,Thomson_Reuters,0,0,0,0,0,1
2021-04-06,Thomson_Reuters,0,1,0,0,0,1
2021-05-24,Thomson_Reuters,0,0,0,0,0,1
2020-04-07,Thomson_Reuters,1,0,1,0,0,1
2020-04-24,Thomson_Reuters,0,0,0,0,0,1
2021-01-19,Channel_News_Asia,0,0,0,0,0,1
2020-01-16,Thomson_Reuters,1,0,0,0,0,1
2020-07-22,Thomson_Reuters,0,0,0,0,0,1
2021-07-20,Thomson_Reuters,0,0,0,0,0,1
2020-01-21,Thomson_Reuters,1,1,1,1,0,1
2020-04-20,Thomson_Reuters,2,1,0,0,0,1
2020-10-19,Thomson_Reuters,1,0,0,0,0,1
2021-07-20,Thomson_Reuters,0,0,0,0,0,1
2021-07-20,Thomson_Reuters,0,0,0,0,0,1
2020-10-19,Thomson_Reuters,1,0,0,0,0,1
2020-10-19,Thomson_Reuters,1,0,0,0,0,1
2020-01-21,Thomson_Reuters,1,0,0,0,0,1
2020-07-20,Thomson_Reuters,1,0,4,0,0,1
2021-01-19,Thomson_Reuters,1,1,0,0,0,1
2021-07-20,Thomson_Reuters,0,0,0,0,0,1
2020-04-07,Thomson_Reuters,1,0,0,0,0,1
2020-01-21,Thomson_Reuters,1,1,0,0,0,1
2014-10-10,Thomson_Reuters,0,0,0,0,0,1
2016-11-28,Thomson_Reuters,0,0,0,0,0,1
2015-03-10,Thomson_Reuters,0,0,1,0,0,1
2015-03-10,Thomson_Reuters,0,0,1,0,0,1
2015-02-19,Thomson_Reuters,1,1,0,0,0,1
2013-07-22,Thomson_Reuters,0,0,1,0,0,1
2010-06-02,Thomson_Reuters,1,0,0,0,0,1
2019-04-22,Thomson_Reuters,0,0,0,0,0,1
2011-04-18,Thomson_Reuters,0,0,1,0,0,1
2015-07-15,Thomson_Reuters,0,0,0,0,0,1
2014-11-15,Thomson_Reuters,0,0,0,0,0,1
2011-02-04,Thomson_Reuters,0,0,0,0,0,1
2017-07-23,Thomson_Reuters,3,0,0,0,0,1
2016-04-07,Thomson_Reuters,1,0,0,0,0,1
2010-06-01,Thomson_Reuters,0,1,0,0,0,1
2010-07-19,Thomson_Reuters,0,0,0,0,0,1
2012-04-18,Thomson_Reuters,0,0,0,0,0,1
2010-06-16,Thomson_Reuters,0,1,0,0,0,1
2015-12-15,Thomson_Reuters,0,0,0,0,0,1
2014-11-21,Thomson_Reuters,0,0,0,0,0,1
2019-01-22,Thomson_Reuters,0,1,0,0,0,3
2016-04-04,Thomson_Reuters,0,0,0,0,0,1
2016-07-12,Thomson_Reuters,0,0,0,0,0,1
2009-07-20,Thomson_Reuters,0,0,1,0,0,1
2014-07-21,Thomson_Reuters,0,0,1,1,0,1
2016-03-04,Thomson_Reuters,0,0,1,0,0,1
2011-06-28,Thomson_Reuters,0,0,0,0,0,1
2015-01-21,Thomson_Reuters,0,0,0,0,0,1
2015-01-20,Thomson_Reuters,1,0,1,0,0,1
2010-07-19,Thomson_Reuters,0,0,0,0,0,1
2018-01-22,Thomson_Reuters,0,0,0,0,0,1
2008-10-20,Thomson_Reuters,1,0,0,0,0,1
2019-10-21,Thomson_Reuters,0,0,0,1,0,1
2010-06-02,Thomson_Reuters,0,0,0,0,0,1
2011-07-18,Thomson_Reuters,0,0,0,0,0,1
2011-07-18,Thomson_Reuters,0,0,0,0,0,1
2016-02-12,Thomson_Reuters,0,0,0,0,0,1
2011-06-28,Thomson_Reuters,0,0,0,0,0,1
2018-01-22,Thomson_Reuters,0,0,0,0,0,1
2008-10-20,Thomson_Reuters,2,0,0,0,0,1
2013-09-19,Thomson_Reuters,1,0,0,0,0,1
2016-04-05,Thomson_Reuters,1,0,0,0,0,1
2014-04-21,Thomson_Reuters,0,0,0,0,0,1
2016-10-31,Thomson_Reuters,0,0,1,0,0,1
2018-01-22,Thomson_Reuters,0,0,0,0,0,1
2010-06-10,Thomson_Reuters,0,0,1,0,0,1
2010-04-19,Thomson_Reuters,0,0,1,0,0,1
2011-01-24,Thomson_Reuters,0,1,1,0,0,1
2011-07-18,Thomson_Reuters,0,0,0,0,0,1
2016-04-04,Thomson_Reuters,0,0,0,0,0,1
2011-10-17,Thomson_Reuters,0,0,1,0,0,1
2018-01-22,Thomson_Reuters,0,0,0,0,0,1
2011-01-24,Thomson_Reuters,0,0,1,0,0,1
2014-10-08,Thomson_Reuters,0,0,1,0,0,1
2016-07-11,Thomson_Reuters,0,0,0,0,0,1
2010-07-19,Thomson_Reuters,0,0,0,0,0,1
2017-01-23,Thomson_Reuters,0,0,0,0,0,1
2019-01-22,Thomson_Reuters,0,1,0,0,0,1
2010-04-19,Thomson_Reuters,0,0,1,0,0,1
2014-11-06,Thomson_Reuters,0,1,0,0,0,1
2008-10-20,Thomson_Reuters,1,0,1,0,0,1
2019-07-22,Thomson_Reuters,0,0,1,0,0,1
2018-01-22,Thomson_Reuters,0,0,0,0,0,1
2012-11-15,Thomson_Reuters,0,0,0,0,0,1
2012-07-20,Thomson_Reuters,2,0,1,0,0,1
2012-04-18,Thomson_Reuters,0,0,1,0,0,1
2008-10-20,Thomson_Reuters,2,0,0,0,0,1
2011-03-29,Thomson_Reuters,0,0,0,0,0,1
2014-12-22,Thomson_Reuters,1,0,1,0,0,1
2013-01-25,Thomson_Reuters,0,0,0,0,0,1
2019-01-29,Thomson_Reuters,0,0,0,1,0,1
2013-07-25,Thomson_Reuters,0,0,0,0,0,1
2017-01-24,Thomson_Reuters,0,0,0,0,0,1
2016-08-16,Thomson_Reuters,0,1,1,0,0,1
2017-02-07,Thomson_Reuters,0,0,0,0,0,1
2019-07-22,Thomson_Reuters,0,0,1,0,0,1
2019-01-22,Thomson_Reuters,1,3,0,0,0,1
2015-10-22,Thomson_Reuters,0,0,0,0,0,1
2019-10-21,Thomson_Reuters,1,0,0,1,0,1
2010-06-16,Thomson_Reuters,0,1,0,0,0,1
2013-04-22,Thomson_Reuters,0,0,2,0,0,1
2019-10-21,Thomson_Reuters,0,0,0,1,0,1
2013-04-17,Thomson_Reuters,0,2,1,0,0,1
2012-05-30,Thomson_Reuters,0,1,0,0,0,1
2012-04-18,Thomson_Reuters,0,0,0,0,0,1
2019-01-22,Thomson_Reuters,0,1,0,0,0,1
2012-09-21,Thomson_Reuters,0,0,0,0,0,1
2010-10-18,Thomson_Reuters,0,0,1,0,0,1
2011-01-24,Thomson_Reuters,0,0,0,0,0,1
2014-11-14,Thomson_Reuters,0,0,0,0,0,1
2012-07-23,Thomson_Reuters,1,0,0,0,0,1
2015-06-10,Thomson_Reuters,0,0,1,0,0,1
2015-01-20,Thomson_Reuters,0,1,1,0,0,1
2011-10-17,Thomson_Reuters,0,0,1,0,0,1
2013-03-06,Thomson_Reuters,1,0,0,0,0,1
2018-07-23,Thomson_Reuters,0,1,2,0,0,1
2016-02-03,Thomson_Reuters,0,0,0,0,0,1
2019-07-22,Thomson_Reuters,0,0,1,0,0,1
2011-01-24,Thomson_Reuters,0,1,1,0,0,1
2013-10-21,Thomson_Reuters,3,0,0,0,0,2
2011-07-18,Thomson_Reuters,0,0,1,0,0,1
2014-11-15,Thomson_Reuters,0,0,0,0,0,1
2011-01-24,Thomson_Reuters,0,0,0,0,0,1
2010-06-01,Thomson_Reuters,0,0,0,0,0,1
2010-07-19,Thomson_Reuters,0,0,0,0,0,1
2010-01-25,Thomson_Reuters,0,0,1,0,0,1
2013-04-09,Thomson_Reuters,0,1,0,0,0,1
2013-09-30,Thomson_Reuters,1,0,0,0,0,1
2014-07-21,Thomson_Reuters,0,0,0,1,0,1
2010-06-30,Thomson_Reuters,1,0,0,0,0,1
2009-07-20,Thomson_Reuters,0,0,1,0,0,1
2008-10-20,Thomson_Reuters,2,0,1,0,0,1
2013-01-25,Thomson_Reuters,0,0,0,0,0,1
2015-09-28,Thomson_Reuters,1,0,0,0,0,1
2015-04-21,Thomson_Reuters,0,0,0,0,0,1
2015-01-16,Thomson_Reuters,0,0,0,0,0,1
2010-10-18,Thomson_Reuters,0,0,0,0,0,1
2019-01-23,Channel_News_Asia,0,1,0,0,0,3
2017-07-25,Thomson_Reuters,1,0,1,0,0,1
2016-03-21,Thomson_Reuters,1,0,0,0,0,1
2014-04-21,Thomson_Reuters,0,0,0,0,0,1
2019-07-26,Thomson_Reuters,0,0,1,1,0,1
2011-07-18,Thomson_Reuters,0,0,0,0,0,1
2013-10-02,Thomson_Reuters,1,0,0,0,1,1
2011-10-17,Thomson_Reuters,0,0,1,0,0,1
2015-06-23,Thomson_Reuters,0,0,0,0,0,1
2011-02-16,Thomson_Reuters,0,0,0,0,0,1
2010-10-27,Thomson_Reuters,0,0,1,0,0,1
2019-06-27,Thomson_Reuters,0,0,0,0,0,2
2014-11-28,Thomson_Reuters,1,0,0,0,0,1
2017-07-05,Thomson_Reuters,1,0,0,0,0,1
2018-07-23,Thomson_Reuters,0,0,2,1,0,1
2014-11-28,Thomson_Reuters,1,0,0,0,0,1
2014-11-13,Thomson_Reuters,0,0,0,0,0,1
2011-06-28,Thomson_Reuters,0,0,0,0,0,1
2014-11-06,Thomson_Reuters,0,1,0,0,0,1
2014-04-21,Thomson_Reuters,0,0,0,0,0,1
2014-11-14,Thomson_Reuters,0,0,0,0,0,1
2011-06-28,Thomson_Reuters,0,0,0,0,0,1
2010-07-19,Thomson_Reuters,0,0,1,0,0,1
2010-07-19,Thomson_Reuters,0,0,1,0,0,1
2014-06-23,Thomson_Reuters,0,0,0,0,0,1
2010-01-25,Thomson_Reuters,0,0,1,0,0,1
2015-12-09,Thomson_Reuters,1,0,0,0,0,1
2019-07-22,Thomson_Reuters,0,0,1,1,0,1
2010-06-18,Thomson_Reuters,0,0,0,0,0,1
2011-06-28,Thomson_Reuters,0,0,0,0,0,1
2019-01-22,Thomson_Reuters,0,1,1,0,0,1
2010-01-25,Thomson_Reuters,1,0,0,0,0,1
2011-01-24,Thomson_Reuters,0,0,0,0,0,1
2016-03-10,Thomson_Reuters,1,0,0,0,0,1
2019-01-22,Thomson_Reuters,1,2,0,0,0,2
2011-04-18,Thomson_Reuters,0,0,1,0,0,1
2017-11-01,Thomson_Reuters,0,0,0,0,0,1
2016-04-14,Thomson_Reuters,1,0,0,0,0,1
2013-01-25,Thomson_Reuters,1,0,0,0,0,1
2011-07-18,Thomson_Reuters,0,0,0,0,0,1
2012-04-18,Thomson_Reuters,0,0,0,0,0,1
2019-04-22,Thomson_Reuters,0,0,0,0,0,1
2017-07-05,Thomson_Reuters,0,0,0,0,0,1
2015-11-04,Thomson_Reuters,0,0,0,0,0,1
2010-07-19,Thomson_Reuters,1,0,0,0,0,1
2019-07-22,Thomson_Reuters,0,0,1,1,0,1
2015-12-15,Thomson_Reuters,1,0,1,0,1,2
2010-06-02,Thomson_Reuters,0,0,1,0,0,1
2018-09-05,Thomson_Reuters,0,0,0,0,0,1
2016-05-03,Thomson_Reuters,0,0,0,0,0,1
2019-01-22,Thomson_Reuters,0,0,0,0,0,1
2015-03-10,Thomson_Reuters,0,0,1,0,0,1
2014-05-23,Thomson_Reuters,0,0,0,0,0,1
2016-04-06,Thomson_Reuters,0,1,0,0,0,1
2015-02-19,Thomson_Reuters,0,1,0,0,0,1
2010-06-02,Thomson_Reuters,0,0,0,0,0,1
2016-12-23,Thomson_Reuters,0,0,0,0,0,1
2016-10-28,Thomson_Reuters,0,0,0,0,0,1
2016-06-30,Thomson_Reuters,0,0,1,0,0,1
2014-12-22,Thomson_Reuters,1,0,1,0,0,1
2019-04-22,Thomson_Reuters,0,0,0,0,0,1
2014-11-14,Thomson_Reuters,0,0,0,0,0,1
2010-06-10,Thomson_Reuters,0,0,0,0,0,1
2016-02-22,Thomson_Reuters,1,0,0,0,0,1
2019-10-21,Thomson_Reuters,0,0,0,1,0,1
2013-07-30,Thomson_Reuters,1,0,0,0,0,1
2012-11-15,Thomson_Reuters,0,0,0,0,0,1
2018-01-22,Thomson_Reuters,3,0,1,0,0,1
2018-01-22,Thomson_Reuters,0,0,0,0,0,1
2013-04-22,Thomson_Reuters,0,0,2,0,0,1
2019-10-21,Thomson_Reuters,0,0,1,0,0,1
2017-07-24,Thomson_Reuters,2,0,0,0,0,1
2018-04-23,Thomson_Reuters,2,0,0,0,0,1
2019-10-21,Thomson_Reuters,1,0,0,1,0,1
2016-07-15,Thomson_Reuters,0,0,0,0,0,1
2016-10-31,Thomson_Reuters,0,0,0,0,0,1
2010-10-29,Thomson_Reuters,0,1,0,0,0,1
2015-09-08,Thomson_Reuters,0,0,1,0,0,1
2010-06-01,Thomson_Reuters,0,1,0,0,0,1
2018-07-24,Channel_News_Asia,0,0,2,1,0,1
2010-01-25,Thomson_Reuters,0,0,1,0,0,1
2011-04-18,Thomson_Reuters,0,0,1,0,0,1
2014-03-21,Thomson_Reuters,0,1,0,1,0,1
2018-12-15,Thomson_Reuters,1,0,0,0,0,1
2010-07-19,Thomson_Reuters,0,0,1,0,0,1
2010-07-06,Thomson_Reuters,0,0,1,0,0,1
2015-01-20,Thomson_Reuters,1,0,1,0,0,1
2018-03-05,Thomson_Reuters,0,0,0,0,0,1
2017-06-08,Thomson_Reuters,0,0,0,0,0,1
2010-06-02,Thomson_Reuters,0,0,1,0,0,1
2014-11-13,Thomson_Reuters,0,0,0,0,0,1
2019-07-22,Thomson_Reuters,0,0,1,0,0,1
2019-07-25,Thomson_Reuters,0,0,1,1,0,1
2010-06-02,Thomson_Reuters,1,0,0,0,0,1
2014-11-17,Thomson_Reuters,0,0,0,0,0,1
2011-07-18,Thomson_Reuters,0,0,1,0,0,1
2011-01-24,Thomson_Reuters,0,0,0,0,0,1
2014-11-14,Thomson_Reuters,0,0,0,0,0,1
2017-04-06,Thomson_Reuters,0,0,0,0,0,1
2015-01-20,Thomson_Reuters,1,0,1,0,0,1
2019-01-22,Thomson_Reuters,0,3,0,0,0,1
2014-11-28,Thomson_Reuters,1,0,0,0,0,1
2019-10-21,Thomson_Reuters,2,0,0,1,0,1
2013-04-17,Thomson_Reuters,0,2,1,0,0,1
2013-05-20,Thomson_Reuters,2,0,1,0,0,1
2018-01-22,Thomson_Reuters,0,0,0,0,0,1
2012-04-18,Thomson_Reuters,0,0,1,0,0,1
2010-10-28,Thomson_Reuters,1,0,0,0,0,1
2015-01-20,Thomson_Reuters,1,1,1,0,0,1
2015-10-22,Thomson_Reuters,0,0,0,0,0,1
2012-06-06,Thomson_Reuters,0,1,1,0,0,1
2014-04-21,Thomson_Reuters,0,0,0,0,0,1
2015-12-15,Thomson_Reuters,0,0,0,0,0,1
2013-07-22,Thomson_Reuters,0,0,0,0,0,1
2013-01-25,Thomson_Reuters,1,0,0,0,0,2
2012-04-18,Thomson_Reuters,0,0,0,0,0,1
2012-02-08,Thomson_Reuters,1,0,1,0,0,1
2014-11-14,Thomson_Reuters,0,0,1,0,0,1
2014-04-21,Thomson_Reuters,0,0,1,0,0,1
2011-04-18,Thomson_Reuters,0,0,1,0,0,1
2018-04-20,Thomson_Reuters,0,1,1,1,0,1
2019-09-16,Thomson_Reuters,3,0,0,0,0,1
2019-10-21,Thomson_Reuters,0,0,0,0,0,1
2009-07-20,Thomson_Reuters,0,0,1,0,0,1
2016-03-08,Thomson_Reuters,1,0,0,0,0,1
2015-11-27,Thomson_Reuters,1,0,0,0,0,1
2018-02-15,Thomson_Reuters,2,0,0,0,0,1
2013-01-25,Thomson_Reuters,0,0,0,0,0,1
2013-04-22,Thomson_Reuters,0,0,0,0,0,1
2017-04-17,Thomson_Reuters,0,0,0,0,0,1
2018-02-26,Thomson_Reuters,1,1,1,0,0,1
2011-07-18,Thomson_Reuters,0,0,1,0,0,1
2015-01-20,Thomson_Reuters,1,0,1,0,0,1
2015-01-20,Thomson_Reuters,1,0,1,0,0,1
2016-08-16,Thomson_Reuters,0,0,0,0,0,1
2010-07-19,Thomson_Reuters,1,0,0,0,0,1
2023-07-19,Thomson_Reuters,4,0,0,0,0,1
2023-07-20,Thomson_Reuters,2,0,0,0,0,1
2022-12-07,The_Business_Times,0,0,0,0,0,1
2022-10-18,Financial_Times,0,1,0,1,0,1
2023-01-05,Thomson_Reuters,0,0,0,0,0,1
2022-11-16,Financial_Times,1,0,1,1,0,1
2023-04-21,Financial_Times,0,0,0,0,0,1
2022-01-28,Thomson_Reuters,0,0,0,0,0,1
2023-02-17,The_Business_Times,0,0,1,0,0,1
2023-02-28,Thomson_Reuters,1,0,0,1,0,1
2022-04-07,Financial_Times,0,0,0,0,0,1
2023-02-17,Thomson_Reuters,0,0,1,0,0,1
2022-11-25,Thomson_Reuters,0,0,0,0,0,1
2022-08-10,The_Business_Times,1,1,0,0,1,1
2023-04-11,Thomson_Reuters,0,0,0,0,0,1
2022-06-11,Viet_Nam_News,0,0,0,0,0,1
2022-04-07,Financial_Times,1,0,0,1,0,1
2022-11-07,The_Business_Times,0,0,0,0,0,1
2022-01-28,Financial_Times,0,0,1,0,0,1
2022-03-28,Thomson_Reuters,0,2,1,0,0,1
2023-04-03,Bangkok_Post,1,0,1,0,1,2
2023-02-28,JoongAng_Daily,0,0,0,0,0,1
2022-08-31,The_Business_Times,0,0,0,0,0,1
2022-08-31,Bangkok_Post,1,0,1,0,2,1
2023-01-13,Bangkok_Post,0,0,0,0,0,2
2022-04-08,Financial_Times,1,1,1,1,0,1
2022-05-18,The_Business_Times,0,0,0,0,0,2
2022-05-03,Financial_Times,2,0,0,1,1,1
2022-01-26,Thomson_Reuters,0,0,0,0,0,1
2022-05-01,The_Phnom_Penh_Post,0,0,0,0,0,1
2022-02-16,New_Strait_Times,0,0,0,0,0,2
2023-05-30,Thomson_Reuters,0,0,0,0,0,1
2022-12-07,New_Strait_Times,0,0,0,0,0,2
2022-04-21,Financial_Times,1,0,0,0,0,1
2023-02-28,Thomson_Reuters,0,1,2,0,0,1
2022-12-29,Bangkok_Post,1,0,1,0,0,2
2022-01-26,Financial_Times,0,0,0,0,0,1
2022-04-12,Thomson_Reuters,0,0,1,0,0,1
2023-03-15,Thomson_Reuters,0,0,0,0,0,1
2022-04-08,Financial_Times,0,0,1,0,0,1
2023-06-08,Thomson_Reuters,0,0,0,1,0,1
2022-10-11,New_Strait_Times,0,0,1,0,0,1
2023-01-11,The_Business_Times,0,0,0,0,0,1
2022-04-11,Thomson_Reuters,0,0,0,0,0,1
2022-10-03,The_Business_Times,0,0,0,0,0,1
2022-04-21,Thomson_Reuters,2,0,1,1,0,1
2022-10-03,Thomson_Reuters,0,0,0,0,0,1
2022-05-29,Financial_Times,0,0,1,0,0,1
2023-04-03,Manila_Bulletin,0,0,0,0,0,1
2022-11-22,Thomson_Reuters,0,0,1,0,0,1
2022-09-13,The_Business_Times,1,0,0,0,1,1
2022-10-12,The_Business_Times,0,0,0,0,0,1
2022-03-03,Financial_Times,0,0,3,0,0,2
2023-05-04,Thomson_Reuters,0,0,0,0,0,1
2023-04-27,The_Business_Times,0,0,0,0,0,1
2022-01-29,New_Strait_Times,0,0,0,0,0,1
2022-11-15,Financial_Times,0,0,0,0,0,2
2022-06-01,The_Business_Times,1,0,1,0,0,1
2023-01-11,Financial_Times,1,0,0,0,0,1
2023-06-08,Thomson_Reuters,0,0,0,1,0,1
2022-11-03,Thomson_Reuters,0,0,1,0,0,1
2023-06-1,Bangkok_Post,0,0,0,0,0,2
2023-04-18,Financial_Times,1,0,0,1,0,1
2023-02-28,Thomson_Reuters,1,0,0,0,0,1
2022-04-28,Financial_Times,1,1,0,0,0,2
2022-04-28,Financial_Times,1,1,0,0,0,1
2022-05-31,Financial_Times,1,1,1,2,0,1
2023-04-10,The_Business_Times,1,0,0,0,0,1
2022-03-14,Financial_Times,0,0,0,1,0,1
2023-06-6,Bangkok_Post,0,0,0,0,0,1
2023-01-11,Thomson_Reuters,0,0,0,0,0,1
2023-01-05,The_Business_Times,0,0,0,0,0,1
2022-05-26,The_Business_Times,1,0,0,0,0,2
2023-01-17,Viet_Nam_News,0,0,0,0,0,1
2022-04-08,Thomson_Reuters,0,0,0,0,0,1
2022-04-30,Financial_Times,1,1,0,1,0,2
2022-10-11,The_Business_Times,1,1,0,0,0,1
2023-01-30,Manila_Bulletin,0,0,0,0,0,1
2023-05-29,The_Business_Times,0,0,0,0,1,1
2022-10-12,New_Strait_Times,0,0,0,0,0,1
2023-04-18,Manila_Bulletin,0,0,0,0,0,1
2022-08-16,Financial_Times,0,0,0,0,0,1
2023-01-15,Manila_Bulletin,0,0,0,0,0,1
2023-05-28,Financial_Times,1,0,1,1,0,2
2022-11-26,Thomson_Reuters,0,0,0,0,0,1
2023-02-17,Financial_Times,0,0,1,0,0,1
2022-04-08,Financial_Times,0,0,0,1,0,1
2022-11-22,Thomson_Reuters,1,0,2,0,0,1
2022-03-28,Thomson_Reuters,0,1,1,0,0,1
2022-03-28,Thomson_Reuters,0,0,0,0,0,1
2022-12-26,Financial_Times,1,0,0,0,0,1
2022-04-07,Thomson_Reuters,0,0,1,0,0,1
2022-11-22,Financial_Times,1,1,0,0,0,1
2023-06-02,The_Business_Times,1,0,0,0,0,1
2022-11-03,The_Business_Times,0,0,1,0,0,1
2023-05-19,Manila_Bulletin,0,0,0,0,0,1
2022-03-29,Thomson_Reuters,0,1,1,0,0,1
2022-09-02,Financial_Times,0,0,1,0,0,1
2022-04-07,Financial_Times,0,0,2,0,0,1
2022-04-27,Financial_Times,0,0,1,0,0,2
2023-03-01,The_Business_Times,0,0,2,0,0,1
2022-04-12,Thomson_Reuters,0,0,0,0,0,1
2022-11-23,The_Business_Times,0,0,2,1,0,1
2023-01-05,The_Business_Times,0,0,0,0,0,1
2022-10-26,JoongAng_Daily,0,1,0,0,0,1
2022-04-08,Thomson_Reuters,0,0,0,0,0,1
2022-10-08,The_Business_Times,0,0,0,0,0,1
2023-01-12,The_Business_Times,0,0,0,0,0,1
2022-06-18,JoongAng_Daily,0,0,1,0,0,2
2022-08-09,Thomson_Reuters,1,0,0,0,0,1
2023-03-13,Bangkok_Post,1,0,0,1,0,1
2023-05-28,Financial_Times,0,0,0,0,0,1
2023-05-12,Thomson_Reuters,0,0,0,0,0,1
2023-02-01,Financial_Times,0,0,0,0,0,1
2022-04-25,The_Business_Times,0,0,1,0,0,1
2022-04-07,Thomson_Reuters,0,0,0,0,0,1
2023-06-10,Bangkok_Post,1,0,0,0,0,1
2022-08-17,Financial_Times,0,0,3,0,0,1
2022-01-14,Financial_Times,1,0,0,0,0,1
2022-01-14,Financial_Times,1,0,1,0,0,1
2022-10-03,The_Business_Times,0,0,0,0,0,1
2022-12-15,Manila_Bulletin,0,0,0,0,0,1
2023-05-31,Thomson_Reuters,0,0,0,0,0,1
2022-11-24,Manila_Bulletin,0,0,0,0,4,1
2022-01-28,Thomson_Reuters,0,0,0,0,0,1
2023-01-31,Financial_Times,0,0,0,0,0,1
2023-01-17,Financial_Times,2,0,1,0,0,1
2022-04-21,Thomson_Reuters,2,0,1,1,0,1
2023-06-01,Financial_Times,1,0,0,0,0,1
2022-04-07,Thomson_Reuters,0,0,0,0,1,1
2022-04-07,Thomson_Reuters,0,0,0,0,0,1
2022-03-01,New_Strait_Times,0,0,0,0,0,2
2022-05-06,The_Business_Times,1,0,0,0,0,2
2022-11-22,Thomson_Reuters,0,0,1,0,0,1
2023-02-06,The_Business_Times,0,0,0,0,0,1
2022-05-06,The_Business_Times,0,0,0,0,0,1
2023-05-30,Thomson_Reuters,0,0,1,0,0,1
2022-11-26,The_Business_Times,0,0,0,0,0,1
2022-01-27,Financial_Times,1,0,0,0,0,1
2023-01-18,Thomson_Reuters,0,0,0,0,0,1
2023-01-16,The_Business_Times,0,0,0,0,0,1
2023-01-20,Thomson_Reuters,0,0,0,0,0,1
2023-05-31,The_Business_Times,0,0,2,0,0,1
2022-01-14,Financial_Times,0,0,0,2,0,1
2023-05-19,The_Business_Times,0,0,0,0,0,1
2023-01-23,South_China_Morning_Post,0,0,0,0,0,1
2022-11-08,Nikkei_Asia,0,0,0,0,0,1
2022-04-01,The_Wall_Street_Journal,0,0,0,0,0,1
2023-05-12,The_Wall_Street_Journal,0,0,0,0,0,1
2022-10-12,South_China_Morning_Post,0,0,0,0,0,1
2022-10-13,The_Wall_Street_Journal,0,0,0,0,0,1
2022-11-28,The_Strait_Times,1,0,0,0,0,2
2022-03-07,The_Wall_Street_Journal,1,0,0,1,0,1
2023-03-08,The_Strait_Times,1,0,0,0,1,1
2023-01-19,Channel_News_Asia,0,0,0,0,0,1
2022-10-07,Nikkei_Asia,1,0,0,1,0,1
2022-09-07,The_Strait_Times,0,0,0,0,0,1
2022-07-11,The_Wall_Street_Journal,1,0,0,0,0,1
2022-04-07,The_Wall_Street_Journal,0,0,0,0,0,1
2022-10-18,Nikkei_Asia,1,1,0,0,0,1
2022-06-29,The_Wall_Street_Journal,0,0,0,0,0,1
2022-05-23,The_Wall_Street_Journal,1,0,0,0,0,1
2022-04-08,The_Wall_Street_Journal,1,0,0,0,0,1
2023-04-11,The_Wall_Street_Journal,0,0,1,0,0,1
2022-08-30,The_Wall_Street_Journal,0,1,1,0,0,1
2023-04-27,Nikkei_Asia,1,1,0,0,0,1
2022-12-23,The_Strait_Times,1,1,0,1,0,1
2022-04-30,The_Wall_Street_Journal,0,0,1,0,0,1
2023-04-25,Nikkei_Asia,0,0,0,0,0,1
2022-12-20,Nikkei_Asia,1,0,0,0,0,1
2022-06-01,The_Wall_Street_Journal,0,0,0,0,0,1
2022-02-28,The_Wall_Street_Journal,0,0,1,1,0,1
2023-05-12,Channel_News_Asia,0,0,0,0,0,1
2022-10-19,The_Wall_Street_Journal,0,0,0,1,0,1
2022-11-25,The_Strait_Times,0,0,0,0,0,1
2023-02-17,The_Strait_Times,0,0,0,0,0,2
2022-03-28,The_Wall_Street_Journal,1,0,0,0,0,1
2022-07-05,The_Wall_Street_Journal,0,0,0,1,0,1
2023-02-17,South_China_Morning_Post,0,0,0,0,0,2
2023-01-06,Taipei_Times,0,0,0,0,0,1
2022-03-10,Channel_News_Asia,0,0,0,0,0,1
2022-08-25,Nikkei_Asia,0,0,0,0,0,1
2023-02-28,Channel_News_Asia,0,1,2,0,0,1
2022-08-26,The_Wall_Street_Journal,0,1,3,0,0,1
2023-06-08,Channel_News_Asia,0,0,0,1,0,1
2022-11-02,The_Jakarta_Post,0,1,1,0,0,1
2023-03-28,The_Strait_Times,0,0,1,0,0,1
2023-01-24,Nikkei_Asia,1,1,1,0,0,1
2023-04-12,Channel_News_Asia,0,0,0,0,0,1
2023-03-15,The_Strait_Times,1,0,1,0,0,2
2023-04-10,Channel_News_Asia,1,0,0,0,0,1
2022-04-04,The_Wall_Street_Journal,1,0,0,0,0,2
2022-08-31,The_Wall_Street_Journal,0,0,0,0,0,1
2023-06-09,Channel_News_Asia,0,0,0,1,0,1
2023-01-21,Channel_News_Asia,0,0,0,0,0,1
2022-08-25,Nikkei_Asia,1,0,0,1,0,2
2022-04-20,Nikkei_Asia,1,1,0,0,0,1
2022-04-07,The_Wall_Street_Journal,0,0,1,0,0,1
2023-04-26,The_Wall_Street_Journal,0,0,0,0,0,1
2022-09-9,South_China_Morning_Post,0,1,0,0,0,1
2022-05-12,Nikkei_Asia,1,1,1,0,0,1
2022-10-11,The_Strait_Times,1,1,0,1,0,1
2023-03-15,Nikkei_Asia,1,1,2,0,0,1
2023-05-31,Nikkei_Asia,1,1,0,0,0,1
2022-05-1,South_China_Morning_Post,0,0,0,0,0,3
2023-06-08,The_Strait_Times,0,0,0,1,0,1
2022-10-21,The_Wall_Street_Journal,0,0,0,0,0,1
2022-06-17,The_Wall_Street_Journal,0,0,2,0,0,1
2022-02-15,The_Wall_Street_Journal,0,0,0,0,1,1
2023-02-28,Nikkei_Asia,0,0,0,1,0,1
2022-02-13,The_Wall_Street_Journal,0,0,0,0,0,1
2023-01-05,Nikkei_Asia,1,0,0,0,0,1
2023-04-14,Nikkei_Asia,0,0,0,0,0,1
2022-08-05,The_Jakarta_Post,1,0,0,1,0,1
2022-04-07,The_Wall_Street_Journal,0,0,1,0,0,1
2023-01-12,The_Strait_Times,0,1,0,0,0,1
2020-02-28,Financial_Times,0,0,1,0,0,1
2020-09-17,Financial_Times,0,0,0,0,0,1
2020-01-24,Financial_Times,0,0,0,1,0,1
2020-02-28,Thomson_Reuters,1,1,0,0,0,1
2020-02-27,Thomson_Reuters,1,0,0,0,0,1
2021-01-12,Financial_Times,0,0,0,0,0,1
2020-05-08,Financial_Times,1,0,2,0,0,1
2020-06-30,Financial_Times,0,0,0,0,0,1
2020-05-21,Thomson_Reuters,1,0,0,0,0,1
2020-02-04,Financial_Times,0,0,0,0,0,1
2021-02-08,Financial_Times,0,1,0,0,0,1
2021-07-22,Financial_Times,0,0,0,0,0,1
2021-10-19,Financial_Times,0,0,0,0,1,1
2020-04-01,Financial_Times,0,0,3,0,0,1
2021-10-27,New_Strait_Times,0,0,0,0,0,1
2020-01-08,Thomson_Reuters,0,0,0,0,0,1
2020-02-16,The_Wall_Street_Journal,0,0,0,0,1,3
2020-10-22,Financial_Times,0,0,0,1,0,1
2021-04-16,Financial_Times,1,0,0,0,0,2
2020-02-24,Thomson_Reuters,0,0,0,0,0,1
2020-10-13,The_Wall_Street_Journal,0,0,0,0,0,1
2020-02-17,Thomson_Reuters,1,0,1,0,0,1
2020-04-27,Financial_Times,0,0,0,0,0,1
2020-02-24,The_Wall_Street_Journal,0,0,0,0,0,1
2020-01-24,The_Wall_Street_Journal,0,2,0,0,0,1
2020-02-27,Financial_Times,0,0,2,0,0,1
2020-05-26,The_Wall_Street_Journal,0,0,0,0,0,2
2020-01-06,Thomson_Reuters,0,0,0,0,0,1
2021-05-07,Channel_News_Asia,0,0,0,1,0,1
2020-05-05,New_Strait_Times,0,0,1,0,0,1
2020-01-22,Thomson_Reuters,0,0,0,0,0,1
2021-04-13,Financial_Times,0,0,0,0,0,1
2021-06-06,Financial_Times,1,0,0,2,0,1
2020-07-19,The_Wall_Street_Journal,1,0,0,0,0,2
2020-09-17,Financial_Times,0,0,0,1,0,1
2020-07-07,New_Strait_Times,0,0,0,0,2,1
2020-09-17,Financial_Times,0,0,0,0,0,1
2021-10-05,Financial_Times,1,0,0,0,0,2
2021-10-08,The_Strait_Times,0,0,0,0,0,1
2020-11-11,Financial_Times,1,1,0,1,0,1
2021-04-19,Financial_Times,0,0,0,0,0,2
2021-05-20,The_Wall_Street_Journal,0,0,0,0,0,2
2020-05-22,Viet_Nam_News,0,0,0,0,0,3
2020-02-27,Financial_Times,1,0,0,0,0,1
2020-05-01,New_Strait_Times,0,0,1,0,0,1
2020-11-25,Financial_Times,0,0,0,0,0,1
2021-04-22,The_Strait_Times,1,0,0,0,0,3
2020-11-23,Financial_Times,0,0,0,0,0,1
2020-01-06,The_Wall_Street_Journal,0,0,1,0,0,1
2020-05-20,Channel_News_Asia,0,0,0,0,0,1
2021-06-09,Financial_Times,0,1,0,0,0,2
2020-05-24,Financial_Times,0,1,0,0,0,1
2020-08-13,Financial_Times,1,0,0,1,0,1
2021-05-27,The_Wall_Street_Journal,0,0,0,0,0,1
2020-10-13,The_Wall_Street_Journal,1,0,0,0,3,1
2021-05-28,Thomson_Reuters,0,0,0,0,0,1
2021-10-12,South_China_Morning_Post,0,0,2,0,0,1
2020-03-03,Thomson_Reuters,0,0,1,0,0,1
2021-04-19,Viet_Nam_News,0,0,0,0,0,1
2020-03-05,Financial_Times,0,0,1,0,0,2
2020-01-28,Thomson_Reuters,0,0,0,0,0,1
2020-05-04,Financial_Times,0,0,0,0,0,1
2021-04-30,Thomson_Reuters,0,0,0,0,0,1
2020-11-05,Thomson_Reuters,0,0,0,0,0,1
2020-12-03,The_Wall_Street_Journal,1,0,1,0,0,1
2021-01-12,The_Wall_Street_Journal,0,0,0,0,0,1
2020-02-20,Thomson_Reuters,0,0,0,0,0,1
2020-03-05,Thomson_Reuters,0,0,0,0,0,1
2021-09-28,Thomson_Reuters,0,0,0,0,0,1
2020-01-31,Financial_Times,0,1,0,0,1,1
2021-04-23,Financial_Times,0,0,0,0,0,2
2020-12-28,Viet_Nam_News,0,0,0,0,0,1
2021-09-03,Financial_Times,0,0,0,0,0,1
2020-02-10,Thomson_Reuters,0,0,0,0,0,1
2021-06-07,The_Strait_Times,0,0,0,0,0,2
2020-02-10,Thomson_Reuters,0,0,0,0,0,1
2021-04-12,Thomson_Reuters,0,0,1,0,0,1
2021-05-29,The_Wall_Street_Journal,0,0,0,0,0,1
2020-11-25,The_Wall_Street_Journal,0,0,0,0,0,1
2021-07-06,Financial_Times,0,0,0,0,0,1
2020-07-09,Thomson_Reuters,0,0,0,0,0,1
2020-04-01,The_Wall_Street_Journal,0,0,0,0,0,1
2020-02-25,Financial_Times,1,0,0,1,0,1
2021-06-01,The_Business_Times,0,0,0,0,0,1
2020-01-10,Financial_Times,0,0,1,0,0,1
2021-11-25,The_Strait_Times,1,1,1,0,0,1
2020-02-05,Financial_Times,0,0,0,0,0,1
2020-04-06,Financial_Times,0,0,0,0,0,1
2021-04-12,Viet_Nam_News,0,0,0,0,0,1
2021-02-09,Financial_Times,0,0,1,0,0,1
2021-11-26,The_Wall_Street_Journal,1,0,0,0,0,1
2020-03-11,Thomson_Reuters,0,0,0,0,0,1
2020-02-27,Thomson_Reuters,1,0,0,0,0,1
2021-02-09,Channel_News_Asia,0,0,0,0,0,1
2020-04-01,Thomson_Reuters,1,0,1,0,0,1
2021-01-12,Financial_Times,1,1,0,0,0,1
2020-08-13,The_Wall_Street_Journal,0,0,0,0,0,1
2020-02-21,Thomson_Reuters,0,0,0,0,0,1
2020-04-01,Financial_Times,0,0,0,1,0,1
2020-01-24,Financial_Times,0,0,0,0,0,1
2020-09-11,The_Wall_Street_Journal,0,0,0,0,0,1
2021-01-18,The_Strait_Times,0,0,0,0,0,2
2020-03-05,The_Wall_Street_Journal,0,0,0,0,0,1
2020-10-06,Financial_Times,0,0,0,1,0,1
2020-07-10,The_Wall_Street_Journal,0,0,0,0,0,1
2021-10-26,The_Wall_Street_Journal,1,0,0,0,0,1
2020-09-30,Thomson_Reuters,0,0,0,0,0,1
2020-04-01,The_Wall_Street_Journal,1,0,1,0,0,2
2020-01-22,Thomson_Reuters,0,0,0,0,0,1
2020-01-21,The_Wall_Street_Journal,0,0,0,0,0,1
2020-03-02,Financial_Times,0,0,1,0,0,1
2021-02-04,Channel_News_Asia,0,0,0,0,0,1
2020-03-31,The_Wall_Street_Journal,1,0,0,0,0,1
2020-08-21,The_Wall_Street_Journal,0,0,0,0,0,1
2021-07-22,Thomson_Reuters,0,0,0,0,0,1
2021-11-23,The_Wall_Street_Journal,1,0,0,0,0,1
2020-03-18,The_Wall_Street_Journal,1,0,0,0,0,1
2020-01-22,Thomson_Reuters,0,0,0,0,0,1
2020-01-09,Thomson_Reuters,0,0,0,0,0,1
2020-02-24,The_Wall_Street_Journal,0,0,0,0,0,1
2020-03-01,Financial_Times,1,0,0,1,0,1
2021-02-08,Financial_Times,0,0,0,0,0,1
2020-05-01,New_Strait_Times,0,0,0,0,0,1
2020-07-14,New_Strait_Times,0,0,0,0,0,1
2021-07-25,The_Strait_Times,0,1,0,0,0,1
2020-01-06,Thomson_Reuters,0,0,0,0,0,1
2021-05-08,Thomson_Reuters,0,0,0,1,0,1
2021-12-14,Financial_Times,2,2,0,1,0,4
2020-02-23,Financial_Times,0,0,2,0,0,2
2020-04-13,The_Wall_Street_Journal,1,0,0,0,0,1
2021-02-09,Channel_News_Asia,1,0,1,0,0,2
2021-02-24,The_Wall_Street_Journal,1,0,0,0,0,1
2020-03-31,The_Wall_Street_Journal,0,0,1,0,0,1
2021-09-13,Financial_Times,0,1,0,0,0,2
2021-06-07,Financial_Times,1,0,0,0,0,2
2021-08-31,The_Wall_Street_Journal,1,0,0,0,0,1
2021-08-26,The_Wall_Street_Journal,0,0,0,0,0,1
2020-11-22,Financial_Times,0,0,0,0,2,1
2021-10-18,Viet_Nam_News,0,0,0,0,2,1
2021-08-26,Financial_Times,0,0,2,4,0,1
2020-02-11,Financial_Times,0,0,0,0,1,2
2020-01-27,The_Wall_Street_Journal,0,0,0,0,0,2
2020-03-27,The_Wall_Street_Journal,0,0,0,0,0,1
2021-09-08,The_Wall_Street_Journal,0,0,0,0,0,1
2020-02-27,Financial_Times,1,0,0,0,0,1
2021-04-30,Channel_News_Asia,1,2,1,1,0,1
2020-02-05,The_Jakarta_Post,0,1,0,0,0,1
2021-05-07,Thomson_Reuters,0,0,0,1,0,1
2020-02-27,Thomson_Reuters,1,0,0,0,0,1
2021-06-30,Thomson_Reuters,0,0,0,0,0,1
2020-05-11,The_Wall_Street_Journal,0,0,0,0,0,1
2021-01-08,Financial_Times,2,0,0,0,0,1
2021-05-28,Financial_Times,1,0,0,0,0,1
2020-07-27,The_Jakarta_Post,0,0,1,1,0,1
2020-01-23,Thomson_Reuters,0,0,0,0,0,1
2020-05-23,New_Strait_Times,0,0,0,0,0,1
2020-02-24,The_Wall_Street_Journal,0,0,0,0,0,1
2021-04-21,The_Strait_Times,0,0,0,1,0,1
2020-09-24,The_Wall_Street_Journal,0,0,0,0,0,1
2021-05-02,The_Wall_Street_Journal,0,1,0,0,0,1
2020-02-28,Financial_Times,1,0,0,0,0,1
2020-03-02,The_Wall_Street_Journal,0,0,0,0,0,1
2021-03-02,The_Wall_Street_Journal,0,0,0,0,0,1
2021-12-30,The_Wall_Street_Journal,0,0,0,0,0,1
2020-02-10,Financial_Times,0,0,0,0,0,1
2021-10-13,The_Wall_Street_Journal,0,0,0,0,0,1
2020-06-19,New_Strait_Times,0,0,0,0,0,2
2021-07-05,The_Wall_Street_Journal,0,0,1,0,0,1
2021-02-09,Financial_Times,0,0,0,0,0,1
2020-04-01,Financial_Times,0,0,0,0,0,1
2020-04-28,Thomson_Reuters,0,0,1,0,0,1
2020-01-23,The_Wall_Street_Journal,0,0,2,0,0,1
2021-03-24,The_Wall_Street_Journal,0,0,0,0,0,1
2020-05-28,The_Wall_Street_Journal,0,0,0,0,0,1
2020-02-10,Financial_Times,0,0,0,0,0,1
2021-09-24,Financial_Times,0,0,1,0,0,1
2020-04-06,Financial_Times,0,0,0,0,0,1
2020-11-15,Financial_Times,1,1,0,1,0,1
2021-02-17,The_Wall_Street_Journal,0,0,0,0,0,1
2021-11-21,The_Wall_Street_Journal,0,0,0,0,0,1
2021-09-17,New_Strait_Times,0,0,0,0,0,1
2020-04-02,The_Wall_Street_Journal,0,0,0,0,0,1
2020-02-25,The_Wall_Street_Journal,0,0,0,0,0,1
2021-07-01,Channel_News_Asia,0,0,0,0,0,1
2020-03-13,The_Wall_Street_Journal,0,0,0,0,0,1
2020-07-09,Thomson_Reuters,0,0,0,1,0,1
2020-03-03,Financial_Times,1,0,0,0,0,1
2020-10-26,Manila_Bulletin,0,1,0,0,0,1
2021-02-09,Channel_News_Asia,0,0,0,0,0,1
2021-08-27,The_Wall_Street_Journal,0,0,0,0,0,2
2020-05-21,The_Wall_Street_Journal,0,0,0,0,0,1
2020-09-17,Thomson_Reuters,0,0,0,1,0,1
2020-02-24,Financial_Times,0,0,3,0,0,1
2020-07-26,The_Wall_Street_Journal,0,0,0,0,0,1
2021-05-05,Viet_Nam_News,0,0,1,0,0,1
2021-04-14,New_Strait_Times,0,0,0,0,0,1
2020-06-24,The_Wall_Street_Journal,0,0,0,0,0,1
2021-08-11,Financial_Times,0,0,0,1,0,2
2020-02-28,Thomson_Reuters,1,0,0,0,0,1
2021-05-28,Thomson_Reuters,0,0,1,0,0,1
2021-10-11,The_Strait_Times,0,0,1,0,3,2
2021-05-11,The_Strait_Times,0,0,0,0,1,1
2021-02-09,Channel_News_Asia,0,0,0,0,0,1
2021-09-23,The_Strait_Times,0,0,0,0,0,2
2021-10-08,Thomson_Reuters,0,0,0,0,0,1
2021-08-27,The_Strait_Times,0,0,0,0,0,1
2020-03-31,Thomson_Reuters,0,0,0,0,0,1
2021-11-30,The_Strait_Times,0,0,0,0,0,1
2020-05-28,The_Wall_Street_Journal,0,0,1,2,0,1
2020-01-23,Financial_Times,0,0,1,0,0,1
2020-03-02,Thomson_Reuters,0,0,0,1,0,1
2020-01-15,The_Wall_Street_Journal,1,0,0,1,0,1
2020-11-24,The_Wall_Street_Journal,0,0,0,0,0,1
2020-10-20,Financial_Times,0,0,0,0,0,1
2021-11-11,The_Phnom_Penh_Post,0,0,0,0,0,1
2021-06-09,Financial_Times,0,1,0,0,0,2
2020-03-05,Financial_Times,0,0,3,0,0,1
2021-09-29,Financial_Times,1,1,0,0,3,1
2021-04-05,The_Business_Times,0,0,0,0,0,1
2021-12-09,Financial_Times,0,0,0,0,0,1
2020-02-23,Financial_Times,1,1,0,0,0,1
2020-05-22,Channel_News_Asia,1,0,0,0,0,1
2021-05-05,Financial_Times,0,0,0,0,0,1
2021-03-01,Viet_Nam_News,0,0,0,0,0,1
2020-09-15,Financial_Times,0,1,0,0,0,1
2020-02-27,Thomson_Reuters,1,1,0,0,0,1
2020-02-10,The_Wall_Street_Journal,0,0,0,0,0,1
2020-01-08,Financial_Times,0,0,0,0,0,1
2021-09-14,Financial_Times,1,1,0,0,0,1
2020-09-09,The_Wall_Street_Journal,0,0,0,0,0,1
2021-02-09,Thomson_Reuters,0,0,0,0,0,1
2020-02-27,Thomson_Reuters,1,0,0,0,0,1
2020-10-20,The_Jakarta_Post,0,0,0,0,0,1
2020-07-10,Financial_Times,0,0,1,1,0,1
2020-12-01,The_Wall_Street_Journal,0,0,0,0,0,1
2020-03-13,Thomson_Reuters,0,0,0,0,0,1
2020-03-06,Financial_Times,0,0,2,0,0,2
2021-09-07,The_Wall_Street_Journal,0,0,0,0,0,1
2020-02-20,The_Wall_Street_Journal,0,0,0,0,0,1
2021-08-30,The_Wall_Street_Journal,0,0,0,1,0,1
2021-10-12,Thomson_Reuters,0,0,0,0,0,1
2020-01-23,The_Wall_Street_Journal,0,0,0,0,0,1
2020-01-23,Financial_Times,0,0,0,0,0,1
2021-05-28,The_Wall_Street_Journal,0,0,0,0,0,2
2020-11-06,Channel_News_Asia,0,0,0,0,0,1
2021-04-10,Thomson_Reuters,2,0,0,0,0,1
2021-03-14,The_Wall_Street_Journal,1,0,0,1,1,5
2020-06-21,The_Wall_Street_Journal,0,0,0,0,0,1
2020-08-27,The_Wall_Street_Journal,0,0,0,0,0,1
2021-06-21,The_Wall_Street_Journal,1,0,1,0,0,1
2020-12-07,The_Business_Times,1,0,1,0,0,1
2020-03-13,The_Wall_Street_Journal,0,0,0,0,0,1
2020-03-31,The_Wall_Street_Journal,0,0,1,0,0,1
2020-01-24,Financial_Times,0,1,0,0,0,3
2020-04-20,The_Wall_Street_Journal,0,0,0,0,0,1
2021-02-01,Financial_Times,0,1,0,0,0,1
2009-12-11,Financial_Times,0,0,0,0,0,1
2012-05-24,Financial_Times,0,0,0,0,0,1
2019-08-22,Financial_Times,0,0,0,2,0,1
2019-11-26,Financial_Times,0,0,1,1,0,1
2019-11-06,Financial_Times,0,0,0,0,0,1
2019-11-17,Financial_Times,0,0,0,0,0,1
2015-10-14,Financial_Times,0,0,1,0,0,1
2019-10-05,Financial_Times,0,0,0,0,1,1
2017-11-24,Financial_Times,0,0,0,0,0,1
2010-11-14,Financial_Times,0,0,0,0,0,1
2011-07-31,Financial_Times,0,0,0,0,0,1
2014-10-10,Financial_Times,0,0,0,0,0,1
2019-12-09,Financial_Times,1,0,0,2,0,1
2014-03-27,Financial_Times,0,0,0,0,0,2
2019-08-26,Financial_Times,1,0,0,0,0,1
2019-03-28,Financial_Times,0,0,0,0,0,1
2019-12-10,Financial_Times,0,0,0,0,1,2
2010-08-24,Financial_Times,1,0,1,0,0,1
2017-07-26,Financial_Times,1,0,0,0,1,1
2018-04-02,Financial_Times,0,0,0,0,0,1
2010-08-09,Thomson_Reuters,0,0,1,0,0,1
2017-09-22,Financial_Times,0,0,0,0,0,1
2017-05-23,The_Jakarta_Post,0,0,0,0,0,2
2005-03-30,The_Wall_Street_Journal,0,1,0,1,0,1
2013-11-27,The_Wall_Street_Journal,0,0,2,0,0,2
2015-12-18,The_Wall_Street_Journal,0,0,0,0,0,1
2016-06-22,The_Wall_Street_Journal,0,0,0,0,0,1
2010-02-25,The_Wall_Street_Journal,0,0,0,0,0,1
2014-10-15,Thomson_Reuters,0,0,0,0,0,1
2014-05-23,Thomson_Reuters,0,0,1,0,0,1
2012-12-30,Thomson_Reuters,0,0,0,2,0,1
2011-11-08,The_Wall_Street_Journal,0,0,0,0,0,2
2005-02-16,The_Wall_Street_Journal,0,0,0,0,0,1
2019-11-07,Thomson_Reuters,0,0,0,0,0,1
2009-10-20,The_Wall_Street_Journal,0,1,0,0,0,1
2016-10-14,Thomson_Reuters,0,0,0,0,0,1
2010-05-29,The_Wall_Street_Journal,0,0,0,0,0,1
2010-09-29,Thomson_Reuters,0,0,1,0,0,1
2011-09-19,The_Wall_Street_Journal,0,0,0,0,0,1
1999-08-03,The_Wall_Street_Journal,0,0,0,0,0,1
2010-08-23,Thomson_Reuters,0,0,0,0,0,1
2017-06-20,Thomson_Reuters,0,0,0,0,0,1
2014-11-26,Thomson_Reuters,0,0,0,0,0,1
2018-05-29,The_Wall_Street_Journal,0,0,0,0,0,1
2011-01-27,The_Wall_Street_Journal,0,0,0,0,0,2
2012-06-04,The_Wall_Street_Journal,0,0,0,0,0,1
2011-05-30,Financial_Times,0,0,0,0,0,1
2013-12-18,Thomson_Reuters,0,0,0,0,0,1
2016-10-14,Financial_Times,0,0,2,0,0,1
2011-10-14,The_Wall_Street_Journal,0,1,0,0,0,3
2008-11-18,Thomson_Reuters,0,0,0,0,0,1
2017-07-26,The_Wall_Street_Journal,0,0,0,0,0,1
2018-05-18,Financial_Times,0,0,0,1,0,1
2014-05-23,Thomson_Reuters,0,0,0,0,0,1
2019-02-14,Financial_Times,0,0,1,0,0,1
2011-05-17,Thomson_Reuters,0,0,0,0,0,2
2019-12-02,Thomson_Reuters,0,0,0,0,0,1
2018-03-28,Thomson_Reuters,0,0,0,0,0,1
2019-10-10,Viet_Nam_News,0,0,0,0,0,1
2013-11-27,The_Wall_Street_Journal,0,0,0,0,0,1
2017-12-19,The_Wall_Street_Journal,0,0,0,0,0,1
2005-02-10,The_Wall_Street_Journal,0,0,0,0,0,1
2009-11-11,Thomson_Reuters,0,0,1,0,0,1
2018-01-25,Thomson_Reuters,0,0,0,0,0,1
2002-03-12,The_Wall_Street_Journal,0,0,0,0,0,1
2013-04-08,Thomson_Reuters,0,1,0,0,0,1
2018-08-24,The_Wall_Street_Journal,0,0,0,0,0,1
2017-10-06,Thomson_Reuters,0,0,0,0,0,1
2015-03-13,Thomson_Reuters,0,0,0,0,0,1
2010-09-13,Thomson_Reuters,0,0,0,0,0,1
2015-02-25,Thomson_Reuters,0,0,1,0,0,1
2005-11-02,The_Wall_Street_Journal,0,0,0,0,0,1
1999-11-03,The_Wall_Street_Journal,0,0,0,0,0,1
2014-11-26,Thomson_Reuters,0,0,0,0,0,1
2014-11-26,Thomson_Reuters,3,0,0,0,0,1
2010-08-19,Thomson_Reuters,0,0,2,0,0,1
2012-05-24,Thomson_Reuters,0,0,0,0,0,1
2009-04-08,The_Wall_Street_Journal,0,0,0,0,0,1
2011-08-24,The_Wall_Street_Journal,0,0,0,0,0,1
2018-04-30,The_Wall_Street_Journal,0,0,0,0,0,1
2016-11-22,The_Wall_Street_Journal,0,0,0,0,0,1
2011-05-04,The_Wall_Street_Journal,0,0,1,0,0,1
2019-06-26,Financial_Times,0,0,0,0,0,1
2013-04-07,Financial_Times,0,0,1,0,0,1
2010-04-16,The_Wall_Street_Journal,0,0,0,0,0,1
2019-07-28,Financial_Times,1,0,0,1,0,1
2017-05-02,Thomson_Reuters,0,0,0,0,0,1
2009-11-13,Thomson_Reuters,0,0,0,0,0,1
1999-03-26,The_Wall_Street_Journal,0,0,0,0,0,1
2019-12-09,Thomson_Reuters,0,0,1,0,0,1
2019-12-01,Thomson_Reuters,0,0,0,0,0,1
2010-08-23,Thomson_Reuters,0,0,0,0,0,1
2019-10-04,Financial_Times,0,0,0,0,0,1
2019-11-26,Thomson_Reuters,0,0,0,0,0,1
2008-04-02,The_Wall_Street_Journal,0,0,0,0,0,1
2004-02-13,The_Wall_Street_Journal,0,0,1,0,0,2
2011-08-19,Thomson_Reuters,0,0,0,0,0,1
2008-02-20,The_Wall_Street_Journal,0,1,1,0,0,1
2016-05-10,The_Wall_Street_Journal,0,0,0,0,0,1
2009-11-12,Thomson_Reuters,0,0,0,0,0,1
2002-05-01,The_Wall_Street_Journal,0,0,0,0,0,1
2001-01-04,The_Wall_Street_Journal,0,0,0,0,0,1
2018-01-22,Financial_Times,0,0,0,0,0,1
2005-05-24,The_Wall_Street_Journal,0,0,0,0,0,1
2015-08-20,The_Wall_Street_Journal,0,0,0,0,0,1
2016-08-23,The_Wall_Street_Journal,0,0,2,0,0,2
2007-05-11,The_Wall_Street_Journal,1,0,0,0,0,1
2010-08-23,Thomson_Reuters,0,0,0,0,0,1
2005-06-20,The_Wall_Street_Journal,0,0,0,0,0,1
2004-01-13,The_Wall_Street_Journal,0,0,0,0,0,1
2017-02-17,Financial_Times,0,0,0,0,0,1
2013-01-22,The_Wall_Street_Journal,0,0,0,0,0,1
2019-06-07,Thomson_Reuters,0,0,0,0,0,1
2015-10-09,Thomson_Reuters,0,0,0,0,0,1
2019-11-22,The_Wall_Street_Journal,0,0,0,0,0,1
2018-05-31,Financial_Times,0,0,0,0,0,1
2015-09-25,Thomson_Reuters,0,0,0,0,0,1
2016-09-28,The_Wall_Street_Journal,0,0,0,0,0,1
2012-09-27,Thomson_Reuters,0,1,1,0,0,1
2014-03-06,The_Wall_Street_Journal,0,0,1,0,0,1
2016-04-20,The_Wall_Street_Journal,0,0,0,0,0,1
2010-02-17,Thomson_Reuters,0,1,0,0,0,1
2014-10-15,Thomson_Reuters,0,0,1,0,0,1
2009-03-11,Thomson_Reuters,0,0,0,0,0,1
2019-05-23,The_Wall_Street_Journal,0,0,0,0,0,1
2016-01-27,The_Jakarta_Post,2,0,0,1,0,1
2019-11-21,Financial_Times,0,0,0,0,0,2
2012-03-29,Thomson_Reuters,0,0,0,0,0,1
2006-03-08,The_Wall_Street_Journal,0,0,0,0,0,2
2018-01-24,Thomson_Reuters,0,0,0,0,0,1
2019-04-10,The_Wall_Street_Journal,0,0,0,0,0,1
2019-12-11,Channel_News_Asia,0,0,0,0,0,2
2012-10-18,Thomson_Reuters,0,0,0,0,0,1
2016-04-03,The_Wall_Street_Journal,0,0,0,0,0,1
2010-08-20,Thomson_Reuters,0,0,0,0,0,1
2010-09-13,Thomson_Reuters,0,0,0,0,0,1
2019-08-22,Thomson_Reuters,0,0,0,0,0,1
2010-08-26,Thomson_Reuters,0,1,0,0,0,1
2014-10-07,Thomson_Reuters,0,0,0,0,0,1
2013-05-23,Thomson_Reuters,0,0,0,0,0,1
2015-03-02,Thomson_Reuters,0,0,2,0,0,1
2015-10-21,The_Wall_Street_Journal,0,0,0,0,0,1
2012-11-14,Thomson_Reuters,0,0,0,0,0,1
2011-05-17,Thomson_Reuters,0,0,1,0,0,2
2015-05-04,Thomson_Reuters,0,0,0,2,0,1
2019-10-18,Thomson_Reuters,0,0,0,0,0,1
2002-03-11,The_Wall_Street_Journal,0,0,0,0,0,1
2018-06-05,Thomson_Reuters,0,0,0,0,0,1
2018-12-14,The_Jakarta_Post,0,0,0,0,0,1
2012-08-22,Thomson_Reuters,0,0,1,0,0,1
2015-05-22,Thomson_Reuters,0,0,2,0,0,1
2016-01-21,Thomson_Reuters,0,0,1,0,0,1
2010-08-26,Thomson_Reuters,0,0,0,0,0,1
2011-02-17,Financial_Times,0,0,0,0,0,1
2019-11-18,Thomson_Reuters,0,0,1,0,0,1
2018-05-01,Financial_Times,0,0,0,0,0,1
2010-08-10,The_Wall_Street_Journal,0,0,0,0,0,1
2015-12-15,The_Wall_Street_Journal,0,0,0,0,0,1
2005-03-30,The_Wall_Street_Journal,0,0,0,0,0,1
2016-06-20,Thomson_Reuters,0,0,0,0,0,1
2017-05-29,Thomson_Reuters,0,0,0,0,0,1
2019-08-30,The_Wall_Street_Journal,0,0,0,0,0,1
2013-01-10,Thomson_Reuters,0,0,1,0,0,1
2010-08-24,Thomson_Reuters,0,0,1,0,0,1
2016-05-25,The_Wall_Street_Journal,0,0,0,0,0,1
2015-11-25,Thomson_Reuters,0,0,1,0,0,2
2019-06-10,Financial_Times,1,0,0,1,0,3
2016-05-17,The_Wall_Street_Journal,0,0,0,0,0,1
2010-08-24,Thomson_Reuters,0,0,0,0,0,1
2015-08-04,The_Wall_Street_Journal,0,0,0,0,0,1
2019-10-04,Financial_Times,0,0,0,0,0,1
2011-11-08,Thomson_Reuters,0,0,1,0,0,1
2011-09-26,The_Wall_Street_Journal,1,0,0,0,0,1
2013-09-23,Thomson_Reuters,0,0,0,0,0,2
2019-11-17,Thomson_Reuters,0,0,0,1,0,1
2010-08-18,The_Wall_Street_Journal,0,0,0,0,0,1
2019-11-27,Thomson_Reuters,0,1,0,1,0,1
2019-12-13,Thomson_Reuters,0,0,0,0,0,1
2015-09-17,Thomson_Reuters,0,0,0,1,0,1
2019-03-22,Thomson_Reuters,0,0,0,0,0,1
2016-09-12,The_Wall_Street_Journal,0,0,0,0,0,1
2002-06-19,The_Wall_Street_Journal,0,0,0,0,0,1
2010-09-13,Thomson_Reuters,0,0,0,0,0,1
2015-08-21,Thomson_Reuters,0,0,0,0,0,1
2004-12-23,The_Wall_Street_Journal,0,0,0,0,0,1
2019-10-04,Financial_Times,0,0,0,0,0,2
2016-07-11,The_Wall_Street_Journal,0,0,0,0,0,1
2019-10-05,Channel_News_Asia,0,0,1,0,0,1
2001-08-31,The_Wall_Street_Journal,0,0,0,0,0,1
2018-10-10,Channel_News_Asia,0,0,0,0,0,1
2009-03-11,Thomson_Reuters,0,0,0,0,0,1
2019-11-18,The_Wall_Street_Journal,0,0,0,0,0,1
2014-05-21,The_Wall_Street_Journal,0,0,2,0,0,1
2008-11-06,Thomson_Reuters,0,0,1,0,0,1
2017-11-24,Thomson_Reuters,0,0,0,0,0,1
2005-02-09,The_Wall_Street_Journal,0,0,0,0,0,1
2002-04-15,The_Wall_Street_Journal,0,0,0,0,0,1
2016-04-12,The_Wall_Street_Journal,0,1,0,1,0,1
2014-10-06,Thomson_Reuters,0,0,0,0,0,1
2016-05-10,The_Wall_Street_Journal,0,0,0,0,0,2
2005-06-17,The_Wall_Street_Journal,0,1,1,2,0,2
2015-12-16,The_Wall_Street_Journal,0,0,0,0,0,1
2018-07-12,Thomson_Reuters,0,0,0,0,0,1
2019-08-29,Financial_Times,0,0,0,0,0,1
2002-04-17,The_Wall_Street_Journal,0,0,0,0,0,1
2005-05-11,The_Wall_Street_Journal,0,0,0,0,0,1
2013-04-23,The_Wall_Street_Journal,0,0,0,0,1,1
2019-11-21,The_Wall_Street_Journal,0,0,0,1,0,1
2011-05-17,Thomson_Reuters,0,0,1,0,0,2
2006-09-13,The_Wall_Street_Journal,0,0,0,0,0,1
2005-04-01,Financial_Times,0,0,0,0,0,1
2014-10-08,Thomson_Reuters,0,0,0,0,0,1
2010-10-28,The_Wall_Street_Journal,0,0,0,1,0,1
1998-11-11,The_Wall_Street_Journal,0,0,0,0,0,1
2017-05-23,Thomson_Reuters,0,0,0,0,0,1
2016-08-24,The_Wall_Street_Journal,0,0,0,0,0,1
2005-05-17,The_Wall_Street_Journal,0,0,0,0,0,1
2010-10-29,The_Wall_Street_Journal,0,0,0,0,0,1
2009-03-11,Thomson_Reuters,0,0,0,0,0,1
2010-09-28,Thomson_Reuters,0,1,0,0,0,1
2002-01-23,The_Wall_Street_Journal,0,0,0,0,0,1
2017-11-21,Thomson_Reuters,0,0,0,0,0,2
2017-02-07,Thomson_Reuters,0,0,0,0,0,1
2015-02-25,Thomson_Reuters,0,0,0,0,0,1
2011-01-05,The_Wall_Street_Journal,1,0,0,0,0,1
2010-08-24,Thomson_Reuters,0,0,1,0,0,1
2010-08-24,The_Wall_Street_Journal,0,0,0,0,0,1
2004-12-02,The_Wall_Street_Journal,0,0,0,0,0,1
2019-02-27,Channel_News_Asia,0,0,0,0,0,1
2013-09-23,Thomson_Reuters,0,0,0,0,0,2
2005-01-17,The_Wall_Street_Journal,0,0,0,0,0,2
2015-10-01,Thomson_Reuters,0,0,0,0,0,1
2010-08-15,Thomson_Reuters,0,0,0,0,0,1
2010-08-23,Thomson_Reuters,0,0,2,0,0,1
2015-08-21,Thomson_Reuters,0,0,0,0,0,1
2010-08-27,Thomson_Reuters,0,1,1,0,0,1
2016-06-09,The_Wall_Street_Journal,0,0,0,0,0,2
2018-06-21,The_Wall_Street_Journal,0,0,0,0,0,1
2014-12-20,Thomson_Reuters,0,0,0,0,0,1
2019-11-27,Financial_Times,0,0,0,0,1,1
2019-01-04,Financial_Times,0,0,0,0,0,2
2009-05-19,Thomson_Reuters,0,0,1,0,0,1
2019-11-18,The_Wall_Street_Journal,0,1,0,0,0,1
2000-11-07,The_Wall_Street_Journal,0,0,0,0,0,1
2023-06-17,Taipei_Times,0,1,0,0,0,1
2019-08-22,Financial_Times,0,0,0,0,0,1
2004-11-29,The_Wall_Street_Journal,0,0,0,0,0,1
2018-01-15,Financial_Times,0,0,0,0,0,1
2009-05-19,Thomson_Reuters,0,0,1,0,0,2
2017-02-09,Thomson_Reuters,0,0,0,0,0,1
2019-03-26,Channel_News_Asia,0,0,0,0,0,1
2019-06-27,Financial_Times,0,0,1,2,0,1
2017-05-24,The_Wall_Street_Journal,0,0,1,0,0,1
2000-11-20,The_Wall_Street_Journal,0,0,0,0,0,1
2015-11-25,The_Wall_Street_Journal,0,0,0,0,0,1
2015-05-22,Thomson_Reuters,0,0,2,0,0,1
2018-08-30,The_Jakarta_Post,0,0,0,0,0,1
2012-12-11,The_Wall_Street_Journal,1,0,0,0,0,1
2019-11-14,Thomson_Reuters,0,0,0,0,0,1
2015-05-22,Thomson_Reuters,0,0,2,0,0,1
2014-09-22,Thomson_Reuters,0,0,0,0,0,1
2010-01-20,The_Wall_Street_Journal,0,0,1,0,0,1
2019-02-28,Financial_Times,1,0,1,0,0,1
2015-09-18,Financial_Times,0,0,0,0,0,1
2005-01-19,The_Wall_Street_Journal,0,0,0,0,0,1
2012-10-03,Thomson_Reuters,0,0,1,0,0,1
2010-05-25,The_Wall_Street_Journal,0,1,0,1,0,1
2019-11-06,Financial_Times,0,0,0,1,0,1
2015-05-05,Thomson_Reuters,0,0,0,0,0,1
2017-08-23,The_Wall_Street_Journal,0,0,0,0,0,1
2010-08-30,Thomson_Reuters,0,0,0,0,0,1
2004-01-02,The_Wall_Street_Journal,0,0,0,0,0,1
2013-11-07,The_Wall_Street_Journal,0,0,0,0,0,1
2012-09-27,Thomson_Reuters,0,1,1,0,0,1
2007-05-24,The_Wall_Street_Journal,0,0,0,0,0,1
2019-12-09,Financial_Times,0,0,0,0,0,1
2005-01-16,The_Wall_Street_Journal,0,0,0,0,0,1
2004-01-14,The_Wall_Street_Journal,0,0,0,0,0,1
2019-01-02,The_Jakarta_Post,0,0,0,0,0,1
2010-04-15,The_Wall_Street_Journal,0,0,0,0,0,1
2010-08-20,Thomson_Reuters,0,0,0,0,0,1
2016-06-06,The_Wall_Street_Journal,0,0,0,0,0,1
2017-02-22,The_Wall_Street_Journal,0,0,0,0,0,1
2013-09-09,The_Phnom_Penh_Post,0,0,0,0,0,1
2009-05-19,Thomson_Reuters,0,0,1,0,0,1
2016-04-04,The_Wall_Street_Journal,0,0,1,0,0,1
2016-09-06,The_Wall_Street_Journal,0,0,0,0,0,1
2018-11-16,The_Wall_Street_Journal,0,0,0,0,0,1
2007-05-31,The_Wall_Street_Journal,0,0,1,0,0,1
2019-10-04,The_Wall_Street_Journal,0,0,0,0,0,1
2010-04-29,Thomson_Reuters,0,0,0,0,0,1
2017-11-22,Financial_Times,0,0,1,0,0,1
2016-09-09,Thomson_Reuters,0,0,0,0,0,1
2010-08-24,Thomson_Reuters,0,0,0,0,0,1
2019-11-17,The_Wall_Street_Journal,0,0,1,0,0,1
2002-05-02,The_Wall_Street_Journal,0,0,0,0,0,2
2005-02-09,The_Wall_Street_Journal,0,0,0,0,0,1
2019-03-05,Thomson_Reuters,0,0,0,0,0,1
2009-07-28,The_Wall_Street_Journal,0,0,0,0,0,2
2019-04-04,The_Wall_Street_Journal,0,0,0,0,0,1
2004-11-15,The_Wall_Street_Journal,0,0,0,0,0,1
2012-03-14,Financial_Times,0,0,0,0,0,1
2019-07-07,Financial_Times,1,1,0,1,0,1
2013-03-22,Financial_Times,0,0,1,0,0,1
2016-09-02,The_Wall_Street_Journal,0,0,1,0,0,1
2014-12-03,The_Wall_Street_Journal,0,0,0,0,0,2
2016-11-22,The_Wall_Street_Journal,0,0,1,0,0,1
2015-07-22,Thomson_Reuters,0,0,0,0,0,1
2019-06-11,Financial_Times,0,0,0,0,0,1
2019-11-18,The_Wall_Street_Journal,0,0,0,0,0,1
2019-11-25,Thomson_Reuters,0,0,0,0,0,1
2018-07-12,The_Wall_Street_Journal,0,0,0,0,0,1
2017-05-28,The_Jakarta_Post,0,0,0,0,0,1
2010-09-28,Thomson_Reuters,0,1,0,0,0,1
2011-05-17,Thomson_Reuters,0,2,2,0,0,2
2001-06-28,The_Wall_Street_Journal,0,0,0,0,0,1
2015-04-06,Thomson_Reuters,0,0,0,0,0,1
2016-11-23,Thomson_Reuters,0,0,0,0,0,1
2013-05-23,Thomson_Reuters,0,0,1,0,0,1
2002-04-17,The_Wall_Street_Journal,0,0,0,0,0,1
2016-09-07,The_Wall_Street_Journal,0,0,1,0,0,1
2011-06-13,Thomson_Reuters,0,0,0,0,0,1
2019-06-26,Thomson_Reuters,0,0,0,0,0,1
2016-12-07,The_Wall_Street_Journal,0,0,0,0,0,1
2013-01-02,Thomson_Reuters,0,0,0,0,0,1
2009-05-07,Thomson_Reuters,0,0,0,0,0,1
2009-03-11,Thomson_Reuters,0,0,0,0,0,1
2006-09-14,The_Wall_Street_Journal,0,0,0,1,0,1
2002-03-11,The_Wall_Street_Journal,0,0,0,0,0,2
2010-09-29,Thomson_Reuters,0,0,1,0,0,1
2018-10-11,The_Wall_Street_Journal,0,0,0,0,0,1
2018-03-09,The_Wall_Street_Journal,0,0,0,0,0,1
2008-11-18,Thomson_Reuters,0,0,2,0,0,1
2002-03-19,The_Wall_Street_Journal,0,0,0,0,0,1
2000-08-11,The_Wall_Street_Journal,0,0,0,0,0,1
2018-05-21,The_Wall_Street_Journal,0,0,0,0,0,1
2018-08-28,The_Wall_Street_Journal,0,0,0,0,0,1
2006-10-11,The_Wall_Street_Journal,0,0,0,0,0,1
2010-08-09,Thomson_Reuters,0,0,1,0,0,1
2017-06-01,The_Wall_Street_Journal,0,0,0,0,0,1
2002-02-22,The_Wall_Street_Journal,0,0,0,0,0,1
2018-11-29,The_Wall_Street_Journal,0,0,1,0,0,1
2014-10-06,Thomson_Reuters,0,0,1,0,0,1
2017-02-18,Thomson_Reuters,0,0,0,0,1,1
2018-12-04,Financial_Times,0,0,0,0,0,1
2014-04-01,The_Wall_Street_Journal,0,0,0,0,0,1
2015-03-02,Thomson_Reuters,0,0,2,0,0,1
2017-12-03,The_Wall_Street_Journal,0,0,0,0,0,1
2015-09-08,Thomson_Reuters,0,0,0,1,0,1
2012-07-12,Thomson_Reuters,0,0,1,0,0,1
2006-07-26,The_Wall_Street_Journal,0,0,1,0,0,2
2011-01-24,The_Wall_Street_Journal,0,0,0,0,0,1
2019-11-17,Thomson_Reuters,0,0,0,0,0,1
2012-07-13,Thomson_Reuters,1,0,0,0,0,1
2019-08-22,The_Wall_Street_Journal,0,1,0,0,0,1
2009-11-24,Thomson_Reuters,0,0,1,0,0,1
2018-04-22,The_Wall_Street_Journal,0,0,0,0,0,2
2010-07-07,Financial_Times,0,0,1,0,0,1
2015-06-01,Thomson_Reuters,0,0,0,0,0,1
2002-03-04,The_Wall_Street_Journal,0,0,0,0,0,1
2004-10-22,The_Wall_Street_Journal,0,0,0,0,0,1
2019-11-06,The_Wall_Street_Journal,0,0,0,0,0,1
2016-11-12,Thomson_Reuters,0,0,0,0,0,1
2019-02-27,The_Wall_Street_Journal,0,0,0,0,0,1
2019-04-17,Financial_Times,0,0,1,0,0,1
2017-10-12,The_Wall_Street_Journal,0,0,2,0,0,1
2002-10-15,The_Wall_Street_Journal,0,0,0,0,0,1
2019-03-25,Thomson_Reuters,0,0,0,0,0,1
2018-09-24,Financial_Times,1,0,0,1,0,1
2001-01-16,The_Wall_Street_Journal,0,0,0,0,0,2
2017-07-20,Thomson_Reuters,0,0,0,0,0,1
2017-05-30,The_Wall_Street_Journal,0,0,0,0,0,1
2017-04-13,The_Wall_Street_Journal,1,0,0,0,0,1
2012-10-11,Financial_Times,0,0,0,0,0,1
2019-03-06,Thomson_Reuters,0,0,0,2,0,1
2015-03-02,Thomson_Reuters,0,0,0,0,0,1
2014-09-24,Thomson_Reuters,0,0,0,0,0,1
2017-04-07,Financial_Times,0,0,0,0,0,2
2010-10-14,The_Wall_Street_Journal,0,0,0,0,0,1
2007-07-25,The_Wall_Street_Journal,0,0,1,0,0,1
2014-03-07,Thomson_Reuters,0,0,0,0,0,1
2019-11-06,The_Wall_Street_Journal,0,0,1,1,0,1
2018-02-23,Financial_Times,0,0,1,0,0,1
2016-09-12,Thomson_Reuters,0,0,0,0,0,1
2019-06-27,Financial_Times,0,0,0,0,0,1
2000-09-25,The_Wall_Street_Journal,1,0,0,0,0,1
2017-09-25,The_Wall_Street_Journal,0,0,0,0,0,1
2005-06-20,The_Wall_Street_Journal,0,0,1,0,0,2
2002-03-07,The_Wall_Street_Journal,0,0,1,0,0,2
2015-08-12,The_Wall_Street_Journal,0,0,0,0,0,1
2019-11-18,Thomson_Reuters,0,0,1,0,0,1
2010-08-30,Thomson_Reuters,0,0,0,0,0,1
2018-02-26,The_Wall_Street_Journal,0,0,2,0,0,1
2019-05-17,Financial_Times,0,0,1,0,0,1
2015-10-09,The_Wall_Street_Journal,0,0,1,0,0,1
2002-03-06,The_Wall_Street_Journal,0,0,0,0,0,1
2013-09-24,Financial_Times,0,0,0,0,0,1
2018-10-17,The_Wall_Street_Journal,0,0,0,0,0,1
2015-08-28,Financial_Times,0,0,0,0,0,1
2006-09-13,The_Wall_Street_Journal,0,0,1,1,0,1
2016-05-30,The_Wall_Street_Journal,0,0,1,0,0,1
2006-09-13,The_Wall_Street_Journal,0,0,0,0,0,1
2017-09-25,The_Wall_Street_Journal,0,0,0,0,0,1
2005-05-31,The_Wall_Street_Journal,0,0,0,0,0,1
2007-08-31,The_Wall_Street_Journal,0,0,0,0,0,3
2013-02-22,Thomson_Reuters,0,0,0,0,0,1
2013-05-24,The_Wall_Street_Journal,0,0,1,0,0,1
2019-11-26,The_Wall_Street_Journal,0,0,0,0,0,1
2010-08-09,Thomson_Reuters,0,0,0,0,0,1
2017-11-23,Financial_Times,0,0,0,0,0,1
2019-03-04,Thomson_Reuters,0,0,0,0,0,1
2019-11-26,Thomson_Reuters,0,0,0,0,0,1
2001-09-06,The_Wall_Street_Journal,0,0,1,0,0,1
2004-08-16,The_Wall_Street_Journal,0,0,0,0,0,1
2015-07-19,Financial_Times,0,0,0,1,0,1
2013-05-23,Thomson_Reuters,0,0,0,0,0,1
2013-01-02,Thomson_Reuters,0,1,0,0,0,1
2017-08-16,The_Wall_Street_Journal,0,0,0,0,0,1
2012-01-19,Thomson_Reuters,0,0,1,0,0,1
2002-02-28,The_Wall_Street_Journal,0,0,0,0,0,1
2015-06-15,Thomson_Reuters,0,0,0,0,0,1
2002-03-05,The_Wall_Street_Journal,0,0,0,0,0,1
2001-10-11,The_Wall_Street_Journal,0,0,0,0,0,2
1998-11-06,The_Wall_Street_Journal,0,0,1,0,0,1
2019-11-26,The_Wall_Street_Journal,0,0,1,0,0,1
2015-11-25,Thomson_Reuters,0,1,1,0,0,1
2019-11-27,Channel_News_Asia,0,0,0,0,0,1
2017-08-23,The_Wall_Street_Journal,0,0,0,0,0,1
2015-09-02,Thomson_Reuters,0,0,0,0,0,1
2011-07-28,The_Wall_Street_Journal,0,0,0,1,0,1
2019-08-24,Financial_Times,0,0,0,0,0,1
2018-11-03,Channel_News_Asia,1,0,0,0,0,1
2006-12-12,The_Wall_Street_Journal,0,1,0,0,0,1
2015-02-25,Thomson_Reuters,0,0,1,0,0,1
2010-08-09,Thomson_Reuters,0,0,0,0,0,1
2013-02-22,Thomson_Reuters,0,0,0,0,0,1
2009-01-31,The_Wall_Street_Journal,1,0,1,0,0,1
2011-09-23,Thomson_Reuters,0,0,0,0,0,1
2010-09-02,Thomson_Reuters,0,0,0,0,0,1
2010-08-20,Thomson_Reuters,0,0,1,0,0,1
2016-10-12,The_Wall_Street_Journal,0,0,0,0,0,1
2009-11-24,Thomson_Reuters,0,0,0,0,0,1
2012-10-11,Thomson_Reuters,0,0,0,0,0,1
2009-11-12,Thomson_Reuters,0,0,1,0,0,1
2019-04-01,Thomson_Reuters,0,0,0,0,0,1
2010-05-26,Thomson_Reuters,1,0,0,0,0,2
2018-05-31,Financial_Times,0,0,0,0,0,1
2010-09-13,Thomson_Reuters,0,0,0,0,0,1
2002-03-11,The_Wall_Street_Journal,0,0,0,1,0,1
2019-02-21,The_Wall_Street_Journal,0,0,0,0,0,1
2010-08-30,Thomson_Reuters,0,0,1,0,0,1
2011-05-17,Thomson_Reuters,0,1,1,0,0,1
2011-12-30,The_Wall_Street_Journal,0,0,0,0,0,1
2012-03-30,Thomson_Reuters,0,0,1,0,0,1
2010-08-24,Thomson_Reuters,0,0,0,0,0,1
2018-11-15,Financial_Times,0,0,1,0,0,1
2011-09-22,The_Wall_Street_Journal,0,0,0,0,0,1
2010-12-30,The_Wall_Street_Journal,0,0,0,0,0,1
2009-05-19,Thomson_Reuters,0,0,0,0,0,1
2016-11-22,The_Wall_Street_Journal,0,0,1,0,0,1
2006-06-16,The_Wall_Street_Journal,0,0,0,0,0,1
2009-10-28,Thomson_Reuters,0,0,0,0,0,1
2018-04-09,The_Wall_Street_Journal,0,0,0,0,0,1
2013-11-28,Thomson_Reuters,0,0,0,0,0,1
2013-01-02,Thomson_Reuters,0,0,0,0,0,1
2010-08-20,Thomson_Reuters,0,0,0,0,0,1
2011-05-17,Thomson_Reuters,0,1,1,0,0,1
2019-11-25,Thomson_Reuters,0,0,0,0,0,1
2019-03-23,Thomson_Reuters,0,0,0,0,0,1
2013-01-10,Thomson_Reuters,0,0,0,0,0,1
2015-09-28,The_Wall_Street_Journal,0,0,0,0,0,1
2000-03-29,The_Wall_Street_Journal,0,0,0,0,0,1
2010-06-08,Thomson_Reuters,0,0,0,0,0,1
2001-04-02,The_Wall_Street_Journal,0,0,0,0,0,1
2019-12-04,Thomson_Reuters,0,0,0,0,0,1
2019-02-07,The_Wall_Street_Journal,0,0,1,0,0,1
1999-09-10,The_Wall_Street_Journal,0,0,0,0,0,1
2012-11-20,Financial_Times,0,0,0,0,0,1
2016-06-30,The_Wall_Street_Journal,0,0,0,0,0,1
2010-02-18,Thomson_Reuters,0,0,0,0,0,1
2015-04-10,The_Wall_Street_Journal,0,0,0,0,0,2
2019-03-03,The_Wall_Street_Journal,0,0,1,0,0,1
2005-02-09,The_Wall_Street_Journal,0,0,0,0,1,1
2019-12-30,The_Jakarta_Post,0,0,1,0,0,1
2013-04-08,Thomson_Reuters,0,1,0,0,0,1
1998-10-22,The_Wall_Street_Journal,0,0,0,0,0,1
2009-05-20,Thomson_Reuters,0,1,1,0,0,1
2004-11-19,The_Wall_Street_Journal,0,0,0,0,0,1
1999-06-27,The_Wall_Street_Journal,0,0,0,0,0,1
2004-11-04,The_Wall_Street_Journal,0,0,0,0,0,1
2013-11-27,Thomson_Reuters,0,0,0,0,0,1
2017-03-31,Financial_Times,0,0,0,0,0,2
2016-04-20,The_Wall_Street_Journal,0,0,0,0,0,1
2001-10-08,The_Wall_Street_Journal,0,0,1,1,0,1
2010-11-04,The_Wall_Street_Journal,0,0,0,0,0,2
2012-05-08,The_Wall_Street_Journal,0,0,0,0,0,1
2019-09-30,Financial_Times,0,0,0,0,0,1
2015-04-29,Thomson_Reuters,0,0,0,0,0,1
2002-03-06,The_Wall_Street_Journal,0,0,0,0,0,1
2015-08-20,Thomson_Reuters,0,0,0,0,0,1
1998-06-30,The_Wall_Street_Journal,0,0,0,0,0,1
2016-01-02,The_Jakarta_Post,0,0,0,0,0,1
2016-11-11,The_Wall_Street_Journal,0,0,0,0,0,1
2005-01-11,The_Wall_Street_Journal,0,0,0,0,0,1
2010-12-30,The_Wall_Street_Journal,0,1,1,0,0,1
2016-02-23,The_Wall_Street_Journal,0,0,1,0,0,1
2019-11-08,Channel_News_Asia,0,0,0,0,0,1
2013-05-23,The_Phnom_Penh_Post,0,0,1,0,0,1
1999-07-12,The_Wall_Street_Journal,0,0,0,0,0,1
2002-03-13,The_Wall_Street_Journal,0,0,0,0,0,1
2004-03-24,The_Wall_Street_Journal,0,0,0,0,0,1
2000-04-06,The_Wall_Street_Journal,0,0,0,0,0,1
2017-11-22,Thomson_Reuters,0,0,0,0,0,1
2010-08-28,The_Wall_Street_Journal,0,0,0,0,0,1
2001-09-03,The_Wall_Street_Journal,0,0,0,0,0,1
2000-09-25,The_Wall_Street_Journal,0,0,0,0,0,1
2019-02-28,The_Wall_Street_Journal,1,0,0,0,0,1
2015-03-10,The_Wall_Street_Journal,0,0,0,0,0,2
2011-07-07,The_Wall_Street_Journal,0,0,0,0,0,2
2019-11-06,The_Wall_Street_Journal,0,0,2,1,0,1
2019-08-30,Financial_Times,0,1,0,0,0,1
2006-07-25,The_Wall_Street_Journal,0,0,0,1,0,3
2017-09-27,The_Wall_Street_Journal,0,0,0,0,0,2
2006-03-21,The_Wall_Street_Journal,0,0,2,0,0,1
2015-03-24,The_Wall_Street_Journal,0,0,0,0,0,1
2013-09-23,Thomson_Reuters,0,0,0,0,0,2
2015-09-16,Thomson_Reuters,0,0,1,0,0,1
2019-08-29,Thomson_Reuters,0,0,1,0,0,1
2012-11-23,Thomson_Reuters,0,0,0,1,0,1
2015-05-22,Thomson_Reuters,0,0,0,0,0,1
2013-08-16,The_Wall_Street_Journal,0,0,0,0,0,1
2010-09-28,Thomson_Reuters,0,0,0,0,0,1
2019-03-22,Thomson_Reuters,0,0,0,0,0,1
2009-03-11,Thomson_Reuters,0,0,0,0,0,1
2009-09-22,Thomson_Reuters,0,0,2,0,0,1
2017-10-20,Financial_Times,0,0,0,0,1,2
2017-10-10,The_Wall_Street_Journal,0,0,0,0,0,1
2009-03-12,The_Wall_Street_Journal,0,1,0,0,0,1
2013-04-08,Thomson_Reuters,0,1,0,0,0,1
2016-07-01,Thomson_Reuters,0,0,0,0,0,1
2016-06-30,The_Wall_Street_Journal,0,0,1,0,0,1
2017-12-04,The_Wall_Street_Journal,0,0,0,0,0,1
2004-12-23,The_Wall_Street_Journal,0,0,0,0,0,1
2015-05-14,Thomson_Reuters,0,0,0,0,0,1
2005-04-15,The_Wall_Street_Journal,0,0,0,0,0,1
2012-11-21,Thomson_Reuters,0,0,0,0,0,1
2000-09-25,The_Wall_Street_Journal,0,0,0,0,0,1
2017-02-22,The_Wall_Street_Journal,0,0,0,0,0,1
2018-11-30,Thomson_Reuters,0,0,0,0,0,1
2010-08-23,Thomson_Reuters,0,0,0,0,0,1
2015-07-07,Thomson_Reuters,0,0,0,0,0,1
2019-12-08,Financial_Times,1,0,0,1,0,1
2015-09-16,Thomson_Reuters,0,0,0,0,0,1
2019-02-28,The_Wall_Street_Journal,0,0,0,0,0,1
2014-10-14,Thomson_Reuters,0,0,0,0,0,1
2009-11-11,Thomson_Reuters,0,0,0,0,0,1
2018-07-29,Financial_Times,0,0,0,0,0,1
1999-06-14,The_Wall_Street_Journal,0,0,0,0,0,1
2008-11-18,Thomson_Reuters,0,1,0,0,0,1
2015-03-02,Thomson_Reuters,0,0,2,0,0,1
2019-06-26,Thomson_Reuters,0,1,1,2,0,1
2010-09-30,Thomson_Reuters,0,1,0,0,0,1
2016-09-27,The_Wall_Street_Journal,0,0,0,0,0,1
2017-06-23,Thomson_Reuters,0,0,0,3,0,1
2015-04-21,Thomson_Reuters,0,0,0,0,0,1
2015-07-01,The_Wall_Street_Journal,0,0,0,0,0,1
2016-10-17,The_Wall_Street_Journal,0,0,0,0,0,1
2005-06-20,The_Wall_Street_Journal,0,0,1,0,0,2
2016-05-09,Financial_Times,0,0,0,1,0,1
2010-08-09,Thomson_Reuters,0,0,1,0,0,1
2012-08-23,Thomson_Reuters,0,0,0,0,0,1
2018-02-18,Thomson_Reuters,0,0,0,0,0,1
2019-07-03,Financial_Times,0,1,0,1,0,1
2010-09-02,Thomson_Reuters,0,0,0,0,0,1
2005-05-18,The_Wall_Street_Journal,0,0,0,0,0,1
1999-07-07,The_Wall_Street_Journal,0,0,0,0,0,1
2008-11-06,Thomson_Reuters,0,0,2,0,0,1
2016-05-13,Financial_Times,0,0,4,0,0,1
2019-11-18,Financial_Times,0,0,0,0,0,1
2009-10-14,Thomson_Reuters,0,0,0,0,0,1
2016-02-11,Thomson_Reuters,0,0,1,0,0,1
2009-02-19,Thomson_Reuters,0,0,0,0,0,1
2009-10-19,The_Wall_Street_Journal,0,0,0,0,0,2
2010-08-26,Thomson_Reuters,0,0,0,0,0,1
2016-03-22,The_Wall_Street_Journal,0,0,0,0,0,1
2011-08-19,The_Wall_Street_Journal,0,0,0,0,0,2
2012-08-23,Thomson_Reuters,0,0,0,0,0,1
2016-06-20,The_Wall_Street_Journal,0,0,0,0,0,1
2009-09-29,Thomson_Reuters,0,0,0,0,0,1
2010-08-23,Thomson_Reuters,0,0,0,0,0,1
2013-05-23,Thomson_Reuters,0,0,0,0,0,1
2013-04-11,Thomson_Reuters,0,1,1,0,0,1
2019-11-08,The_Wall_Street_Journal,0,0,0,0,0,1
2018-05-29,Thomson_Reuters,0,0,0,0,0,1
2016-06-15,Financial_Times,0,0,0,0,0,1
2011-09-21,Thomson_Reuters,0,1,1,0,0,1
2009-11-27,The_Wall_Street_Journal,0,1,0,0,1,3
2016-04-04,Thomson_Reuters,0,0,0,0,0,1
2015-11-24,Thomson_Reuters,0,0,0,0,0,1
2011-08-19,Thomson_Reuters,0,1,1,0,0,1
2012-11-20,Thomson_Reuters,0,0,0,0,0,1
2009-11-11,The_Wall_Street_Journal,0,0,0,0,0,1
2009-09-09,Thomson_Reuters,0,0,0,0,0,1
2006-09-22,The_Wall_Street_Journal,0,0,0,0,0,1
2001-05-10,The_Wall_Street_Journal,0,0,0,0,0,1
2014-10-20,The_Wall_Street_Journal,0,0,2,0,0,1
2000-12-18,The_Wall_Street_Journal,0,0,0,0,0,1
2009-11-24,Thomson_Reuters,0,0,1,0,0,1
2001-04-05,The_Wall_Street_Journal,0,0,0,0,0,1
2015-11-24,The_Wall_Street_Journal,0,0,1,0,0,1
2002-01-21,The_Wall_Street_Journal,0,0,0,0,0,1
2010-08-23,Thomson_Reuters,0,0,1,0,0,1
2002-03-05,The_Wall_Street_Journal,0,0,0,0,0,1
2015-02-25,Thomson_Reuters,0,0,1,0,0,1
2013-11-27,Thomson_Reuters,0,0,0,0,0,1
2009-11-12,Thomson_Reuters,0,0,0,0,0,1
2015-05-22,Thomson_Reuters,0,0,0,0,0,1
2012-03-16,The_Wall_Street_Journal,0,0,0,0,0,1
2017-12-13,The_Wall_Street_Journal,0,0,1,0,0,1
2019-06-24,Financial_Times,0,0,0,0,0,2
2016-05-30,The_Wall_Street_Journal,0,0,0,0,0,1
2012-10-28,The_Wall_Street_Journal,0,0,0,0,0,1
2019-11-07,Financial_Times,0,0,0,0,0,1
2017-08-04,Thomson_Reuters,0,0,0,0,0,1
2005-03-29,The_Wall_Street_Journal,0,0,0,0,0,1
2016-08-24,Thomson_Reuters,0,0,0,0,0,1
2010-12-08,The_Wall_Street_Journal,0,0,0,0,0,1
2017-07-31,Thomson_Reuters,0,0,0,1,0,2
2016-05-25,The_Wall_Street_Journal,0,0,0,0,0,1
2013-04-02,Thomson_Reuters,0,0,1,0,0,1
2013-09-10,Financial_Times,0,0,0,0,0,1
2009-11-24,Thomson_Reuters,0,0,1,0,0,1
2014-07-24,The_Wall_Street_Journal,0,0,0,0,0,1
2019-12-14,Financial_Times,1,0,0,1,0,1
2019-11-25,Financial_Times,0,0,0,0,0,1
2018-04-11,The_Wall_Street_Journal,1,0,2,0,0,1
2015-09-15,Thomson_Reuters,0,0,1,0,0,1
2018-06-01,Thomson_Reuters,0,0,0,0,0,1
2016-10-26,Thomson_Reuters,0,0,0,0,0,1
2013-01-21,The_Wall_Street_Journal,0,0,0,0,0,2
2012-05-23,Thomson_Reuters,0,1,0,0,0,1
2018-01-17,Financial_Times,0,0,0,0,0,1
2015-08-21,Thomson_Reuters,0,0,1,0,0,1
2013-11-27,Thomson_Reuters,0,0,0,0,0,1
2017-11-02,Thomson_Reuters,0,0,0,0,0,1
2014-01-19,The_Wall_Street_Journal,0,0,0,0,0,1
2010-08-20,Thomson_Reuters,2,0,1,0,0,1
2019-11-18,Thomson_Reuters,0,0,0,0,0,1
2008-05-08,The_Wall_Street_Journal,1,1,0,0,0,1
2019-11-29,Financial_Times,0,0,0,0,0,1
2019-11-14,Financial_Times,0,0,0,0,0,1
2012-09-27,Thomson_Reuters,0,1,1,1,0,1
2005-10-25,The_Wall_Street_Journal,0,0,0,0,0,3
2017-08-23,Thomson_Reuters,0,0,0,0,0,1
2019-03-04,The_Wall_Street_Journal,0,0,0,0,0,1
2008-09-25,The_Wall_Street_Journal,0,0,0,0,0,1
2013-05-23,Thomson_Reuters,0,0,1,0,0,1
2013-01-10,Thomson_Reuters,0,0,0,0,0,1
2016-06-23,Thomson_Reuters,1,0,0,0,1,1
2012-11-27,Financial_Times,0,0,1,0,0,3
2008-06-05,The_Wall_Street_Journal,0,2,0,0,0,1
2006-09-23,The_Wall_Street_Journal,0,0,0,0,0,1
2012-07-21,The_Wall_Street_Journal,0,0,0,0,0,1
2015-12-30,The_Jakarta_Post,0,0,0,0,0,1
2017-11-22,Thomson_Reuters,0,0,0,1,0,1
2010-08-24,Thomson_Reuters,0,0,0,0,0,1
2013-05-23,Thomson_Reuters,0,0,0,0,0,1
2002-04-11,The_Wall_Street_Journal,0,0,0,0,0,1
2018-03-07,Financial_Times,0,0,0,0,0,1
2013-01-21,The_Wall_Street_Journal,0,0,0,0,0,1
2014-10-06,Thomson_Reuters,0,0,0,0,0,1
2013-01-11,The_Wall_Street_Journal,0,0,1,0,0,1
2010-08-07,The_Wall_Street_Journal,0,0,0,0,0,2
2002-08-13,The_Wall_Street_Journal,0,0,0,0,0,1
2001-02-09,The_Wall_Street_Journal,0,0,1,0,0,1
2010-12-06,The_Myanmar_Times,0,0,0,0,0,1
2014-01-15,The_Wall_Street_Journal,0,0,0,0,0,1
2016-12-22,The_Wall_Street_Journal,0,0,1,0,0,1
2006-06-08,The_Wall_Street_Journal,0,0,0,0,0,1
2016-09-07,Thomson_Reuters,1,0,1,0,0,1
2019-12-06,New_Strait_Times,0,0,0,0,1,1
2010-08-11,The_Wall_Street_Journal,0,0,0,0,0,1
2010-03-08,Thomson_Reuters,0,0,1,0,0,1
2015-08-11,The_Wall_Street_Journal,0,0,0,0,0,1
2016-09-06,Thomson_Reuters,1,0,1,0,0,1
2015-03-02,Thomson_Reuters,0,0,1,0,0,1
2019-11-13,The_Wall_Street_Journal,0,0,1,0,0,1
2019-05-23,The_Wall_Street_Journal,0,0,0,0,0,1
2016-08-24,The_Wall_Street_Journal,0,0,1,0,0,1
2005-02-04,The_Wall_Street_Journal,0,0,0,0,0,1
2017-10-03,The_Wall_Street_Journal,0,0,0,0,0,1
2004-06-18,The_Wall_Street_Journal,0,0,0,0,0,2
2010-09-29,Thomson_Reuters,0,0,1,0,0,1
2003-12-09,The_Wall_Street_Journal,0,0,0,0,0,1
2019-11-07,Financial_Times,0,0,1,0,0,2
2001-10-31,The_Wall_Street_Journal,0,0,0,0,0,1
2002-10-18,The_Wall_Street_Journal,0,0,0,0,0,1
2016-09-18,The_Wall_Street_Journal,0,0,0,0,0,1
2002-07-30,The_Wall_Street_Journal,0,0,0,0,0,1
2000-06-26,The_Wall_Street_Journal,0,0,0,0,0,2
2005-09-14,The_Wall_Street_Journal,1,0,0,0,0,1
2003-04-15,The_Wall_Street_Journal,0,0,0,0,0,1
2012-06-04,Thomson_Reuters,0,0,0,0,0,1
2005-04-20,The_Wall_Street_Journal,0,0,0,0,0,1
2017-07-12,The_Wall_Street_Journal,0,0,0,0,0,1
2017-11-22,Thomson_Reuters,0,0,0,0,0,2
2016-09-08,Thomson_Reuters,0,0,0,0,0,1
2013-11-26,The_Wall_Street_Journal,0,0,2,0,0,1
2019-06-17,Financial_Times,1,0,0,1,0,1
2010-10-15,Financial_Times,0,0,0,0,0,1
2002-08-15,The_Wall_Street_Journal,1,0,1,0,0,1
2001-01-11,The_Wall_Street_Journal,0,0,0,0,0,1
2019-03-26,Thomson_Reuters,0,0,0,0,0,1
2002-03-05,The_Wall_Street_Journal,0,0,0,0,0,1
2019-07-03,Thomson_Reuters,1,0,0,1,0,1
2017-11-30,Thomson_Reuters,0,0,0,0,0,1
2012-10-03,Thomson_Reuters,0,0,1,0,0,1
2010-08-20,Thomson_Reuters,0,0,0,0,0,1
2016-05-25,The_Wall_Street_Journal,0,0,0,0,0,1
2013-11-27,Thomson_Reuters,0,0,0,0,0,1
2019-11-14,Thomson_Reuters,0,0,0,0,0,1
2018-10-23,Financial_Times,0,0,0,0,0,1
2002-01-14,The_Wall_Street_Journal,1,0,1,0,0,3
2005-06-22,The_Wall_Street_Journal,0,0,0,0,0,2
2017-05-25,The_Wall_Street_Journal,0,0,0,0,0,1
2018-01-17,Thomson_Reuters,0,0,0,0,0,1
2018-05-30,Thomson_Reuters,0,0,0,0,0,1
2012-08-23,Thomson_Reuters,0,0,1,0,0,1
2014-10-05,Thomson_Reuters,0,0,0,0,0,1
2018-03-28,The_Wall_Street_Journal,0,0,1,1,0,1
2009-05-07,Thomson_Reuters,0,0,1,0,0,1
2018-09-16,The_Wall_Street_Journal,0,0,0,0,0,1
2009-11-24,Thomson_Reuters,0,0,0,0,0,1
2010-02-15,The_Myanmar_Times,1,0,0,0,0,1
2016-07-07,The_Wall_Street_Journal,0,0,0,0,0,1
2015-09-07,Thomson_Reuters,0,0,0,0,0,1
2016-04-22,The_Wall_Street_Journal,0,0,0,0,0,2
2014-11-26,Thomson_Reuters,0,0,0,0,0,1
2019-11-06,Financial_Times,0,0,0,0,0,1
2014-11-19,The_Wall_Street_Journal,0,1,1,0,0,1
2008-09-09,The_Wall_Street_Journal,0,0,0,0,0,2
2015-10-01,Thomson_Reuters,0,0,0,0,0,1
2007-09-20,The_Wall_Street_Journal,0,0,0,0,0,1
2016-06-19,The_Wall_Street_Journal,0,0,0,0,0,1
2007-09-21,The_Wall_Street_Journal,1,0,1,0,0,2
2019-03-21,The_Wall_Street_Journal,0,0,0,0,0,1
2019-11-21,Thomson_Reuters,0,0,0,0,0,1
2018-02-22,The_Wall_Street_Journal,0,0,0,0,0,1
2018-03-25,The_Wall_Street_Journal,0,0,0,0,0,1
2005-02-15,The_Wall_Street_Journal,0,0,0,0,0,2
2012-07-12,Thomson_Reuters,0,0,1,0,0,1
2002-02-26,The_Wall_Street_Journal,0,0,0,0,0,1
2004-01-08,The_Wall_Street_Journal,0,0,0,0,0,1
2017-06-22,The_Wall_Street_Journal,0,0,0,0,0,1
2001-09-06,The_Wall_Street_Journal,0,0,0,0,0,1
2013-09-10,Thomson_Reuters,0,1,0,0,0,1
2014-02-05,The_Wall_Street_Journal,0,0,0,0,0,1
2016-06-02,Financial_Times,0,0,0,1,0,1
2001-01-11,The_Wall_Street_Journal,0,0,0,0,0,1
2009-05-30,The_Wall_Street_Journal,0,0,0,0,0,1
2010-08-27,Thomson_Reuters,0,1,1,0,0,1
2015-10-01,The_Wall_Street_Journal,0,0,0,0,0,1
2011-05-17,Thomson_Reuters,0,1,1,0,0,2
2014-10-12,Financial_Times,0,0,1,0,0,1
2015-10-27,The_Wall_Street_Journal,0,0,0,0,0,1
2012-10-16,The_Wall_Street_Journal,0,0,0,0,0,1
2019-11-19,Channel_News_Asia,0,0,0,0,0,1
2017-06-13,The_Wall_Street_Journal,0,0,0,0,0,1
2004-08-27,The_Wall_Street_Journal,0,0,0,0,0,1
2001-09-04,The_Wall_Street_Journal,0,0,0,0,0,1
2009-11-11,Thomson_Reuters,0,0,0,0,0,1
2015-11-26,Thomson_Reuters,0,1,1,0,0,1
2001-10-16,The_Wall_Street_Journal,0,2,0,0,0,2
2016-01-08,Thomson_Reuters,0,0,0,0,0,1
2002-03-06,The_Wall_Street_Journal,0,0,0,0,0,1
2001-08-01,The_Wall_Street_Journal,0,0,0,0,0,1
2013-04-02,Thomson_Reuters,0,1,0,0,0,1
2018-08-23,The_Wall_Street_Journal,0,0,1,0,0,1
2019-06-19,Thomson_Reuters,0,0,0,0,0,1
2009-09-22,Thomson_Reuters,0,0,2,0,0,1
1999-08-13,The_Wall_Street_Journal,0,0,0,0,0,1
2016-08-26,The_Wall_Street_Journal,0,0,0,0,0,1
2002-03-02,The_Wall_Street_Journal,0,0,0,0,0,1
2016-01-12,The_Wall_Street_Journal,0,1,0,0,0,1
2015-11-25,Thomson_Reuters,0,1,1,0,0,1
2019-03-25,Thomson_Reuters,0,0,0,0,0,1
2010-02-18,Thomson_Reuters,0,0,0,0,0,1
2019-02-14,Financial_Times,0,0,0,0,0,1
2015-12-23,The_Wall_Street_Journal,0,0,0,3,0,1
2016-11-16,The_Wall_Street_Journal,1,0,0,0,0,1
2019-03-04,Financial_Times,0,0,0,0,0,1
2010-09-13,Thomson_Reuters,0,0,1,0,0,1
2015-11-25,Thomson_Reuters,1,0,1,0,0,2
2005-10-25,The_Wall_Street_Journal,0,0,0,0,0,1
2012-05-24,Thomson_Reuters,0,0,0,0,0,1
2017-05-09,Thomson_Reuters,0,0,0,0,0,1
2019-01-11,The_Wall_Street_Journal,0,0,1,0,0,1
2007-05-17,The_Wall_Street_Journal,0,0,0,0,0,2
2004-12-06,The_Wall_Street_Journal,0,0,0,0,0,1
2019-03-23,Thomson_Reuters,0,0,0,0,0,1
2014-03-24,The_Wall_Street_Journal,0,0,0,0,0,1
2017-05-14,The_Wall_Street_Journal,0,0,1,0,0,1
2013-04-04,The_Wall_Street_Journal,0,0,0,0,0,1
2009-02-23,The_Wall_Street_Journal,0,0,0,0,0,1
2009-11-11,Thomson_Reuters,0,0,0,0,0,1
2006-12-08,The_Wall_Street_Journal,0,0,0,0,0,1
2016-02-29,The_Jakarta_Post,0,0,0,0,0,1
2019-08-2,South_China_Morning_Post,0,0,0,0,0,1
2017-07-27,Thomson_Reuters,0,1,0,0,0,1
2013-03-19,Financial_Times,0,0,0,0,0,1
2016-10-20,The_Wall_Street_Journal,0,0,0,0,0,1
2019-09-16,Viet_Nam_News,0,0,0,0,2,1
2016-09-08,The_Wall_Street_Journal,0,0,1,0,0,1
2010-08-24,Thomson_Reuters,0,0,0,0,0,1
2013-11-27,Thomson_Reuters,0,0,2,0,0,1
2010-08-09,Thomson_Reuters,0,0,1,0,0,1
2019-11-05,The_Wall_Street_Journal,0,0,1,0,0,1
2019-11-27,Financial_Times,0,0,0,0,0,1
2002-02-22,The_Wall_Street_Journal,1,0,0,0,0,1
2019-06-05,Thomson_Reuters,0,0,0,0,0,1
2006-06-22,The_Wall_Street_Journal,0,0,0,0,0,1
2014-03-19,The_Wall_Street_Journal,0,0,0,0,0,1
2019-12-31,Thomson_Reuters,0,0,0,0,0,1
2017-05-25,The_Wall_Street_Journal,0,0,0,0,0,1
2000-04-06,The_Wall_Street_Journal,0,0,1,0,0,1
2015-12-27,The_Wall_Street_Journal,0,0,0,0,0,2
2019-11-08,Financial_Times,0,0,0,0,0,1
2014-11-26,Thomson_Reuters,0,0,0,0,0,1
2016-10-13,The_Wall_Street_Journal,0,0,1,0,0,1
2001-10-25,The_Wall_Street_Journal,0,0,2,0,0,1
2011-01-23,The_Wall_Street_Journal,0,0,0,0,0,1
2010-08-09,Thomson_Reuters,0,0,1,0,0,1
2013-11-27,Thomson_Reuters,0,0,2,0,0,1
2017-11-01,The_Wall_Street_Journal,0,0,0,0,0,1
2015-10-08,Thomson_Reuters,0,0,0,0,0,1
2010-08-09,Thomson_Reuters,0,0,1,0,0,1
2019-08-22,Thomson_Reuters,0,0,0,0,0,1
2018-03-09,Financial_Times,0,0,0,0,0,1
2015-11-24,The_Jakarta_Post,1,0,0,0,0,1
2004-07-07,The_Wall_Street_Journal,0,0,0,0,0,1
2019-11-21,Financial_Times,0,0,0,0,0,1
1999-08-31,The_Wall_Street_Journal,0,0,0,0,0,1
2012-01-06,The_Wall_Street_Journal,0,0,0,0,0,1
2009-08-19,Thomson_Reuters,0,0,0,0,0,1
2016-09-20,The_Wall_Street_Journal,0,0,0,0,0,1
2015-08-18,The_Wall_Street_Journal,0,0,1,0,0,1
2010-04-29,Thomson_Reuters,0,0,1,0,0,1
2019-11-18,Thomson_Reuters,0,0,0,0,0,1
2017-04-12,The_Wall_Street_Journal,0,0,0,0,0,1
2019-11-27,Thomson_Reuters,0,0,0,0,0,1
2014-01-21,The_Wall_Street_Journal,0,0,0,0,0,1
2017-09-01,Thomson_Reuters,0,0,0,0,0,1
2001-11-26,The_Wall_Street_Journal,0,0,0,0,0,1
2015-08-19,The_Wall_Street_Journal,0,0,2,0,0,1
2012-08-23,Thomson_Reuters,0,0,1,0,0,1
2002-04-30,The_Wall_Street_Journal,0,0,0,0,0,1
2000-11-24,The_Wall_Street_Journal,0,0,2,0,0,1
2013-03-29,The_Wall_Street_Journal,0,0,0,0,0,1
2002-01-18,The_Wall_Street_Journal,0,0,1,0,0,1
2019-02-28,Channel_News_Asia,0,0,0,0,0,1
2017-05-23,Thomson_Reuters,0,0,0,0,0,2
2019-09-16,Financial_Times,0,0,0,0,0,1
2015-05-04,Thomson_Reuters,0,0,0,0,0,1
2006-09-22,The_Wall_Street_Journal,0,0,0,0,0,1
2006-09-28,The_Wall_Street_Journal,1,0,0,1,0,1
2014-10-08,Thomson_Reuters,0,0,0,0,0,1
2010-10-27,The_Wall_Street_Journal,0,0,0,1,0,1
2014-02-21,Thomson_Reuters,0,0,1,0,0,1
2010-09-13,Thomson_Reuters,0,0,0,0,0,1
2019-10-04,Thomson_Reuters,0,0,1,0,0,1
2019-11-26,Financial_Times,0,0,0,0,0,1
2015-02-25,Thomson_Reuters,0,0,0,0,0,1
2005-02-11,The_Wall_Street_Journal,0,0,0,0,0,1
2008-11-29,The_Wall_Street_Journal,0,0,1,0,0,2
2019-08-23,The_Wall_Street_Journal,0,0,0,0,0,1
2005-12-16,The_Wall_Street_Journal,0,0,0,0,0,2
2010-08-23,Financial_Times,0,0,0,0,0,1
2014-09-04,Financial_Times,0,0,0,0,0,1
2007-01-24,The_Wall_Street_Journal,0,0,0,0,0,1
2013-01-02,Thomson_Reuters,0,0,0,0,0,1
2013-03-20,The_Wall_Street_Journal,0,0,0,0,0,1
2008-01-09,The_Wall_Street_Journal,0,0,0,0,0,1
2012-11-20,The_Wall_Street_Journal,0,0,0,0,0,1
2000-01-20,The_Wall_Street_Journal,0,0,0,0,0,1
2019-11-22,Financial_Times,0,0,1,0,1,2
2017-08-24,The_Wall_Street_Journal,0,0,0,0,0,1
2017-11-02,Thomson_Reuters,0,0,0,0,0,1
2016-03-23,Thomson_Reuters,0,0,0,0,0,1
2013-04-07,Financial_Times,0,0,0,0,0,1
2019-11-07,Thomson_Reuters,0,0,0,0,0,1
2016-10-31,Financial_Times,0,0,0,0,0,1
2014-09-29,Thomson_Reuters,0,0,1,0,0,1
2015-05-19,Thomson_Reuters,0,0,0,0,0,1
2001-09-05,The_Wall_Street_Journal,0,0,0,0,0,1
2019-11-21,Thomson_Reuters,0,0,0,0,0,1
2011-05-11,The_Wall_Street_Journal,0,0,0,0,0,1
2010-08-06,Thomson_Reuters,0,0,0,0,0,2
2016-09-06,The_Wall_Street_Journal,1,0,1,0,0,1
2009-11-23,Thomson_Reuters,0,0,0,0,0,1
2013-08-22,Thomson_Reuters,0,0,0,0,0,1
2012-11-26,The_Wall_Street_Journal,0,0,0,0,0,1
2017-11-22,The_Wall_Street_Journal,0,0,0,0,0,1
2010-11-23,Thomson_Reuters,0,0,1,0,0,1
2016-05-25,Thomson_Reuters,0,0,1,0,0,1
2016-09-09,The_Jakarta_Post,0,1,0,0,0,1
2018-04-30,Thomson_Reuters,0,0,0,0,0,1
2019-02-22,The_Wall_Street_Journal,0,0,0,0,0,1
2019-11-26,Financial_Times,0,0,0,0,0,1
2010-08-24,Financial_Times,1,0,1,0,0,1
2016-09-02,The_Wall_Street_Journal,0,0,0,0,0,2
2015-04-24,The_Wall_Street_Journal,0,0,0,0,0,1
2015-11-25,Thomson_Reuters,0,0,1,0,0,1
2016-04-06,Thomson_Reuters,0,0,0,0,0,1
2013-01-08,The_Wall_Street_Journal,0,0,0,0,0,1
2012-05-24,Thomson_Reuters,0,0,0,0,0,1
2015-05-21,The_Wall_Street_Journal,0,0,0,0,0,2
2004-08-16,The_Wall_Street_Journal,0,1,3,0,0,1
2012-07-10,Thomson_Reuters,0,0,0,0,0,1
2010-12-15,The_Wall_Street_Journal,0,0,0,0,0,1
2014-05-23,Thomson_Reuters,0,1,0,0,0,1
2008-02-06,The_Wall_Street_Journal,0,0,0,0,0,1
2018-08-01,The_Wall_Street_Journal,0,0,0,0,0,1
2017-11-19,Financial_Times,1,0,0,0,0,2
2009-08-19,Thomson_Reuters,0,0,0,0,0,1
2019-08-29,Financial_Times,0,0,0,0,0,1
2019-02-26,Channel_News_Asia,0,0,0,0,0,1
2016-08-25,Financial_Times,0,0,1,0,0,1
2002-02-22,The_Wall_Street_Journal,0,0,0,0,0,1
2001-03-24,The_Wall_Street_Journal,0,0,0,0,0,1
2013-04-11,Thomson_Reuters,0,1,1,0,0,1
2015-01-19,Thomson_Reuters,0,0,0,0,0,1
2019-03-25,The_Wall_Street_Journal,0,0,0,0,0,1
2018-11-30,Financial_Times,0,0,2,0,0,1
2011-11-09,Financial_Times,0,0,0,0,0,1
2015-02-25,Thomson_Reuters,0,0,1,0,0,1
2013-11-14,The_Wall_Street_Journal,0,0,0,0,0,1
2013-02-27,Financial_Times,0,0,0,0,0,1
2019-03-27,Thomson_Reuters,0,0,0,0,0,1
2005-06-20,The_Wall_Street_Journal,0,0,0,0,0,1
2010-04-29,Thomson_Reuters,0,0,0,0,0,1
2019-12-11,Financial_Times,1,0,0,1,0,1
2002-03-07,The_Wall_Street_Journal,0,0,0,0,0,1
2018-01-11,The_Wall_Street_Journal,0,0,0,0,0,1
2018-02-23,The_Wall_Street_Journal,0,0,0,0,0,1
2014-02-20,Thomson_Reuters,0,0,0,0,0,1
2019-08-22,The_Wall_Street_Journal,0,0,0,0,0,1
2017-01-18,Thomson_Reuters,0,0,0,0,0,1
2013-09-23,Thomson_Reuters,0,1,0,0,0,2
2019-03-28,The_Wall_Street_Journal,0,0,0,0,0,1
2013-04-11,Thomson_Reuters,0,0,1,0,0,1
2001-03-19,The_Wall_Street_Journal,0,0,0,0,0,1
1999-06-04,The_Wall_Street_Journal,0,0,0,0,0,1
2008-05-19,The_Wall_Street_Journal,0,0,0,0,0,2
2015-02-25,Thomson_Reuters,0,0,0,0,0,1
2015-02-27,Thomson_Reuters,0,0,0,0,0,1
2018-11-30,The_Wall_Street_Journal,0,0,0,0,0,1
1999-06-30,The_Wall_Street_Journal,0,0,1,0,0,1
2018-02-23,Thomson_Reuters,0,0,0,0,0,1
2012-09-27,Thomson_Reuters,0,1,0,0,0,1
2010-08-13,Thomson_Reuters,0,0,0,0,0,1
2008-11-18,Thomson_Reuters,0,0,1,0,0,1
2017-05-24,The_Wall_Street_Journal,1,0,0,0,0,1
2002-02-19,The_Wall_Street_Journal,0,0,0,0,0,1
2011-06-21,The_Wall_Street_Journal,0,0,1,0,0,1
2015-09-29,The_Wall_Street_Journal,0,0,1,0,0,1
2011-09-21,Thomson_Reuters,0,1,0,0,0,1
2019-03-25,Thomson_Reuters,0,0,0,0,0,1
2008-02-05,The_Wall_Street_Journal,0,0,0,0,0,1
2019-11-06,Thomson_Reuters,0,0,0,0,0,1
2010-08-18,The_Wall_Street_Journal,0,0,0,0,0,1
2016-05-05,The_Wall_Street_Journal,0,0,1,0,0,1
2015-03-31,Thomson_Reuters,0,0,0,0,0,1
2015-02-25,Thomson_Reuters,0,0,1,0,0,1
2012-07-12,Thomson_Reuters,0,0,1,0,0,1
2015-04-21,Thomson_Reuters,0,0,0,0,0,1
2015-09-16,Thomson_Reuters,0,0,1,0,0,1
2016-09-16,Thomson_Reuters,0,0,0,0,0,1
2003-03-17,The_Wall_Street_Journal,0,0,1,0,0,1
2019-03-22,Thomson_Reuters,0,0,0,0,0,1
2015-09-15,The_Wall_Street_Journal,0,0,0,0,0,1
2011-12-06,The_Wall_Street_Journal,0,0,0,0,0,1
2011-10-18,Thomson_Reuters,0,0,0,0,0,1
2014-05-23,Thomson_Reuters,0,0,0,0,0,1
2019-02-13,The_Wall_Street_Journal,0,0,0,0,0,2
2009-11-24,Thomson_Reuters,0,1,0,0,0,1
2017-09-26,The_Wall_Street_Journal,0,0,0,0,0,1
2017-11-13,Thomson_Reuters,0,0,0,0,0,1
2003-10-15,The_Wall_Street_Journal,0,0,0,0,0,2
2015-10-21,The_Wall_Street_Journal,0,0,0,0,0,1
1999-09-22,The_Wall_Street_Journal,0,0,0,0,0,1
2014-08-05,The_Wall_Street_Journal,0,0,0,0,0,1
2019-11-07,Financial_Times,0,0,0,0,0,1
2012-07-12,Thomson_Reuters,0,0,1,0,0,1
2004-12-16,The_Wall_Street_Journal,0,0,0,0,0,1
2016-06-21,The_Wall_Street_Journal,0,0,0,0,0,1
2016-03-13,The_Wall_Street_Journal,0,0,1,0,0,1
2016-10-11,The_Wall_Street_Journal,0,0,0,0,0,1
2005-02-09,The_Wall_Street_Journal,0,0,0,0,0,1
2003-08-20,The_Wall_Street_Journal,0,0,0,0,0,1
2002-03-25,The_Wall_Street_Journal,0,0,0,0,0,1
2016-04-05,The_Wall_Street_Journal,0,0,0,0,0,1
2019-11-06,The_Wall_Street_Journal,0,0,0,0,0,1
2015-09-13,The_Wall_Street_Journal,0,0,0,0,0,2
2011-12-31,The_Wall_Street_Journal,0,0,0,0,0,1
2016-12-07,The_Wall_Street_Journal,0,0,0,0,0,1
2011-05-17,Thomson_Reuters,0,0,0,0,0,2
2006-09-06,The_Wall_Street_Journal,0,0,0,0,0,1
2017-10-10,The_Wall_Street_Journal,0,0,0,0,0,1
2019-12-11,Thomson_Reuters,1,0,0,0,0,1
2010-08-07,The_Wall_Street_Journal,0,0,0,0,0,1
2010-02-18,Thomson_Reuters,0,0,0,0,0,1
2014-10-24,Thomson_Reuters,0,0,0,0,0,1
2019-05-23,The_Wall_Street_Journal,0,0,0,0,0,1
2010-08-24,Thomson_Reuters,0,0,1,0,0,1
2015-11-25,Thomson_Reuters,1,1,1,0,0,1
2006-12-12,The_Wall_Street_Journal,0,1,1,0,0,1
2014-04-24,Thomson_Reuters,0,0,0,0,0,1
2004-03-19,The_Wall_Street_Journal,0,0,0,1,0,1
2017-09-25,The_Wall_Street_Journal,0,0,0,0,0,1
2005-06-20,The_Wall_Street_Journal,0,0,0,0,0,1
2012-10-03,Thomson_Reuters,0,0,1,0,0,1
2006-12-07,The_Wall_Street_Journal,0,0,0,0,0,1
2010-11-26,The_Wall_Street_Journal,0,0,0,0,0,1
2004-05-17,The_Wall_Street_Journal,0,0,0,0,0,1
2012-04-04,Thomson_Reuters,0,0,0,0,1,1
2013-05-23,Thomson_Reuters,0,0,1,0,0,1
2010-08-26,Thomson_Reuters,0,0,0,0,0,1
2010-08-26,Thomson_Reuters,0,1,0,0,0,1
2012-10-09,Thomson_Reuters,0,0,0,0,0,1
2016-06-22,Financial_Times,0,0,1,0,0,1
2013-05-23,Thomson_Reuters,0,0,0,0,0,1
2010-08-09,Thomson_Reuters,0,0,1,0,0,1
1998-12-11,The_Wall_Street_Journal,0,0,0,0,0,1
2013-03-12,The_Wall_Street_Journal,0,0,0,0,0,1
2005-09-27,The_Wall_Street_Journal,0,0,0,0,0,1
2010-10-05,The_Wall_Street_Journal,0,0,0,0,0,1
1999-10-29,The_Wall_Street_Journal,0,0,0,0,0,2
2008-09-23,Thomson_Reuters,0,0,0,0,0,1
2015-10-05,Thomson_Reuters,0,0,0,0,0,1
2002-02-26,The_Wall_Street_Journal,0,0,0,0,0,1
2017-10-13,The_Wall_Street_Journal,0,0,0,0,0,1
2000-08-31,The_Wall_Street_Journal,0,0,0,0,0,1
2012-10-28,The_Wall_Street_Journal,0,0,0,0,0,1
2010-08-20,Thomson_Reuters,0,0,0,0,0,1
2005-05-19,The_Wall_Street_Journal,0,0,0,0,0,1
2019-02-28,The_Wall_Street_Journal,0,0,1,0,0,1
2010-08-23,Thomson_Reuters,0,0,0,0,0,1
2016-10-30,The_Wall_Street_Journal,0,0,0,0,0,1
2009-09-16,Thomson_Reuters,0,1,1,0,0,1
2013-05-23,Thomson_Reuters,0,0,0,0,0,1
2001-09-25,The_Wall_Street_Journal,1,1,1,0,0,1
2010-08-24,Thomson_Reuters,0,0,0,0,0,1
2012-02-28,The_Wall_Street_Journal,0,0,0,0,0,1
2019-12-12,Financial_Times,0,0,0,0,0,1
2012-05-24,Thomson_Reuters,0,0,0,0,0,1
2016-02-24,The_Wall_Street_Journal,0,0,1,0,0,1
2016-02-07,Financial_Times,1,0,0,0,0,1
2019-11-06,Thomson_Reuters,0,0,0,1,0,1
2019-10-18,Financial_Times,0,0,0,0,0,1
2018-02-25,New_Strait_Times,0,0,0,0,0,1
2015-10-21,Thomson_Reuters,0,0,0,0,0,1
2004-02-02,The_Wall_Street_Journal,0,0,0,0,0,1
2017-02-18,Thomson_Reuters,0,0,0,0,1,1
2007-12-31,The_Wall_Street_Journal,0,0,0,0,0,1
2008-09-23,Thomson_Reuters,0,0,0,0,0,1
2010-11-22,Thomson_Reuters,0,0,0,0,0,1
2016-03-23,The_Jakarta_Post,0,0,0,0,0,1
2019-06-20,Financial_Times,1,0,0,1,0,1
2018-05-29,The_Wall_Street_Journal,0,0,0,0,0,1
2013-02-08,The_Wall_Street_Journal,1,0,0,0,0,1
2010-09-05,The_Wall_Street_Journal,0,0,0,0,0,1
2019-11-06,The_Wall_Street_Journal,0,0,0,0,0,1
2012-04-13,The_Wall_Street_Journal,0,0,0,1,0,1
2010-08-20,Thomson_Reuters,0,0,0,0,0,1
2010-12-08,The_Wall_Street_Journal,0,0,0,0,0,2
2016-01-21,The_Wall_Street_Journal,0,0,0,1,0,1
2014-12-02,The_Wall_Street_Journal,0,0,0,0,0,1
2019-10-04,The_Wall_Street_Journal,0,0,1,0,0,1
2006-08-11,The_Wall_Street_Journal,0,0,0,0,0,1
2018-02-22,The_Wall_Street_Journal,1,0,0,0,0,1
2015-02-25,Thomson_Reuters,0,0,1,0,0,1
2011-08-12,The_Wall_Street_Journal,0,0,0,0,0,1
2015-03-02,Thomson_Reuters,0,0,0,0,0,1
2017-08-28,The_Wall_Street_Journal,0,0,0,0,0,1
2009-09-25,Thomson_Reuters,0,0,1,0,0,1
2001-07-03,The_Wall_Street_Journal,0,0,1,0,0,1
2015-04-21,The_Wall_Street_Journal,0,0,0,0,0,1
2011-01-28,The_Wall_Street_Journal,0,0,0,0,0,1
2010-09-13,Thomson_Reuters,0,0,1,0,0,1
2019-07-03,Financial_Times,0,0,0,0,0,1
2012-04-12,The_Wall_Street_Journal,0,0,0,1,0,1
2015-10-31,The_Wall_Street_Journal,0,0,0,0,0,1
2013-01-07,Thomson_Reuters,1,0,0,1,0,1
2017-11-21,The_Wall_Street_Journal,0,0,0,0,0,1
2019-10-03,The_Wall_Street_Journal,0,0,0,0,0,1
2002-02-22,The_Wall_Street_Journal,0,0,0,0,0,1
2014-10-08,Thomson_Reuters,0,0,0,0,0,1
2013-02-22,Thomson_Reuters,0,0,0,0,0,1
2013-02-24,The_Wall_Street_Journal,0,0,0,0,0,2
2004-11-21,The_Wall_Street_Journal,0,0,0,0,0,1
2016-08-20,The_Wall_Street_Journal,0,0,2,0,0,2
2011-08-25,The_Wall_Street_Journal,0,0,0,0,0,1
2011-08-19,Thomson_Reuters,0,0,0,0,0,1
2013-01-31,Thomson_Reuters,1,0,0,2,0,1
2019-12-01,The_Wall_Street_Journal,0,0,1,0,0,1
2009-03-18,The_Wall_Street_Journal,0,0,0,0,0,1
2009-11-06,Thomson_Reuters,0,0,0,0,0,1
2009-11-24,Thomson_Reuters,0,0,1,0,0,1
2001-12-17,The_Wall_Street_Journal,0,0,1,0,0,1
2011-09-23,The_Wall_Street_Journal,0,0,0,0,0,1
2015-04-06,The_Wall_Street_Journal,0,1,0,1,0,1
2011-10-04,Thomson_Reuters,0,0,0,0,0,1
2019-05-28,Thomson_Reuters,0,0,0,2,0,1
2015-10-01,The_Wall_Street_Journal,0,0,0,0,0,1
2017-06-05,Financial_Times,0,0,0,0,0,1
2010-09-02,Thomson_Reuters,0,0,0,0,0,1
2019-10-27,The_Wall_Street_Journal,0,0,0,0,0,1
2013-01-30,The_Wall_Street_Journal,0,0,0,0,0,1
2023-06-23,Financial_Times,1,0,0,0,0,1
2023-11-15,Financial_Times,0,0,1,0,0,2
2023-11-22,Bangkok_Post,1,0,1,0,0,1
2023-10-06,The_Strait_Times,0,0,0,0,0,1
2023-09-23,Thomson_Reuters,1,0,0,0,0,1
2023-08-29,Thomson_Reuters,0,0,2,0,0,2
2023-11-15,Financial_Times,0,0,0,0,0,2
2023-09-05,Nikkei_Asia,1,2,1,1,0,1
2023-07-28,Financial_Times,1,1,2,0,0,2
2023-11-24,Financial_Times,0,0,1,0,0,1
2023-09-14,Thomson_Reuters,0,0,1,0,0,1
2023-10-19,Bangkok_Post,0,0,0,0,1,1
2023-08-04,The_Wall_Street_Journal,1,0,0,0,0,1
2024-01-19,Channel_News_Asia,0,0,0,1,0,1
2023-11-24,The_Wall_Street_Journal,0,0,0,0,0,1
2023-11-16,The_Business_Times,0,0,0,0,0,1
2023-11-14,The_Wall_Street_Journal,0,0,1,0,0,1
2023-10-10,Thomson_Reuters,0,0,0,0,0,1
2023-10-02,The_Business_Times,0,0,0,0,0,1
2023-11-28,The_Business_Times,1,0,1,0,2,1
2023-08-31,The_Business_Times,1,0,0,0,0,1
2023-08-30,Channel_News_Asia,1,0,0,0,0,1
2024-01-11,Nikkei_Asia,0,1,0,0,0,2
2023-11-01,New_Strait_Times,0,0,0,0,0,1
2023-08-30,The_Business_Times,0,0,1,0,0,1
2023-09-14,Thomson_Reuters,0,0,0,0,0,1
2023-09-18,Financial_Times,0,0,0,0,0,1
2023-10-10,Thomson_Reuters,0,0,1,0,0,1
2024-01-10,Financial_Times,0,0,2,0,0,1
2023-11-01,Nikkei_Asia,1,0,0,0,0,1
2023-07-18,Nikkei_Asia,1,0,0,0,0,1
2023-08-17,Nikkei_Asia,0,1,0,0,0,1
2023-11-17,Financial_Times,0,1,1,0,0,1
2023-08-30,The_Business_Times,0,0,1,0,0,1
2023-07-27,Financial_Times,1,0,0,0,0,1
2023-08-04,The_Strait_Times,1,0,0,0,0,1
2023-12-15,Channel_News_Asia,0,0,0,0,0,1
2023-07-20,Financial_Times,2,1,1,0,1,1
2023-09-14,Thomson_Reuters,0,0,0,0,0,1
2022-10-12,The_Strait_Times,1,1,0,1,0,1
2023-10-10,The_Business_Times,0,0,0,0,0,1
2023-10-28,Financial_Times,0,1,1,0,0,1
2023-10-27,Nikkei_Asia,1,0,0,0,0,1
2023-08-04,The_Business_Times,1,0,0,0,0,1
2023-09-01,Financial_Times,1,0,1,0,0,1
2023-11-21,Thomson_Reuters,0,0,0,0,0,1
2023-10-11,Channel_News_Asia,0,0,1,0,0,1
2023-12-04,Financial_Times,0,0,0,0,0,1
2023-11-01,Channel_News_Asia,0,0,0,0,0,1
2023-08-21,The_Wall_Street_Journal,0,0,0,0,0,1
2023-11-17,Taipei_Times,0,0,0,0,0,1
2023-11-22,South_China_Morning_Post,1,0,0,0,0,1
2023-09-22,The_Business_Times,0,0,0,0,0,1
2023-11-22,Channel_News_Asia,0,0,0,0,0,1
2023-08-11,Channel_News_Asia,0,0,0,0,0,1
2024-01-25,Bangkok_Post,0,0,0,0,0,1
2023-07-27,Financial_Times,0,1,1,0,0,2
2023-11-8,Bangkok_Post,0,0,0,0,0,1
2023-11-27,Channel_News_Asia,1,1,0,1,0,1
2023-08-30,The_Wall_Street_Journal,0,0,1,0,0,1
2023-12-20,Nikkei_Asia,0,0,0,0,0,2
2023-10-13,Channel_News_Asia,0,0,0,0,0,1
2023-08-11,Thomson_Reuters,0,0,0,0,0,1
2023-11-22,Nikkei_Asia,1,0,0,0,0,1
2023-10-19,Thomson_Reuters,0,0,0,0,0,1
2023-09-01,The_Business_Times,0,0,0,0,0,1
2023-10-11,Financial_Times,1,2,0,1,0,1
2023-08-10,The_Strait_Times,1,0,1,0,0,1
2023-06-27,Bangkok_Post,0,0,0,0,0,2
2023-10-11,The_Business_Times,0,0,1,0,0,1
2023-10-12,Thomson_Reuters,0,0,0,0,0,1
2023-08-29,Thomson_Reuters,1,0,0,0,0,1
2023-08-03,Financial_Times,0,0,0,0,0,1
2023-07-20,Nikkei_Asia,1,1,0,0,0,2
2024-02-22,Financial_Times,0,0,0,0,0,2
2024-05-31,Financial_Times,0,0,1,0,0,1
2024-05-02,Financial_Times,1,1,0,0,0,1
2024-05-30,Financial_Times,0,0,0,0,0,1
2024-05-21,Financial_Times,0,0,0,0,0,2
2024-05-23,Financial_Times,0,0,0,0,0,1
2024-03-17,Financial_Times,0,0,0,0,0,1
2024-06-04,Financial_Times,0,0,4,0,0,2
2024-02-28,Financial_Times,0,1,1,0,0,1
2024-02-07,Financial_Times,1,0,0,0,1,1
2024-03-18,Financial_Times,0,0,0,0,0,1
2024-02-12,Financial_Times,1,0,0,1,0,1
2024-02-07,Financial_Times,0,0,0,0,0,2
2024-05-29,Financial_Times,1,0,2,1,0,3
2024-02-08,Financial_Times,1,1,0,1,0,1
2024-06-3,Bangkok_Post,0,0,0,0,0,2
2024-08-07,The_Wall_Street_Journal,0,0,0,0,0,2
2024-08-27,Thomson_Reuters,1,0,0,0,0,1
2024-08-20,The_Strait_Times,0,0,0,0,0,1
2024-08-23,Thomson_Reuters,0,0,0,0,0,1
2024-06-04,Channel_News_Asia,0,0,0,0,0,1
2024-07-10,The_Business_Times,0,0,0,0,0,1
2024-07-10,Viet_Nam_News,0,0,0,0,0,1
2024-05-30,Channel_News_Asia,0,0,0,0,0,2
2024-07-16,Financial_Times,0,1,0,2,0,1
2024-05-20,The_Wall_Street_Journal,0,0,0,0,0,1
2024-08-29,Channel_News_Asia,0,0,0,0,0,1
2024-02-26,Nikkei_Asia,0,0,0,0,0,1
2024-01-09,The_Wall_Street_Journal,0,0,0,0,0,1
2024-08-20,Financial_Times,0,0,0,0,0,1
2022-10-3,The_Business_Times,0,0,0,0,0,1
2024-06-26,The_Wall_Street_Journal,0,0,0,0,0,1
2024-07-20,The_Wall_Street_Journal,1,1,0,0,0,1
2023-08-7,The_Business_Times,2,1,0,1,0,1
2024-08-24,The_Wall_Street_Journal,0,0,0,1,0,2
2022-05-6,The_Business_Times,0,0,0,0,0,1
2024-03-21,The_Wall_Street_Journal,0,2,0,0,0,2
2024-03-01,The_Business_Times,0,0,1,0,0,1
2022-06-1,The_Business_Times,1,0,1,0,0,1
2024-07-25,Financial_Times,0,1,0,0,0,1
2024-09-04,Channel_News_Asia,1,0,0,0,0,1
2024-08-20,The_Strait_Times,0,0,0,0,0,1
2024-03-19,Channel_News_Asia,0,0,0,0,0,1
2024-08-23,Financial_Times,0,0,0,0,0,1
2024-08-21,Financial_Times,0,0,0,0,0,1
2024-08-02,Financial_Times,0,0,0,0,1,2
2024-08-15,The_Business_Times,0,0,0,0,0,1
2024-04-16,The_Business_Times,0,0,0,0,0,1
2024-03-06,The_Wall_Street_Journal,1,1,0,0,0,1
2024-08-29,The_Business_Times,0,0,0,0,0,1
2024-04-11,Channel_News_Asia,0,0,0,0,0,1
2024-05-31,The_Asahi_Shimbun,0,0,0,0,0,1
2022-11-3,The_Business_Times,0,0,1,0,0,1
2024-02-12,Thomson_Reuters,0,0,0,0,0,1
2022-10-3,The_Business_Times,0,0,0,0,0,1
2024-02-19,The_Jakarta_Post,0,0,1,0,1,1
2024-06-19,The_Wall_Street_Journal,0,0,0,0,0,1
2024-01-11,The_Wall_Street_Journal,0,0,0,0,0,2
2024-06-04,Channel_News_Asia,0,0,0,0,0,2
2024-08-20,The_Wall_Street_Journal,0,0,0,0,0,1
2024-05-30,The_Wall_Street_Journal,1,1,0,0,0,2
2024-05-15,The_Wall_Street_Journal,0,0,0,0,0,1
2024-01-08,The_Wall_Street_Journal,0,0,0,0,0,1
2024-08-21,The_Wall_Street_Journal,0,0,0,1,0,1
2024-06-19,The_Business_Times,0,0,0,0,0,2
2024-02-26,The_Asahi_Shimbun,0,0,0,0,0,1
2024-06-06,Financial_Times,0,0,0,0,0,1
2022-01-29,The_Business_Times,0,0,0,0,0,1
2024-07-11,Financial_Times,0,0,0,1,0,1
2024-03-14,Nikkei_Asia,0,0,1,0,0,1
2018-09-3,The_Business_Times,0,0,0,0,1,2
2024-02-06,Nikkei_Asia,0,0,0,0,0,1
2024-02-28,The_Business_Times,0,0,0,0,0,1
2024-04-11,JoongAng_Daily,0,0,0,0,0,1
2024-06-07,Thomson_Reuters,0,0,0,0,0,1
2024-08-20,Financial_Times,0,0,0,1,0,1
2022-10-8,The_Business_Times,0,0,0,0,0,1
2024-06-09,The_Wall_Street_Journal,0,0,1,0,0,1
2024-04-12,The_Business_Times,0,0,0,0,0,1
2023-12-04,Thomson_Reuters,1,0,2,1,0,1
2024-08-08,Financial_Times,1,1,0,0,0,1
2024-09-13,Financial_Times,0,0,0,0,0,1
2024-05-30,The_Business_Times,0,0,0,0,0,1
2024-04-17,Channel_News_Asia,0,0,0,0,0,1
2023-06-2,The_Business_Times,1,0,0,0,0,1
2024-08-28,Financial_Times,0,0,0,0,0,1
2024-02-07,Nikkei_Asia,1,0,0,1,0,1
2022-05-6,The_Business_Times,1,0,0,0,0,2
2024-06-21,Channel_News_Asia,0,1,0,0,0,1
2024-02-22,Channel_News_Asia,0,0,0,0,0,1
2023-09-18,The_Business_Times,0,0,1,0,0,1
2024-02-22,Nikkei_Asia,0,0,0,0,0,2
2024-01-31,The_Jakarta_Post,0,0,0,0,0,1
2024-09-08,The_Wall_Street_Journal,0,0,0,0,0,2
2024-03-8,Bangkok_Post,0,0,0,0,0,1
2024-08-02,The_Wall_Street_Journal,0,0,0,0,0,1
2024-08-13,Channel_News_Asia,0,0,0,0,0,1
2022-01-29,The_Business_Times,0,0,0,0,0,1
2024-08-22,The_Strait_Times,0,0,0,0,0,1
2024-06-07,Financial_Times,0,0,0,0,0,1
2024-08-25,Financial_Times,0,0,1,0,0,2
2024-03-02,Thomson_Reuters,0,0,0,0,0,1
2024-02-14,The_Wall_Street_Journal,0,0,1,0,0,1
2024-05-21,The_Business_Times,0,0,0,0,0,2
2024-01-31,Nikkei_Asia,1,0,0,0,1,2
2024-09-02,Channel_News_Asia,0,0,0,0,0,1
2024-02-22,Taipei_Times,0,1,0,0,0,1
2024-02-29,The_Business_Times,0,0,2,0,0,1
2024-12-23,Channel_News_Asia,0,0,0,0,0,1
2024-10-18,Financial_Times,5,2,0,0,0,7
2024-08-19,The_Strait_Times,0,0,0,0,0,2
2024-10-17,Financial_Times,1,0,1,0,2,1
2024-11-26,The_Wall_Street_Journal,0,0,0,0,0,1
2024-09-29,The_Strait_Times,0,0,0,0,0,1
2024-08-21,The_Strait_Times,0,0,0,0,0,1
2024-08-21,The_Strait_Times,0,0,0,0,0,1
2024-11-28,Financial_Times,1,0,0,1,0,1
2024-10-15,Channel_News_Asia,0,0,0,0,0,1
2024-10-24,The_Wall_Street_Journal,0,0,0,0,0,1
2024-08-20,The_Strait_Times,0,0,0,0,0,1
2024-11-26,Financial_Times,0,1,0,0,0,2
2024-08-21,The_Strait_Times,0,0,0,0,0,1
2024-12-21,API_NEWS_en,0,0,0,0,0,1
2024-11-27,API_NEWS_en,0,1,1,2,0,1
2024-12-10,API_NEWS_en,1,0,1,0,0,1
2024-11-28,API_NEWS_en,0,1,1,0,0,1
2024-12-22,API_NEWS_en,0,0,0,0,0,1
2024-12-10,API_NEWS_en,0,0,0,0,0,1
2024-11-28,API_NEWS_en,0,0,0,0,0,1
2024-12-10,API_NEWS_en,1,0,2,0,0,2
2024-11-28,API_NEWS_en,0,1,1,0,0,1
2024-11-28,API_NEWS_en,0,1,1,0,0,1
2024-12-10,API_NEWS_en,0,0,0,0,0,1
2024-11-28,API_NEWS_en,0,0,0,0,0,1
2024-12-28,Financial_Times,0,0,1,0,0,1
2016-11-11,Financial_Times,0,0,0,0,0,1
2011-02-26,The_Wall_Street_Journal,3,0,0,0,0,1
2011-03-18,The_Wall_Street_Journal,2,0,0,0,0,1
2017-05-17,Financial_Times,0,0,0,0,0,1
2011-02-25,The_Wall_Street_Journal,1,0,0,0,0,1
2011-03-22,The_Wall_Street_Journal,2,0,0,0,0,1
2024-11-28,API_NEWS_en,1,0,0,0,0,1
2023-03-22,Thomson_Reuters,0,0,0,0,0,1
2023-05-12,Thomson_Reuters,0,0,0,0,0,1
2022-10-03,The_Wall_Street_Journal,1,0,0,0,0,1
2020-08-13,Financial_Times,1,0,1,0,1,1
2021-09-03,Thomson_Reuters,1,0,0,0,1,1
2015-01-12,Financial_Times,0,0,1,1,0,1
2003-10-05,The_Wall_Street_Journal,0,0,0,0,0,1
2019-07-18,Thomson_Reuters,0,0,1,1,2,1
2009-08-20,The_Wall_Street_Journal,0,0,0,0,0,2
2018-03-28,Thomson_Reuters,0,0,0,0,0,1
2019-07-31,The_Jakarta_Post,0,0,0,0,0,1
2019-07-17,Thomson_Reuters,0,0,0,0,0,1
2011-02-10,The_Wall_Street_Journal,0,0,0,0,0,1
2019-02-01,Thomson_Reuters,0,0,0,0,0,1
2019-07-30,Thomson_Reuters,0,0,0,0,0,1
2011-02-08,The_Wall_Street_Journal,0,0,0,0,0,1
2009-10-20,The_Wall_Street_Journal,0,0,0,0,0,1
2001-05-02,The_Wall_Street_Journal,0,0,0,0,0,1
2023-06-22,Thomson_Reuters,0,0,0,0,0,2
2023-06-23,Thomson_Reuters,0,0,0,0,0,2
2024-07-30,The_Business_Times,0,0,0,0,0,1
2024-12-10,API_NEWS_en,0,0,0,0,0,1
2016-10-03,Thomson_Reuters,0,0,0,0,0,1
2016-10-12,Thomson_Reuters,1,0,1,0,0,1
2017-05-31,Thomson_Reuters,0,0,0,0,0,1
2017-05-31,Thomson_Reuters,1,0,0,0,0,1
2016-04-01,Thomson_Reuters,0,0,0,0,0,1
2016-04-15,Thomson_Reuters,0,0,0,0,0,1
2018-12-23,Thomson_Reuters,3,0,3,0,0,1
2016-12-12,Thomson_Reuters,0,0,0,0,0,1
2018-12-21,Thomson_Reuters,3,0,3,0,0,1
2016-04-15,Thomson_Reuters,1,0,1,0,0,1
2014-12-10,Thomson_Reuters,2,0,0,0,0,1
2016-05-26,Thomson_Reuters,0,0,1,0,0,1
2018-02-26,Thomson_Reuters,0,0,0,0,0,1
2017-09-06,Thomson_Reuters,0,0,0,0,0,1
2017-12-19,Thomson_Reuters,0,0,1,0,0,1
2022-10-14,The_Jakarta_Post,0,0,0,0,1,2
2020-07-14,Thomson_Reuters,1,0,0,0,1,1
2019-07-31,The_Jakarta_Post,0,0,1,0,1,1
2024-04-24,Channel_News_Asia,0,0,0,0,0,2
2020-12-27,The_Wall_Street_Journal,2,0,1,0,0,1
2014-06-10,Thomson_Reuters,2,0,0,0,0,1
2024-07-18,The_Business_Times,0,0,0,0,0,1
2023-06-06,The_Business_Times,0,0,0,1,0,1
2022-03-07,Thomson_Reuters,0,0,1,0,0,1
2023-05-16,Channel_News_Asia,0,0,0,0,0,1
2022-04-20,The_Wall_Street_Journal,0,0,0,0,0,1
2020-12-29,Thomson_Reuters,0,0,3,0,0,1
2020-06-10,Thomson_Reuters,0,0,1,0,0,2
2020-01-13,The_Wall_Street_Journal,0,0,1,0,0,1
2021-03-05,Thomson_Reuters,0,0,1,0,0,1
2021-02-01,The_Business_Times,0,0,1,0,0,1
2021-03-05,Thomson_Reuters,0,0,1,0,0,1
2020-12-28,Thomson_Reuters,0,0,3,0,0,1
2020-01-16,The_Wall_Street_Journal,0,0,0,0,0,1
2020-01-08,Thomson_Reuters,0,0,1,1,0,1
2020-11-21,The_Business_Times,0,0,1,0,0,2
2020-01-10,Thomson_Reuters,0,0,0,0,0,1
2020-01-15,The_Wall_Street_Journal,0,0,0,0,0,1
2020-02-17,The_Wall_Street_Journal,1,1,0,0,0,1
2020-12-28,Channel_News_Asia,0,0,3,0,0,1
2020-04-20,The_Wall_Street_Journal,0,1,0,0,0,1
2021-01-20,Thomson_Reuters,0,2,0,0,0,1
2020-04-16,Financial_Times,0,0,0,0,0,1
2016-04-29,Financial_Times,0,0,1,0,0,1
2017-11-29,Financial_Times,0,0,0,0,0,1
2018-09-11,The_Wall_Street_Journal,0,0,0,0,0,1
2018-12-31,The_Wall_Street_Journal,2,0,2,0,0,1
2017-12-01,The_Wall_Street_Journal,0,0,0,0,0,1
2018-04-10,Thomson_Reuters,0,1,0,1,0,1
2018-10-30,Thomson_Reuters,0,1,2,0,0,1
2019-03-29,Thomson_Reuters,0,0,0,0,0,1
2017-11-09,Thomson_Reuters,0,1,0,0,0,2
2017-06-07,The_Wall_Street_Journal,0,0,0,0,0,1
2018-04-25,The_Wall_Street_Journal,0,0,0,0,0,1
2018-08-02,Thomson_Reuters,0,0,0,0,0,1
2018-11-29,The_Wall_Street_Journal,0,0,0,0,0,1
2018-03-29,Thomson_Reuters,0,0,1,0,0,1
2018-04-09,Thomson_Reuters,0,0,0,0,0,1
2019-09-30,Thomson_Reuters,0,0,1,1,0,1
2018-01-23,Thomson_Reuters,0,0,0,0,0,1
2018-12-24,The_Wall_Street_Journal,0,0,1,0,0,1
2018-11-09,The_Wall_Street_Journal,0,1,0,0,0,1
2018-04-17,The_Wall_Street_Journal,0,0,0,0,0,1
2018-09-12,Thomson_Reuters,0,0,0,0,0,1
2019-03-15,Thomson_Reuters,0,0,1,1,0,1
2018-06-22,Thomson_Reuters,0,0,0,0,0,2
2016-02-09,Thomson_Reuters,0,0,1,0,0,1
2018-12-26,Thomson_Reuters,0,0,1,0,0,1
2019-05-07,The_Wall_Street_Journal,0,0,0,0,0,1
2018-03-22,The_Wall_Street_Journal,0,1,3,0,0,1
2018-04-23,Financial_Times,0,0,2,0,0,1
2018-09-24,Thomson_Reuters,0,0,0,0,0,1
2018-11-30,Thomson_Reuters,0,0,0,0,0,1
2018-10-15,Thomson_Reuters,0,0,1,0,0,1
2018-08-17,Thomson_Reuters,0,0,0,1,0,1
2018-03-28,Thomson_Reuters,0,1,0,0,0,1
2016-01-13,Thomson_Reuters,0,0,0,0,0,1
2017-11-16,Thomson_Reuters,0,0,1,0,0,1
2018-04-09,Thomson_Reuters,0,0,0,0,0,1
2018-02-08,Thomson_Reuters,0,0,0,0,0,1
2019-07-17,Thomson_Reuters,0,1,1,0,0,1
2017-04-18,Thomson_Reuters,0,1,0,0,0,1
2017-07-24,Thomson_Reuters,1,0,1,0,0,1
2014-04-20,The_Wall_Street_Journal,1,0,1,0,0,1
2018-08-29,Thomson_Reuters,0,1,0,0,0,1
2018-10-17,Thomson_Reuters,0,0,2,0,0,1
2018-11-20,Thomson_Reuters,0,0,1,1,0,1
2018-08-29,Thomson_Reuters,0,1,0,0,0,1
2018-08-18,Thomson_Reuters,0,0,0,1,0,1
2017-01-12,The_Wall_Street_Journal,0,1,0,0,0,1
2019-07-17,Thomson_Reuters,0,1,1,0,0,1
2016-02-08,The_Wall_Street_Journal,0,1,0,0,0,1
2019-04-22,The_Wall_Street_Journal,0,1,1,0,0,1
2018-04-06,Thomson_Reuters,0,0,1,0,0,1
2017-04-26,Financial_Times,0,0,2,0,0,1
2018-09-20,Thomson_Reuters,0,0,0,0,0,2
2018-04-10,Thomson_Reuters,0,1,0,1,0,1
2018-10-25,Thomson_Reuters,0,0,0,0,0,1
2018-07-24,Thomson_Reuters,0,0,0,1,0,1
2019-03-14,Thomson_Reuters,0,0,1,1,0,1
2018-10-02,Thomson_Reuters,0,0,2,0,0,2
2016-11-17,The_Wall_Street_Journal,1,0,0,0,0,1
2016-01-21,The_Wall_Street_Journal,0,0,0,0,0,1
2018-05-15,Thomson_Reuters,0,0,0,0,0,1
2017-12-28,Thomson_Reuters,0,1,2,0,0,1
2018-09-27,The_Wall_Street_Journal,0,0,0,0,0,1
2018-07-16,Thomson_Reuters,0,0,0,1,0,1
2018-11-19,Thomson_Reuters,0,0,1,0,0,1
2018-03-19,The_Wall_Street_Journal,0,0,1,1,0,1
2018-06-25,Thomson_Reuters,0,1,1,1,0,1
2018-04-10,Thomson_Reuters,0,1,0,1,0,1
2017-07-24,Thomson_Reuters,1,0,1,0,0,1
2019-07-22,Thomson_Reuters,0,0,1,1,0,1
2017-11-20,Thomson_Reuters,0,0,0,0,0,1
2019-01-08,Financial_Times,0,0,0,0,0,1
2019-07-18,Thomson_Reuters,0,0,1,0,0,1
2018-06-25,Thomson_Reuters,1,0,0,0,0,1
2018-07-14,Financial_Times,0,0,0,0,0,1
2018-03-09,Thomson_Reuters,0,0,1,0,0,1
2018-11-19,The_Wall_Street_Journal,1,0,1,0,0,1
2018-12-10,Thomson_Reuters,0,0,0,0,0,1
2018-08-09,The_Wall_Street_Journal,0,0,0,0,0,1
2017-09-12,Thomson_Reuters,0,0,1,0,0,1
2018-04-03,Thomson_Reuters,0,0,1,0,0,1
2019-04-16,Thomson_Reuters,0,0,0,0,0,1
2018-12-14,Thomson_Reuters,0,1,1,1,0,1
2019-09-30,Thomson_Reuters,0,0,1,1,0,1
2018-07-31,The_Wall_Street_Journal,0,0,0,0,0,1
2018-05-15,Thomson_Reuters,0,0,0,0,0,1
2018-04-17,The_Wall_Street_Journal,0,1,0,1,0,2
2018-05-09,Thomson_Reuters,0,0,0,0,0,1
2018-10-08,Thomson_Reuters,0,0,0,1,0,1
2018-04-02,Thomson_Reuters,0,1,1,1,0,1
2017-11-15,Thomson_Reuters,0,0,1,0,0,1
2018-04-16,Thomson_Reuters,0,0,1,0,0,1
2018-07-27,Channel_News_Asia,0,0,0,0,0,1
2017-12-14,Financial_Times,0,0,0,1,0,1
2018-06-21,The_Wall_Street_Journal,0,0,0,0,0,1
2018-10-08,Thomson_Reuters,0,0,0,1,0,1
2018-06-04,The_Wall_Street_Journal,0,0,1,0,0,1
2017-04-18,Thomson_Reuters,0,0,0,0,0,1
2018-09-19,Thomson_Reuters,0,0,0,0,0,2
2019-10-11,The_Wall_Street_Journal,0,0,0,0,0,1
2017-11-15,Thomson_Reuters,0,0,0,0,0,1
2018-10-16,Thomson_Reuters,0,0,2,0,0,1
2018-08-22,Thomson_Reuters,0,0,0,0,0,2
2018-10-16,Thomson_Reuters,0,0,1,0,0,1
2018-10-19,Thomson_Reuters,0,0,1,0,0,1
2018-04-03,Thomson_Reuters,0,0,0,0,0,1
2018-01-08,The_Wall_Street_Journal,0,0,2,0,0,1
2016-02-16,Thomson_Reuters,0,0,0,0,0,1
2018-09-24,Thomson_Reuters,0,0,0,0,0,2
2018-10-31,The_Wall_Street_Journal,1,1,1,0,0,1
2018-07-26,Thomson_Reuters,0,0,0,0,0,1
2018-04-25,The_Wall_Street_Journal,0,0,0,0,0,1
2018-10-04,Thomson_Reuters,1,0,1,0,0,1
2017-10-13,The_Wall_Street_Journal,0,0,0,0,0,1
2018-10-03,Channel_News_Asia,0,0,0,0,0,1
2019-07-09,Thomson_Reuters,0,0,0,1,0,1
2018-06-26,Thomson_Reuters,0,1,0,0,0,1
2018-07-25,Thomson_Reuters,0,0,0,0,0,1
2017-12-28,Thomson_Reuters,0,1,1,0,0,1
2018-10-26,The_Wall_Street_Journal,0,0,0,0,0,1
2018-07-26,Thomson_Reuters,0,0,0,0,0,1
2018-04-09,Thomson_Reuters,0,1,0,0,0,1
2018-10-21,Thomson_Reuters,0,0,1,0,0,1
2016-09-08,The_Wall_Street_Journal,0,0,0,0,0,1
2018-08-29,Thomson_Reuters,0,1,0,0,0,1
2017-07-24,Thomson_Reuters,1,0,1,0,0,1
2018-04-04,Thomson_Reuters,0,0,0,1,0,1
2016-10-31,The_Wall_Street_Journal,0,0,2,0,0,2
2018-10-02,Thomson_Reuters,0,0,0,0,0,1
2019-07-09,Thomson_Reuters,0,0,0,0,0,1
2019-04-10,Thomson_Reuters,0,0,2,0,0,1
2017-09-27,The_Wall_Street_Journal,0,0,0,0,0,2
2018-05-07,Thomson_Reuters,0,0,0,0,0,1
2017-07-09,The_Wall_Street_Journal,0,0,0,0,0,2
2018-08-29,Thomson_Reuters,0,0,0,0,0,1
2018-11-02,The_Wall_Street_Journal,0,0,1,0,0,1
2018-08-17,Thomson_Reuters,0,0,0,0,0,1
2018-03-25,Thomson_Reuters,0,0,0,1,0,1
2017-12-28,Thomson_Reuters,0,1,1,0,0,1
2018-06-25,Thomson_Reuters,0,1,0,0,0,1
2018-10-29,Thomson_Reuters,0,1,2,0,0,1
2018-03-22,Thomson_Reuters,0,1,1,1,0,1
2018-07-24,Thomson_Reuters,0,0,0,0,0,1
2018-01-23,Thomson_Reuters,0,0,0,0,0,1
2019-01-15,Thomson_Reuters,0,1,1,0,0,1
2018-11-14,Thomson_Reuters,0,0,1,0,0,1
2018-10-29,Thomson_Reuters,0,0,0,0,0,1
2018-04-24,The_Wall_Street_Journal,0,0,1,0,0,1
2018-10-24,Thomson_Reuters,0,0,1,0,0,1
2018-07-25,Channel_News_Asia,0,0,0,1,0,1
2018-04-16,The_Wall_Street_Journal,0,0,0,0,0,2
2017-04-18,Thomson_Reuters,0,0,0,0,0,1
2018-10-02,Thomson_Reuters,0,0,0,0,0,1
2018-06-26,Thomson_Reuters,0,0,0,0,0,1
2018-12-14,Thomson_Reuters,0,1,1,1,0,1
2017-11-16,Thomson_Reuters,0,0,0,0,0,1
2018-04-06,Thomson_Reuters,0,0,1,1,0,1
2018-08-07,The_Wall_Street_Journal,0,0,0,0,0,1
2019-07-16,Thomson_Reuters,0,1,1,0,0,1
2018-07-16,Thomson_Reuters,0,0,0,0,0,1
2018-08-19,Thomson_Reuters,0,0,0,1,0,1
2017-02-15,Thomson_Reuters,0,0,1,0,0,1
2017-06-03,Thomson_Reuters,0,0,0,0,0,1
2017-06-15,Thomson_Reuters,0,0,0,0,0,1
2018-04-09,Thomson_Reuters,0,1,0,0,0,1
2023-05-15,Thomson_Reuters,0,0,0,0,0,1
2023-07-03,Thomson_Reuters,0,0,1,0,0,1
2024-02-03,Thomson_Reuters,0,0,0,0,0,1
2024-11-27,API_NEWS_en,0,0,0,0,0,1
2021-06-07,Thomson_Reuters,0,0,0,0,0,1
2021-06-07,Thomson_Reuters,0,0,0,0,0,1
2021-06-07,Thomson_Reuters,1,0,0,0,0,1
2016-12-12,Thomson_Reuters,0,0,0,0,0,1
2016-12-12,Thomson_Reuters,0,0,0,0,0,1
2018-10-23,Thomson_Reuters,2,0,0,0,0,1
2018-08-14,Thomson_Reuters,2,0,0,0,0,1
2018-08-15,Thomson_Reuters,2,0,0,0,0,2
2018-08-14,Thomson_Reuters,0,0,0,0,0,1
2018-08-15,Thomson_Reuters,1,0,0,0,0,1
2022-12-02,Thomson_Reuters,0,0,0,0,0,1
2022-08-03,Thomson_Reuters,1,0,0,0,0,1
2002-04-10,The_Wall_Street_Journal,0,0,0,0,0,1
2001-07-16,The_Wall_Street_Journal,1,0,0,0,0,1
1999-11-12,The_Wall_Street_Journal,0,0,0,0,0,1
2016-01-22,The_Wall_Street_Journal,0,0,1,0,0,1
2014-10-10,The_Wall_Street_Journal,0,0,0,0,0,1
2001-02-09,The_Wall_Street_Journal,0,0,0,0,0,1
2000-05-05,The_Wall_Street_Journal,0,0,0,0,0,1
2000-05-05,The_Wall_Street_Journal,0,0,0,0,0,2
2015-07-14,The_Wall_Street_Journal,0,0,0,0,0,1
2003-08-18,The_Wall_Street_Journal,0,0,0,0,0,1
2007-07-27,The_Wall_Street_Journal,0,0,0,1,0,2
2015-11-16,The_Wall_Street_Journal,0,0,1,0,0,1
2000-08-04,The_Wall_Street_Journal,0,0,1,0,0,1
2003-08-18,The_Wall_Street_Journal,0,0,0,0,0,2
1998-06-24,The_Wall_Street_Journal,0,0,0,0,0,1
2004-05-03,The_Wall_Street_Journal,0,0,0,0,0,1
2024-11-27,API_NEWS_en,0,0,0,0,0,1
2024-11-28,API_NEWS_en,0,0,0,0,0,1
2024-11-27,API_NEWS_en,0,0,0,0,0,1
2023-01-21,Bangkok_Post,1,2,2,0,0,1
2023-05-16,Financial_Times,3,1,0,0,0,1
2022-01-19,Thomson_Reuters,0,1,1,0,0,1
2023-04-21,Thomson_Reuters,1,0,0,1,0,1
2023-02-18,Bangkok_Post,0,1,0,0,0,1
2023-04-20,Thomson_Reuters,0,0,2,0,0,1
2023-04-21,Thomson_Reuters,0,0,0,0,0,1
2023-04-24,Thomson_Reuters,0,0,0,0,0,1
2022-12-12,Bangkok_Post,0,1,0,0,0,1
2020-07-28,Financial_Times,2,1,0,0,0,2
2021-01-01,Financial_Times,2,1,0,1,1,3
2023-06-10,The_Jakarta_Post,0,1,0,0,0,1
2018-05-16,Thomson_Reuters,0,0,0,0,0,2
2023-12-13,Channel_News_Asia,0,1,0,0,0,2
2023-09-13,Thomson_Reuters,0,1,0,0,1,2
2023-09-06,Financial_Times,0,1,2,0,0,1
2024-08-21,Financial_Times,0,0,1,0,0,1
2022-04-07,Thomson_Reuters,2,0,0,0,0,1
2022-02-09,Thomson_Reuters,2,0,0,0,0,2
2023-03-06,Thomson_Reuters,2,0,0,0,0,1
2022-02-09,Thomson_Reuters,2,0,0,0,0,2
2022-09-06,Thomson_Reuters,0,0,0,0,0,1
2023-03-03,The_Business_Times,2,2,0,1,0,2
2022-10-19,Thomson_Reuters,0,1,0,1,1,2
2022-10-26,Thomson_Reuters,0,1,0,1,0,1
2023-03-02,Thomson_Reuters,2,2,0,1,0,2
2022-03-08,Thomson_Reuters,2,0,0,0,0,1
2022-10-12,Thomson_Reuters,2,0,2,0,0,1
2022-01-25,Thomson_Reuters,2,0,3,0,0,1
2022-09-06,Thomson_Reuters,0,0,1,0,0,1
2022-05-02,Thomson_Reuters,2,0,0,0,0,1
2022-03-10,Thomson_Reuters,3,0,1,1,0,2
2022-01-25,Thomson_Reuters,2,0,3,0,0,1
2022-04-07,Thomson_Reuters,2,0,0,0,0,1
2022-12-06,Thomson_Reuters,1,0,1,0,0,1
2023-02-15,Thomson_Reuters,0,0,0,0,0,1
2022-12-06,The_Strait_Times,1,0,1,0,0,1
2021-06-30,Thomson_Reuters,3,0,0,0,1,2
2020-06-29,Thomson_Reuters,3,1,2,0,0,1
2020-11-17,The_Business_Times,1,0,0,0,0,2
2020-09-17,Channel_News_Asia,3,0,1,0,0,1
2021-07-12,Thomson_Reuters,1,0,1,0,0,1
2020-09-10,Thomson_Reuters,0,0,2,0,0,1
2021-10-26,Thomson_Reuters,0,0,0,0,0,1
2020-10-22,Thomson_Reuters,0,0,0,0,0,1
2020-09-16,Thomson_Reuters,3,0,1,0,0,1
2020-12-08,The_Business_Times,1,0,0,0,0,1
2021-05-12,Thomson_Reuters,0,0,0,0,0,1
2021-05-24,Thomson_Reuters,1,0,2,0,0,1
2020-09-17,Thomson_Reuters,3,0,1,0,0,1
2021-03-22,Thomson_Reuters,0,1,0,0,0,1
2020-10-27,Thomson_Reuters,1,0,0,0,0,1
2021-05-10,Thomson_Reuters,0,1,1,0,0,1
2021-10-26,Thomson_Reuters,1,0,3,0,0,1
2021-06-30,Thomson_Reuters,3,0,0,0,1,2
2020-09-14,Thomson_Reuters,0,0,0,0,0,1
2020-01-31,Thomson_Reuters,0,0,0,0,0,1
2020-10-22,Thomson_Reuters,0,1,1,0,0,1
2021-09-09,Thomson_Reuters,0,0,0,0,0,1
2021-09-07,Thomson_Reuters,2,1,0,0,2,1
2020-02-27,Thomson_Reuters,1,0,4,0,0,1
2021-12-07,Thomson_Reuters,2,0,0,0,0,2
2020-09-14,Thomson_Reuters,0,0,0,0,0,1
2021-05-17,Thomson_Reuters,0,0,0,0,0,1
2020-09-17,Thomson_Reuters,3,0,1,0,0,1
2021-05-06,Thomson_Reuters,1,0,2,0,0,1
2020-10-22,Thomson_Reuters,0,1,0,0,0,1
2021-05-11,Thomson_Reuters,0,1,1,0,0,1
2021-10-07,Thomson_Reuters,1,0,0,0,0,1
2012-02-01,Financial_Times,0,0,0,0,0,1
2019-05-05,Thomson_Reuters,0,0,0,0,0,1
2017-07-03,Thomson_Reuters,0,1,0,0,0,1
2016-12-21,Thomson_Reuters,1,0,0,0,0,1
2017-10-02,Thomson_Reuters,0,0,0,0,0,1
2017-07-05,Thomson_Reuters,0,0,0,0,0,1
2018-08-04,Thomson_Reuters,1,0,0,0,0,2
2017-06-19,Thomson_Reuters,2,0,0,0,0,1
2017-07-31,Thomson_Reuters,0,0,0,0,0,1
2017-06-19,Thomson_Reuters,0,0,0,0,0,1
2019-07-09,Thomson_Reuters,0,0,0,0,0,1
2016-02-10,Thomson_Reuters,0,0,0,0,0,1
2019-06-11,Thomson_Reuters,0,0,0,0,0,1
2017-10-26,Thomson_Reuters,0,0,0,0,0,1
2019-07-10,Thomson_Reuters,0,0,0,0,0,1
2019-07-09,Thomson_Reuters,0,0,0,0,0,1
2019-09-27,Thomson_Reuters,0,0,0,0,0,1
2017-10-31,Thomson_Reuters,0,0,0,0,0,1
2019-07-01,Thomson_Reuters,0,0,0,0,0,1
2017-06-19,Thomson_Reuters,0,0,0,0,0,1
2017-07-04,Thomson_Reuters,0,0,0,0,0,1
2015-03-10,Thomson_Reuters,0,0,2,0,0,1
2017-06-28,Thomson_Reuters,1,0,0,0,0,1
2018-01-05,Financial_Times,2,1,0,0,0,1
2017-10-23,Thomson_Reuters,0,0,0,0,0,1
2015-05-11,Thomson_Reuters,0,0,1,0,0,1
2017-11-09,Thomson_Reuters,0,0,0,0,0,1
2017-07-03,Thomson_Reuters,0,0,0,0,0,1
2019-12-02,Thomson_Reuters,4,0,0,0,0,2
2017-07-20,The_Wall_Street_Journal,2,0,0,0,0,1
2017-02-09,Thomson_Reuters,0,0,0,0,0,1
2017-06-20,Thomson_Reuters,2,0,0,0,0,1
2017-10-17,Thomson_Reuters,0,0,0,0,0,1
2019-06-28,Thomson_Reuters,0,0,0,0,0,1
2019-02-14,Thomson_Reuters,1,0,0,0,0,2
2017-06-19,Thomson_Reuters,0,0,0,0,0,1
2017-07-05,Thomson_Reuters,0,0,0,0,0,1
2019-06-29,Thomson_Reuters,0,0,0,0,0,1
2017-11-03,Thomson_Reuters,0,0,0,0,0,1
2017-04-05,Thomson_Reuters,0,0,0,0,0,1
2017-07-03,Thomson_Reuters,0,0,0,0,0,1
2016-05-13,Thomson_Reuters,0,0,0,0,0,1
2017-07-03,Thomson_Reuters,0,0,1,0,0,1
2019-09-16,Thomson_Reuters,0,0,0,0,0,1
2017-09-14,Thomson_Reuters,0,0,0,0,0,1
2017-09-20,Thomson_Reuters,0,0,0,0,0,1
2023-10-17,Thomson_Reuters,1,0,1,0,0,1
2023-08-17,Thomson_Reuters,0,0,0,0,0,1
2023-10-25,Thomson_Reuters,0,0,0,0,0,2
2023-07-20,Thomson_Reuters,0,0,0,0,0,1
2023-08-16,Thomson_Reuters,0,0,0,0,0,1
2024-01-12,Thomson_Reuters,2,0,1,0,0,1
2024-07-24,Thomson_Reuters,1,0,0,0,0,1
2024-03-12,The_Strait_Times,0,0,1,0,0,1
2022-03-29,Financial_Times,1,1,0,0,0,3
2022-10-19,Thomson_Reuters,0,0,0,0,0,2
2023-03-13,Thomson_Reuters,0,0,1,0,0,2
2022-11-07,Financial_Times,4,0,0,1,0,2
2022-03-16,Financial_Times,0,0,0,0,0,1
2022-12-18,The_Business_Times,1,0,0,0,0,2
2022-04-13,Financial_Times,5,3,0,1,1,3
2022-12-15,Thomson_Reuters,1,0,0,0,0,1
2023-05-22,Thomson_Reuters,0,0,0,0,0,1
2023-04-17,Thomson_Reuters,0,0,0,0,0,1
2022-11-21,Financial_Times,0,0,0,0,0,1
2022-01-19,Financial_Times,0,0,2,0,0,1
2022-01-19,Thomson_Reuters,0,0,1,0,0,1
2023-06-09,Financial_Times,0,0,1,0,0,2
2023-01-06,Financial_Times,0,1,1,0,0,3
2022-06-23,Thomson_Reuters,0,0,0,0,0,1
2022-12-29,Financial_Times,2,0,1,0,0,2
2022-10-07,Thomson_Reuters,0,0,1,0,0,1
2022-04-29,Thomson_Reuters,0,0,0,0,0,1
2022-06-07,Thomson_Reuters,0,0,0,0,0,1
2022-01-20,Thomson_Reuters,0,0,1,0,0,1
2022-01-16,Thomson_Reuters,0,0,0,0,0,1
2022-10-26,Thomson_Reuters,2,0,2,1,1,1
2022-06-28,Thomson_Reuters,0,0,1,0,0,1
2022-05-10,Financial_Times,0,0,1,0,0,1
2022-03-25,Financial_Times,0,0,0,1,0,1
2023-04-14,Thomson_Reuters,0,0,0,0,0,1
2023-01-04,Financial_Times,0,0,1,0,0,1
2022-10-17,Financial_Times,0,1,4,0,0,1
2022-02-07,Thomson_Reuters,0,0,0,0,0,1
2023-06-02,Thomson_Reuters,0,0,0,0,0,1
2022-02-08,Thomson_Reuters,0,0,1,0,0,1
2023-04-15,The_Business_Times,0,0,1,0,0,1
2022-08-04,Financial_Times,2,0,1,0,0,6
2022-09-28,Thomson_Reuters,0,0,1,0,0,1
2023-03-11,Financial_Times,4,3,1,0,2,2
2022-02-02,Financial_Times,0,0,1,0,1,1
2023-06-05,The_Business_Times,0,1,0,0,0,1
2022-01-27,Financial_Times,0,0,0,0,0,1
2023-05-28,Financial_Times,0,1,0,0,1,3
2023-04-14,Thomson_Reuters,0,0,0,0,0,1
2022-10-20,Thomson_Reuters,0,0,0,0,1,2
2022-10-21,Financial_Times,0,0,0,0,0,1
2023-06-09,Thomson_Reuters,0,0,1,0,0,1
2023-04-13,Thomson_Reuters,0,0,0,0,0,1
2022-10-12,Financial_Times,0,0,2,0,0,2
2022-10-14,Thomson_Reuters,0,0,1,0,0,2
2023-06-09,Financial_Times,0,0,0,0,0,1
2023-04-17,Thomson_Reuters,0,0,2,0,0,1
2023-05-30,Financial_Times,0,1,0,0,0,1
2023-04-25,Thomson_Reuters,0,0,1,0,0,1
2022-11-29,The_Business_Times,0,1,1,0,0,1
2023-01-18,Financial_Times,0,1,2,0,0,1
2022-02-28,Thomson_Reuters,0,0,0,1,0,1
2023-04-21,Financial_Times,0,0,1,0,0,1
2022-01-19,Thomson_Reuters,0,0,1,0,0,1
2023-04-01,Financial_Times,2,2,0,0,2,2
2022-11-10,The_Business_Times,0,1,0,0,0,1
2022-06-09,Financial_Times,2,1,0,0,0,1
2022-05-05,Financial_Times,2,0,2,0,0,1
2022-03-22,Financial_Times,0,0,0,1,0,2
2022-01-11,Financial_Times,0,0,0,0,0,2
2022-06-09,Thomson_Reuters,0,0,2,0,0,1
2023-04-14,Thomson_Reuters,0,0,0,0,0,1
2022-01-10,Financial_Times,0,0,0,0,0,2
2022-06-10,Financial_Times,4,0,0,0,1,2
2022-11-03,JoongAng_Daily,0,0,0,0,0,1
2022-01-05,Thomson_Reuters,0,0,0,0,0,1
2022-01-27,Financial_Times,7,3,4,0,1,2
2023-06-02,The_Business_Times,0,0,2,0,0,1
2022-10-19,Thomson_Reuters,0,0,0,0,0,1
2022-04-01,Thomson_Reuters,0,0,2,0,0,1
2022-02-24,Financial_Times,0,0,0,0,0,1
2022-11-02,Thomson_Reuters,0,0,0,0,0,1
2022-02-23,Financial_Times,2,0,1,0,0,2
2022-04-12,Financial_Times,1,1,0,0,1,3
2022-01-25,Financial_Times,3,0,2,0,0,1
2022-05-19,Thomson_Reuters,0,0,0,0,0,1
2022-01-21,Thomson_Reuters,0,0,0,0,0,1
2023-06-05,Financial_Times,1,0,1,0,0,1
2022-09-28,Thomson_Reuters,0,0,2,0,0,1
2022-03-10,Thomson_Reuters,1,1,0,1,0,3
2023-03-08,Financial_Times,0,0,0,0,3,2
2023-02-27,Thomson_Reuters,0,0,0,0,0,1
2023-06-08,Thomson_Reuters,0,0,1,0,0,1
2022-01-21,Thomson_Reuters,0,0,0,0,0,1
2022-12-29,Financial_Times,0,0,1,0,0,2
2023-02-12,Financial_Times,2,0,2,0,0,1
2023-01-19,Financial_Times,0,1,0,0,0,1
2022-03-31,Financial_Times,0,1,0,0,0,1
2023-01-20,Thomson_Reuters,0,0,1,0,0,1
2023-03-25,Thomson_Reuters,0,0,0,0,0,1
2023-04-14,Thomson_Reuters,0,0,0,0,0,1
2022-01-19,Thomson_Reuters,0,0,1,0,0,1
2022-02-18,Thomson_Reuters,0,0,0,0,0,1
2022-02-08,Thomson_Reuters,0,0,1,0,0,1
2023-04-14,Thomson_Reuters,0,0,1,0,0,1
2022-02-28,Thomson_Reuters,0,0,0,0,0,1
2022-12-05,Thomson_Reuters,0,0,0,0,0,1
2023-06-02,Financial_Times,0,0,0,0,0,1
2023-04-17,Thomson_Reuters,0,0,1,0,0,1
2022-02-19,Thomson_Reuters,0,0,0,0,0,1
2023-01-19,The_Business_Times,1,0,1,0,0,1
2022-05-13,Thomson_Reuters,0,0,1,0,0,1
2023-03-01,Thomson_Reuters,0,0,0,0,0,1
2022-11-16,Financial_Times,0,2,4,0,2,1
2022-06-09,Financial_Times,0,0,0,1,0,1
2022-06-22,Thomson_Reuters,0,0,1,0,0,1
2022-11-10,Thomson_Reuters,0,0,0,0,0,1
2023-02-14,Financial_Times,2,1,4,0,0,1
2022-12-27,Financial_Times,0,0,2,0,0,1
2022-07-29,Thomson_Reuters,0,0,0,0,0,1
2022-05-26,Thomson_Reuters,0,0,0,0,0,1
2023-01-18,Thomson_Reuters,1,0,1,0,0,1
2022-01-18,Thomson_Reuters,0,0,0,0,0,1
2023-04-20,Thomson_Reuters,0,0,0,0,0,1
2023-06-02,Financial_Times,0,0,4,0,0,1
2022-03-16,Financial_Times,0,0,0,0,0,1
2023-02-04,Thomson_Reuters,0,0,0,0,0,1
2022-09-09,Financial_Times,0,0,0,0,0,1
2023-03-29,Thomson_Reuters,0,0,1,0,0,1
2022-07-26,Financial_Times,0,0,0,0,0,1
2023-03-17,Thomson_Reuters,0,0,0,0,0,1
2022-04-12,Thomson_Reuters,1,0,0,0,0,1
2022-02-01,Financial_Times,0,0,1,0,0,1
2023-01-27,Thomson_Reuters,0,0,0,0,0,1
2022-09-06,Financial_Times,1,0,2,0,0,1
2022-12-07,Thomson_Reuters,0,0,0,0,0,1
2022-12-07,The_Business_Times,0,0,0,0,0,1
2022-01-27,Thomson_Reuters,0,0,0,0,0,1
2023-04-17,Financial_Times,0,0,1,0,0,1
2023-05-12,Thomson_Reuters,0,0,0,0,0,1
2022-11-14,Thomson_Reuters,0,1,0,0,2,1
2023-05-11,The_Business_Times,0,0,0,0,0,1
2023-04-20,Thomson_Reuters,0,1,0,0,0,1
2022-06-17,Thomson_Reuters,1,0,1,0,0,1
2023-01-26,Thomson_Reuters,0,0,1,0,0,1
2023-04-26,Thomson_Reuters,0,0,1,0,0,2
2022-03-16,Thomson_Reuters,0,0,2,0,0,1
2022-10-13,Financial_Times,0,0,2,0,0,1
2022-12-07,Thomson_Reuters,0,0,0,0,0,1
2022-08-16,Thomson_Reuters,0,0,0,0,0,1
2022-09-16,Thomson_Reuters,0,0,0,0,0,1
2022-05-20,Thomson_Reuters,0,0,1,0,1,1
2023-03-15,Thomson_Reuters,0,0,0,0,0,1
2023-03-30,Thomson_Reuters,0,0,0,0,0,1
2023-04-17,Thomson_Reuters,0,0,0,0,0,1
2022-09-23,Financial_Times,0,0,2,0,0,2
2023-02-22,Thomson_Reuters,0,0,1,0,0,1
2023-05-03,Thomson_Reuters,0,0,1,0,0,2
2022-02-23,Financial_Times,0,0,0,1,0,1
2022-08-22,Thomson_Reuters,0,0,0,0,0,1
2022-01-21,Thomson_Reuters,0,0,0,0,0,1
2022-11-16,Thomson_Reuters,0,0,0,0,0,1
2022-11-03,Thomson_Reuters,0,0,0,0,0,1
2022-04-01,Thomson_Reuters,0,0,0,0,0,1
2023-06-02,Thomson_Reuters,0,0,1,0,0,1
2022-11-11,Financial_Times,0,1,2,0,0,2
2022-02-08,Thomson_Reuters,0,0,1,0,0,1
2022-03-08,Thomson_Reuters,0,0,0,0,0,1
2023-02-15,Thomson_Reuters,0,1,1,0,0,1
2022-03-17,Financial_Times,0,0,1,1,0,1
2022-01-07,Financial_Times,0,0,0,0,0,1
2023-05-15,The_Business_Times,0,0,0,0,0,1
2023-05-30,The_Wall_Street_Journal,0,0,1,0,0,1
2022-03-16,The_Wall_Street_Journal,0,0,1,0,0,1
2022-10-08,The_Wall_Street_Journal,0,0,1,0,1,1
2023-02-23,South_China_Morning_Post,0,0,0,0,0,1
2023-05-07,The_Wall_Street_Journal,2,0,1,0,0,1
2023-06-02,The_Jakarta_Post,0,0,1,0,0,1
2022-03-16,The_Wall_Street_Journal,0,0,0,0,0,1
2022-05-04,The_Wall_Street_Journal,3,1,2,0,0,2
2023-04-25,The_Wall_Street_Journal,0,0,0,0,0,1
2023-06-09,Channel_News_Asia,0,0,1,0,0,1
2022-01-31,The_Strait_Times,0,0,0,0,0,2
2022-04-22,The_Wall_Street_Journal,2,1,1,1,2,3
2023-04-25,Nikkei_Asia,0,0,1,0,0,2
2022-03-25,The_Wall_Street_Journal,1,0,0,0,2,1
2020-11-12,Thomson_Reuters,0,0,0,0,0,1
2020-12-11,Thomson_Reuters,0,0,0,0,0,1
2021-10-20,Thomson_Reuters,0,0,0,0,0,2
2021-03-30,Thomson_Reuters,0,0,0,0,0,1
2021-10-27,Financial_Times,1,0,0,0,1,1
2020-03-01,Financial_Times,0,0,1,0,0,1
2021-07-15,Thomson_Reuters,0,0,0,0,0,1
2021-04-19,Financial_Times,0,0,0,0,0,2
2021-05-02,Financial_Times,0,0,0,0,0,1
2021-04-08,The_Business_Times,0,0,0,0,0,1
2021-10-11,Thomson_Reuters,0,0,0,0,0,1
2021-09-24,The_Wall_Street_Journal,0,0,0,0,0,1
2020-12-11,Thomson_Reuters,0,0,0,0,0,1
2020-12-11,Thomson_Reuters,0,0,0,0,0,1
2020-08-20,Thomson_Reuters,0,0,0,0,0,1
2020-07-27,Financial_Times,3,2,4,2,1,4
2020-05-27,Financial_Times,0,1,2,0,3,3
2021-10-20,Thomson_Reuters,0,0,0,0,0,2
2021-04-26,Financial_Times,0,0,0,0,0,1
2021-07-14,Thomson_Reuters,0,0,0,0,2,2
2020-02-11,Financial_Times,0,0,1,0,0,1
2020-06-10,Thomson_Reuters,0,0,0,0,0,1
2021-09-17,Thomson_Reuters,0,0,0,0,0,1
2021-06-01,Thomson_Reuters,0,0,0,0,0,1
2021-06-16,Financial_Times,0,0,0,0,1,2
2021-10-26,Financial_Times,0,0,1,0,0,1
2020-10-13,Financial_Times,0,0,1,1,1,1
2020-01-14,Financial_Times,2,0,1,0,0,3
2021-06-16,Thomson_Reuters,0,0,0,0,0,1
2021-09-20,Financial_Times,0,0,1,0,0,2
2020-09-10,Financial_Times,0,0,0,0,0,1
2020-10-12,Thomson_Reuters,0,0,0,0,0,1
2021-05-23,Financial_Times,0,1,0,0,0,1
2021-06-09,The_Wall_Street_Journal,0,0,1,0,0,1
2021-04-23,Financial_Times,0,0,0,0,0,1
2020-02-05,Thomson_Reuters,0,0,0,0,0,1
2020-03-13,The_Wall_Street_Journal,0,0,1,0,0,1
2021-07-02,Thomson_Reuters,0,0,0,0,0,1
2021-10-26,Financial_Times,0,0,1,0,0,1
2021-04-26,Thomson_Reuters,0,0,1,0,0,1
2020-06-17,Financial_Times,0,0,0,0,0,1
2021-03-25,Thomson_Reuters,0,0,0,0,0,1
2021-10-25,Financial_Times,0,0,1,0,0,1
2021-01-27,The_Business_Times,0,0,1,0,0,1
2021-06-21,Financial_Times,0,0,0,0,0,1
2021-05-27,Financial_Times,0,0,0,0,0,1
2021-07-02,The_Wall_Street_Journal,0,0,0,0,0,1
2021-05-24,Thomson_Reuters,0,0,0,0,0,1
2021-04-20,Financial_Times,2,0,1,0,0,2
2021-02-23,Thomson_Reuters,0,0,0,0,0,1
2021-10-28,Thomson_Reuters,0,0,0,0,0,1
2021-12-09,The_Wall_Street_Journal,0,0,0,0,0,1
2021-07-22,Thomson_Reuters,0,0,0,0,0,1
2021-11-05,Financial_Times,0,0,0,0,0,1
2021-03-25,The_Business_Times,0,0,0,0,0,1
2021-10-20,Thomson_Reuters,0,0,0,0,0,2
2021-01-15,Financial_Times,0,0,2,0,0,2
2021-06-17,Thomson_Reuters,0,0,0,0,0,1
2020-12-10,The_Business_Times,0,0,0,0,0,1
2021-07-08,Thomson_Reuters,0,0,0,0,0,1
2021-01-26,Thomson_Reuters,0,0,0,0,0,1
2021-01-26,Thomson_Reuters,0,0,0,0,0,1
2021-09-27,The_Strait_Times,0,0,1,0,1,3
2021-11-01,The_Wall_Street_Journal,1,0,4,0,3,2
2021-07-26,Thomson_Reuters,0,0,0,0,0,1
2020-01-23,Thomson_Reuters,0,0,0,0,0,1
2021-10-11,Thomson_Reuters,0,0,0,0,0,1
2021-09-13,Thomson_Reuters,0,0,1,0,0,1
2021-10-25,Financial_Times,0,0,1,0,0,1
2021-02-02,Thomson_Reuters,0,0,0,0,0,1
2021-12-08,The_Wall_Street_Journal,1,1,1,0,0,3
2021-04-27,Financial_Times,1,0,0,0,0,2
2020-07-01,Thomson_Reuters,0,0,0,0,0,1
2021-05-24,Financial_Times,0,0,0,0,0,1
2021-03-11,Thomson_Reuters,0,1,1,0,0,1
2021-05-12,Financial_Times,0,0,0,0,0,1
2020-10-15,Financial_Times,1,0,2,0,0,1
2021-12-10,Thomson_Reuters,0,0,0,0,0,1
2021-09-09,Thomson_Reuters,0,0,0,0,0,1
2021-06-01,Financial_Times,0,0,0,0,0,1
2021-09-06,Financial_Times,0,0,0,0,0,1
2021-04-22,Financial_Times,0,0,2,1,0,1
2020-11-13,Channel_News_Asia,0,0,0,0,0,1
2020-07-21,Financial_Times,1,0,2,0,0,1
2021-04-08,Thomson_Reuters,0,0,1,0,0,1
2021-07-14,Thomson_Reuters,0,0,0,0,1,1
2021-07-02,Thomson_Reuters,0,0,0,0,0,1
2021-10-08,Thomson_Reuters,0,0,0,0,0,1
2020-12-06,Thomson_Reuters,0,0,0,0,0,1
2021-07-27,Thomson_Reuters,0,0,0,0,0,1
2021-11-6,Financial_Times,0,0,0,0,0,1
2021-11-23,Thomson_Reuters,0,0,0,0,0,1
2020-10-12,Thomson_Reuters,0,0,1,0,0,1
2021-08-02,Thomson_Reuters,0,0,0,0,0,1
2021-11-04,Thomson_Reuters,0,0,0,0,0,1
2021-07-29,Thomson_Reuters,0,0,0,0,0,1
2021-05-05,Thomson_Reuters,0,0,0,0,0,1
2021-09-08,Thomson_Reuters,0,0,0,0,0,1
2020-09-17,Thomson_Reuters,0,0,1,0,0,1
2021-09-02,Thomson_Reuters,0,0,0,0,0,1
2021-05-03,Thomson_Reuters,0,0,0,0,0,1
2021-07-26,Thomson_Reuters,0,0,0,0,0,1
2020-05-28,The_Wall_Street_Journal,4,0,1,0,0,1
2021-11-12,Thomson_Reuters,0,0,0,0,0,1
2021-03-26,The_Business_Times,0,0,0,0,0,1
2020-01-27,Financial_Times,0,0,0,0,0,1
2021-09-06,Thomson_Reuters,0,0,0,0,0,1
2021-06-02,Thomson_Reuters,0,0,1,0,0,1
2020-08-20,Financial_Times,1,1,4,0,2,2
2021-11-11,Financial_Times,1,1,3,0,0,1
2021-07-02,Thomson_Reuters,0,0,1,0,0,1
2021-01-26,Thomson_Reuters,0,0,0,0,0,1
2021-09-08,Thomson_Reuters,0,0,0,0,0,1
2020-12-08,Thomson_Reuters,0,0,0,0,0,1
2021-10-20,Thomson_Reuters,0,0,1,0,0,1
2021-04-26,Thomson_Reuters,0,0,0,0,0,1
2021-04-07,The_Wall_Street_Journal,0,0,0,0,0,1
2020-02-05,Thomson_Reuters,0,0,0,0,0,1
2021-09-06,Thomson_Reuters,0,0,1,0,0,1
2021-09-24,Financial_Times,0,0,0,0,0,1
2021-02-23,Thomson_Reuters,0,0,0,0,0,1
2020-09-24,Thomson_Reuters,0,0,0,0,0,1
2021-09-15,Financial_Times,0,0,3,0,0,1
2021-02-10,Thomson_Reuters,0,0,0,0,0,1
2021-11-23,Thomson_Reuters,0,0,0,0,0,1
2021-10-21,Thomson_Reuters,0,0,0,0,0,1
2021-07-08,Thomson_Reuters,0,0,0,0,0,1
2020-07-09,Thomson_Reuters,0,0,2,0,0,1
2020-05-06,Channel_News_Asia,0,0,0,0,0,1
2020-08-21,The_Wall_Street_Journal,2,0,0,0,0,2
2021-11-19,Thomson_Reuters,0,0,0,0,0,1
2020-09-30,Financial_Times,0,0,0,0,0,1
2020-06-17,Thomson_Reuters,0,0,1,0,0,1
2021-03-09,Thomson_Reuters,0,0,0,0,0,1
2021-09-07,Thomson_Reuters,0,0,0,0,0,1
2021-01-26,Thomson_Reuters,0,0,0,0,0,1
2021-11-17,The_Wall_Street_Journal,0,0,0,0,0,1
2021-10-22,Financial_Times,0,1,0,0,0,1
2020-09-17,Thomson_Reuters,0,1,3,0,0,1
2021-01-26,Financial_Times,0,0,1,0,0,1
2020-08-12,The_Wall_Street_Journal,0,0,0,0,0,1
2020-12-01,Thomson_Reuters,0,0,0,0,0,1
2021-06-29,The_Business_Times,1,0,0,0,0,1
2021-10-20,Thomson_Reuters,0,0,1,0,0,1
2020-05-05,Thomson_Reuters,0,0,0,0,0,1
2021-05-06,Financial_Times,0,0,0,0,0,1
2021-04-10,The_Business_Times,0,0,1,0,0,1
2020-09-10,Thomson_Reuters,0,0,0,0,0,1
2021-04-20,Financial_Times,0,0,1,0,0,2
2021-02-15,The_Business_Times,0,0,1,0,0,1
2021-01-16,Financial_Times,0,0,0,0,0,1
2021-08-03,Thomson_Reuters,0,0,0,0,0,1
2021-07-29,Thomson_Reuters,0,0,1,0,0,1
2021-10-21,Financial_Times,0,1,0,0,0,1
2020-12-07,Thomson_Reuters,0,0,0,0,0,2
2021-10-26,Thomson_Reuters,0,0,0,0,0,1
2021-02-24,The_Wall_Street_Journal,0,0,0,0,0,3
2021-04-08,Thomson_Reuters,0,0,0,0,0,1
2021-06-30,Thomson_Reuters,0,0,0,0,1,1
2021-05-20,Thomson_Reuters,0,0,1,0,0,1
2020-12-08,Thomson_Reuters,0,0,0,0,0,1
2021-02-10,Thomson_Reuters,0,0,0,0,0,1
2021-11-08,Financial_Times,0,0,0,0,0,1
2021-09-09,Thomson_Reuters,0,0,0,0,0,1
2021-07-01,Thomson_Reuters,0,0,0,0,0,1
2021-02-10,Thomson_Reuters,0,0,0,0,0,1
2020-02-10,Thomson_Reuters,0,0,0,0,0,1
2020-11-03,The_Wall_Street_Journal,3,0,4,0,0,2
2020-04-08,Financial_Times,0,0,1,0,0,1
2021-01-21,Financial_Times,0,0,0,0,0,1
2021-03-11,Thomson_Reuters,0,1,1,0,0,1
2021-10-20,Thomson_Reuters,0,0,0,0,0,1
2021-11-19,Thomson_Reuters,0,0,0,0,0,1
2021-08-12,The_Wall_Street_Journal,3,0,0,0,2,3
2021-09-15,Thomson_Reuters,0,0,0,0,0,1
2021-10-25,Financial_Times,0,0,0,0,0,1
2021-06-16,Thomson_Reuters,0,1,0,0,0,1
2020-09-26,Thomson_Reuters,0,0,0,0,0,1
2020-12-28,Financial_Times,0,0,0,0,0,1
2020-01-23,Thomson_Reuters,1,2,1,0,0,1
2021-03-30,Thomson_Reuters,0,0,0,0,0,1
2021-10-25,Thomson_Reuters,0,0,0,0,0,1
2021-02-09,Thomson_Reuters,0,0,0,0,0,1
2021-07-13,Financial_Times,3,3,1,0,4,3
2020-02-05,Thomson_Reuters,0,0,0,0,0,1
2020-11-19,Financial_Times,2,2,1,0,0,4
2021-06-16,Thomson_Reuters,0,0,0,0,1,3
2020-05-05,The_Wall_Street_Journal,0,0,0,0,0,1
2020-09-10,Thomson_Reuters,0,0,0,0,0,1
2020-08-19,Financial_Times,0,0,2,0,2,3
2020-10-12,The_Wall_Street_Journal,0,0,0,0,0,1
2020-06-30,The_Wall_Street_Journal,0,0,0,0,0,1
2021-09-27,Thomson_Reuters,0,0,2,0,0,1
2021-04-20,Financial_Times,0,2,0,0,1,2
2021-10-01,Financial_Times,0,0,1,0,0,1
2021-01-26,Thomson_Reuters,0,1,0,0,0,1
2020-11-19,Financial_Times,0,0,0,0,0,1
2021-12-09,Thomson_Reuters,0,0,0,0,0,1
2020-07-23,The_Wall_Street_Journal,1,0,0,0,0,1
2021-06-17,The_Wall_Street_Journal,0,0,0,0,0,1
2021-04-23,Thomson_Reuters,0,1,1,0,0,1
2021-06-18,Thomson_Reuters,0,0,0,0,0,1
2021-05-02,Thomson_Reuters,0,0,0,0,0,1
2021-09-25,Thomson_Reuters,0,0,0,0,0,1
2021-02-10,Financial_Times,0,0,0,0,0,1
2020-10-13,The_Wall_Street_Journal,0,0,0,0,0,2
2021-04-23,Financial_Times,0,0,0,0,0,1
2021-04-05,The_Wall_Street_Journal,1,0,0,0,0,1
2021-07-27,Thomson_Reuters,0,0,0,0,0,1
2021-07-08,Thomson_Reuters,0,0,0,0,0,1
2021-05-03,Thomson_Reuters,0,0,0,0,0,1
2021-09-28,Financial_Times,0,0,0,0,0,1
2020-07-23,The_Wall_Street_Journal,0,0,0,0,0,1
2021-04-23,Thomson_Reuters,0,1,1,0,0,1
2021-09-28,Financial_Times,0,1,0,0,0,1
2021-07-21,Financial_Times,0,0,0,0,0,2
2020-12-08,Thomson_Reuters,0,0,2,0,0,1
2021-02-10,Financial_Times,1,0,2,0,0,1
2021-09-17,Thomson_Reuters,0,0,0,0,0,1
2021-01-26,The_Business_Times,0,0,0,0,0,1
2021-09-03,Financial_Times,0,0,0,0,0,1
2020-09-11,Financial_Times,1,0,1,1,1,2
2021-01-14,Financial_Times,0,0,0,0,0,1
2021-10-08,Thomson_Reuters,0,0,0,0,0,1
2020-02-10,Financial_Times,0,0,1,0,0,1
2021-11-12,Thomson_Reuters,0,0,0,0,0,1
2020-01-23,Thomson_Reuters,0,0,0,0,0,1
2021-06-22,Financial_Times,0,0,1,0,0,1
2021-10-27,Thomson_Reuters,0,0,0,0,0,1
2020-10-12,Thomson_Reuters,0,0,1,0,0,1
2021-09-09,Thomson_Reuters,0,0,0,0,0,1
2020-09-23,Thomson_Reuters,0,0,0,0,1,1
2021-10-28,Financial_Times,0,0,0,0,0,1
2021-06-16,Thomson_Reuters,0,1,0,0,0,1
2021-09-24,Thomson_Reuters,0,0,0,0,1,1
2020-10-02,The_Wall_Street_Journal,2,0,2,0,0,1
2021-04-26,Financial_Times,0,0,0,0,0,1
2021-11-30,Thomson_Reuters,0,0,0,0,0,1
2021-02-17,Financial_Times,0,0,0,0,0,1
2021-08-13,Financial_Times,0,0,0,0,0,1
2020-05-01,The_Wall_Street_Journal,0,0,0,0,0,3
2021-07-27,Financial_Times,0,1,0,0,0,1
2021-12-20,Financial_Times,2,0,0,0,0,3
2020-09-10,Thomson_Reuters,1,1,0,0,0,1
2021-11-03,The_Wall_Street_Journal,0,0,0,0,0,1
2021-11-29,Thomson_Reuters,0,0,0,0,0,1
2021-03-19,The_Wall_Street_Journal,0,0,0,0,0,1
2020-12-14,The_Business_Times,0,0,0,0,0,1
2020-05-06,Financial_Times,0,0,0,0,0,1
2021-06-16,Thomson_Reuters,0,0,0,0,0,1
2021-09-08,Thomson_Reuters,0,0,0,0,0,1
2021-02-09,Financial_Times,0,0,1,0,0,1
2021-04-29,Thomson_Reuters,0,0,0,0,0,1
2021-07-26,Thomson_Reuters,0,0,0,0,0,1
2021-10-07,Thomson_Reuters,0,0,0,0,0,1
2020-09-10,Thomson_Reuters,0,0,0,0,0,1
2021-02-02,Financial_Times,3,0,1,0,0,2
2021-11-15,Thomson_Reuters,0,0,0,0,0,1
2021-10-25,Financial_Times,0,0,0,0,0,1
2020-10-29,Thomson_Reuters,0,0,0,0,0,1
2020-10-26,Thomson_Reuters,0,0,0,0,0,1
2021-10-26,Financial_Times,0,0,0,0,0,1
2020-02-12,Thomson_Reuters,0,0,0,0,0,1
2020-10-21,Thomson_Reuters,0,0,1,0,0,1
2021-09-28,Thomson_Reuters,0,0,0,0,0,1
2021-12-15,Financial_Times,1,0,0,0,0,1
2020-12-06,Thomson_Reuters,0,0,0,0,0,1
2021-09-08,Thomson_Reuters,0,0,0,0,0,1
2020-10-08,Financial_Times,5,2,0,0,2,2
2020-02-24,Financial_Times,0,0,0,0,0,1
2020-01-14,Thomson_Reuters,0,0,0,0,0,1
2021-09-08,Thomson_Reuters,0,0,0,0,0,1
2021-11-03,Thomson_Reuters,0,0,0,0,0,1
2020-08-04,Thomson_Reuters,0,0,1,0,0,1
2020-02-10,Thomson_Reuters,0,0,0,0,0,1
2020-12-08,Thomson_Reuters,0,0,0,0,0,1
2021-03-25,The_Wall_Street_Journal,0,0,0,0,0,1
2021-07-05,The_Business_Times,0,0,0,0,1,1
2020-02-13,Thomson_Reuters,0,0,0,0,0,1
2021-06-24,Financial_Times,0,0,0,0,0,1
2021-04-29,Financial_Times,4,0,0,0,0,2
2021-02-04,Financial_Times,0,0,1,0,0,1
2021-11-08,Thomson_Reuters,0,0,0,0,0,1
2021-11-9,Financial_Times,0,0,0,0,0,1
2021-06-16,Thomson_Reuters,0,0,0,0,0,1
2020-02-19,Financial_Times,1,0,5,0,0,1
2020-12-14,Thomson_Reuters,0,0,0,0,0,1
2021-01-26,Thomson_Reuters,0,0,0,0,0,1
2020-06-05,Financial_Times,0,0,1,0,0,1
2020-12-09,The_Business_Times,0,0,0,0,0,1
2021-12-01,Thomson_Reuters,0,0,0,0,0,1
2021-03-31,Thomson_Reuters,0,0,0,0,0,1
2020-10-12,Thomson_Reuters,0,0,0,0,0,1
2020-11-18,Financial_Times,0,0,1,0,0,1
2021-09-16,Thomson_Reuters,0,0,0,0,0,1
2021-05-18,Thomson_Reuters,0,0,0,0,0,1
2021-07-27,Thomson_Reuters,0,1,0,0,0,1
2021-01-28,Thomson_Reuters,0,0,0,0,0,1
2021-05-30,Financial_Times,0,0,0,0,0,2
2021-07-27,Financial_Times,0,0,0,0,0,1
2021-06-12,Financial_Times,2,0,2,0,1,1
2020-12-11,The_Wall_Street_Journal,0,0,0,0,0,1
2020-10-01,Thomson_Reuters,0,0,1,0,0,1
2020-12-10,Financial_Times,0,1,0,0,0,2
2020-11-12,Thomson_Reuters,0,0,0,0,0,1
2020-04-02,Financial_Times,1,0,0,0,0,2
2021-05-20,Thomson_Reuters,0,0,0,0,0,1
2021-05-27,Thomson_Reuters,0,0,0,0,0,1
2021-01-27,The_Business_Times,0,1,0,0,0,1
2019-11-04,Financial_Times,0,0,0,0,0,1
2019-04-21,Financial_Times,0,0,1,0,0,1
2018-11-21,Financial_Times,0,0,0,0,0,1
2013-02-28,Financial_Times,0,0,0,0,0,1
2015-04-20,Financial_Times,0,0,0,0,0,1
2019-03-26,Financial_Times,0,0,2,0,0,2
2003-06-12,The_Wall_Street_Journal,0,0,0,0,0,1
2019-12-17,The_Wall_Street_Journal,3,0,0,2,0,2
2015-06-25,Thomson_Reuters,0,0,0,0,0,1
2017-05-23,Thomson_Reuters,0,0,0,0,0,1
2019-05-16,The_Wall_Street_Journal,0,0,1,0,0,1
2019-07-15,The_Wall_Street_Journal,0,0,0,0,0,1
2019-09-12,Thomson_Reuters,0,0,0,0,0,1
2019-02-06,Thomson_Reuters,0,0,0,0,0,1
2019-09-02,Financial_Times,0,0,0,0,0,1
2011-03-07,The_Wall_Street_Journal,0,1,0,0,0,2
2019-05-15,Thomson_Reuters,0,0,0,0,0,1
2019-10-24,Thomson_Reuters,0,0,0,0,0,1
2019-06-09,Financial_Times,0,0,0,0,0,1
2010-12-21,The_Wall_Street_Journal,0,1,0,0,0,3
2011-11-01,The_Wall_Street_Journal,0,0,0,0,0,1
2016-01-05,Thomson_Reuters,0,0,1,0,0,1
2016-08-01,The_Wall_Street_Journal,0,0,0,0,0,1
2017-01-03,The_Wall_Street_Journal,1,0,0,0,0,2
2015-05-24,Financial_Times,0,0,2,0,0,1
2019-04-20,Thomson_Reuters,0,0,0,0,0,1
2018-11-06,Thomson_Reuters,0,1,0,0,0,1
2009-11-11,Thomson_Reuters,0,0,0,0,0,1
2018-10-10,Thomson_Reuters,0,1,0,0,0,1
2011-03-22,The_Wall_Street_Journal,0,0,0,0,0,1
2018-09-24,Thomson_Reuters,0,0,0,0,0,1
2019-05-06,Thomson_Reuters,0,0,0,0,0,1
2013-03-20,Financial_Times,3,0,0,0,0,1
2019-10-16,Financial_Times,0,0,1,0,0,1
2011-12-16,The_Wall_Street_Journal,0,0,0,0,0,1
2016-04-28,Thomson_Reuters,0,0,0,0,0,1
2019-06-05,Financial_Times,0,0,0,0,0,1
2012-12-04,The_Wall_Street_Journal,0,0,1,0,0,1
2018-10-10,Thomson_Reuters,0,1,0,0,0,1
2013-11-21,Financial_Times,0,0,0,0,0,1
2012-06-11,Thomson_Reuters,0,0,2,0,0,1
2019-01-15,Thomson_Reuters,0,0,0,0,0,1
2019-01-25,Financial_Times,0,0,0,0,0,1
2019-06-27,Financial_Times,0,0,0,1,0,1
2019-05-16,The_Wall_Street_Journal,0,0,0,0,0,1
2019-05-23,Thomson_Reuters,0,0,0,0,0,1
2019-12-29,Thomson_Reuters,0,0,0,0,0,1
2018-10-09,Thomson_Reuters,0,1,0,0,0,1
2015-12-17,Thomson_Reuters,0,0,0,0,1,1
2018-09-11,Thomson_Reuters,0,0,0,0,0,1
2015-08-20,The_Wall_Street_Journal,0,0,0,0,0,1
2011-05-16,Thomson_Reuters,0,0,0,0,0,1
2018-12-18,The_Wall_Street_Journal,0,0,0,0,0,1
2019-08-04,Financial_Times,0,0,0,0,0,1
2017-09-25,Thomson_Reuters,0,0,0,0,0,1
2018-01-16,Thomson_Reuters,0,1,0,0,0,1
2017-06-21,The_Wall_Street_Journal,0,0,0,0,0,1
2019-10-02,Thomson_Reuters,0,0,0,0,0,1
2019-07-19,Financial_Times,0,0,1,0,0,1
2018-10-23,Thomson_Reuters,0,1,0,0,0,1
2017-07-27,Thomson_Reuters,0,0,1,0,0,1
2017-07-27,Thomson_Reuters,0,0,0,0,0,1
2019-07-10,The_Wall_Street_Journal,1,0,1,0,0,1
2019-08-29,Thomson_Reuters,0,0,1,0,0,1
2016-01-15,Thomson_Reuters,0,0,0,0,0,1
2023-06-21,Financial_Times,0,0,0,0,0,1
2019-05-24,Thomson_Reuters,0,0,0,0,0,1
2016-07-29,Thomson_Reuters,0,0,0,0,0,1
2015-04-21,Thomson_Reuters,0,0,0,0,0,1
2010-08-26,Thomson_Reuters,0,0,2,0,0,1
2014-11-09,Thomson_Reuters,0,0,0,0,0,1
2018-04-26,Financial_Times,0,0,0,0,0,1
2016-01-05,Thomson_Reuters,0,0,0,0,0,1
2019-07-30,Thomson_Reuters,0,0,0,0,0,1
2019-09-24,Thomson_Reuters,0,0,0,0,0,1
2019-06-11,Financial_Times,0,0,0,0,0,1
2016-01-21,Financial_Times,0,0,0,0,0,1
2014-08-24,Financial_Times,0,0,0,0,0,1
2019-04-08,Thomson_Reuters,0,0,0,0,0,1
2017-09-14,The_Wall_Street_Journal,0,0,0,0,0,1
2016-07-04,Financial_Times,0,0,1,0,0,1
2011-10-17,The_Wall_Street_Journal,0,0,3,0,0,1
2017-08-03,Thomson_Reuters,0,0,0,0,0,1
2019-04-22,Financial_Times,0,0,1,0,0,1
2018-12-10,The_Wall_Street_Journal,0,0,0,0,0,1
2019-05-17,Financial_Times,0,0,1,0,0,1
2011-03-08,The_Wall_Street_Journal,0,0,0,0,0,1
2018-10-11,Financial_Times,1,0,0,0,0,1
2016-08-09,Thomson_Reuters,0,0,0,0,0,1
2010-04-21,The_Wall_Street_Journal,0,0,1,0,0,1
2019-02-05,Thomson_Reuters,0,0,1,0,0,1
2019-07-30,Thomson_Reuters,0,0,0,0,0,1
2017-02-13,Thomson_Reuters,2,1,0,0,0,1
2019-09-30,Thomson_Reuters,0,0,0,0,0,1
2018-11-29,Thomson_Reuters,0,0,0,0,0,1
2019-03-07,Thomson_Reuters,1,0,0,0,0,1
2017-07-24,Thomson_Reuters,0,0,0,0,0,1
2019-05-12,Financial_Times,0,0,0,0,0,1
2019-10-30,Thomson_Reuters,0,0,1,0,0,1
2019-05-27,Thomson_Reuters,0,0,1,0,0,1
2018-09-27,Thomson_Reuters,0,0,0,0,0,1
2015-10-16,Financial_Times,0,0,0,0,0,1
2019-11-05,Financial_Times,0,0,1,0,0,1
2015-11-26,The_Wall_Street_Journal,1,0,2,0,0,1
2019-10-07,Thomson_Reuters,0,0,0,0,0,1
2011-03-21,The_Wall_Street_Journal,0,0,0,0,0,2
2019-09-19,Thomson_Reuters,0,0,0,0,0,1
2019-07-09,The_Wall_Street_Journal,0,0,0,0,0,1
2017-07-11,Thomson_Reuters,2,0,0,0,0,1
2011-03-21,Financial_Times,0,0,0,0,0,2
2007-12-13,The_Wall_Street_Journal,0,0,1,0,0,1
2014-04-03,The_Wall_Street_Journal,2,0,0,0,1,1
2018-02-26,Thomson_Reuters,1,0,2,0,1,1
2018-07-02,Thomson_Reuters,0,0,0,0,0,1
2019-04-09,Financial_Times,0,0,0,0,0,1
2013-07-24,The_Wall_Street_Journal,0,0,0,0,0,1
2023-06-14,Thomson_Reuters,0,0,0,0,0,1
2014-03-20,Thomson_Reuters,0,0,0,0,0,1
2018-07-02,Financial_Times,0,0,1,0,0,1
2018-12-10,The_Wall_Street_Journal,0,0,1,0,0,1
2016-06-16,Thomson_Reuters,0,0,0,0,1,1
2019-04-10,Thomson_Reuters,0,0,1,0,0,1
2015-04-16,Thomson_Reuters,0,0,0,0,0,1
2017-11-01,Thomson_Reuters,0,0,0,0,0,1
2012-11-25,The_Wall_Street_Journal,0,0,0,0,0,1
2019-05-16,Financial_Times,0,0,0,0,0,2
2017-05-15,The_Wall_Street_Journal,0,0,0,0,0,1
2019-10-02,Thomson_Reuters,0,0,0,0,0,1
2016-01-21,Thomson_Reuters,0,0,0,0,0,1
2017-06-19,Financial_Times,0,0,1,0,0,1
2019-03-08,Financial_Times,0,0,0,0,3,1
2018-10-19,Thomson_Reuters,0,1,0,0,0,1
2005-03-30,The_Wall_Street_Journal,0,0,0,0,0,1
2019-03-12,Financial_Times,0,0,1,0,0,1
2019-06-05,Thomson_Reuters,0,0,0,0,0,1
2012-12-19,Thomson_Reuters,0,0,0,0,0,1
2019-06-05,Thomson_Reuters,0,0,1,0,0,1
2016-09-01,Thomson_Reuters,0,0,0,0,0,1
2017-06-19,The_Wall_Street_Journal,2,0,0,0,0,1
2014-12-10,Thomson_Reuters,0,0,1,0,0,1
2005-12-28,The_Wall_Street_Journal,0,0,0,0,0,1
2011-05-11,Thomson_Reuters,0,0,0,0,0,1
2015-09-28,The_Wall_Street_Journal,0,0,1,0,0,1
2018-11-06,Thomson_Reuters,0,0,0,0,0,1
2017-08-02,Thomson_Reuters,0,0,0,0,0,1
2018-07-09,Thomson_Reuters,0,0,0,0,0,1
2019-05-16,Thomson_Reuters,0,0,0,0,0,1
2019-01-21,Thomson_Reuters,0,0,0,0,0,1
2016-03-31,Thomson_Reuters,0,0,0,0,0,1
2019-08-22,Thomson_Reuters,1,0,0,0,0,1
2004-04-14,The_Wall_Street_Journal,0,0,0,0,0,1
2019-01-10,Thomson_Reuters,0,0,0,0,0,1
2019-09-04,Thomson_Reuters,0,0,1,0,0,1
2015-12-08,Financial_Times,1,0,0,0,0,2
2016-12-21,Thomson_Reuters,0,0,0,0,0,1
2013-10-30,Thomson_Reuters,0,0,0,0,0,1
2017-07-27,Thomson_Reuters,0,0,0,0,0,1
2002-07-17,The_Wall_Street_Journal,0,0,0,0,0,1
2019-01-22,The_Wall_Street_Journal,1,0,2,0,0,1
2019-08-01,Thomson_Reuters,0,0,1,0,0,1
2012-02-05,The_Wall_Street_Journal,3,0,0,0,0,1
2019-09-17,Financial_Times,0,0,1,0,0,1
2018-03-15,The_Wall_Street_Journal,0,0,0,0,0,1
2017-11-09,Thomson_Reuters,0,0,0,0,0,1
2019-07-04,Thomson_Reuters,0,0,0,0,0,2
2019-06-04,Thomson_Reuters,0,0,1,0,0,1
2018-10-17,Thomson_Reuters,0,1,0,0,0,1
2019-03-21,The_Wall_Street_Journal,0,0,1,0,0,1
2019-05-16,Thomson_Reuters,0,0,1,0,0,1
2019-05-08,The_Wall_Street_Journal,0,0,1,0,0,1
2005-12-29,The_Wall_Street_Journal,0,0,1,0,0,1
2014-11-06,The_Wall_Street_Journal,0,0,0,0,0,1
2013-06-09,The_Wall_Street_Journal,2,0,1,0,0,1
2005-12-27,The_Wall_Street_Journal,0,0,1,0,0,1
2017-05-23,Thomson_Reuters,0,0,0,0,0,1
2017-11-21,Thomson_Reuters,0,0,0,0,0,1
2018-06-28,Thomson_Reuters,3,0,0,1,0,2
2018-06-12,Thomson_Reuters,0,0,0,0,0,1
2017-10-18,The_Wall_Street_Journal,0,0,0,0,0,1
2014-06-13,The_Wall_Street_Journal,0,0,0,0,0,1
2019-01-15,Thomson_Reuters,0,0,0,0,0,1
2019-07-01,The_Wall_Street_Journal,0,0,1,0,0,1
2018-06-12,Thomson_Reuters,0,0,0,0,0,1
2016-07-26,Thomson_Reuters,0,0,0,0,0,1
2019-04-09,Thomson_Reuters,0,0,1,0,0,1
2017-05-18,Thomson_Reuters,0,0,0,0,0,1
2019-03-26,Financial_Times,0,0,1,0,0,1
2017-02-28,Thomson_Reuters,0,0,2,0,0,1
2007-03-04,The_Wall_Street_Journal,0,0,0,0,0,1
2014-02-18,The_Wall_Street_Journal,0,0,0,0,0,1
2014-10-21,Thomson_Reuters,0,0,0,0,0,1
2015-02-19,Thomson_Reuters,0,0,0,0,0,1
2018-11-07,Thomson_Reuters,0,1,0,0,0,1
2003-12-04,The_Wall_Street_Journal,0,0,2,0,0,1
2017-07-11,Thomson_Reuters,0,0,0,0,0,1
2019-10-24,Thomson_Reuters,0,0,0,0,0,1
2017-07-19,Thomson_Reuters,0,0,1,0,0,1
2019-01-16,Financial_Times,0,0,0,0,0,1
2013-05-31,The_Wall_Street_Journal,0,0,1,0,0,1
2019-05-13,Thomson_Reuters,0,0,0,0,0,1
2018-10-05,Thomson_Reuters,0,1,0,0,0,1
2015-03-04,The_Wall_Street_Journal,0,0,0,0,0,1
2019-06-30,The_Wall_Street_Journal,0,2,0,0,0,1
2019-09-04,Thomson_Reuters,0,0,1,0,0,1
2012-12-04,The_Wall_Street_Journal,0,0,0,0,0,2
2017-07-26,Thomson_Reuters,0,0,1,0,0,1
2017-03-01,Thomson_Reuters,0,1,1,0,0,1
2016-01-27,Thomson_Reuters,0,0,0,0,0,1
2019-09-24,The_Wall_Street_Journal,0,0,0,0,0,1
2016-03-01,The_Wall_Street_Journal,0,0,0,0,0,1
2017-11-23,Thomson_Reuters,0,0,0,0,0,1
2019-12-02,Thomson_Reuters,0,0,0,0,0,1
2017-06-02,Thomson_Reuters,1,0,0,0,0,1
2019-09-24,Thomson_Reuters,0,0,0,0,0,1
2016-08-19,Thomson_Reuters,0,0,1,0,0,1
2019-12-30,Thomson_Reuters,0,0,0,0,0,1
2003-04-23,The_Wall_Street_Journal,0,0,1,0,0,1
2016-12-01,Thomson_Reuters,0,0,0,0,0,1
2008-12-24,The_Wall_Street_Journal,0,0,0,0,0,1
2017-11-16,Thomson_Reuters,0,0,0,0,0,1
2019-03-12,Financial_Times,0,0,0,0,0,1
2019-02-07,Financial_Times,0,0,0,0,0,1
2023-06-14,South_China_Morning_Post,0,0,0,0,0,1
2011-05-13,Thomson_Reuters,0,0,0,0,0,1
2019-11-06,Thomson_Reuters,0,0,1,0,0,1
2016-02-14,The_Wall_Street_Journal,0,0,0,0,0,1
2018-10-12,Thomson_Reuters,0,1,0,0,0,1
2011-10-26,The_Wall_Street_Journal,1,0,0,0,0,1
2015-07-14,Thomson_Reuters,0,0,0,0,0,1
2012-08-09,The_Wall_Street_Journal,0,0,0,0,0,1
2017-07-31,Thomson_Reuters,0,0,1,0,0,1
2009-11-11,Thomson_Reuters,0,0,0,0,0,1
2015-11-05,The_Jakarta_Post,0,0,0,0,0,1
2016-10-21,Thomson_Reuters,0,0,1,0,0,1
2019-11-11,The_Wall_Street_Journal,3,0,3,0,0,1
2019-06-24,Thomson_Reuters,0,0,0,0,0,1
2013-06-02,The_Wall_Street_Journal,0,0,1,0,0,1
2016-08-09,The_Wall_Street_Journal,0,0,0,0,0,1
2019-08-22,Thomson_Reuters,0,0,0,0,0,1
2005-04-08,The_Wall_Street_Journal,0,0,2,0,0,1
2017-07-20,Thomson_Reuters,0,0,1,0,0,1
2017-11-16,Thomson_Reuters,0,0,0,0,0,1
2016-09-06,Thomson_Reuters,0,0,0,0,0,1
2015-05-22,Thomson_Reuters,0,0,0,0,0,1
2015-10-05,Thomson_Reuters,0,1,1,0,0,2
2017-06-19,Financial_Times,1,0,2,0,0,1
2016-03-31,Financial_Times,0,0,3,0,1,1
2011-04-06,The_Wall_Street_Journal,0,0,0,0,0,1
2019-03-26,Financial_Times,0,0,0,0,0,1
2014-03-21,The_Wall_Street_Journal,0,0,0,0,0,1
2006-07-10,The_Wall_Street_Journal,0,0,0,0,0,1
2017-07-03,The_Wall_Street_Journal,1,0,0,0,0,1
2019-01-04,Thomson_Reuters,0,0,0,0,0,1
2018-12-10,Financial_Times,0,0,0,0,0,1
2017-09-13,The_Wall_Street_Journal,0,0,0,0,0,1
2019-04-08,Thomson_Reuters,0,0,0,0,0,2
2016-02-03,The_Wall_Street_Journal,0,0,0,0,0,1
2019-09-12,Financial_Times,0,0,0,0,0,1
2019-11-20,Financial_Times,0,0,0,0,0,1
2017-06-24,Thomson_Reuters,0,0,0,0,0,1
2009-11-11,Thomson_Reuters,0,0,0,0,0,1
2014-12-22,The_Wall_Street_Journal,0,0,0,0,0,1
2019-01-13,The_Wall_Street_Journal,2,0,1,0,0,1
2019-09-28,Thomson_Reuters,0,0,0,0,0,1
2011-11-04,Financial_Times,0,0,0,0,0,1
2014-03-21,Thomson_Reuters,0,0,0,0,0,1
2019-12-06,Thomson_Reuters,0,0,0,0,0,1
2015-09-30,Thomson_Reuters,0,0,0,0,0,1
2017-07-27,Thomson_Reuters,0,0,1,0,0,1
2010-12-09,The_Wall_Street_Journal,0,0,0,0,0,1
2016-10-14,Thomson_Reuters,0,0,0,0,0,1
2011-03-17,The_Wall_Street_Journal,0,0,0,0,0,1
2019-03-12,Financial_Times,0,0,1,0,0,1
2019-06-27,Financial_Times,0,0,1,0,0,1
2019-06-17,Financial_Times,0,0,0,0,0,1
2010-07-29,The_Wall_Street_Journal,0,0,0,0,0,1
2019-06-19,Thomson_Reuters,0,0,1,0,0,1
2018-06-12,Thomson_Reuters,0,0,0,0,0,1
2005-12-05,The_Wall_Street_Journal,0,0,1,0,0,1
2016-01-15,Thomson_Reuters,0,0,0,0,0,1
2018-02-14,Financial_Times,0,0,1,0,0,2
2019-09-02,Thomson_Reuters,0,0,0,0,0,1
2018-11-29,Thomson_Reuters,0,0,0,0,0,1
2018-10-08,Thomson_Reuters,0,1,0,0,0,1
2014-11-24,Thomson_Reuters,0,0,0,0,0,1
2019-02-11,The_Wall_Street_Journal,1,0,0,0,0,1
2018-07-02,Thomson_Reuters,0,0,0,0,0,1
2016-02-04,Thomson_Reuters,0,0,0,0,1,1
2019-12-04,Thomson_Reuters,0,0,0,0,0,1
2017-06-02,Thomson_Reuters,0,0,0,0,0,1
2014-06-17,The_Wall_Street_Journal,0,0,1,0,0,1
2015-12-08,Thomson_Reuters,0,0,1,0,0,1
2018-07-02,The_Wall_Street_Journal,0,0,0,0,0,1
2001-10-12,The_Wall_Street_Journal,0,0,0,0,0,1
2018-04-20,Thomson_Reuters,0,0,0,0,0,1
2016-01-15,Thomson_Reuters,0,0,0,0,0,1
2019-09-02,Financial_Times,0,0,1,0,0,1
2018-09-23,The_Wall_Street_Journal,0,0,0,0,0,1
2011-06-24,The_Wall_Street_Journal,0,0,0,0,0,1
2016-07-18,Thomson_Reuters,0,0,0,0,0,1
2019-06-27,Financial_Times,0,0,1,0,0,1
2017-06-24,The_Wall_Street_Journal,1,0,1,0,0,1
2019-12-16,The_Jakarta_Post,0,0,0,0,3,2
2016-05-02,The_Wall_Street_Journal,1,0,0,0,0,1
2011-04-15,Financial_Times,0,0,1,0,0,1
2019-09-24,Financial_Times,0,1,0,0,0,1
2019-08-28,Thomson_Reuters,0,0,1,0,0,1
2017-01-05,Thomson_Reuters,0,0,0,0,0,1
2001-06-15,The_Wall_Street_Journal,0,0,1,0,0,1
2019-03-26,Thomson_Reuters,0,0,0,0,0,1
2019-10-21,Thomson_Reuters,1,0,0,0,0,1
2019-10-10,Thomson_Reuters,0,0,0,0,0,1
2019-04-15,Thomson_Reuters,0,1,0,0,0,1
2019-04-20,Thomson_Reuters,0,0,0,0,0,1
2018-07-26,Financial_Times,0,0,0,0,0,1
2018-08-21,The_Wall_Street_Journal,0,0,0,0,0,1
2015-11-03,Financial_Times,0,0,0,0,0,1
2016-12-29,Financial_Times,0,0,0,0,0,1
2019-05-16,Thomson_Reuters,0,0,0,0,0,1
2011-02-14,The_Wall_Street_Journal,0,0,0,0,0,1
2019-05-08,Thomson_Reuters,0,0,0,0,0,1
2019-12-30,Financial_Times,0,0,0,0,0,1
2019-02-06,The_Wall_Street_Journal,0,0,0,0,0,1
2016-12-19,Thomson_Reuters,0,0,0,0,0,1
2019-02-25,Thomson_Reuters,0,0,0,0,0,1
2016-06-08,Thomson_Reuters,0,0,0,0,0,1
2019-04-23,Financial_Times,0,1,2,0,0,1
2019-05-31,Thomson_Reuters,0,1,0,0,0,1
2016-08-09,Thomson_Reuters,0,0,0,0,0,1
2015-06-19,Thomson_Reuters,0,0,0,0,0,1
2019-05-09,Financial_Times,0,0,0,0,0,1
2016-06-15,Thomson_Reuters,0,0,0,0,0,1
2019-09-24,Financial_Times,0,0,0,0,0,1
2019-06-03,Thomson_Reuters,0,0,0,0,0,1
2018-01-16,Thomson_Reuters,0,0,0,0,0,1
2017-11-16,Thomson_Reuters,0,0,0,0,0,1
2018-10-29,Thomson_Reuters,0,0,0,0,0,1
2019-12-11,Financial_Times,3,0,1,0,0,1
2013-02-03,Financial_Times,0,0,0,0,0,2
2017-06-05,Thomson_Reuters,0,0,0,0,0,1
2016-10-14,Thomson_Reuters,0,0,0,0,0,1
2014-11-04,Thomson_Reuters,0,0,0,0,0,1
2019-10-21,Thomson_Reuters,0,0,0,0,0,1
2016-05-27,Thomson_Reuters,0,0,0,0,1,1
2018-10-15,Thomson_Reuters,0,1,0,0,0,1
2019-10-10,The_Wall_Street_Journal,0,0,0,0,0,1
2017-07-11,Thomson_Reuters,0,0,0,0,0,1
2016-12-21,Thomson_Reuters,0,0,0,0,0,1
2019-06-09,Financial_Times,0,0,1,0,0,1
2013-06-14,The_Wall_Street_Journal,0,0,0,0,0,1
2012-09-28,The_Wall_Street_Journal,0,0,0,0,0,1
2016-08-09,Thomson_Reuters,0,0,0,0,0,1
2008-05-01,The_Wall_Street_Journal,0,0,0,0,0,1
2017-10-31,Thomson_Reuters,0,0,0,0,0,1
2019-01-27,The_Wall_Street_Journal,1,0,1,0,0,3
2019-06-24,Thomson_Reuters,0,0,0,0,0,1
2014-07-13,Financial_Times,0,0,4,0,0,1
2013-11-19,Financial_Times,0,0,0,0,0,1
2014-08-27,Financial_Times,0,0,0,0,0,2
2016-10-31,The_Wall_Street_Journal,0,0,0,0,0,1
2017-07-12,Financial_Times,0,0,0,0,0,1
2018-05-29,Thomson_Reuters,1,0,0,0,1,1
2019-01-22,Financial_Times,0,0,0,0,0,1
2019-04-02,Thomson_Reuters,0,0,0,0,0,1
2013-11-11,Financial_Times,0,0,0,0,0,1
2017-10-23,Financial_Times,1,0,1,0,0,2
2017-11-08,Thomson_Reuters,0,0,0,0,0,1
2013-12-19,The_Wall_Street_Journal,0,0,0,0,0,1
2018-11-05,Thomson_Reuters,0,1,0,0,0,1
2015-06-26,Thomson_Reuters,0,0,0,0,0,1
2014-10-16,Thomson_Reuters,0,0,0,0,0,1
2004-03-26,The_Wall_Street_Journal,1,0,0,0,0,1
2019-05-09,Financial_Times,1,0,0,0,0,1
2015-11-17,Thomson_Reuters,0,0,0,0,1,1
2013-04-18,Financial_Times,0,0,0,0,0,1
2011-03-09,The_Wall_Street_Journal,0,0,0,0,0,2
2017-01-23,Thomson_Reuters,1,0,0,0,0,1
2019-08-07,Financial_Times,0,0,2,1,0,3
2019-02-14,Thomson_Reuters,0,0,0,0,0,1
2013-07-07,Financial_Times,0,0,0,0,0,1
2017-03-20,Thomson_Reuters,0,0,0,0,1,1
2018-10-11,Thomson_Reuters,0,1,0,0,0,1
2005-12-29,The_Wall_Street_Journal,0,0,0,0,0,1
2019-06-28,The_Wall_Street_Journal,0,0,0,0,0,1
2018-05-16,Thomson_Reuters,0,0,0,0,0,1
2019-05-15,Thomson_Reuters,0,0,0,0,0,1
2015-03-13,Thomson_Reuters,0,0,2,0,0,1
2016-08-02,Thomson_Reuters,0,0,0,0,1,2
2017-06-07,Thomson_Reuters,0,1,0,0,0,1
2018-10-18,Thomson_Reuters,0,1,0,0,0,1
2018-09-24,Financial_Times,0,0,0,0,0,2
2019-10-22,Financial_Times,0,0,1,0,0,1
2016-11-23,Thomson_Reuters,1,0,0,0,0,1
2016-03-31,The_Wall_Street_Journal,1,0,3,0,0,1
2019-09-28,Thomson_Reuters,0,0,0,0,0,1
2014-12-09,Thomson_Reuters,0,0,0,0,0,1
2016-09-13,Thomson_Reuters,0,0,0,0,0,1
2019-02-06,Thomson_Reuters,0,0,0,0,0,1
2016-01-28,Thomson_Reuters,0,0,0,0,0,1
2017-09-28,Thomson_Reuters,0,1,0,0,0,1
2006-08-15,The_Wall_Street_Journal,0,0,0,0,0,1
2018-11-06,Thomson_Reuters,0,0,0,0,0,1
2019-05-08,The_Wall_Street_Journal,0,0,0,0,0,1
2019-08-01,Thomson_Reuters,0,0,0,0,0,1
2018-10-22,Thomson_Reuters,0,1,0,0,0,1
2007-03-02,The_Wall_Street_Journal,1,1,1,3,0,1
2016-06-29,Thomson_Reuters,0,0,0,0,0,1
2019-06-04,Thomson_Reuters,0,1,0,0,0,1
2011-03-19,The_Wall_Street_Journal,0,0,1,0,0,1
2019-09-05,Thomson_Reuters,0,0,0,0,0,1
2019-12-16,The_Wall_Street_Journal,0,0,0,0,0,1
2016-01-25,Thomson_Reuters,0,0,0,0,0,1
2018-09-26,Thomson_Reuters,0,0,0,0,0,1
2017-05-23,Thomson_Reuters,2,0,0,0,0,1
2019-02-11,Thomson_Reuters,0,0,0,0,0,1
2008-02-19,The_Wall_Street_Journal,0,0,0,0,0,1
2016-01-28,The_Wall_Street_Journal,0,0,0,0,0,1
2014-10-21,The_Wall_Street_Journal,0,0,0,0,0,1
2019-05-13,Thomson_Reuters,0,0,0,0,0,1
2014-10-14,Thomson_Reuters,0,0,0,0,0,1
2017-02-01,The_Wall_Street_Journal,0,1,0,0,0,1
2018-10-11,Thomson_Reuters,1,0,0,0,0,1
2019-09-02,Financial_Times,0,0,0,0,0,1
2005-12-28,The_Wall_Street_Journal,0,0,1,0,0,2
2018-11-08,Thomson_Reuters,0,1,0,0,0,1
2014-03-13,The_Wall_Street_Journal,0,0,0,0,0,1
2003-11-24,The_Wall_Street_Journal,0,0,0,0,0,1
2018-11-26,The_Wall_Street_Journal,2,0,0,0,0,2
2016-10-04,The_Wall_Street_Journal,0,0,0,0,0,1
2016-06-02,Financial_Times,0,0,1,0,1,1
2018-10-25,Thomson_Reuters,0,1,0,0,0,1
2007-03-02,The_Wall_Street_Journal,1,0,0,3,0,1
2023-08-11,Financial_Times,0,0,1,0,0,1
2023-08-01,Thomson_Reuters,1,0,0,0,0,2
2023-11-30,Channel_News_Asia,0,0,0,0,1,1
2023-08-02,Thomson_Reuters,0,0,0,0,0,1
2023-07-17,Thomson_Reuters,0,0,2,0,0,1
2023-10-11,Financial_Times,0,0,1,0,0,1
2024-01-11,Financial_Times,1,1,1,0,0,1
2023-08-21,Thomson_Reuters,0,0,0,0,0,1
2023-11-15,Thomson_Reuters,0,0,0,0,0,1
2023-07-09,Financial_Times,0,0,1,0,0,1
2023-11-11,Nikkei_Asia,0,0,0,0,0,1
2023-09-11,Financial_Times,0,0,2,0,0,1
2023-11-20,Financial_Times,0,0,1,0,0,1
2023-11-01,Financial_Times,0,0,0,0,0,1
2023-08-01,Thomson_Reuters,0,0,0,0,0,1
2023-10-16,The_Business_Times,0,0,0,0,2,2
2023-09-18,Financial_Times,0,0,2,0,0,1
2023-07-13,Thomson_Reuters,0,0,0,0,0,1
2023-11-27,Financial_Times,0,0,1,0,0,1
2024-01-05,Financial_Times,1,0,1,0,0,1
2023-10-17,Financial_Times,0,0,0,0,0,2
2023-08-14,Financial_Times,0,0,0,0,0,1
2023-11-01,Financial_Times,0,0,2,0,0,1
2023-08-18,Financial_Times,0,0,0,0,0,1
2023-06-27,Channel_News_Asia,0,0,0,0,0,1
2023-07-25,Thomson_Reuters,1,0,0,0,0,1
2023-11-16,The_Wall_Street_Journal,0,0,1,0,0,1
2023-08-20,Financial_Times,0,0,0,0,0,2
2023-10-25,Thomson_Reuters,0,1,1,0,0,2
2023-12-07,JoongAng_Daily,0,0,0,0,0,1
2023-08-22,Channel_News_Asia,0,0,0,0,0,1
2023-10-18,Financial_Times,0,0,3,0,1,2
2023-08-01,Thomson_Reuters,0,0,0,0,0,1
2023-07-28,Thomson_Reuters,0,0,0,0,0,1
2023-11-19,Financial_Times,0,0,1,0,0,1
2023-08-01,Thomson_Reuters,0,1,1,0,0,1
2023-07-31,Thomson_Reuters,0,0,0,0,0,1
2023-08-07,Financial_Times,0,1,0,0,2,3
2023-10-31,The_Wall_Street_Journal,0,0,1,0,0,1
2023-10-11,Financial_Times,0,1,1,0,7,2
2023-10-25,Financial_Times,2,1,0,0,0,1
2023-09-15,Financial_Times,0,0,0,0,0,1
2023-10-03,Thomson_Reuters,0,0,0,0,0,1
2023-07-04,Financial_Times,0,0,0,0,0,1
2023-11-07,Thomson_Reuters,0,0,0,0,0,1
2023-12-11,Financial_Times,0,0,0,0,0,1
2023-08-23,The_Wall_Street_Journal,0,0,0,0,0,2
2023-09-12,Financial_Times,0,0,1,0,0,1
2024-01-09,Financial_Times,0,0,2,0,0,1
2023-10-31,Thomson_Reuters,0,0,1,0,0,1
2023-08-18,Financial_Times,0,0,1,0,0,1
2023-11-12,Financial_Times,0,0,1,0,0,1
2023-11-01,Thomson_Reuters,0,0,0,0,0,1
2023-10-19,Financial_Times,0,0,0,0,0,2
2024-01-09,Financial_Times,1,1,0,0,3,3
2024-01-10,Financial_Times,0,0,2,0,1,1
2023-07-31,Financial_Times,0,0,0,0,0,1
2024-01-21,Financial_Times,0,0,1,0,0,1
2023-09-15,Financial_Times,0,0,1,0,0,1
2023-12-15,Financial_Times,1,1,2,0,2,1
2023-06-09,Thomson_Reuters,0,0,1,0,0,1
2023-09-08,Financial_Times,0,0,0,0,0,1
2023-11-21,Financial_Times,1,1,1,0,0,1
2023-11-29,Nikkei_Asia,0,0,0,0,0,1
2023-07-19,Nikkei_Asia,0,0,0,0,0,1
2023-09-04,Financial_Times,0,0,0,0,0,1
2023-10-13,Financial_Times,0,0,0,0,2,2
2023-10-18,Thomson_Reuters,0,1,0,0,0,1
2023-09-22,Financial_Times,1,2,2,2,3,1
2023-10-13,The_Wall_Street_Journal,0,0,0,0,0,1
2023-11-05,Financial_Times,2,1,0,0,1,2
2023-10-24,Financial_Times,0,0,0,0,0,1
2023-08-01,Thomson_Reuters,0,0,1,0,0,1
2023-10-03,Financial_Times,0,0,1,0,0,1
2024-04-04,Financial_Times,0,0,1,0,0,2
2024-04-01,Financial_Times,1,0,0,0,2,2
2024-03-06,Financial_Times,0,0,0,0,0,1
2024-04-04,Financial_Times,0,0,0,0,0,2
2024-03-06,Financial_Times,0,0,1,0,0,1
2024-05-25,Financial_Times,0,0,0,0,0,1
2024-04-16,Financial_Times,1,0,1,0,0,1
2024-03-11,Financial_Times,0,0,1,0,0,1
2024-03-12,Financial_Times,0,0,1,0,0,1
2024-03-23,Financial_Times,0,0,0,0,0,4
2024-02-27,Financial_Times,0,0,2,0,0,1
2024-03-07,Financial_Times,0,0,0,0,0,1
2024-02-05,Financial_Times,0,0,0,0,0,1
2024-02-13,Financial_Times,0,0,0,0,0,1
2024-04-14,Financial_Times,0,0,2,0,0,1
2024-03-25,Financial_Times,3,0,5,0,2,1
2024-04-26,Financial_Times,0,0,0,0,0,1
2024-04-08,Financial_Times,0,0,1,0,0,1
2024-06-04,Financial_Times,0,0,0,0,0,1
2024-04-13,Financial_Times,0,0,2,0,0,1
2024-02-12,Financial_Times,0,0,0,0,0,1
2024-04-15,Financial_Times,0,0,1,0,0,1
2024-03-11,Financial_Times,0,0,0,0,0,1
2024-02-18,Financial_Times,1,0,0,0,0,2
2024-04-29,Financial_Times,0,0,0,0,0,1
2024-03-04,Financial_Times,0,0,2,0,0,1
2024-04-08,Financial_Times,0,0,1,0,0,2
2024-04-23,Financial_Times,0,0,0,0,0,1
2024-03-23,Financial_Times,0,1,0,0,0,2
2024-05-23,Financial_Times,0,0,0,0,0,1
2024-03-24,Financial_Times,0,0,1,0,0,1
2024-06-04,Financial_Times,1,0,1,0,0,1
2024-03-12,Financial_Times,0,0,0,0,0,1
2024-02-23,Financial_Times,0,0,1,0,0,1
2024-04-12,Financial_Times,1,0,0,0,3,1
2024-04-10,Financial_Times,0,0,1,0,0,1
2024-05-08,Financial_Times,0,0,0,0,0,1
2024-04-15,Financial_Times,0,0,1,0,0,1
2024-05-31,Financial_Times,0,0,1,1,0,2
2024-02-04,Financial_Times,0,0,1,0,0,1
2024-06-04,Financial_Times,0,0,1,0,0,1
2024-05-09,Financial_Times,4,2,1,0,2,2
2024-05-23,Financial_Times,0,1,0,0,0,2
2024-01-06,Thomson_Reuters,1,0,1,0,0,1
2024-08-16,Channel_News_Asia,0,0,0,0,0,1
2024-02-25,The_Wall_Street_Journal,3,0,0,0,0,2
2024-09-05,The_Wall_Street_Journal,0,0,2,0,0,1
2024-02-12,The_Wall_Street_Journal,0,0,0,0,0,1
2024-09-23,Financial_Times,0,0,1,0,0,1
2024-07-24,The_Wall_Street_Journal,0,0,0,0,0,1
2024-08-20,The_Wall_Street_Journal,1,0,0,0,0,2
2024-09-12,Thomson_Reuters,0,0,0,0,0,1
2024-04-22,Thomson_Reuters,0,0,0,0,0,1
2024-03-15,Channel_News_Asia,0,0,0,0,0,1
2024-01-05,The_Wall_Street_Journal,3,0,1,0,0,1
2024-09-06,Financial_Times,0,0,3,0,0,1
2024-08-13,Financial_Times,0,1,0,0,0,1
2024-03-31,The_Wall_Street_Journal,3,1,0,0,0,2
2024-10-01,Financial_Times,4,0,0,0,0,2
2024-07-03,Financial_Times,0,0,0,0,0,1
2024-06-23,Financial_Times,2,0,0,0,1,1
2024-05-14,The_Wall_Street_Journal,0,0,0,0,0,1
2024-02-20,Thomson_Reuters,0,0,0,0,0,1
2024-06-11,Financial_Times,0,0,0,0,0,1
2024-03-11,The_Wall_Street_Journal,0,0,2,0,0,1
2024-09-06,Financial_Times,0,0,0,0,0,1
2024-03-11,The_Wall_Street_Journal,1,0,0,0,0,1
2024-04-19,The_Business_Times,0,1,1,0,0,1
2024-09-26,Financial_Times,1,2,0,0,1,2
2024-02-25,The_Wall_Street_Journal,0,0,0,0,0,1
2024-05-20,The_Wall_Street_Journal,0,0,1,0,0,1
2024-02-11,The_Wall_Street_Journal,1,0,0,0,0,4
2024-04-02,The_Wall_Street_Journal,1,0,0,0,0,1
2024-04-06,Channel_News_Asia,0,0,1,0,0,1
2024-02-25,Channel_News_Asia,0,0,0,0,0,1
2024-06-08,Channel_News_Asia,0,0,1,0,0,1
2024-07-20,Thomson_Reuters,0,0,0,0,0,2
2024-06-21,Financial_Times,0,0,0,0,1,2
2024-06-05,Financial_Times,1,1,0,0,0,1
2024-05-19,The_Business_Times,0,0,0,0,0,1
2024-01-05,Thomson_Reuters,1,0,0,0,0,1
2024-02-13,Thomson_Reuters,0,0,1,0,0,1
2024-09-05,Financial_Times,0,0,1,0,0,1
2024-09-23,Financial_Times,0,0,1,0,0,1
2024-06-28,Financial_Times,0,0,0,0,0,2
2024-08-31,Financial_Times,3,1,0,0,1,2
2024-03-07,The_Business_Times,0,0,0,0,0,1
2024-02-13,Taipei_Times,0,0,0,0,0,1
2024-08-16,The_Business_Times,0,0,0,0,0,1
2024-01-11,The_Wall_Street_Journal,1,0,2,0,0,1
2024-05-20,The_Wall_Street_Journal,0,0,1,0,0,1
2024-01-18,Thomson_Reuters,0,0,1,0,0,1
2024-08-15,Channel_News_Asia,0,0,0,0,0,1
2024-05-06,The_Wall_Street_Journal,0,0,0,0,0,1
2024-03-24,The_Wall_Street_Journal,0,1,0,0,0,3
2024-05-14,The_Business_Times,0,0,1,0,1,1
2024-03-21,The_Wall_Street_Journal,0,0,0,0,0,1
2024-01-11,The_Wall_Street_Journal,2,0,1,0,0,1
2024-08-03,The_Wall_Street_Journal,0,0,1,0,0,1
2024-07-31,The_Wall_Street_Journal,0,0,0,0,0,1
2024-05-13,The_Wall_Street_Journal,0,0,0,0,0,1
2024-01-12,Thomson_Reuters,0,0,1,0,0,2
2024-06-30,Financial_Times,1,0,2,0,0,1
2024-06-06,The_Wall_Street_Journal,0,0,0,0,0,2
2024-08-05,The_Wall_Street_Journal,0,0,0,0,0,1
2024-03-21,The_Business_Times,0,0,0,0,0,1
2024-08-25,Financial_Times,1,0,0,0,0,1
2024-06-07,Channel_News_Asia,0,0,0,0,0,1
2024-11-08,Financial_Times,0,0,1,0,0,1
2024-10-27,Financial_Times,0,0,0,0,0,1
2024-10-27,Financial_Times,0,0,0,0,0,1
2024-11-27,Financial_Times,0,0,0,0,0,1
2024-12-05,Financial_Times,0,0,0,0,0,1
2024-11-25,Financial_Times,0,0,2,0,0,1
2024-10-29,Financial_Times,0,1,1,0,0,1
2024-11-06,Financial_Times,2,0,1,1,1,1
2024-11-25,Financial_Times,0,0,0,0,1,3
2024-11-26,Financial_Times,0,1,2,0,1,1
2024-10-30,Financial_Times,0,0,0,0,0,1
2024-11-06,Financial_Times,0,0,1,0,0,1
2024-12-12,Financial_Times,0,0,0,0,0,2
2024-11-20,Financial_Times,0,0,0,0,0,1
2024-12-02,Financial_Times,0,2,1,0,0,1
2024-10-21,The_Wall_Street_Journal,0,0,0,0,0,1
2024-11-28,Financial_Times,0,0,0,0,0,1
2024-10-21,The_Wall_Street_Journal,0,0,0,0,0,1
2024-12-13,Financial_Times,0,1,0,0,0,2
2024-10-28,Financial_Times,0,0,0,0,0,2
2024-10-04,Financial_Times,0,0,1,0,0,1
2024-12-22,API_NEWS_en,0,0,1,0,0,1
2024-11-27,API_NEWS_en,1,0,0,0,0,1
2024-12-10,API_NEWS_en,0,0,2,0,0,2
2024-11-27,API_NEWS_en,1,0,0,0,0,1
2024-12-10,API_NEWS_en,0,0,0,0,0,1
2024-11-28,API_NEWS_en,1,0,0,0,0,1
2024-11-27,API_NEWS_en,1,0,0,0,0,1
2024-11-28,API_NEWS_en,1,0,0,0,0,1
2010-06-30,The_Wall_Street_Journal,0,0,0,0,0,1
2022-12-28,Manila_Bulletin,0,1,0,0,0,1
2022-08-29,The_Strait_Times,0,0,5,0,0,3
2021-12-10,Thomson_Reuters,0,0,0,1,0,2
2020-11-19,The_Business_Times,0,0,0,0,0,1
2021-10-28,New_Strait_Times,0,0,1,0,0,1
2021-03-12,Thomson_Reuters,0,0,0,0,0,1
2020-05-20,Channel_News_Asia,0,0,0,0,0,1
2011-08-24,The_Wall_Street_Journal,0,0,1,0,0,1
2019-11-30,Viet_Nam_News,0,0,0,0,0,1
2019-03-14,Thomson_Reuters,0,0,0,0,1,2
2014-12-17,Thomson_Reuters,0,0,0,0,0,1
2000-01-18,The_Wall_Street_Journal,0,0,0,0,0,2
2015-04-23,Financial_Times,0,0,1,0,0,1
2019-04-17,Thomson_Reuters,0,0,0,0,1,1
2018-11-20,Thomson_Reuters,0,0,0,0,0,1
2023-02-02,Viet_Nam_News,1,0,0,0,3,2
2022-08-16,JoongAng_Daily,0,0,0,0,0,2
2023-02-24,Viet_Nam_News,0,1,0,0,1,2
2022-09-12,The_Business_Times,0,1,0,0,0,1
2022-04-06,The_Business_Times,0,1,0,0,0,1
2023-02-24,Viet_Nam_News,1,1,1,0,2,2
2022-09-10,Viet_Nam_News,0,0,0,0,2,2
2022-03-25,Thomson_Reuters,0,0,0,0,0,1
2022-08-12,Viet_Nam_News,0,0,0,0,0,1
2022-07-11,Viet_Nam_News,0,0,0,0,0,1
2023-05-25,The_Business_Times,0,0,0,0,0,1
2022-04-07,The_Business_Times,0,1,0,0,0,1
2022-05-09,The_Business_Times,0,0,0,1,0,1
2022-01-11,Financial_Times,0,0,0,0,0,1
2022-09-16,The_Strait_Times,0,0,0,0,0,1
2023-04-10,Nikkei_Asia,0,0,0,0,0,1
2022-02-26,The_Strait_Times,0,0,0,0,0,1
2022-08-29,The_Strait_Times,0,0,0,0,0,1
2021-06-16,Thomson_Reuters,0,0,2,0,0,1
2021-04-06,Channel_News_Asia,0,0,0,0,0,1
2020-08-27,The_Strait_Times,0,0,0,0,0,1
2020-03-19,Financial_Times,0,0,1,0,0,2
2021-07-08,The_Strait_Times,0,0,0,0,0,1
2021-03-08,The_Strait_Times,0,0,0,0,0,1
2021-07-08,The_Strait_Times,0,0,0,0,0,1
2020-10-06,Thomson_Reuters,0,0,0,0,1,1
2021-06-16,Thomson_Reuters,0,0,2,0,0,1
2021-03-20,New_Strait_Times,0,0,0,0,0,1
2021-10-14,Financial_Times,0,0,0,0,1,2
2020-11-20,Financial_Times,0,0,0,0,0,1
2020-03-20,Financial_Times,1,0,0,0,0,1
2021-07-06,The_Strait_Times,1,1,0,0,0,2
2020-02-13,Viet_Nam_News,0,0,0,0,1,2
2020-02-14,Financial_Times,0,0,0,0,0,1
2020-10-14,Financial_Times,0,0,1,1,0,1
2021-08-11,Thomson_Reuters,0,0,1,0,0,1
2020-05-09,The_Jakarta_Post,0,0,0,0,0,1
2020-09-16,Channel_News_Asia,0,0,1,0,0,1
2020-02-12,Viet_Nam_News,0,0,0,0,1,2
2020-03-04,Channel_News_Asia,0,0,0,0,0,1
2021-08-11,Thomson_Reuters,0,0,1,0,0,1
2021-03-29,Financial_Times,1,0,0,1,1,1
2020-09-02,Channel_News_Asia,0,0,0,0,0,1
2020-03-17,Financial_Times,1,0,2,0,0,1
2020-09-24,Thomson_Reuters,0,0,0,0,0,1
2021-02-25,Financial_Times,1,0,0,1,0,2
2021-06-08,Manila_Bulletin,0,0,0,0,0,1
2020-12-02,Financial_Times,0,0,0,0,0,1
2021-07-06,Channel_News_Asia,0,0,0,0,0,1
2020-05-12,The_Jakarta_Post,0,0,0,0,0,1
2020-02-13,Viet_Nam_News,0,0,0,0,1,2
2021-03-01,Financial_Times,0,0,0,0,1,1
2014-12-04,The_Wall_Street_Journal,1,0,2,0,0,1
2010-06-16,The_Wall_Street_Journal,0,0,0,0,0,1
2016-10-11,The_Jakarta_Post,0,0,0,0,0,1
2017-02-16,The_Wall_Street_Journal,0,0,0,0,0,1
2015-04-21,The_Wall_Street_Journal,0,0,0,0,0,1
2013-04-11,The_Wall_Street_Journal,0,0,0,0,0,1
2006-06-02,The_Wall_Street_Journal,0,0,2,0,0,1
2016-05-16,The_Jakarta_Post,0,0,0,0,0,1
2019-07-26,Financial_Times,0,0,0,0,0,1
2016-06-16,The_Jakarta_Post,0,0,0,0,0,1
2004-11-22,The_Wall_Street_Journal,0,0,0,0,0,1
2012-09-10,Channel_News_Asia,0,0,0,0,0,1
2013-01-06,The_Wall_Street_Journal,0,0,0,0,0,1
2013-09-22,The_Wall_Street_Journal,0,0,0,0,0,1
2018-04-25,The_Wall_Street_Journal,0,0,0,0,0,1
2019-06-11,The_Jakarta_Post,0,0,0,0,1,1
2010-09-29,The_Wall_Street_Journal,0,0,0,0,0,1
2017-10-02,The_Myanmar_Times,0,0,0,0,1,1
2015-10-28,The_Wall_Street_Journal,0,0,0,0,0,1
2001-02-15,The_Wall_Street_Journal,0,0,2,0,0,1
2015-02-05,The_Wall_Street_Journal,0,0,2,0,0,1
2019-05-26,Thomson_Reuters,0,0,0,0,0,1
2015-07-23,The_Wall_Street_Journal,0,0,0,0,0,1
2004-03-18,The_Wall_Street_Journal,1,0,0,0,1,1
2012-08-31,The_Wall_Street_Journal,0,0,0,0,0,1
2019-04-03,The_Wall_Street_Journal,1,0,2,0,0,1
2019-02-21,Thomson_Reuters,0,0,0,0,0,1
2001-02-22,The_Wall_Street_Journal,0,0,2,0,0,1
2017-03-13,The_Wall_Street_Journal,0,0,0,0,0,1
2019-06-24,Thomson_Reuters,0,0,0,0,0,1
2023-11-17,Viet_Nam_News,1,0,0,1,1,2
2024-04-19,Financial_Times,0,0,0,0,0,1
2024-05-10,Financial_Times,0,0,1,0,0,1
2024-04-18,Financial_Times,0,1,1,0,0,1
2024-04-17,Financial_Times,0,0,0,0,0,1
2024-03-04,Nikkei_Asia,0,0,0,0,0,1
2024-07-15,Thomson_Reuters,0,0,0,0,0,2
2024-03-09,The_Wall_Street_Journal,0,0,0,0,0,1
2024-03-04,The_Business_Times,1,0,0,0,0,1
2024-05-15,The_Wall_Street_Journal,0,0,0,0,0,1
2024-04-17,The_Wall_Street_Journal,0,0,0,0,0,1
2023-12-26,The_Business_Times,0,0,0,0,3,1
2024-06-26,The_Strait_Times,0,0,0,0,0,1
2024-06-03,The_Strait_Times,0,0,0,0,0,2
2024-12-20,API_NEWS_en,0,0,0,0,0,1
2021-05-06,Thomson_Reuters,1,1,0,0,0,1
2020-06-17,Thomson_Reuters,7,1,0,0,0,1
2020-06-18,Channel_News_Asia,7,1,0,0,0,1
2021-11-23,Thomson_Reuters,2,0,0,0,0,1
2021-11-04,Thomson_Reuters,0,0,0,0,0,1
2011-10-17,The_Wall_Street_Journal,1,0,0,0,0,2
2010-11-13,The_Wall_Street_Journal,3,0,0,0,0,1
2009-08-10,The_Wall_Street_Journal,1,0,0,0,0,1
2011-03-18,The_Wall_Street_Journal,0,0,0,0,0,1
2011-10-27,The_Wall_Street_Journal,0,0,0,0,0,1
2012-12-24,The_Wall_Street_Journal,2,0,0,0,0,1
2016-09-07,The_Wall_Street_Journal,0,0,0,0,0,2
2022-02-22,Thomson_Reuters,1,0,0,0,0,1
2022-02-23,Thomson_Reuters,1,0,0,1,0,1
2022-11-16,Thomson_Reuters,0,0,0,0,0,1
2023-05-01,Thomson_Reuters,1,0,1,0,0,1
2022-11-07,Thomson_Reuters,0,0,2,1,0,1
2022-08-01,Thomson_Reuters,1,0,1,1,0,1
2022-10-11,Thomson_Reuters,0,0,1,0,0,1
2022-06-13,Thomson_Reuters,1,0,2,0,0,1
2022-02-22,Thomson_Reuters,1,0,0,0,0,1
2023-02-21,Thomson_Reuters,0,0,1,1,0,1
2022-02-23,Thomson_Reuters,1,0,0,1,0,1
2020-11-02,Thomson_Reuters,0,0,1,0,0,1
2021-11-01,Thomson_Reuters,1,0,1,0,0,1
2021-03-13,Thomson_Reuters,0,0,2,0,0,1
2020-12-05,Thomson_Reuters,0,0,1,0,0,1
2021-05-03,Thomson_Reuters,1,0,0,0,0,1
2021-05-03,Thomson_Reuters,0,0,0,0,0,1
2020-01-02,Thomson_Reuters,3,0,1,0,0,1
2021-08-19,Thomson_Reuters,2,0,0,0,0,2
2020-04-02,Thomson_Reuters,1,0,1,0,0,1
2020-12-04,Thomson_Reuters,0,0,1,0,0,1
2021-03-14,Thomson_Reuters,0,0,2,0,0,1
2020-04-02,Thomson_Reuters,0,0,0,0,0,1
2021-08-03,Thomson_Reuters,0,0,0,1,0,1
2017-10-12,Thomson_Reuters,0,0,1,0,0,1
2016-12-14,Thomson_Reuters,0,0,1,0,0,1
2016-12-14,Thomson_Reuters,1,0,0,0,0,1
2016-12-14,Thomson_Reuters,2,0,1,0,0,1
2016-06-21,Thomson_Reuters,0,0,1,0,0,1
2018-10-24,Thomson_Reuters,1,0,0,0,0,1
2019-11-06,Thomson_Reuters,2,0,0,0,0,1
2017-11-14,Thomson_Reuters,0,0,1,0,0,1
2018-03-10,Thomson_Reuters,0,0,1,0,0,1
2024-02-14,Taipei_Times,1,0,1,0,0,1
2020-04-28,Thomson_Reuters,1,0,1,0,0,1
2020-04-26,Thomson_Reuters,2,0,1,0,0,1
2020-04-27,Thomson_Reuters,2,0,1,0,0,1
2020-04-27,Thomson_Reuters,1,0,1,0,0,1
2020-04-27,Thomson_Reuters,1,0,1,0,0,1
2018-01-06,Thomson_Reuters,1,0,1,0,0,1
2018-01-05,Thomson_Reuters,1,0,1,0,0,1
2018-01-07,Thomson_Reuters,1,0,1,0,0,1
2022-02-24,Thomson_Reuters,0,0,1,0,0,2
2014-10-09,The_Wall_Street_Journal,0,0,0,0,0,1
2021-07-21,The_Phnom_Penh_Post,0,0,1,0,1,1
2023-01-06,Thomson_Reuters,0,0,0,0,0,1
2021-09-23,The_Wall_Street_Journal,0,0,0,0,0,1
2017-01-04,Thomson_Reuters,0,0,0,0,0,1
2017-10-13,Thomson_Reuters,1,0,0,0,0,1
2022-06-29,Thomson_Reuters,1,0,0,0,0,1
2022-08-17,Thomson_Reuters,0,0,0,0,0,1
2021-11-15,Thomson_Reuters,0,0,0,0,0,1
2020-05-07,Thomson_Reuters,0,0,0,0,0,1
2021-02-24,The_Wall_Street_Journal,3,0,0,0,0,3
2020-04-02,Thomson_Reuters,0,0,1,0,0,1
2017-01-04,Thomson_Reuters,0,0,1,0,0,1
2005-12-03,The_Wall_Street_Journal,0,0,0,0,0,2
2017-01-04,Thomson_Reuters,0,0,0,0,0,1
2015-05-06,The_Wall_Street_Journal,0,0,1,0,0,2
2009-08-24,The_Wall_Street_Journal,1,0,0,0,0,2
2016-07-02,The_Wall_Street_Journal,1,0,2,0,0,1
2012-04-12,The_Wall_Street_Journal,0,0,0,0,0,1
2005-12-05,The_Wall_Street_Journal,0,0,0,0,0,1
2012-10-31,The_Wall_Street_Journal,0,0,0,0,0,2
2011-12-19,The_Wall_Street_Journal,1,1,0,0,0,1
2022-02-02,New_Strait_Times,0,0,0,0,0,1
2022-05-18,The_Business_Times,0,0,0,0,0,1
2023-05-31,Thomson_Reuters,0,0,0,0,0,1
2023-03-17,The_Business_Times,0,0,0,0,0,1
2023-03-17,Thomson_Reuters,0,0,0,0,0,1
2022-04-19,Viet_Nam_News,0,0,0,0,1,1
2023-02-27,The_Strait_Times,0,0,1,0,1,1
2021-05-04,Thomson_Reuters,0,0,0,0,0,1
2021-01-07,The_Business_Times,0,0,2,0,0,1
2021-01-08,The_Business_Times,0,0,2,0,0,1
2021-01-07,The_Business_Times,0,0,0,0,0,1
2021-10-20,Viet_Nam_News,0,0,0,0,0,3
2021-02-25,The_Business_Times,0,0,0,0,0,1
2021-06-01,New_Strait_Times,0,0,0,0,0,1
2020-02-06,Thomson_Reuters,0,0,0,0,0,1
2021-05-05,Thomson_Reuters,0,0,0,0,0,1
2023-06-13,Thomson_Reuters,0,0,0,0,0,1
2020-03-27,Thomson_Reuters,0,0,0,0,0,2
2017-12-29,Financial_Times,0,0,0,0,0,1
2019-04-16,Thomson_Reuters,0,1,0,0,0,1
2019-04-16,Thomson_Reuters,0,1,0,0,0,1
2010-04-12,The_Wall_Street_Journal,0,0,0,0,0,1
2018-07-26,The_Wall_Street_Journal,0,0,0,0,0,1
2006-05-30,The_Wall_Street_Journal,0,0,1,0,0,1
2011-02-11,The_Wall_Street_Journal,0,0,0,0,0,1
2012-07-19,The_Wall_Street_Journal,0,0,0,0,0,1
2018-08-14,Thomson_Reuters,0,0,0,0,0,1
2018-10-10,Thomson_Reuters,2,0,0,0,0,1
2008-09-29,The_Wall_Street_Journal,0,0,0,0,0,1
2018-08-14,Thomson_Reuters,0,0,0,0,0,1
2018-08-15,Thomson_Reuters,0,0,0,0,0,1
2010-06-22,The_Wall_Street_Journal,0,0,0,0,0,1
2017-04-19,Financial_Times,0,0,0,0,0,1
2006-05-01,The_Wall_Street_Journal,0,0,0,0,0,1
2015-07-13,The_Myanmar_Times,0,0,0,0,0,1
2016-11-04,Financial_Times,0,0,0,0,0,1
2012-03-21,The_Wall_Street_Journal,0,0,0,0,0,2
2009-07-09,The_Wall_Street_Journal,0,0,0,0,0,1
2017-11-29,Financial_Times,0,0,0,0,0,1
2010-04-12,The_Wall_Street_Journal,0,0,0,0,0,1
2006-05-05,The_Wall_Street_Journal,0,0,0,0,0,1
2009-09-05,The_Wall_Street_Journal,0,0,0,0,0,1
2023-10-03,Channel_News_Asia,0,0,0,0,0,1
2023-07-17,Manila_Bulletin,0,0,0,0,0,1
2023-09-08,South_China_Morning_Post,0,0,0,0,0,1
2023-07-27,The_Business_Times,0,0,0,0,0,1
2023-09-08,Thomson_Reuters,0,0,0,0,0,1
2023-10-02,Thomson_Reuters,0,0,0,0,0,1
2020-10-5,The_Business_Times,1,0,3,0,0,1
2024-12-22,API_NEWS_en,0,0,0,0,0,1
2018-04-23,Thomson_Reuters,0,0,2,0,0,1
1999-01-11,The_Wall_Street_Journal,2,0,0,0,0,1
2005-02-04,The_Wall_Street_Journal,0,0,0,1,0,1
1999-01-19,The_Wall_Street_Journal,0,0,0,0,0,1
2018-04-22,Thomson_Reuters,0,0,2,0,0,1
2004-06-17,The_Wall_Street_Journal,0,0,1,0,0,1
2005-02-03,The_Wall_Street_Journal,0,0,0,1,0,1
2017-05-10,The_Wall_Street_Journal,0,0,0,0,0,2
2004-05-17,The_Wall_Street_Journal,0,0,2,0,0,1
2017-05-08,Thomson_Reuters,0,1,1,0,0,1
1998-10-19,The_Wall_Street_Journal,0,0,0,0,0,1
2018-04-20,Thomson_Reuters,0,0,2,0,0,1
1998-08-18,The_Wall_Street_Journal,0,1,0,0,0,1
1999-03-25,The_Wall_Street_Journal,0,0,0,0,0,1
2014-07-21,The_Wall_Street_Journal,2,0,0,0,0,1
2004-08-25,The_Wall_Street_Journal,0,0,0,0,0,1
2023-02-22,Thomson_Reuters,2,0,0,0,0,2
2023-04-03,Thomson_Reuters,1,0,0,0,0,2
2021-03-12,Thomson_Reuters,2,0,1,0,0,1
2020-01-29,Thomson_Reuters,0,0,1,0,0,1
2021-03-12,Thomson_Reuters,2,0,1,0,0,1
2019-06-10,Thomson_Reuters,1,0,0,0,0,1
2017-02-06,Thomson_Reuters,0,0,0,0,0,1
2018-04-10,Thomson_Reuters,0,0,0,0,0,1
2019-06-10,Thomson_Reuters,1,0,0,0,0,1
2020-08-17,Thomson_Reuters,1,0,4,0,0,1
2019-09-09,Thomson_Reuters,1,0,1,0,0,1
2019-12-23,Thomson_Reuters,2,0,0,0,0,1
2019-09-10,Thomson_Reuters,1,0,1,0,0,1
2019-12-20,Thomson_Reuters,1,0,0,0,0,1
2019-07-15,Thomson_Reuters,1,0,1,0,0,1
2019-09-09,Thomson_Reuters,0,0,0,0,0,1
2023-05-04,Thomson_Reuters,1,0,0,0,0,1
2022-03-11,Thomson_Reuters,1,0,0,0,0,1
2021-12-13,Thomson_Reuters,1,0,1,0,0,1
2021-12-13,Thomson_Reuters,1,0,1,0,0,1
2021-08-04,Thomson_Reuters,1,0,1,0,0,1
2021-10-05,Thomson_Reuters,1,0,0,0,0,1
2021-08-04,Thomson_Reuters,1,0,1,0,0,1
2021-08-05,Thomson_Reuters,1,0,1,0,0,1
2016-12-13,Thomson_Reuters,0,0,0,0,0,1
2019-11-18,Thomson_Reuters,1,0,0,0,0,1
2017-10-05,Thomson_Reuters,2,0,0,0,0,2
2023-04-18,Thomson_Reuters,0,3,0,0,2,2
2020-07-16,Financial_Times,3,6,6,1,0,2
2020-06-24,Thomson_Reuters,0,0,2,0,0,1
2020-06-24,Thomson_Reuters,0,0,2,0,0,1
2020-07-16,Thomson_Reuters,0,0,1,0,0,1
2020-07-16,Thomson_Reuters,1,0,2,0,0,1
2020-07-16,Financial_Times,1,0,3,0,0,1
2020-05-13,Thomson_Reuters,0,0,1,0,0,1
2018-04-09,Thomson_Reuters,0,0,0,0,0,1
2019-11-19,Thomson_Reuters,1,0,0,0,0,1
2019-11-02,Thomson_Reuters,1,0,0,0,0,3
2017-02-02,Thomson_Reuters,0,0,0,0,0,1
2019-11-20,Thomson_Reuters,1,0,0,0,0,1
2016-09-20,Thomson_Reuters,0,0,2,0,0,1
2019-11-02,Channel_News_Asia,1,0,0,0,0,3
2018-12-26,Thomson_Reuters,0,1,0,0,0,1
2022-11-09,Manila_Bulletin,0,0,0,0,0,1
2022-10-24,Manila_Bulletin,0,0,0,0,1,1
2023-01-26,Manila_Bulletin,0,0,0,0,0,1
2023-02-27,Manila_Bulletin,0,0,0,0,0,1
2022-11-02,Manila_Bulletin,0,1,0,0,0,1
2023-05-19,Manila_Bulletin,0,0,0,0,0,1
2023-03-31,Manila_Bulletin,0,0,0,0,0,1
2022-11-17,Manila_Bulletin,0,0,0,0,0,1
2022-12-23,Manila_Bulletin,0,0,0,0,0,1
2022-12-08,Manila_Bulletin,0,0,0,0,1,1
2023-01-13,Manila_Bulletin,0,0,0,0,0,1
2023-05-25,Manila_Bulletin,0,0,0,0,0,1
2023-02-23,The_Wall_Street_Journal,5,0,0,0,0,3
2021-01-24,Manila_Bulletin,0,0,0,0,0,1
2020-10-14,Manila_Bulletin,0,0,0,0,0,1
2020-11-17,Manila_Bulletin,0,0,0,0,0,1
2021-09-02,Manila_Bulletin,0,0,0,0,0,1
2020-10-08,Manila_Bulletin,0,0,0,0,0,1
2013-04-16,The_Wall_Street_Journal,1,0,1,0,0,1
2015-09-01,The_Wall_Street_Journal,2,0,0,0,0,2
2007-11-15,The_Wall_Street_Journal,0,0,0,0,0,1
2008-10-22,The_Wall_Street_Journal,0,0,0,0,0,1
2013-02-07,The_Wall_Street_Journal,0,0,0,0,0,1
2023-06-22,Manila_Bulletin,0,1,0,0,0,1
2006-05-13,The_Wall_Street_Journal,0,0,3,0,0,1
2013-12-05,The_Wall_Street_Journal,0,0,0,0,0,1
2011-08-25,The_Wall_Street_Journal,0,0,0,0,0,1
2001-03-02,The_Wall_Street_Journal,0,0,0,0,0,1
2019-12-26,The_Wall_Street_Journal,1,0,1,0,0,2
2013-03-15,The_Wall_Street_Journal,2,0,0,0,0,1
2013-01-30,The_Wall_Street_Journal,0,0,0,0,0,1
2006-08-15,The_Wall_Street_Journal,0,0,0,0,0,1
2005-09-28,The_Wall_Street_Journal,0,0,0,0,0,1
2023-07-25,Manila_Bulletin,0,3,0,0,0,1
2023-08-04,Manila_Bulletin,0,0,0,0,0,1
2023-05-13,Bangkok_Post,0,0,0,0,0,1
2022-02-8,Bangkok_Post,0,0,0,0,0,1
2023-04-25,Financial_Times,0,0,3,0,0,1
2022-02-15,Bangkok_Post,0,0,0,0,0,1
2023-01-19,New_Strait_Times,0,0,0,0,0,1
2023-02-13,Bangkok_Post,0,1,0,0,0,1
2023-05-16,Bangkok_Post,0,0,0,0,0,1
2023-03-27,Viet_Nam_News,0,0,0,0,1,1
2023-02-18,Bangkok_Post,0,0,1,0,0,1
2022-11-16,Bangkok_Post,0,1,0,0,0,1
2023-03-25,Bangkok_Post,0,0,1,0,0,1
2022-02-5,Bangkok_Post,0,0,0,0,0,1
2023-03-02,Bangkok_Post,0,0,2,0,0,1
2022-02-9,Bangkok_Post,0,0,1,0,0,1
2023-02-07,Manila_Bulletin,0,0,0,0,0,1
2022-11-18,Bangkok_Post,0,0,0,0,0,1
2023-01-30,Bangkok_Post,0,1,0,0,0,1
2022-02-17,The_Phnom_Penh_Post,0,0,0,0,0,1
2022-09-16,Viet_Nam_News,0,0,0,0,1,2
2022-01-24,Thomson_Reuters,0,0,0,0,0,1
2022-02-08,Thomson_Reuters,0,0,0,0,0,1
2023-06-5,Bangkok_Post,0,2,1,0,1,1
2022-12-10,Bangkok_Post,0,0,0,0,0,1
2023-01-26,New_Strait_Times,0,0,0,0,0,2
2022-09-20,Manila_Bulletin,0,0,0,0,0,1
2022-10-6,Bangkok_Post,0,0,0,0,0,1
2023-03-11,Bangkok_Post,0,0,1,0,0,1
2022-12-20,Manila_Bulletin,0,1,0,0,0,1
2022-09-15,The_Business_Times,1,0,3,0,0,1
2023-02-22,Viet_Nam_News,0,1,0,0,0,1
2023-02-22,Bangkok_Post,0,0,0,0,0,2
2023-02-07,Bangkok_Post,0,0,0,0,0,1
2022-07-23,New_Strait_Times,0,0,0,0,0,1
2022-11-12,Bangkok_Post,0,0,2,0,0,1
2022-08-09,The_Jakarta_Post,0,0,0,0,0,2
2022-10-10,The_Jakarta_Post,0,0,0,0,0,1
2023-01-23,South_China_Morning_Post,0,0,0,0,0,1
2022-06-18,The_Jakarta_Post,0,0,0,0,0,1
2020-02-12,The_Myanmar_Times,0,0,0,0,0,1
2021-05-30,The_Phnom_Penh_Post,0,0,0,0,0,1
2021-04-23,Financial_Times,0,0,1,0,0,1
2021-11-02,Manila_Bulletin,1,1,0,0,0,1
2020-10-22,The_Wall_Street_Journal,0,0,0,0,0,1
2021-04-03,Viet_Nam_News,0,0,0,0,0,1
2020-01-28,Thomson_Reuters,0,0,0,0,0,1
2021-04-24,New_Strait_Times,0,0,0,0,0,2
2021-06-08,New_Strait_Times,0,1,0,0,0,2
2021-12-07,Thomson_Reuters,0,0,0,0,0,1
2021-04-01,The_Jakarta_Post,0,0,1,2,0,1
2020-06-04,Thomson_Reuters,0,0,0,0,0,1
2020-03-29,Financial_Times,0,0,0,0,1,1
2021-03-02,Financial_Times,0,0,0,0,0,1
2020-06-22,Thomson_Reuters,0,0,0,0,0,2
2021-11-17,Thomson_Reuters,0,0,0,0,0,1
2020-11-26,The_Business_Times,0,1,0,0,0,2
2020-02-28,Viet_Nam_News,0,0,0,0,0,1
2021-07-12,Financial_Times,0,1,0,0,4,2
2021-10-19,New_Strait_Times,0,0,0,0,0,2
2020-04-16,Thomson_Reuters,0,0,0,0,0,1
2020-02-19,The_Phnom_Penh_Post,0,0,0,0,0,1
2021-01-14,New_Strait_Times,0,0,0,0,0,1
2021-03-03,Channel_News_Asia,0,0,0,0,1,1
2020-02-27,Thomson_Reuters,0,1,0,0,0,2
2021-02-09,New_Strait_Times,0,0,0,0,0,1
2020-01-28,Thomson_Reuters,0,0,0,0,0,1
2020-12-15,New_Strait_Times,0,0,0,0,0,1
2021-03-15,Thomson_Reuters,0,0,0,0,0,1
2020-02-20,Channel_News_Asia,0,0,0,0,0,2
2020-11-20,New_Strait_Times,0,0,0,0,1,3
2020-01-17,Thomson_Reuters,0,0,1,0,0,1
2021-03-17,Thomson_Reuters,0,0,0,0,0,1
2020-06-08,The_Wall_Street_Journal,0,0,0,0,0,1
2021-03-22,Thomson_Reuters,0,0,2,0,0,1
2021-04-05,The_Phnom_Penh_Post,0,0,0,0,0,1
2020-10-06,Manila_Bulletin,1,1,0,0,0,2
2021-01-13,Manila_Bulletin,0,0,0,0,0,1
2012-09-13,Financial_Times,0,0,0,0,1,2
2012-03-21,Financial_Times,0,0,0,0,2,1
2005-05-17,The_Wall_Street_Journal,0,0,0,0,0,1
2019-11-26,Thomson_Reuters,0,0,0,1,0,1
2004-09-17,The_Wall_Street_Journal,0,0,0,0,0,2
2015-10-16,Thomson_Reuters,1,0,0,0,0,1
2016-09-30,Thomson_Reuters,0,0,0,0,0,1
2017-05-03,Thomson_Reuters,0,0,0,0,0,1
2017-11-22,Thomson_Reuters,0,0,0,0,0,1
2018-09-25,The_Wall_Street_Journal,0,0,1,0,0,1
2015-02-23,Thomson_Reuters,0,0,0,0,0,1
1998-06-09,The_Wall_Street_Journal,0,0,1,0,0,1
2019-10-08,The_Jakarta_Post,0,0,0,0,1,1
2013-05-17,The_Phnom_Penh_Post,0,0,0,0,0,2
2006-09-26,The_Wall_Street_Journal,0,0,0,0,0,1
2015-08-20,The_Wall_Street_Journal,0,0,0,0,0,2
2009-05-21,The_Wall_Street_Journal,0,0,0,0,0,1
2016-01-24,The_Jakarta_Post,0,0,0,0,0,1
2005-03-15,The_Wall_Street_Journal,0,0,0,0,0,1
2001-05-08,The_Wall_Street_Journal,0,0,0,0,0,1
2015-05-31,The_Wall_Street_Journal,0,0,0,0,0,1
2019-11-30,The_Jakarta_Post,0,1,0,0,1,4
2007-12-17,The_Wall_Street_Journal,0,0,0,0,0,1
2019-09-17,The_Wall_Street_Journal,0,0,3,0,0,1
2010-05-07,The_Wall_Street_Journal,0,0,0,0,0,1
2014-09-25,The_Wall_Street_Journal,0,0,0,1,0,1
2009-09-10,Thomson_Reuters,0,0,0,0,0,1
1999-09-29,The_Wall_Street_Journal,0,0,2,0,0,1
2015-02-22,Thomson_Reuters,0,0,0,0,0,1
2012-03-26,Financial_Times,0,0,0,0,0,2
2018-09-22,The_Wall_Street_Journal,0,0,0,0,0,1
2018-12-13,Thomson_Reuters,0,0,0,0,0,1
2018-05-10,Thomson_Reuters,0,0,0,0,0,1
2010-09-07,The_Wall_Street_Journal,0,0,1,0,0,1
2016-11-19,The_Jakarta_Post,0,0,0,0,1,1
2013-01-28,Financial_Times,0,0,0,0,3,2
2017-10-13,The_Jakarta_Post,0,0,0,0,0,1
2010-03-03,The_Wall_Street_Journal,0,1,0,0,0,1
2014-01-09,Thomson_Reuters,0,0,0,0,0,1
2002-03-18,The_Wall_Street_Journal,0,0,0,0,0,1
2006-07-08,The_Wall_Street_Journal,0,0,0,0,0,1
2018-09-20,Thomson_Reuters,0,0,0,0,0,4
2012-11-16,Channel_News_Asia,0,0,0,0,0,1
2017-05-08,Thomson_Reuters,0,0,0,0,0,1
2019-12-10,Channel_News_Asia,0,0,0,1,0,1
2005-12-16,The_Wall_Street_Journal,0,0,0,0,0,1
2010-12-20,The_Wall_Street_Journal,0,0,0,0,0,1
2007-07-12,The_Wall_Street_Journal,0,0,0,0,0,1
2011-09-11,Financial_Times,0,0,0,0,0,1
2016-10-13,The_Jakarta_Post,0,0,0,0,0,1
2005-06-13,The_Wall_Street_Journal,0,0,0,0,0,1
2016-09-30,Thomson_Reuters,0,0,0,0,0,1
1998-09-16,The_Wall_Street_Journal,0,0,0,0,0,1
2018-09-10,The_Jakarta_Post,0,0,0,0,1,2
2018-07-29,Financial_Times,0,0,0,0,0,1
2013-02-26,Thomson_Reuters,0,0,0,0,0,2
2012-03-21,Thomson_Reuters,0,0,0,0,1,1
2019-10-02,Thomson_Reuters,0,0,1,0,0,1
2019-09-20,The_Wall_Street_Journal,1,1,2,0,0,2
2016-04-19,The_Jakarta_Post,0,0,0,0,0,1
2001-07-20,The_Wall_Street_Journal,0,0,0,0,0,1
2019-11-13,New_Strait_Times,0,0,0,0,1,1
2013-03-07,Channel_News_Asia,0,0,0,0,0,1
2018-04-05,The_Jakarta_Post,0,0,0,0,0,1
2007-09-14,The_Wall_Street_Journal,0,0,0,0,0,1
2018-06-28,The_Jakarta_Post,0,0,0,0,0,1
2012-03-02,Thomson_Reuters,0,0,0,0,1,2
2012-02-29,The_Wall_Street_Journal,0,0,0,0,0,1
2023-06-26,Manila_Bulletin,0,1,0,0,0,1
2023-07-1,Bangkok_Post,0,0,1,0,0,1
2023-10-07,Nikkei_Asia,0,0,0,0,0,1
2024-01-6,Bangkok_Post,0,0,0,0,0,1
2023-09-26,Bangkok_Post,0,0,0,0,0,1
2023-10-31,New_Strait_Times,0,0,0,0,0,1
2023-07-4,Bangkok_Post,0,0,0,0,0,1
2024-01-5,Bangkok_Post,0,1,0,0,0,1
2024-03-27,Bangkok_Post,0,0,0,0,0,1
2024-07-23,Bangkok_Post,0,0,0,0,1,1
2024-09-09,Financial_Times,0,0,0,0,0,1
2024-02-21,Bangkok_Post,0,0,0,0,0,1
2024-12-22,API_NEWS_en,0,0,0,0,0,1
2024-12-09,API_NEWS_en,0,0,1,0,0,1
2024-11-27,API_NEWS_en,0,0,0,0,0,1
2024-11-27,API_NEWS_en,0,0,0,0,0,1
2024-12-20,API_NEWS_en,0,0,0,0,0,1
2022-12-05,Thomson_Reuters,0,0,0,0,0,1
2022-12-08,Thomson_Reuters,0,0,0,0,0,1
2022-12-23,Nikkei_Asia,0,0,0,0,0,1
2022-07-25,The_Wall_Street_Journal,0,0,3,0,0,1
2021-06-22,Thomson_Reuters,0,0,0,0,0,2
2021-03-15,Channel_News_Asia,0,1,0,0,0,1
2020-10-17,Viet_Nam_News,0,0,0,0,0,1
2021-06-28,Thomson_Reuters,0,0,0,0,0,1
2021-03-15,Thomson_Reuters,0,0,0,0,0,1
2021-06-28,Thomson_Reuters,0,0,0,0,0,1
2021-03-15,Thomson_Reuters,0,1,0,0,0,1
2021-03-31,Thomson_Reuters,0,1,0,0,0,1
2021-03-31,Thomson_Reuters,0,1,0,0,0,1
2020-10-18,The_Phnom_Penh_Post,0,0,0,0,0,1
2020-07-02,Viet_Nam_News,1,0,0,0,0,1
2021-03-15,The_Business_Times,0,1,0,0,0,1
2021-01-28,Thomson_Reuters,0,0,0,0,0,1
2021-03-30,Manila_Bulletin,1,0,0,0,0,1
2021-05-10,Thomson_Reuters,0,0,0,0,0,1
2021-06-08,Thomson_Reuters,0,0,0,0,0,1
2020-03-24,New_Strait_Times,0,0,0,0,0,1
2021-06-08,Thomson_Reuters,0,0,0,0,0,1
2021-04-23,Thomson_Reuters,0,0,0,0,1,1
2021-08-22,The_Phnom_Penh_Post,0,0,0,0,0,1
2006-04-05,Financial_Times,0,0,0,0,0,1
2010-07-14,The_Wall_Street_Journal,0,0,0,0,0,1
2000-07-26,The_Wall_Street_Journal,0,0,0,0,0,1
2017-05-16,The_Wall_Street_Journal,0,0,0,0,0,1
2006-03-29,The_Wall_Street_Journal,0,0,0,0,0,1
2006-03-21,The_Wall_Street_Journal,0,0,0,0,0,1
2006-04-10,The_Wall_Street_Journal,1,0,0,0,0,1
2019-09-09,The_Wall_Street_Journal,0,0,0,0,0,1
2006-04-11,The_Wall_Street_Journal,0,0,1,0,0,1
2019-03-12,Thomson_Reuters,0,0,1,0,0,1
2019-07-15,The_Wall_Street_Journal,0,0,0,0,0,2
2005-02-02,The_Wall_Street_Journal,0,0,0,0,0,1
2010-06-21,The_Wall_Street_Journal,0,0,0,0,0,1
1998-08-07,The_Wall_Street_Journal,0,0,0,0,0,1
2006-03-29,The_Wall_Street_Journal,0,0,0,0,0,1
2000-03-21,The_Wall_Street_Journal,0,0,0,0,0,2
2013-04-09,Channel_News_Asia,0,0,0,0,0,1
2016-04-20,The_Wall_Street_Journal,0,0,3,0,0,1
2002-03-18,The_Wall_Street_Journal,0,0,2,0,0,1
2012-01-13,The_Wall_Street_Journal,0,0,0,0,0,1
2006-03-28,The_Wall_Street_Journal,0,0,1,0,0,1
2015-07-23,Thomson_Reuters,0,0,0,0,0,1
2010-04-13,The_Wall_Street_Journal,0,0,0,0,0,1
2006-04-11,The_Wall_Street_Journal,0,0,1,0,0,2
2023-08-21,The_Business_Times,0,0,0,0,0,1
2024-03-20,Financial_Times,0,1,2,0,0,1
2024-04-18,Nikkei_Asia,1,0,0,1,0,1
2018-11-26,The_Business_Times,0,0,1,0,0,1
2024-10-22,Financial_Times,0,0,0,0,0,1
2020-01-10,The_Wall_Street_Journal,0,0,0,0,0,1
2009-04-16,The_Wall_Street_Journal,0,0,0,0,0,1
2023-06-15,Channel_News_Asia,1,0,0,0,0,1
2023-06-14,Thomson_Reuters,1,0,0,0,0,1
2009-02-20,The_Wall_Street_Journal,0,0,1,0,0,1
2011-10-12,The_Wall_Street_Journal,0,0,2,0,0,1
2014-06-01,Thomson_Reuters,0,1,0,0,0,2
2015-04-21,Thomson_Reuters,0,0,0,0,0,1
2015-06-07,Financial_Times,0,0,1,0,0,1
2012-08-03,The_Wall_Street_Journal,0,0,0,0,0,1
2019-02-28,Thomson_Reuters,0,0,0,0,0,1
2010-04-26,Thomson_Reuters,0,0,0,0,0,1
2012-08-04,The_Wall_Street_Journal,0,0,0,0,0,1
2011-10-12,The_Wall_Street_Journal,0,0,2,0,0,1
2002-10-27,The_Wall_Street_Journal,0,0,1,0,0,1
2023-08-28,Nikkei_Asia,1,0,0,0,0,1
2024-11-28,API_NEWS_en,0,0,0,0,0,1
2008-03-17,The_Wall_Street_Journal,0,0,0,0,0,2
2020-09-23,Thomson_Reuters,0,0,1,0,0,1
2017-03-20,Thomson_Reuters,1,0,0,0,0,1
2017-11-27,Thomson_Reuters,0,0,0,0,0,1
2017-07-03,Thomson_Reuters,0,0,0,0,0,1
2010-05-26,The_Wall_Street_Journal,2,0,0,0,0,1
2017-10-16,Thomson_Reuters,0,0,0,0,0,1
2023-05-05,Thomson_Reuters,4,0,0,0,0,1
2023-02-24,Thomson_Reuters,0,0,0,0,0,1
2021-03-26,Thomson_Reuters,0,0,0,0,0,1
2021-03-26,Thomson_Reuters,1,1,0,0,0,1
2020-08-31,Channel_News_Asia,1,0,0,0,0,2
2021-03-24,Thomson_Reuters,0,0,0,0,0,1
2021-03-26,Thomson_Reuters,0,0,0,0,0,1
2021-05-04,The_Phnom_Penh_Post,0,0,0,0,0,1
2021-03-25,Thomson_Reuters,0,0,0,0,0,1
2021-04-15,Thomson_Reuters,0,0,0,0,0,1
2021-03-27,The_Strait_Times,1,1,0,0,0,1
2020-10-14,The_Jakarta_Post,0,0,0,0,0,1
2020-10-22,The_Jakarta_Post,0,0,0,0,0,1
2021-03-27,The_Business_Times,1,1,0,0,0,1
2021-03-24,Thomson_Reuters,0,0,0,0,0,1
2020-12-18,The_Jakarta_Post,0,0,0,0,0,1
2021-03-28,Thomson_Reuters,1,0,0,0,0,1
2021-11-17,The_Strait_Times,0,0,0,0,0,1
2020-10-23,The_Jakarta_Post,0,0,2,0,0,1
2021-03-26,Financial_Times,1,0,0,0,0,1
2021-03-27,Thomson_Reuters,1,1,0,0,0,1
2021-03-25,The_Business_Times,0,0,0,0,0,1
2020-12-03,The_Jakarta_Post,0,0,1,0,0,1
2016-03-04,The_Jakarta_Post,0,0,0,0,0,1
2017-04-11,The_Jakarta_Post,0,0,0,0,0,1
2017-03-14,The_Jakarta_Post,0,0,1,0,0,1
2015-11-07,The_Jakarta_Post,0,0,0,0,0,1
2016-08-04,The_Jakarta_Post,0,1,1,0,0,1
2015-10-21,The_Jakarta_Post,0,0,0,0,0,1
2019-05-23,Thomson_Reuters,1,0,1,1,0,1
2016-03-21,The_Jakarta_Post,0,1,0,0,0,1
2009-01-20,The_Wall_Street_Journal,0,0,0,0,0,1
2023-08-14,Thomson_Reuters,0,0,0,0,0,1
2023-12-04,Channel_News_Asia,0,0,0,0,0,1
2022-01-13,Thomson_Reuters,0,0,0,0,0,1
2023-03-03,New_Strait_Times,0,0,0,0,0,1
2022-04-02,Thomson_Reuters,0,0,0,0,0,1
2022-04-16,Thomson_Reuters,0,0,0,0,0,1
2022-04-17,Thomson_Reuters,0,0,0,0,0,1
2023-01-30,New_Strait_Times,0,0,0,0,0,1
2023-03-10,Bangkok_Post,0,0,0,0,0,2
2022-08-29,Bangkok_Post,0,0,0,0,0,1
2022-11-18,Bangkok_Post,0,0,0,0,0,1
2023-02-09,Thomson_Reuters,0,0,0,0,0,1
2022-05-26,Thomson_Reuters,0,0,0,0,0,1
2023-05-26,Thomson_Reuters,0,0,0,0,0,1
2023-02-05,Nikkei_Asia,0,0,0,0,0,1
2023-03-30,Nikkei_Asia,0,0,0,0,0,1
2023-05-26,The_Jakarta_Post,0,0,0,0,0,1
2020-01-31,Thomson_Reuters,0,0,0,0,0,1
2020-03-17,Thomson_Reuters,0,0,0,0,0,1
2020-01-22,The_Jakarta_Post,0,0,0,0,0,1
2020-03-04,Thomson_Reuters,0,0,0,0,0,1
2020-01-21,Thomson_Reuters,0,0,0,0,0,1
2021-02-04,Channel_News_Asia,0,0,0,0,0,2
2020-02-27,New_Strait_Times,0,0,0,0,0,1
2018-10-24,Channel_News_Asia,0,0,0,0,0,1
2017-09-14,The_Jakarta_Post,0,0,0,0,0,1
2013-02-28,The_Wall_Street_Journal,0,0,0,0,0,1
2019-11-08,Thomson_Reuters,0,0,0,0,0,1
2019-03-23,Channel_News_Asia,0,0,0,1,0,1
2017-05-07,The_Jakarta_Post,0,0,0,0,0,1
2013-03-28,The_Wall_Street_Journal,0,0,0,0,0,1
2016-06-10,The_Jakarta_Post,0,0,0,1,0,1
2016-08-21,The_Wall_Street_Journal,0,0,0,0,0,1
2019-11-07,Thomson_Reuters,0,0,0,0,0,1
2016-08-25,The_Wall_Street_Journal,0,0,0,0,0,1
2019-01-19,The_Jakarta_Post,0,0,0,0,0,1
2016-06-09,The_Jakarta_Post,0,0,0,0,0,1
2019-08-17,Thomson_Reuters,0,0,0,0,0,1
2016-06-15,The_Jakarta_Post,0,0,0,0,0,1
2016-06-15,The_Jakarta_Post,0,0,0,0,0,1
2018-01-22,The_Jakarta_Post,0,0,0,0,0,1
2014-06-17,Thomson_Reuters,0,0,0,1,0,1
2013-11-03,The_Myanmar_Times,0,0,0,0,0,1
2015-08-27,The_Jakarta_Post,0,0,0,0,0,1
2019-08-19,Thomson_Reuters,0,0,0,0,0,1
2018-11-01,Channel_News_Asia,0,0,0,0,0,1
2024-01-19,Bangkok_Post,0,0,0,0,0,2
2024-09-11,Channel_News_Asia,0,0,0,0,0,1
2024-04-03,Channel_News_Asia,0,0,0,1,0,2
2024-02-20,Nikkei_Asia,0,0,0,1,0,1
2024-03-5,Bangkok_Post,0,0,0,1,0,1
2020-11-02,New_Strait_Times,0,0,0,0,0,1
2021-01-28,New_Strait_Times,0,1,0,0,0,1
2020-09-06,New_Strait_Times,0,1,0,0,0,1
2021-03-07,New_Strait_Times,0,1,0,0,0,1
2021-04-17,New_Strait_Times,0,1,0,0,0,1
2021-04-22,New_Strait_Times,0,1,0,0,0,1
2021-04-15,New_Strait_Times,0,1,0,0,0,1
2021-02-15,New_Strait_Times,0,1,0,0,0,1
2021-05-01,New_Strait_Times,0,0,0,0,0,1
2020-08-15,New_Strait_Times,0,0,0,0,0,1
2019-07-10,The_Jakarta_Post,0,0,0,0,0,1
2016-03-22,The_Jakarta_Post,0,0,0,0,0,1
2017-08-15,Thomson_Reuters,1,0,0,0,0,1
2017-03-28,Thomson_Reuters,0,0,0,0,0,1
2018-10-28,New_Strait_Times,0,0,0,0,0,1
2013-09-02,The_Wall_Street_Journal,0,0,0,0,0,1
2018-12-04,The_Wall_Street_Journal,0,0,0,0,0,1
2015-09-18,Thomson_Reuters,2,0,0,0,0,1
2019-11-18,Thomson_Reuters,1,0,1,0,0,1
2019-02-11,Thomson_Reuters,1,0,0,0,0,1
2013-10-10,The_Wall_Street_Journal,2,0,1,0,0,1
2017-05-04,Thomson_Reuters,0,0,0,0,0,1
2022-03-25,Thomson_Reuters,0,0,0,0,0,1
2022-10-21,The_Business_Times,0,0,0,0,0,2
2023-03-23,The_Business_Times,0,0,2,0,0,1
2023-06-06,Thomson_Reuters,0,0,0,0,0,1
2023-04-19,Thomson_Reuters,0,0,0,0,0,1
2023-03-23,Thomson_Reuters,0,0,1,0,0,1
2023-02-24,Financial_Times,0,0,0,0,0,2
2022-10-25,JoongAng_Daily,0,0,0,0,0,1
2023-06-05,Financial_Times,0,0,0,0,0,1
2023-06-03,Financial_Times,0,0,0,0,0,1
2022-09-05,The_Business_Times,0,0,0,0,0,2
2022-04-28,The_Business_Times,1,0,0,0,0,2
2022-05-12,The_Business_Times,0,0,0,0,0,1
2022-05-31,Financial_Times,0,0,0,0,0,1
2023-01-18,The_Business_Times,0,0,0,0,0,1
2023-05-21,Financial_Times,1,0,0,0,0,1
2023-06-05,Financial_Times,0,0,0,0,0,2
2022-04-29,The_Business_Times,0,0,0,0,0,1
2023-06-06,Thomson_Reuters,0,0,0,0,0,1
2022-12-16,Financial_Times,0,0,0,0,0,2
2022-02-18,Thomson_Reuters,0,0,0,0,0,1
2022-01-11,JoongAng_Daily,0,0,0,0,0,1
2023-02-23,Financial_Times,0,0,0,0,0,1
2023-02-17,The_Business_Times,0,0,0,0,0,1
2022-10-03,Financial_Times,0,0,0,0,0,2
2023-06-07,The_Business_Times,0,0,0,0,0,1
2022-01-21,Thomson_Reuters,0,0,0,0,0,1
2022-08-02,New_Strait_Times,0,0,0,0,0,1
2022-06-21,Financial_Times,0,0,0,0,0,1
2023-06-07,Channel_News_Asia,0,0,0,0,0,1
2022-01-11,The_Strait_Times,0,0,0,0,0,2
2023-06-01,The_Wall_Street_Journal,0,0,0,0,0,1
2023-02-03,Nikkei_Asia,0,1,0,0,0,1
2022-06-14,The_Wall_Street_Journal,0,0,0,0,0,2
2022-06-29,The_Wall_Street_Journal,0,0,0,0,0,1
2022-01-12,The_Wall_Street_Journal,0,0,0,0,0,1
2023-05-25,Channel_News_Asia,0,0,0,0,0,1
2023-05-29,The_Strait_Times,0,0,2,0,0,2
2022-03-03,The_Wall_Street_Journal,0,0,0,0,0,1
2022-06-14,The_Strait_Times,0,0,0,0,0,1
2022-01-10,The_Wall_Street_Journal,0,0,0,0,0,1
2023-04-23,The_Wall_Street_Journal,0,0,1,0,0,1
2023-04-23,The_Wall_Street_Journal,0,0,1,0,0,1
2022-04-20,The_Wall_Street_Journal,0,0,0,0,0,1
2023-04-20,Channel_News_Asia,0,0,0,0,0,1
2023-04-05,The_Strait_Times,0,0,0,0,0,1
2023-02-23,Nikkei_Asia,1,1,0,0,0,2
2022-01-04,The_Wall_Street_Journal,0,0,0,0,0,1
2020-11-03,The_Wall_Street_Journal,0,0,0,0,0,1
2020-06-09,The_Jakarta_Post,0,0,0,0,0,1
2020-06-01,Financial_Times,0,0,0,0,0,1
2021-11-22,Thomson_Reuters,0,0,0,0,0,1
2020-03-12,Financial_Times,0,0,0,0,0,1
2021-04-01,Financial_Times,0,0,0,0,0,1
2021-11-09,The_Wall_Street_Journal,0,0,1,0,0,1
2021-10-29,Thomson_Reuters,0,0,0,0,0,1
2021-12-01,JoongAng_Daily,0,0,0,0,0,1
2020-01-19,JoongAng_Daily,0,0,0,0,0,1
2021-02-14,Financial_Times,0,0,1,0,0,2
2020-10-20,JoongAng_Daily,0,0,0,0,0,1
2020-08-26,JoongAng_Daily,0,0,0,0,0,1
2021-01-26,The_Business_Times,0,0,0,0,0,1
2021-10-20,The_Strait_Times,0,0,0,0,0,1
2021-01-22,South_China_Morning_Post,0,0,0,0,0,1
2020-10-29,The_Wall_Street_Journal,0,0,0,0,0,1
2020-07-07,The_Wall_Street_Journal,0,0,0,0,0,1
2021-07-29,Financial_Times,1,0,0,0,0,1
2021-07-27,JoongAng_Daily,0,0,0,0,0,1
2020-06-04,JoongAng_Daily,0,0,0,0,0,1
2021-10-19,Thomson_Reuters,0,0,0,0,0,1
2021-07-23,Financial_Times,0,1,0,0,0,1
2021-09-08,Thomson_Reuters,0,0,0,0,0,2
2021-04-06,The_Wall_Street_Journal,0,0,0,0,0,1
2020-05-16,The_Jakarta_Post,0,0,0,0,0,1
2021-10-18,Thomson_Reuters,0,0,0,0,0,1
2021-11-23,The_Business_Times,0,0,0,0,0,1
2021-11-22,Thomson_Reuters,0,0,0,0,0,1
2021-09-22,Financial_Times,0,0,0,0,0,1
2020-05-03,JoongAng_Daily,0,0,0,0,0,1
2021-11-08,Financial_Times,0,0,0,0,0,1
2020-07-14,Financial_Times,0,0,0,0,0,2
2021-02-01,JoongAng_Daily,0,0,0,0,0,1
2021-10-28,Thomson_Reuters,0,0,0,0,0,1
2021-09-09,JoongAng_Daily,0,0,0,0,0,1
2020-05-08,The_Jakarta_Post,0,0,0,0,0,1
2020-02-18,JoongAng_Daily,0,0,0,0,0,1
2021-01-22,The_Strait_Times,0,0,0,0,0,1
2021-01-28,The_Wall_Street_Journal,0,0,0,0,0,1
2020-06-09,JoongAng_Daily,0,0,0,0,0,1
2021-09-09,Financial_Times,0,0,0,0,0,1
2021-08-20,Thomson_Reuters,0,0,0,0,0,1
2020-10-05,The_Wall_Street_Journal,0,0,0,0,0,1
2020-09-01,JoongAng_Daily,0,0,0,0,0,1
2020-06-10,The_Wall_Street_Journal,0,0,0,0,0,2
2020-12-02,Manila_Bulletin,0,0,2,0,0,2
2020-10-11,JoongAng_Daily,0,0,0,0,0,1
2021-12-04,The_Wall_Street_Journal,0,0,0,0,0,1
2020-05-12,Financial_Times,0,0,0,0,0,2
2021-09-14,The_Strait_Times,0,0,0,0,0,2
2021-11-08,JoongAng_Daily,0,0,0,0,0,1
2021-11-9,Financial_Times,0,0,0,0,0,1
2021-11-10,Financial_Times,0,0,0,0,0,1
2021-09-09,Thomson_Reuters,0,0,0,0,0,1
2020-05-29,Financial_Times,0,0,0,0,0,1
2020-05-12,Financial_Times,0,0,0,0,0,2
2021-03-08,Manila_Bulletin,0,0,0,0,0,1
2021-12-20,Thomson_Reuters,0,0,0,0,0,1
2021-03-31,The_Wall_Street_Journal,0,0,0,0,0,1
2020-03-27,Financial_Times,0,0,0,0,0,1
2020-04-08,JoongAng_Daily,0,0,0,0,0,1
2021-01-24,Thomson_Reuters,0,0,1,1,0,3
2020-10-07,JoongAng_Daily,0,1,0,0,0,2
2021-02-22,The_Strait_Times,1,0,0,0,0,1
2021-02-05,The_Wall_Street_Journal,0,0,1,0,0,1
2021-03-09,Financial_Times,0,0,0,0,0,2
2017-05-17,Financial_Times,0,0,0,0,0,2
2019-10-04,Financial_Times,0,0,0,0,0,1
2017-08-04,Financial_Times,0,0,0,0,0,1
2018-03-20,Thomson_Reuters,1,0,0,0,0,2
2017-08-25,Thomson_Reuters,0,0,0,0,0,1
2016-03-14,The_Wall_Street_Journal,0,0,1,0,0,1
2018-01-21,The_Jakarta_Post,0,0,0,0,0,1
2018-08-08,The_Wall_Street_Journal,0,0,0,0,0,2
2009-10-29,The_Wall_Street_Journal,0,1,0,0,0,1
2016-09-05,The_Jakarta_Post,0,0,0,0,0,1
2017-09-13,The_Wall_Street_Journal,0,0,0,0,0,2
2017-01-13,The_Wall_Street_Journal,0,0,0,0,0,1
2005-09-14,The_Wall_Street_Journal,0,0,0,0,0,1
2019-08-13,Thomson_Reuters,0,0,0,0,0,1
2005-11-01,The_Wall_Street_Journal,0,1,0,0,0,1
2018-12-10,Financial_Times,0,0,0,0,0,1
2011-06-29,The_Wall_Street_Journal,0,0,0,0,0,1
2011-03-07,The_Wall_Street_Journal,0,0,0,0,0,1
2019-01-08,The_Wall_Street_Journal,0,0,0,0,0,1
2018-05-17,The_Jakarta_Post,0,0,0,0,0,1
2016-07-13,The_Wall_Street_Journal,0,0,0,0,0,1
2019-06-14,The_Phnom_Penh_Post,0,0,0,0,0,1
2017-08-24,Thomson_Reuters,0,0,0,0,0,1
2019-02-20,South_China_Morning_Post,0,0,0,0,0,1
2017-09-05,The_Jakarta_Post,0,0,0,0,0,1
2016-09-02,The_Jakarta_Post,0,0,0,0,0,1
2016-03-14,The_Wall_Street_Journal,0,0,0,0,0,1
2009-05-26,The_Wall_Street_Journal,0,0,0,0,0,1
2017-01-06,Thomson_Reuters,0,0,0,0,0,1
2005-11-19,The_Wall_Street_Journal,0,0,0,0,0,1
2014-01-07,The_Wall_Street_Journal,0,0,0,0,0,1
2018-06-01,Thomson_Reuters,0,0,0,0,0,1
2016-09-04,The_Jakarta_Post,0,0,0,0,0,1
2018-09-06,The_Wall_Street_Journal,0,0,0,0,0,1
2016-01-30,The_Jakarta_Post,0,0,0,0,0,1
2017-08-09,The_Jakarta_Post,0,0,0,0,0,1
2016-08-12,The_Wall_Street_Journal,0,0,0,0,0,1
2014-03-03,The_Wall_Street_Journal,0,0,0,0,0,1
2018-05-29,The_Jakarta_Post,0,0,0,0,0,1
2018-08-30,The_Wall_Street_Journal,0,0,1,0,0,2
2017-09-29,The_Myanmar_Times,0,0,1,0,0,2
2018-02-11,The_Jakarta_Post,0,0,0,0,0,1
2016-07-13,The_Wall_Street_Journal,0,0,0,0,0,1
2017-03-24,The_Jakarta_Post,0,0,0,0,0,1
2011-03-02,The_Wall_Street_Journal,0,0,0,0,0,1
2016-08-04,The_Wall_Street_Journal,0,0,0,0,0,1
2016-01-21,The_Jakarta_Post,0,0,0,0,0,1
2017-01-16,Thomson_Reuters,0,0,0,0,0,1
2016-07-18,Thomson_Reuters,0,0,0,0,0,1
2017-11-03,Thomson_Reuters,0,0,0,0,0,1
2011-05-03,The_Wall_Street_Journal,0,0,0,0,0,1
2019-03-11,Viet_Nam_News,0,0,0,0,0,1
2018-05-13,The_Jakarta_Post,0,0,0,0,0,1
2017-06-27,The_Jakarta_Post,0,0,0,0,0,1
2019-02-26,Thomson_Reuters,0,0,1,0,0,1
2017-10-17,The_Wall_Street_Journal,0,0,0,0,0,1
2018-05-13,The_Jakarta_Post,0,0,0,0,0,1
2017-07-07,Financial_Times,0,0,0,0,0,1
2019-06-21,Financial_Times,0,0,0,0,0,2
2019-08-27,The_Jakarta_Post,0,0,0,0,0,1
2016-09-01,The_Jakarta_Post,0,0,0,0,0,1
2019-07-23,Thomson_Reuters,0,0,0,0,0,1
2019-01-08,The_Wall_Street_Journal,0,0,0,0,0,2
2019-11-21,JoongAng_Daily,0,0,0,0,0,1
2019-06-30,The_Wall_Street_Journal,0,0,0,0,0,1
2018-11-03,The_Wall_Street_Journal,0,0,1,0,0,1
2016-05-23,Thomson_Reuters,0,0,0,0,0,1
2018-04-18,Financial_Times,0,0,1,0,0,1
2019-05-07,The_Jakarta_Post,0,0,0,0,0,1
2019-09-18,The_Wall_Street_Journal,0,0,0,0,0,1
2019-02-17,The_Jakarta_Post,0,0,0,0,0,1
2019-08-13,Thomson_Reuters,0,0,0,0,0,1
2017-04-19,The_Wall_Street_Journal,0,0,0,0,0,1
2016-06-13,The_Wall_Street_Journal,0,0,0,0,0,2
2019-06-17,The_Jakarta_Post,0,0,0,0,0,1
2017-01-23,Thomson_Reuters,0,0,0,0,0,1
2018-07-19,Channel_News_Asia,0,0,0,0,0,1
2019-11-15,Financial_Times,1,0,0,0,0,2
2019-02-10,The_Wall_Street_Journal,0,0,0,0,0,1
2017-09-19,Thomson_Reuters,0,0,0,0,0,1
2017-08-30,Thomson_Reuters,0,0,0,0,0,1
2017-10-17,The_Wall_Street_Journal,0,0,0,0,0,1
2018-07-10,Thomson_Reuters,0,0,0,0,0,1
2019-07-31,The_Jakarta_Post,0,0,0,0,0,1
2007-07-17,The_Wall_Street_Journal,0,0,0,0,0,2
2011-06-17,The_Wall_Street_Journal,0,0,0,0,0,1
2018-12-28,The_Jakarta_Post,0,0,0,0,0,1
2019-03-11,The_Wall_Street_Journal,0,0,0,0,0,2
2023-07-27,The_Strait_Times,0,0,0,0,0,1
2023-09-02,Financial_Times,1,0,0,0,0,1
2023-11-07,Financial_Times,1,1,0,0,0,1
2023-12-30,Financial_Times,0,0,0,0,0,1
2021-09-08,Thomson_Reuters,0,0,0,0,0,2
2023-11-18,Channel_News_Asia,0,0,0,0,0,2
2023-06-26,The_Jakarta_Post,0,0,0,0,0,2
2023-11-18,Taipei_Times,0,0,0,0,0,1
2023-11-17,Thomson_Reuters,0,0,0,0,0,2
2024-09-26,The_Business_Times,0,1,0,0,0,1
2022-04-28,The_Business_Times,1,0,0,0,0,2
2024-05-14,The_Wall_Street_Journal,0,0,0,0,0,1
2024-01-30,The_Business_Times,1,0,0,0,0,1
2024-09-25,Financial_Times,0,0,0,0,0,1
2023-11-30,The_Business_Times,0,0,0,1,0,1
2024-05-31,Channel_News_Asia,0,0,0,0,0,1
2024-07-20,Thomson_Reuters,0,0,0,0,0,2
2024-10-28,Financial_Times,0,0,0,0,0,2
2024-10-13,The_Wall_Street_Journal,1,0,0,0,0,1
2024-12-11,Channel_News_Asia,0,0,0,0,0,2
2024-11-28,API_NEWS_en,0,0,0,0,0,1
2024-12-10,API_NEWS_en,0,0,1,0,0,2
2023-02-22,Thomson_Reuters,1,0,0,1,0,1
2023-02-08,Thomson_Reuters,1,0,0,0,0,1
2023-05-03,Thomson_Reuters,0,0,0,0,0,1
2022-06-29,Thomson_Reuters,1,0,0,0,0,1
2022-08-31,Thomson_Reuters,3,0,0,0,0,1
2022-05-05,Thomson_Reuters,2,0,0,0,0,1
2022-08-03,Thomson_Reuters,0,0,0,1,0,1
2022-06-21,Thomson_Reuters,1,0,0,0,0,1
2022-08-23,Thomson_Reuters,1,0,0,0,0,1
2022-01-06,Thomson_Reuters,0,0,0,0,0,1
2023-06-09,Thomson_Reuters,0,0,0,0,0,1
2023-02-23,Thomson_Reuters,1,0,0,0,0,1
2022-05-04,Thomson_Reuters,1,0,1,1,0,1
2022-06-13,Thomson_Reuters,0,0,0,0,0,1
2022-11-10,Thomson_Reuters,1,0,1,1,0,1
2022-11-28,Thomson_Reuters,0,0,0,0,0,1
2021-10-11,Thomson_Reuters,1,0,1,1,0,1
2021-01-04,Thomson_Reuters,0,0,0,0,0,1
2021-09-29,Thomson_Reuters,1,0,0,0,0,1
2021-10-11,Thomson_Reuters,1,0,0,0,0,1
2021-10-21,Thomson_Reuters,1,0,1,0,0,1
2021-07-06,Thomson_Reuters,0,0,0,0,0,1
2021-10-11,Thomson_Reuters,1,0,1,0,0,1
2021-10-07,Thomson_Reuters,0,0,0,0,0,1
2021-07-06,Thomson_Reuters,0,0,0,0,0,1
2021-08-18,Thomson_Reuters,1,0,0,0,0,1
2023-09-06,Thomson_Reuters,1,0,0,0,0,1
2023-09-19,Thomson_Reuters,2,1,0,0,0,1
2023-08-02,Thomson_Reuters,2,0,1,0,0,1
2023-11-01,Thomson_Reuters,1,0,0,0,0,1
2023-08-02,Thomson_Reuters,1,0,0,0,0,1
2024-07-18,Thomson_Reuters,1,0,0,0,0,1
2023-02-19,Manila_Bulletin,0,0,0,0,0,1
2023-05-21,The_Business_Times,0,1,0,0,0,1
2022-06-08,Thomson_Reuters,0,0,0,0,1,1
2022-07-22,Thomson_Reuters,0,0,0,0,0,4
2022-07-20,Thomson_Reuters,0,0,0,0,0,4
2022-04-14,Thomson_Reuters,0,0,0,2,0,1
2023-01-10,Thomson_Reuters,0,0,0,0,0,1
2022-03-04,Thomson_Reuters,0,0,0,0,0,1
2023-04-03,Thomson_Reuters,0,0,0,0,0,1
2023-06-05,Thomson_Reuters,0,0,0,0,0,1
2022-04-14,Thomson_Reuters,0,0,0,2,0,1
2023-05-31,Thomson_Reuters,0,0,0,0,1,1
2022-12-25,Thomson_Reuters,0,0,0,0,0,1
2022-10-09,Thomson_Reuters,0,0,0,0,0,1
2023-05-01,Thomson_Reuters,0,0,0,0,0,1
2022-05-09,Thomson_Reuters,0,0,0,0,0,1
2023-01-24,Thomson_Reuters,0,0,0,0,0,2
2022-07-30,The_Business_Times,0,0,0,0,0,1
2022-11-13,Viet_Nam_News,1,1,0,0,1,2
2023-01-06,Thomson_Reuters,0,0,0,0,0,1
2022-12-11,Manila_Bulletin,0,1,0,0,0,1
2023-05-23,Bangkok_Post,0,0,0,0,0,1
2023-01-13,The_Business_Times,2,0,0,0,0,1
2023-04-10,Financial_Times,0,0,0,0,0,1
2023-05-19,Thomson_Reuters,0,0,0,0,0,1
2023-05-19,Thomson_Reuters,0,1,0,0,0,1
2023-01-06,Thomson_Reuters,0,0,0,0,0,1
2022-11-29,Thomson_Reuters,1,1,0,0,0,2
2023-03-21,Thomson_Reuters,0,0,0,0,0,1
2022-07-29,Thomson_Reuters,0,0,0,0,0,1
2023-02-03,Thomson_Reuters,0,0,1,0,0,1
2022-12-26,Thomson_Reuters,0,0,0,0,0,1
2022-09-07,Thomson_Reuters,0,0,0,0,0,1
2022-08-13,New_Strait_Times,0,0,0,0,0,1
2022-11-02,Thomson_Reuters,0,1,0,0,0,1
2023-03-09,Thomson_Reuters,0,0,0,0,0,1
2022-04-10,Thomson_Reuters,0,0,0,0,0,1
2022-07-11,Thomson_Reuters,0,0,0,0,0,1
2023-03-24,Manila_Bulletin,0,0,0,0,0,2
2022-09-05,The_Strait_Times,0,0,1,0,0,2
2022-10-06,The_Wall_Street_Journal,0,0,0,0,0,1
2023-01-11,Channel_News_Asia,0,0,0,0,0,1
2022-08-24,The_Wall_Street_Journal,0,0,1,0,0,1
2022-12-05,The_Jakarta_Post,0,0,0,0,1,1
2022-12-19,The_Jakarta_Post,0,0,1,0,0,2
2022-08-02,The_Wall_Street_Journal,0,0,0,0,0,1
2022-12-26,The_Strait_Times,0,0,0,0,0,1
2022-08-23,The_Wall_Street_Journal,0,0,0,0,2,1
2022-12-26,The_Strait_Times,0,0,0,0,0,1
2022-02-03,The_Wall_Street_Journal,1,0,3,0,0,1
2023-04-27,Channel_News_Asia,0,0,0,0,0,1
2022-12-13,The_Jakarta_Post,0,0,1,0,0,2
2023-04-10,The_Wall_Street_Journal,0,0,0,0,0,1
2022-01-05,The_Wall_Street_Journal,0,0,0,0,0,1
2022-12-26,Channel_News_Asia,0,0,0,0,0,1
2022-10-10,The_Strait_Times,0,0,0,0,0,1
2023-04-09,The_Wall_Street_Journal,0,0,0,0,0,1
2023-05-01,The_Wall_Street_Journal,0,0,1,0,0,1
2023-05-13,The_Wall_Street_Journal,0,0,0,0,0,1
2022-04-07,The_Wall_Street_Journal,1,0,0,0,0,1
2022-03-25,The_Wall_Street_Journal,0,0,0,0,0,1
2023-01-06,The_Strait_Times,0,0,0,0,0,1
2022-02-23,The_Wall_Street_Journal,0,0,0,0,0,1
2022-12-26,Channel_News_Asia,0,0,0,0,0,1
2022-09-22,The_Wall_Street_Journal,0,0,0,0,0,1
2022-03-13,The_Wall_Street_Journal,0,0,0,0,0,1
2020-03-08,Channel_News_Asia,0,0,0,0,0,1
2021-11-22,The_Business_Times,0,0,0,0,1,1
2021-08-26,The_Strait_Times,0,0,0,0,0,1
2020-05-19,Thomson_Reuters,1,0,0,0,0,1
2021-07-17,Thomson_Reuters,0,0,0,0,0,1
2020-07-14,South_China_Morning_Post,0,0,0,0,0,1
2020-10-29,Thomson_Reuters,0,0,1,0,0,1
2021-08-26,The_Jakarta_Post,0,0,0,0,0,1
2020-01-16,Thomson_Reuters,0,0,0,0,2,1
2020-11-30,Channel_News_Asia,0,1,0,0,0,1
2021-08-25,The_Wall_Street_Journal,0,0,0,0,0,1
2021-10-15,Thomson_Reuters,0,0,0,0,0,1
2020-01-07,The_Wall_Street_Journal,2,0,0,0,0,1
2020-10-08,The_Wall_Street_Journal,0,0,0,0,0,1
2021-02-25,Thomson_Reuters,1,0,0,0,0,1
2020-02-04,Thomson_Reuters,0,0,0,0,0,1
2021-02-22,Thomson_Reuters,0,0,0,0,2,1
2020-01-30,Thomson_Reuters,0,0,0,0,0,1
2021-01-16,New_Strait_Times,0,0,0,0,0,1
2021-09-13,The_Wall_Street_Journal,0,0,0,0,0,1
2020-06-24,Channel_News_Asia,0,1,0,0,0,1
2021-11-01,Thomson_Reuters,0,0,0,0,0,1
2020-10-19,Thomson_Reuters,0,0,0,0,1,1
2021-03-01,Thomson_Reuters,0,0,0,0,0,1
2021-08-15,Thomson_Reuters,0,0,0,0,0,1
2020-01-31,Thomson_Reuters,0,0,0,0,0,1
2021-02-23,The_Business_Times,0,0,0,0,1,2
2021-06-24,Financial_Times,0,0,0,0,0,1
2020-06-18,The_Wall_Street_Journal,0,0,0,0,0,1
2020-04-15,Thomson_Reuters,0,0,0,0,0,1
2021-08-27,Thomson_Reuters,0,0,0,0,0,1
2020-11-03,Thomson_Reuters,0,0,0,0,0,1
2020-06-25,Thomson_Reuters,0,1,0,0,0,1
2020-10-07,Manila_Bulletin,0,0,0,0,0,1
2020-11-09,Thomson_Reuters,0,0,0,0,0,1
2020-08-12,The_Wall_Street_Journal,0,0,0,0,0,1
2021-09-23,Thomson_Reuters,0,0,0,0,0,1
2021-01-04,Thomson_Reuters,0,0,0,0,0,1
2020-08-07,Financial_Times,0,0,0,0,0,1
2021-07-17,Thomson_Reuters,0,0,0,0,0,1
2021-06-30,Thomson_Reuters,0,0,0,0,0,1
2020-06-02,Thomson_Reuters,0,0,0,0,0,1
2020-06-08,The_Wall_Street_Journal,0,0,0,0,0,1
2020-11-06,Thomson_Reuters,0,0,0,0,0,1
2021-01-19,Thomson_Reuters,1,0,0,0,0,1
2020-03-15,Thomson_Reuters,0,0,0,0,0,1
2020-10-27,New_Strait_Times,0,0,0,0,0,3
2021-06-29,Manila_Bulletin,0,0,0,0,0,1
2021-07-17,The_Strait_Times,0,0,0,0,0,1
2021-01-10,Thomson_Reuters,0,0,0,0,0,1
2021-11-01,The_Business_Times,0,0,0,0,0,1
2020-06-24,Thomson_Reuters,0,1,0,0,0,1
2021-09-23,Thomson_Reuters,0,0,0,0,0,1
2021-03-01,Thomson_Reuters,0,0,0,0,0,1
2021-05-05,Thomson_Reuters,1,0,0,0,0,2
2020-11-19,The_Myanmar_Times,0,0,0,0,0,2
2021-01-24,Channel_News_Asia,1,0,0,0,0,1
2020-05-16,Thomson_Reuters,0,0,0,0,1,1
2020-11-03,The_Jakarta_Post,0,1,0,1,0,1
2020-11-03,Thomson_Reuters,0,0,0,0,0,1
2021-09-21,Thomson_Reuters,0,0,1,0,0,1
2020-11-03,Channel_News_Asia,0,1,0,1,0,1
2020-04-26,Financial_Times,2,0,1,1,0,1
2020-02-26,The_Wall_Street_Journal,0,0,0,0,0,1
2020-02-03,Thomson_Reuters,0,0,0,0,1,1
2021-04-04,Financial_Times,0,1,0,0,1,4
2020-10-28,Thomson_Reuters,0,0,0,0,0,1
2020-11-02,Thomson_Reuters,0,0,0,0,0,1
2021-02-22,Thomson_Reuters,0,0,0,0,2,1
2021-12-09,Thomson_Reuters,1,0,0,0,0,1
2021-09-15,Thomson_Reuters,1,0,0,0,0,1
2021-10-16,Thomson_Reuters,0,0,0,0,0,1
2021-02-22,The_Business_Times,0,0,0,0,2,1
2020-09-20,Manila_Bulletin,1,0,0,0,0,1
2014-12-09,The_Wall_Street_Journal,0,0,1,0,0,1
2018-09-28,Thomson_Reuters,0,0,0,0,0,1
2007-04-13,The_Wall_Street_Journal,0,0,1,0,0,1
2019-05-19,Thomson_Reuters,0,0,0,0,0,1
2012-06-28,The_Wall_Street_Journal,1,0,0,0,0,1
2012-08-08,The_Wall_Street_Journal,0,0,1,0,0,1
2018-06-12,The_Wall_Street_Journal,0,0,0,0,0,1
2000-04-24,The_Wall_Street_Journal,0,0,0,0,0,1
2018-11-28,Channel_News_Asia,0,0,0,0,0,1
2008-04-30,The_Wall_Street_Journal,0,0,0,0,0,1
2018-08-13,Thomson_Reuters,0,1,0,0,0,1
2010-07-21,The_Wall_Street_Journal,0,0,0,0,0,1
2015-04-08,The_Wall_Street_Journal,1,0,0,0,0,1
2014-07-21,The_Wall_Street_Journal,1,0,1,0,0,1
2017-05-10,Thomson_Reuters,0,0,0,0,0,1
2017-07-15,Thomson_Reuters,0,0,0,0,0,1
2010-10-01,The_Wall_Street_Journal,2,0,0,0,0,1
2012-06-20,The_Wall_Street_Journal,0,0,1,0,0,1
2019-05-18,Thomson_Reuters,0,0,0,0,0,1
2012-04-09,The_Wall_Street_Journal,2,0,0,0,0,1
2018-10-02,Thomson_Reuters,0,0,0,0,0,1
2001-02-20,The_Wall_Street_Journal,0,0,0,0,0,1
2010-09-09,The_Wall_Street_Journal,1,0,0,0,0,1
2014-11-23,The_Wall_Street_Journal,0,0,1,0,0,1
2012-01-23,The_Wall_Street_Journal,2,0,0,0,0,1
2006-03-27,The_Wall_Street_Journal,0,0,0,0,0,2
2012-02-17,The_Wall_Street_Journal,0,0,1,0,0,1
2010-07-12,The_Wall_Street_Journal,0,0,0,0,0,1
2001-08-21,The_Wall_Street_Journal,0,0,0,0,0,3
2001-06-30,The_Wall_Street_Journal,2,0,0,0,0,1
2010-04-12,The_Wall_Street_Journal,1,0,0,0,0,3
2019-09-30,The_Wall_Street_Journal,0,0,0,0,0,1
2018-03-09,The_Wall_Street_Journal,0,0,0,0,0,1
2006-05-26,The_Wall_Street_Journal,1,0,0,0,0,2
2017-10-04,The_Jakarta_Post,0,0,0,0,0,1
2012-09-23,The_Wall_Street_Journal,0,0,1,1,0,1
1999-08-18,The_Wall_Street_Journal,0,0,0,0,0,1
2012-12-21,The_Wall_Street_Journal,0,0,0,0,0,1
1999-02-12,The_Wall_Street_Journal,0,0,0,0,0,1
2019-05-18,Thomson_Reuters,0,0,0,0,0,1
2019-03-23,Thomson_Reuters,0,0,0,0,0,1
2023-06-16,Thomson_Reuters,0,0,1,0,0,1
2014-07-31,The_Wall_Street_Journal,1,0,0,0,0,1
2001-03-28,The_Wall_Street_Journal,0,0,0,0,0,1
2018-05-24,Thomson_Reuters,0,0,0,2,0,1
2006-09-20,The_Wall_Street_Journal,0,0,0,0,0,1
1999-02-09,The_Wall_Street_Journal,0,0,0,0,0,1
2016-11-11,The_Wall_Street_Journal,0,0,0,0,0,1
2007-02-05,The_Wall_Street_Journal,0,0,0,0,0,1
2010-01-22,The_Wall_Street_Journal,0,0,0,0,0,1
2018-06-29,Thomson_Reuters,0,0,0,0,0,1
2014-04-23,The_Wall_Street_Journal,3,0,0,0,0,1
2015-01-22,The_Wall_Street_Journal,1,0,0,0,0,1
2003-04-14,The_Wall_Street_Journal,0,0,2,0,0,1
2015-09-13,Thomson_Reuters,0,0,0,0,0,1
2018-04-05,Thomson_Reuters,0,0,0,0,0,1
2011-12-13,The_Wall_Street_Journal,1,0,0,0,1,2
2017-02-01,Thomson_Reuters,0,0,0,0,0,1
2012-06-07,The_Wall_Street_Journal,0,0,0,0,0,1
2007-05-07,The_Wall_Street_Journal,0,0,0,0,0,1
2010-12-16,The_Wall_Street_Journal,1,0,0,0,0,1
1999-08-12,The_Wall_Street_Journal,0,0,0,0,0,1
2015-01-04,Thomson_Reuters,0,0,0,0,0,1
2011-10-13,The_Wall_Street_Journal,1,0,1,0,0,1
2019-04-01,The_Wall_Street_Journal,0,0,0,0,0,1
2019-01-16,The_Wall_Street_Journal,0,0,0,0,0,1
2002-03-07,The_Wall_Street_Journal,0,0,1,0,0,1
2007-05-04,The_Wall_Street_Journal,0,0,0,0,0,2
2008-10-31,The_Wall_Street_Journal,0,0,2,0,0,3
1999-03-22,The_Wall_Street_Journal,0,0,0,0,0,1
2005-09-30,The_Wall_Street_Journal,1,0,0,0,0,2
2016-12-02,The_Wall_Street_Journal,0,0,0,0,0,1
2018-11-28,Channel_News_Asia,0,0,0,0,0,1
2008-03-05,The_Wall_Street_Journal,0,0,0,0,0,1
2012-09-25,The_Wall_Street_Journal,0,0,1,0,0,1
2012-12-30,The_Wall_Street_Journal,0,0,0,0,0,1
2011-09-27,The_Wall_Street_Journal,2,1,0,0,0,1
2018-06-13,Financial_Times,1,0,1,0,0,1
2017-01-26,Thomson_Reuters,0,0,0,0,0,1
2017-12-01,Thomson_Reuters,0,0,0,0,0,1
2018-11-15,The_Jakarta_Post,0,0,0,0,0,1
2003-04-02,The_Wall_Street_Journal,0,0,1,0,0,1
1999-08-12,The_Wall_Street_Journal,0,0,0,0,0,1
2007-04-23,The_Wall_Street_Journal,0,0,0,0,0,1
2013-02-14,The_Wall_Street_Journal,0,0,1,0,0,1
2018-01-12,Thomson_Reuters,0,0,0,0,0,1
1999-02-11,The_Wall_Street_Journal,0,0,0,0,0,1
2010-04-16,The_Wall_Street_Journal,0,0,0,0,0,1
2003-02-25,The_Wall_Street_Journal,0,0,1,0,0,1
2017-11-29,Financial_Times,0,1,0,0,0,1
2016-08-04,Thomson_Reuters,0,0,0,0,0,1
2010-07-22,The_Wall_Street_Journal,0,0,0,0,0,1
2002-03-16,The_Wall_Street_Journal,1,0,1,0,0,1
2018-09-05,The_Phnom_Penh_Post,0,0,0,0,0,1
2018-10-04,Thomson_Reuters,0,1,0,0,0,1
1998-11-18,The_Wall_Street_Journal,0,0,0,0,0,1
2019-05-27,Thomson_Reuters,0,0,0,0,0,1
2017-02-21,The_Wall_Street_Journal,0,0,1,0,0,1
2017-11-30,Thomson_Reuters,0,0,0,0,0,1
2013-07-18,The_Wall_Street_Journal,1,0,0,0,0,1
2017-12-28,Thomson_Reuters,0,0,0,0,0,1
2007-05-14,The_Wall_Street_Journal,0,0,0,0,0,2
2009-08-28,The_Wall_Street_Journal,0,0,0,0,0,1
2012-07-02,The_Wall_Street_Journal,1,0,0,0,0,1
2004-08-27,The_Wall_Street_Journal,0,0,1,0,0,1
2000-12-19,The_Wall_Street_Journal,0,0,0,0,0,1
2017-12-01,Thomson_Reuters,0,0,0,0,0,1
2014-02-13,The_Wall_Street_Journal,0,0,0,0,0,1
2007-04-19,The_Wall_Street_Journal,0,0,0,0,0,1
2011-02-01,The_Wall_Street_Journal,0,0,0,0,0,1
2002-05-28,The_Wall_Street_Journal,0,0,0,0,0,1
2002-10-29,The_Wall_Street_Journal,0,0,1,0,0,1
2011-02-17,The_Wall_Street_Journal,1,0,0,0,0,1
2006-06-25,The_Wall_Street_Journal,0,0,0,0,0,1
2010-05-28,The_Wall_Street_Journal,0,0,0,0,0,1
2016-02-25,The_Wall_Street_Journal,1,0,2,0,0,1
2010-04-10,The_Wall_Street_Journal,1,0,1,0,0,2
2018-06-13,Financial_Times,0,0,0,0,0,1
2015-11-09,The_Wall_Street_Journal,0,0,0,0,0,1
2015-01-14,The_Wall_Street_Journal,1,0,0,0,0,1
2000-10-23,The_Wall_Street_Journal,0,0,0,0,0,1
2013-07-16,The_Wall_Street_Journal,0,0,0,0,0,1
2013-12-06,The_Wall_Street_Journal,0,0,0,0,0,1
2013-05-17,The_Wall_Street_Journal,0,0,0,0,0,1
1999-08-10,The_Wall_Street_Journal,0,0,0,0,0,1
2003-03-31,The_Wall_Street_Journal,0,0,1,1,0,1
2004-01-13,The_Wall_Street_Journal,0,0,0,0,0,1
2007-02-14,The_Wall_Street_Journal,0,0,0,0,0,1
2011-12-30,The_Wall_Street_Journal,0,0,1,0,0,1
2016-08-15,Thomson_Reuters,0,0,0,1,0,1
2010-12-08,The_Wall_Street_Journal,0,0,0,0,0,1
2010-07-12,The_Wall_Street_Journal,1,0,0,0,0,2
2012-12-29,The_Wall_Street_Journal,0,1,0,0,0,1
2015-01-20,The_Wall_Street_Journal,1,0,1,0,0,2
2001-10-26,The_Wall_Street_Journal,0,0,0,1,0,1
1999-02-08,The_Wall_Street_Journal,0,0,0,0,0,1
2016-04-02,The_Wall_Street_Journal,0,0,0,0,0,1
2019-12-02,The_Wall_Street_Journal,2,0,0,0,0,1
2018-01-09,Thomson_Reuters,0,0,0,0,0,1
2012-08-22,The_Wall_Street_Journal,0,0,1,0,0,1
2012-07-27,The_Wall_Street_Journal,0,0,0,0,0,1
2019-07-26,Channel_News_Asia,0,0,0,0,0,1
2012-09-18,The_Wall_Street_Journal,0,1,1,1,0,1
2019-10-23,Thomson_Reuters,0,0,0,0,0,4
2014-06-04,The_Wall_Street_Journal,0,0,0,0,0,1
2013-08-18,The_Wall_Street_Journal,0,0,0,0,0,2
2016-10-26,Thomson_Reuters,0,0,0,0,0,1
2019-05-20,Thomson_Reuters,0,0,0,0,0,1
2012-05-03,Thomson_Reuters,0,0,1,0,0,1
2011-06-06,The_Wall_Street_Journal,0,0,0,0,0,1
2011-11-24,The_Wall_Street_Journal,2,0,1,0,0,1
2015-09-13,Thomson_Reuters,0,0,0,0,0,2
2000-04-20,The_Wall_Street_Journal,0,0,0,0,0,1
2016-11-01,The_Wall_Street_Journal,0,0,0,0,0,1
2014-08-18,The_Wall_Street_Journal,0,0,0,0,0,1
1999-02-10,The_Wall_Street_Journal,0,1,0,0,0,1
1999-11-01,The_Wall_Street_Journal,0,0,0,0,0,1
2018-08-13,The_Wall_Street_Journal,0,0,0,0,0,1
2018-02-01,Thomson_Reuters,0,0,0,0,0,1
2011-09-20,The_Wall_Street_Journal,0,1,0,0,0,1
2014-11-16,The_Wall_Street_Journal,0,0,0,0,0,1
2003-01-14,The_Wall_Street_Journal,3,0,0,0,0,1
2017-08-25,The_Jakarta_Post,0,0,0,0,1,1
2004-04-20,The_Wall_Street_Journal,0,0,0,1,0,1
2012-12-01,The_Wall_Street_Journal,0,0,0,0,0,1
2002-10-08,The_Wall_Street_Journal,0,0,0,0,0,1
2018-12-07,Thomson_Reuters,0,0,0,0,0,1
2008-12-08,The_Wall_Street_Journal,0,0,0,0,0,1
2019-02-21,Channel_News_Asia,0,0,0,0,0,1
2008-03-22,The_Wall_Street_Journal,0,0,0,0,0,1
2015-08-27,The_Wall_Street_Journal,0,0,0,0,0,2
2004-03-15,The_Wall_Street_Journal,0,0,0,0,0,2
2019-05-20,Thomson_Reuters,0,0,0,0,0,1
2010-06-11,The_Wall_Street_Journal,0,0,0,0,0,1
1999-02-14,The_Wall_Street_Journal,0,0,0,0,0,1
2015-01-30,Thomson_Reuters,0,0,0,0,0,1
2019-12-29,Thomson_Reuters,0,0,0,0,0,1
2018-09-12,Financial_Times,0,0,0,0,0,1
2012-09-27,The_Wall_Street_Journal,0,0,1,1,0,1
2017-12-16,Thomson_Reuters,0,0,0,1,0,1
2011-01-28,The_Wall_Street_Journal,1,0,0,1,0,1
2016-06-08,Thomson_Reuters,0,0,0,0,0,1
2017-11-18,Thomson_Reuters,0,0,0,0,0,1
2013-03-21,The_Wall_Street_Journal,0,0,0,0,0,1
2015-01-05,Thomson_Reuters,0,0,0,0,0,1
2015-10-07,The_Wall_Street_Journal,0,0,1,0,0,1
2012-02-13,The_Wall_Street_Journal,2,0,1,0,0,1
2019-05-27,Thomson_Reuters,0,0,0,0,0,1
2012-03-05,The_Wall_Street_Journal,0,0,0,0,0,1
2007-04-16,The_Wall_Street_Journal,0,0,0,0,0,1
2009-10-26,Thomson_Reuters,0,0,1,0,0,2
1999-02-11,The_Wall_Street_Journal,0,0,0,0,0,1
2013-04-17,The_Wall_Street_Journal,2,0,0,0,0,1
2017-01-04,The_Jakarta_Post,1,0,0,0,0,1
2019-05-18,Thomson_Reuters,0,0,0,0,0,1
2019-02-07,The_Wall_Street_Journal,0,0,0,0,0,1
2001-05-11,The_Wall_Street_Journal,0,0,0,0,0,1
2016-05-01,Thomson_Reuters,0,0,0,0,0,1
2010-04-16,The_Wall_Street_Journal,2,0,0,0,0,1
2010-07-30,The_Wall_Street_Journal,1,0,0,0,0,1
2019-04-23,Thomson_Reuters,0,0,0,0,0,1
2018-04-19,The_Wall_Street_Journal,0,0,0,0,0,1
2017-04-03,Thomson_Reuters,0,0,1,0,0,1
2014-11-14,The_Wall_Street_Journal,0,0,0,0,0,1
2018-11-23,Channel_News_Asia,0,0,0,0,0,1
2001-01-23,The_Wall_Street_Journal,0,0,0,0,0,2
2012-08-30,The_Wall_Street_Journal,0,0,0,0,0,1
2012-10-03,The_Wall_Street_Journal,0,1,0,0,0,1
2016-03-24,The_Jakarta_Post,0,0,0,0,0,1
1999-06-30,The_Wall_Street_Journal,0,0,1,0,0,2
2012-03-06,The_Wall_Street_Journal,0,0,0,0,0,1
2019-06-30,The_Wall_Street_Journal,0,0,0,0,0,1
2018-10-03,Thomson_Reuters,0,0,0,0,0,1
1999-02-24,The_Wall_Street_Journal,0,0,0,0,0,1
2019-04-28,Thomson_Reuters,0,0,0,0,0,1
2012-08-10,The_Wall_Street_Journal,0,0,0,0,0,1
2014-02-26,The_Wall_Street_Journal,0,0,1,0,0,1
2018-06-13,Thomson_Reuters,0,0,0,0,0,1
2018-10-05,Thomson_Reuters,0,1,0,0,0,1
2001-03-26,The_Wall_Street_Journal,0,0,2,0,0,1
2017-12-11,The_Wall_Street_Journal,0,0,0,0,0,1
2011-10-31,Thomson_Reuters,0,0,0,0,0,1
2009-08-06,The_Wall_Street_Journal,0,0,0,0,0,2
2017-01-24,Thomson_Reuters,0,0,0,0,0,1
2013-08-12,The_Wall_Street_Journal,3,0,1,0,0,1
2014-12-15,The_Wall_Street_Journal,0,0,1,0,0,1
2016-04-18,Thomson_Reuters,0,0,0,0,0,1
2015-05-15,Thomson_Reuters,0,0,0,1,0,1
2016-08-04,Thomson_Reuters,0,0,0,0,0,1
2007-03-19,The_Wall_Street_Journal,0,0,1,0,0,1
2013-05-24,The_Wall_Street_Journal,0,0,1,0,0,1
2014-08-07,The_Wall_Street_Journal,1,0,0,0,0,1
2017-01-18,The_Wall_Street_Journal,0,0,0,0,0,2
2003-04-11,The_Wall_Street_Journal,0,0,2,0,0,1
1999-02-12,The_Wall_Street_Journal,0,1,0,0,0,1
2017-01-18,The_Wall_Street_Journal,2,0,1,0,0,1
2014-05-08,The_Wall_Street_Journal,0,0,0,0,0,2
2013-10-16,The_Wall_Street_Journal,0,0,0,0,0,1
2012-11-09,The_Wall_Street_Journal,0,0,1,0,0,1
2011-03-20,The_Wall_Street_Journal,1,0,0,0,0,1
2000-08-11,The_Wall_Street_Journal,0,0,0,0,0,1
2013-05-17,The_Wall_Street_Journal,0,0,0,0,0,1
2013-05-09,The_Wall_Street_Journal,2,0,0,0,0,1
2002-07-25,The_Wall_Street_Journal,0,0,0,0,0,1
2012-10-18,The_Wall_Street_Journal,0,0,0,0,0,1
2000-12-20,The_Wall_Street_Journal,0,0,0,0,0,1
1999-02-18,The_Wall_Street_Journal,0,0,0,0,0,1
2013-11-29,Thomson_Reuters,0,0,1,0,0,1
2016-08-30,The_Phnom_Penh_Post,0,0,0,0,0,1
2016-04-28,Thomson_Reuters,0,0,0,0,0,1
2018-03-29,The_Wall_Street_Journal,0,0,0,0,0,1
2015-04-08,The_Wall_Street_Journal,0,0,0,0,0,1
2014-08-28,The_Wall_Street_Journal,0,0,0,0,0,1
2012-08-09,The_Wall_Street_Journal,0,0,1,0,0,1
2003-04-09,The_Wall_Street_Journal,0,0,1,0,0,1
2016-01-22,The_Wall_Street_Journal,0,0,1,0,0,1
2007-03-14,The_Wall_Street_Journal,0,0,0,0,0,1
2018-05-07,Thomson_Reuters,0,0,0,0,0,1
2014-11-25,The_Wall_Street_Journal,0,0,0,1,0,1
2014-05-28,The_Wall_Street_Journal,0,0,0,0,0,1
2011-03-17,The_Wall_Street_Journal,0,0,0,0,0,3
2017-10-12,The_Wall_Street_Journal,0,0,0,1,0,2
2018-09-11,The_Wall_Street_Journal,0,0,0,0,0,1
2019-01-16,Thomson_Reuters,0,0,0,0,0,1
2009-08-06,The_Wall_Street_Journal,0,0,0,0,0,1
2007-05-17,The_Wall_Street_Journal,0,0,0,0,0,1
2012-02-16,The_Wall_Street_Journal,1,0,1,0,0,1
2005-01-18,The_Wall_Street_Journal,0,0,0,0,0,1
2012-10-11,The_Wall_Street_Journal,0,1,1,0,0,1
2014-05-30,The_Wall_Street_Journal,0,0,0,0,0,1
2012-05-04,Thomson_Reuters,0,0,1,0,0,1
2019-03-26,The_Wall_Street_Journal,0,0,0,0,0,1
2019-01-25,The_Wall_Street_Journal,0,0,0,0,0,1
1999-08-23,The_Wall_Street_Journal,0,0,0,0,0,1
2014-05-08,The_Wall_Street_Journal,0,0,1,0,0,1
2018-11-13,The_Jakarta_Post,0,0,0,0,0,1
2019-03-04,The_Jakarta_Post,0,1,0,0,0,2
2019-02-20,Thomson_Reuters,1,0,0,0,0,1
2012-08-30,The_Wall_Street_Journal,0,0,1,0,0,1
2018-11-13,The_Jakarta_Post,0,0,0,0,0,1
2011-07-26,The_Wall_Street_Journal,0,0,0,0,0,1
2018-11-19,Thomson_Reuters,0,1,1,0,0,1
2012-10-21,The_Wall_Street_Journal,3,0,0,0,0,1
2014-09-16,The_Wall_Street_Journal,3,0,1,0,0,1
2012-10-19,The_Wall_Street_Journal,3,0,0,0,0,1
2014-11-20,The_Wall_Street_Journal,1,0,1,0,0,1
2015-05-07,The_Wall_Street_Journal,2,0,1,0,0,1
2019-10-06,Thomson_Reuters,0,0,0,0,0,1
2016-12-16,The_Myanmar_Times,0,0,0,0,0,1
2017-03-24,The_Wall_Street_Journal,0,0,0,0,0,1
2002-10-01,The_Wall_Street_Journal,1,0,0,0,0,3
2016-12-26,The_Wall_Street_Journal,1,0,2,0,0,1
2015-12-01,The_Wall_Street_Journal,0,0,0,0,0,1
2012-12-13,The_Wall_Street_Journal,0,0,1,0,0,1
1998-11-06,The_Wall_Street_Journal,0,0,0,0,0,1
2012-08-06,Thomson_Reuters,0,0,0,0,0,1
2003-04-15,The_Wall_Street_Journal,0,0,1,0,0,1
2007-05-09,The_Wall_Street_Journal,0,0,0,0,0,1
2018-08-29,Thomson_Reuters,0,1,1,0,1,3
2018-04-01,Thomson_Reuters,0,0,0,0,0,1
2019-03-22,Thomson_Reuters,0,0,0,0,0,1
2010-07-23,The_Wall_Street_Journal,1,0,0,0,0,1
1998-10-29,The_Wall_Street_Journal,0,0,0,0,0,1
2019-10-01,Thomson_Reuters,0,0,0,0,0,1
2010-11-26,The_Wall_Street_Journal,0,0,0,0,0,1
2007-12-28,The_Wall_Street_Journal,0,0,0,0,0,1
2010-08-06,The_Wall_Street_Journal,0,0,1,0,0,1
2014-11-06,The_Wall_Street_Journal,1,0,1,0,0,1
2011-05-12,The_Wall_Street_Journal,1,0,0,0,0,2
2007-05-18,The_Wall_Street_Journal,1,0,0,0,0,1
2002-05-02,The_Wall_Street_Journal,0,0,0,0,0,1
2014-07-31,The_Wall_Street_Journal,2,0,0,0,0,1
2014-08-13,The_Wall_Street_Journal,0,0,0,0,0,1
2012-01-06,The_Wall_Street_Journal,0,0,0,0,0,1
2018-11-08,Thomson_Reuters,0,0,0,0,0,1
2000-03-16,The_Wall_Street_Journal,0,0,0,0,0,1
2011-07-27,The_Wall_Street_Journal,1,0,0,0,0,4
2002-10-01,The_Wall_Street_Journal,0,0,0,0,0,1
2014-09-16,The_Wall_Street_Journal,0,0,0,0,0,1
2004-06-21,The_Wall_Street_Journal,0,0,0,0,0,1
2012-02-27,The_Wall_Street_Journal,0,0,1,0,0,1
2002-03-26,The_Wall_Street_Journal,0,0,0,0,0,1
2019-08-08,The_Wall_Street_Journal,0,0,0,0,0,1
2010-07-21,Thomson_Reuters,0,0,0,0,0,1
2006-12-14,The_Wall_Street_Journal,0,0,0,0,0,1
2005-06-20,The_Wall_Street_Journal,0,0,0,0,0,1
2018-06-16,Thomson_Reuters,1,0,0,0,0,1
2010-02-19,The_Wall_Street_Journal,0,0,0,0,0,1
2011-10-18,The_Wall_Street_Journal,0,0,0,0,0,1
2016-04-03,The_Wall_Street_Journal,0,0,0,0,0,1
2017-11-01,The_Jakarta_Post,0,0,0,1,0,2
2012-07-24,The_Wall_Street_Journal,0,0,0,0,2,1
2018-10-01,Thomson_Reuters,0,0,0,0,0,1
2007-05-08,The_Wall_Street_Journal,1,0,0,0,0,1
2011-04-11,The_Wall_Street_Journal,0,0,0,0,0,3
2010-06-23,The_Wall_Street_Journal,0,0,1,0,0,1
2019-10-31,Thomson_Reuters,0,0,0,0,1,1
2015-01-04,The_Wall_Street_Journal,0,0,0,0,0,1
2007-05-05,The_Wall_Street_Journal,0,0,0,0,0,1
2001-11-23,The_Wall_Street_Journal,0,0,0,0,0,1
2002-10-28,The_Wall_Street_Journal,0,0,0,0,0,1
2010-09-09,The_Wall_Street_Journal,2,0,0,0,0,1
2007-05-04,The_Wall_Street_Journal,0,0,0,0,0,1
2019-05-18,Channel_News_Asia,0,0,0,0,0,1
2019-05-20,Thomson_Reuters,0,0,0,0,0,1
2014-06-20,The_Wall_Street_Journal,0,0,0,0,0,1
2018-02-13,Thomson_Reuters,0,0,0,0,0,1
2015-06-01,The_Wall_Street_Journal,1,0,0,0,0,1
2013-08-30,The_Wall_Street_Journal,0,0,0,0,0,1
2023-08-21,Thomson_Reuters,0,0,0,0,0,1
2023-11-02,Thomson_Reuters,0,0,0,0,0,1
2023-11-09,The_Strait_Times,1,1,0,0,0,1
2023-10-27,Channel_News_Asia,0,0,0,0,0,1
2023-07-13,South_China_Morning_Post,0,0,0,0,0,1
2023-10-03,Thomson_Reuters,0,0,0,0,0,1
2023-09-08,Thomson_Reuters,0,0,0,0,1,1
2023-10-04,Thomson_Reuters,0,0,0,0,0,1
2023-09-07,Thomson_Reuters,0,0,0,0,0,1
2023-11-21,Thomson_Reuters,0,0,0,0,0,2
2023-09-13,Thomson_Reuters,2,0,0,1,0,1
2023-09-12,Channel_News_Asia,0,0,0,0,0,1
2023-07-21,Thomson_Reuters,0,0,1,0,0,1
2023-07-19,Thomson_Reuters,0,0,0,0,0,1
2023-08-03,The_Wall_Street_Journal,0,0,0,0,0,1
2023-11-08,Thomson_Reuters,1,1,0,0,0,1
2023-09-06,Thomson_Reuters,0,0,0,0,0,1
2023-11-02,Thomson_Reuters,1,0,0,0,0,1
2023-11-07,Thomson_Reuters,0,1,1,0,0,1
2023-11-07,New_Strait_Times,0,0,0,0,0,1
2023-11-08,Thomson_Reuters,0,0,0,0,1,1
2023-11-02,Thomson_Reuters,0,0,0,0,0,1
2023-10-31,Thomson_Reuters,0,0,0,0,1,1
2023-08-23,Thomson_Reuters,1,0,0,1,1,2
2023-07-19,Thomson_Reuters,0,0,0,0,0,1
2023-10-30,Thomson_Reuters,0,0,0,0,0,1
2023-09-12,Thomson_Reuters,0,1,0,0,0,1
2023-08-04,Thomson_Reuters,0,0,0,0,0,1
2023-11-09,Thomson_Reuters,0,0,0,0,0,1
2023-07-27,Thomson_Reuters,0,0,0,0,0,1
2023-10-13,The_Wall_Street_Journal,0,0,0,1,0,1
2023-08-29,Thomson_Reuters,1,0,0,0,0,1
2023-09-07,The_Strait_Times,0,0,0,0,0,1
2023-11-08,The_Strait_Times,0,0,0,0,0,1
2023-07-17,Thomson_Reuters,0,0,0,0,0,1
2023-11-13,Thomson_Reuters,0,0,0,0,0,1
2024-03-21,Financial_Times,1,1,1,0,0,1
2024-03-11,JoongAng_Daily,0,0,0,0,0,1
2024-06-09,The_Strait_Times,0,0,0,1,0,1
2024-07-22,Thomson_Reuters,0,0,1,0,0,2
2024-08-10,Financial_Times,1,0,0,0,0,1
2024-01-04,The_Wall_Street_Journal,0,0,0,0,0,1
2024-03-25,The_Wall_Street_Journal,0,0,0,0,0,1
2023-12-28,Thomson_Reuters,0,0,0,0,0,1
2024-02-19,The_Wall_Street_Journal,0,0,0,0,0,1
2024-01-05,The_Strait_Times,0,0,1,0,0,1
2023-11-30,Viet_Nam_News,0,0,0,0,0,1
2023-12-12,Thomson_Reuters,0,0,0,0,0,1
2024-03-01,The_Strait_Times,0,0,0,0,0,1
2024-07-04,The_Wall_Street_Journal,0,0,0,0,0,1
2024-02-12,The_Wall_Street_Journal,0,0,1,0,0,1
2024-10-28,Financial_Times,0,0,0,0,0,2
2024-11-15,The_Strait_Times,0,0,0,0,0,1
2024-09-25,The_Strait_Times,0,0,0,1,0,1
2024-10-04,Financial_Times,0,1,0,0,0,1
2024-11-03,The_Strait_Times,0,0,0,0,0,1
2023-02-28,Thomson_Reuters,1,0,0,0,0,1
2023-02-01,Thomson_Reuters,2,0,0,1,0,1
2022-09-28,The_Jakarta_Post,0,1,1,0,1,1
2022-02-16,The_Jakarta_Post,0,0,0,0,0,1
2023-03-08,The_Jakarta_Post,0,1,0,0,1,2
2022-02-05,The_Jakarta_Post,0,0,0,0,1,2
2020-11-30,The_Jakarta_Post,0,0,0,0,1,1
2021-10-30,The_Jakarta_Post,0,2,0,0,1,2
2021-10-26,The_Strait_Times,0,0,0,0,1,1
2021-08-05,The_Jakarta_Post,0,0,0,0,1,1
2021-08-21,The_Jakarta_Post,0,0,1,0,1,1
2021-11-25,The_Jakarta_Post,0,0,0,0,1,1
2021-10-05,The_Jakarta_Post,0,3,1,0,2,2
2021-08-07,The_Jakarta_Post,0,0,0,0,1,1
2021-09-24,The_Jakarta_Post,1,0,1,0,1,1
2021-10-31,The_Phnom_Penh_Post,0,2,0,0,1,2
2020-06-19,The_Jakarta_Post,0,0,0,0,2,1
2019-08-01,The_Jakarta_Post,0,0,0,0,1,1
2019-07-31,The_Jakarta_Post,0,0,0,0,1,1
2024-03-04,The_Jakarta_Post,0,0,0,0,1,1
2024-11-28,API_NEWS_en,1,0,0,0,0,1
2024-11-27,API_NEWS_en,1,0,0,0,0,1
2023-03-10,The_Strait_Times,0,0,0,0,0,1
1999-03-18,The_Wall_Street_Journal,0,0,0,0,0,3
2000-08-14,The_Wall_Street_Journal,0,0,0,0,0,1
1999-03-18,The_Wall_Street_Journal,0,0,0,0,0,3
2015-07-13,The_Wall_Street_Journal,0,0,0,0,0,1
1999-03-18,The_Wall_Street_Journal,0,0,0,0,0,1
2009-12-22,The_Wall_Street_Journal,0,0,0,0,0,1
2024-05-06,The_Wall_Street_Journal,0,0,0,1,0,1
2024-05-10,The_Business_Times,0,0,0,0,0,1
