date,source,supply_side,demand_side,financial_risk,geopolitical_risk,esg_regulation,natural_factor,topic_0_prob,topic_1_prob,topic_2_prob,topic_3_prob,topic_4_prob,dominant_LDA_topic,dominant_dictionary_topic
2024-07-25,thehindu,1,0,1,0,0,1,0.12935008,0.0,0.21775895,0.65263146,0.0,3,supply_side
2024-07-24,yahoo,1,0,1,0,0,1,0.081617065,0.0,0.25623408,0.6618825,0.0,3,supply_side
2024-07-24,yahoo_sg,1,0,1,0,0,1,0.081659146,0.0,0.25619462,0.6618799,0.0,3,supply_side
2024-11-01,benzinga,3,0,7,1,2,4,0.052760173,0.0,0.07458561,0.78316104,0.08948545,3,financial_risk
2024-10-28,benzinga,0,0,0,0,0,1,0.085950695,0.0,0.012747665,0.8789706,0.022256922,3,natural_factor
2024-09-20,benzinga,0,0,0,0,0,1,0.15828165,0.0,0.0,0.81811064,0.023370273,3,natural_factor
2024-07-29,fool,0,1,1,0,1,1,0.25758123,0.0,0.0,0.687272,0.05486936,3,demand_side
2024-07-31,seekingalpha,0,0,3,0,0,1,0.22759704,0.0,0.07676172,0.67986834,0.015744645,3,financial_risk
2024-07-31,seekingalpha,4,0,5,0,0,2,0.49386618,0.0,0.05513592,0.4509051,0.0,0,financial_risk
2024-12-23,startribune,0,0,0,0,0,1,0.0,0.0,0.37657177,0.62271297,0.0,3,natural_factor
2024-10-28,benzinga,1,0,2,0,0,1,0.11980488,0.0,0.0,0.8682312,0.011699712,3,financial_risk
2024-10-30,seekingalpha,0,0,4,0,0,1,0.25597516,0.0,0.07967266,0.6642359,0.0,3,financial_risk
2024-08-21,seekingalpha,2,1,3,0,0,2,0.17300884,0.0,0.10174675,0.705598,0.01758239,3,financial_risk
2024-08-20,seekingalpha,0,0,1,0,0,1,0.2858482,0.0,0.0,0.71293586,0.0,3,financial_risk
2024-07-09,seekingalpha,2,0,4,0,0,1,0.3545336,0.0,0.07657855,0.56876105,0.0,3,financial_risk
2024-11-01,benzinga,0,0,5,0,0,1,0.05158609,0.0,0.11011041,0.8322786,0.0,3,financial_risk
2024-10-24,benzinga,2,0,4,1,0,1,0.01431938,0.0,0.083418906,0.89368826,0.0,3,financial_risk
2024-11-19,openpr,1,1,0,0,2,1,0.8075255,0.0,0.0,0.17319448,0.017256377,0,esg_regulation
2024-06-29,seekingalpha,0,0,3,0,0,1,0.24872965,0.0,0.056442328,0.69475883,0.0,3,financial_risk
2024-07-30,fool,0,0,1,0,0,1,0.028015563,0.0,0.2747791,0.6969175,0.0,3,financial_risk
2024-08-18,investorplace,0,0,0,0,0,1,0.7499242,0.05148773,0.042717524,0.15570945,0.0,0,natural_factor
2024-12-29,oilprice,1,0,2,1,0,1,0.32597312,0.017760042,0.0,0.64648944,0.0,3,financial_risk
2024-07-20,seekingalpha,2,2,4,0,0,1,0.27101737,0.0,0.040839355,0.68803793,0.0,3,financial_risk
2024-07-22,seekingalpha,1,1,4,0,1,1,0.28705466,0.0,0.0,0.6461628,0.066649996,3,financial_risk
2024-11-11,benzinga,3,0,7,0,0,4,0.0,0.0,0.15582876,0.8280029,0.010343181,3,financial_risk
2024-10-29,benzinga,1,0,0,0,0,1,0.09303643,0.0,0.0,0.90647167,0.0,3,supply_side
2024-11-10,investorplace,2,1,2,0,1,1,0.38237116,0.0,0.2079741,0.38803822,0.021584192,3,supply_side
2024-07-10,openpr,1,1,0,0,1,1,0.74538386,0.0,0.07374974,0.14717855,0.033647936,0,supply_side
2025-02-23,cnbc,0,0,3,0,0,4,0.41835526,0.015877998,0.032672524,0.52608067,0.0,3,natural_factor
2024-07-19,seekingalpha,1,0,5,0,0,1,0.22618012,0.0,0.20675774,0.52545345,0.036249384,3,financial_risk
2024-08-20,benzinga,0,0,0,0,0,1,0.0669427,0.0,0.10785504,0.767457,0.057655808,3,natural_factor
2024-11-18,benzinga,0,0,0,1,0,1,0.112531275,0.0,0.57072604,0.23965281,0.07700419,2,geopolitical_risk
2025-02-26,financialpost,0,1,0,0,3,1,0.32540885,0.0,0.26820248,0.21290863,0.19339418,0,esg_regulation
2024-09-25,globenewswire,1,0,2,1,1,1,0.03269853,0.0,0.30257985,0.51896316,0.1457218,3,financial_risk
2024-09-25,globenewswire_fr,1,0,2,1,1,1,0.032694373,0.0,0.3025832,0.51896346,0.1457223,3,financial_risk
2024-08-29,seekingalpha,1,1,7,0,1,2,0.20745347,0.0,0.04974997,0.68996865,0.049131926,3,financial_risk
2024-09-10,yahoo,2,1,0,0,0,3,0.0,0.0,0.0,0.9428148,0.056374166,3,natural_factor
2024-09-10,yahoo_sg,2,1,0,0,0,3,0.0,0.0,0.0,0.94281113,0.0563778,3,natural_factor
2024-09-10,yahoo_sg,2,1,0,0,0,3,0.0,0.0,0.0,0.94301033,0.056181688,3,natural_factor
2024-07-31,fool,2,0,4,0,0,2,0.70497656,0.011805938,0.030208558,0.24614142,0.0,0,financial_risk
2024-10-30,seekingalpha,3,1,1,0,0,2,0.78249395,0.023958331,0.0,0.17452596,0.018979138,0,supply_side
2024-08-07,seekingalpha,1,1,7,1,0,2,0.69642764,0.0,0.015108397,0.27392846,0.0,0,financial_risk
2024-07-31,seekingalpha,2,0,4,0,0,2,0.713809,0.012529962,0.023724943,0.24268833,0.0,0,financial_risk
2024-10-24,benzinga,1,0,0,0,0,1,0.1399897,0.0,0.03999615,0.8133732,0.0,3,supply_side
2024-07-19,seekingalpha,0,0,6,0,0,2,0.17421082,0.0,0.133635,0.66330564,0.028835036,3,financial_risk
2024-11-01,fool,9,1,6,0,1,2,0.5426108,0.0,0.036842443,0.40973127,0.0,0,supply_side
2024-08-20,seekingalpha,0,0,3,0,0,1,0.06863911,0.0,0.095929876,0.835277,0.0,3,financial_risk
2024-07-19,seekingalpha,0,1,3,0,0,1,0.3810818,0.0,0.017953744,0.6008687,0.0,3,financial_risk
2024-12-10,openpr,1,0,0,0,1,1,0.64937526,0.0,0.035257027,0.30355746,0.011757841,0,supply_side
2024-12-29,benzinga,0,0,1,0,0,1,0.062744185,0.0,0.71073836,0.22605869,0.0,2,financial_risk
2024-11-01,fool,1,0,5,1,0,2,0.5012356,0.0,0.084149234,0.41002253,0.0,0,financial_risk
2024-10-30,globenewswire,1,0,4,0,0,1,0.011263531,0.0,0.06667527,0.92193,0.0,3,financial_risk
2024-08-19,seekingalpha,1,0,2,0,0,2,0.18960185,0.0,0.09285573,0.717409,0.0,3,financial_risk
2024-08-09,seekingalpha,1,1,1,0,0,2,0.27891746,0.0,0.08182799,0.63916534,0.0,3,natural_factor
2024-08-11,seekingalpha,0,1,1,0,0,1,0.2575732,0.0,0.03753652,0.70476884,0.0,3,demand_side
2024-08-30,benzinga,1,0,4,0,0,3,0.07209052,0.0,0.3884047,0.52151084,0.017943336,3,financial_risk
2025-02-21,openpr,1,0,0,0,0,1,0.6038894,0.0,0.021972591,0.29763606,0.07645244,0,supply_side
2024-10-24,benzinga,0,1,5,0,1,1,0.08504247,0.0,0.14221035,0.71938914,0.0533455,3,financial_risk
2024-10-24,fool,5,1,4,0,0,2,0.46524674,0.0,0.011443056,0.50706095,0.015496476,3,supply_side
2024-09-26,seekingalpha,0,2,4,0,0,1,0.17199907,0.0,0.10519423,0.7214995,0.0,3,financial_risk
2024-07-09,seekingalpha,0,0,2,0,0,1,0.22197756,0.0,0.0,0.7777424,0.0,3,financial_risk
2024-07-10,investorplace,0,0,1,0,0,2,0.18753937,0.0,0.14058611,0.67163455,0.0,3,natural_factor
2024-12-01,fool,0,0,2,0,0,1,0.119926974,0.0,0.076989464,0.7994819,0.0,3,financial_risk
2024-08-08,investorplace,0,0,0,0,1,1,0.28560925,0.0,0.0,0.68821377,0.025851376,3,esg_regulation
2025-02-25,benzinga,0,0,7,1,0,2,0.010132942,0.0,0.086804174,0.893773,0.0,3,financial_risk
2024-12-20,globenewswire,0,0,0,0,0,1,0.0,0.0,0.35720435,0.6123852,0.029807124,3,natural_factor
2024-12-20,globenewswire_fr,0,0,0,0,0,1,0.0,0.0,0.3572078,0.6123873,0.029801553,3,natural_factor
2025-02-20,therecord,0,0,0,0,0,1,0.74310076,0.0,0.25639093,0.0,0.0,0,natural_factor
2024-11-27,benzinga,1,0,0,0,0,1,0.1256663,0.0,0.057002105,0.81711,0.0,3,supply_side
2024-07-19,seekingalpha,0,3,3,0,1,2,0.21241695,0.0,0.18801029,0.56842273,0.02342285,3,demand_side
2024-12-10,benzinga,0,0,0,0,0,1,0.08306604,0.014099393,0.0695482,0.83311015,0.0,3,natural_factor
2024-12-09,benzinga,1,0,4,0,0,1,0.043851137,0.0,0.28700027,0.6619448,0.0,3,financial_risk
2024-08-10,seekingalpha,0,1,0,0,0,1,0.609925,0.017519502,0.030926343,0.3415494,0.0,0,demand_side
2024-08-30,seekingalpha,2,0,2,0,0,1,0.2309245,0.0,0.031477362,0.7134661,0.024101228,3,supply_side
2024-08-30,seekingalpha,1,0,2,0,0,1,0.11121603,0.0,0.105921775,0.7827543,0.0,3,financial_risk
2024-08-30,seekingalpha,0,0,0,0,1,1,0.041177426,0.0,0.0,0.95814556,0.0,3,esg_regulation
2024-07-21,seekingalpha,3,1,2,0,0,1,0.18481877,0.0,0.039250806,0.7497102,0.026187409,3,supply_side
2024-08-20,yahoo_sg,0,0,4,0,0,1,0.23973094,0.0,0.0,0.7377184,0.015565038,3,financial_risk
2024-10-30,benzinga,1,0,8,1,1,1,0.0,0.0,0.12815443,0.85544604,0.01397554,3,financial_risk
2024-07-10,benzinga,0,0,0,0,0,1,0.0,0.0,0.07048136,0.92850983,0.0,3,natural_factor
2024-07-10,benzinga,0,0,0,0,0,1,0.07003968,0.0,0.09751486,0.8315444,0.0,3,natural_factor
2024-10-30,cision,1,0,6,1,1,1,0.0,0.0,0.12755637,0.8361074,0.029319396,3,financial_risk
2024-12-09,benzinga,3,1,4,1,2,4,0.014903099,0.0,0.35491824,0.32311398,0.30703866,2,financial_risk
2024-10-30,benzinga,1,0,7,1,2,1,0.015056803,0.0,0.0713551,0.91048163,0.0,3,financial_risk
2024-12-09,globenewswire,3,1,4,1,2,4,0.012109596,0.0,0.34998226,0.32668272,0.31119913,2,financial_risk
2024-12-09,globenewswire_fr,3,1,4,1,2,4,0.0121079115,0.0,0.34998333,0.32668316,0.31119925,2,financial_risk
2024-11-01,benzinga,3,1,5,1,0,1,0.0,0.0,0.15317854,0.81910765,0.027657794,3,financial_risk
2024-11-01,cision,3,1,5,1,0,1,0.0,0.0,0.22668363,0.71929854,0.05391222,3,financial_risk
2024-07-20,seekingalpha,2,0,2,0,0,1,0.20302282,0.0,0.09121216,0.7056788,0.0,3,supply_side
2024-08-20,seekingalpha,0,1,3,0,0,1,0.235071,0.0,0.3107121,0.4226028,0.031582534,3,financial_risk
2024-10-29,benzinga,2,1,8,1,1,1,0.0,0.0,0.14514093,0.81995785,0.033968188,3,financial_risk
2024-10-29,globenewswire,2,1,7,1,1,1,0.015631916,0.0,0.13421455,0.80010575,0.050036352,3,financial_risk
2024-10-29,globenewswire_fr,2,1,7,1,1,1,0.015670571,0.0,0.13418676,0.80009735,0.05003389,3,financial_risk
2024-07-31,seekingalpha,1,0,1,0,2,1,0.11371155,0.0,0.16496535,0.5980462,0.123217285,3,esg_regulation
2024-10-29,benzinga,1,0,0,0,0,1,0.064792655,0.0,0.0,0.9062517,0.028692337,3,supply_side
2024-10-25,benzinga,0,0,1,0,0,1,0.06851292,0.0,0.0,0.9310856,0.0,3,financial_risk
2024-11-27,benzinga,0,0,1,0,0,1,0.12970741,0.0,0.08934813,0.77146834,0.0,3,financial_risk
2024-10-01,benzinga,0,0,0,0,0,1,0.05724224,0.0,0.08274821,0.83565027,0.024273776,3,natural_factor
2024-08-10,investorplace,0,0,3,0,0,1,0.08794216,0.0,0.06856416,0.7568262,0.08659775,3,financial_risk
2024-08-20,seekingalpha,3,0,6,0,0,1,0.26053837,0.0,0.035581794,0.7037943,0.0,3,financial_risk
2024-08-18,seekingalpha,0,0,1,0,0,2,0.40445936,0.0,0.035308793,0.5513303,0.0,3,natural_factor
2024-10-01,benzinga,0,0,1,0,0,1,0.11078827,0.0,0.06664221,0.82238513,0.0,3,financial_risk
2024-09-10,benzinga,1,0,0,0,0,1,0.0,0.0,0.3630798,0.6363508,0.0,3,supply_side
2024-11-27,cision,0,0,1,0,0,1,0.09732476,0.0,0.82266253,0.07974696,0.0,2,financial_risk
2024-09-10,globenewswire_fr,1,0,0,0,0,1,0.0,0.0,0.34905747,0.6503527,0.0,3,supply_side
2024-08-22,globenewswire_fr,1,0,3,0,2,2,0.22893031,0.0,0.26586148,0.4001929,0.10500296,3,financial_risk
2024-08-20,oilprice,3,0,0,0,0,2,0.048435874,0.0,0.21653804,0.59852165,0.13216269,3,supply_side
2024-09-17,oilprice,2,1,1,0,0,2,0.0,0.0,0.31814668,0.5863908,0.08876265,3,supply_side
2024-08-30,seekingalpha,0,0,1,0,0,1,0.6350299,0.0,0.0,0.3647821,0.0,0,financial_risk
2024-09-10,seekingalpha,1,0,4,0,0,1,0.35824144,0.0,0.0,0.6045868,0.031033736,3,financial_risk
2025-02-21,thesun,0,0,0,2,0,1,0.45767874,0.010776219,0.47411767,0.02221404,0.035213377,2,geopolitical_risk
2014-10-07,Thomson_Reuters,3,1,0,0,0,1,0.0,0.0,0.7233058,0.275913,0.0,2,supply_side
2017-01-17,Thomson_Reuters,2,0,0,0,0,1,0.0,0.0,0.119088,0.87995017,0.0,3,supply_side
2001-03-28,The_Wall_Street_Journal,0,0,1,1,0,1,0.6049958,0.0,0.042283736,0.3396237,0.0,0,financial_risk
2016-10-12,The_Wall_Street_Journal,2,0,0,0,0,1,0.02022567,0.0,0.12638466,0.83877075,0.014513505,3,supply_side
2020-03-09,Financial_Times,7,0,6,1,0,1,0.304441,0.0,0.17073181,0.51413584,0.010680346,3,supply_side
2020-04-21,Financial_Times,5,0,6,0,0,2,0.36113477,0.0,0.047801852,0.57801026,0.010439459,3,financial_risk
2016-11-14,Thomson_Reuters,4,0,0,0,0,1,0.07211541,0.0,0.12913093,0.7905917,0.0,3,supply_side
2022-03-07,Thomson_Reuters,1,0,0,0,0,1,0.0,0.0,0.0,0.9822498,0.0,3,supply_side
2022-03-07,Thomson_Reuters,1,0,0,0,0,1,0.08133231,0.0,0.6263579,0.29177025,0.0,2,supply_side
2022-03-15,Thomson_Reuters,1,0,1,0,0,1,0.039569635,0.0,0.35207546,0.6080544,0.0,3,supply_side
2020-06-13,Thomson_Reuters,0,0,2,0,0,1,0.19936925,0.0,0.20957837,0.59036946,0.0,3,financial_risk
2020-06-17,Thomson_Reuters,0,0,2,0,0,1,0.44814786,0.04486923,0.08629635,0.42045552,0.0,0,financial_risk
2020-04-21,Channel_News_Asia,1,0,2,0,0,1,0.0,0.0,0.4690243,0.5303372,0.0,3,financial_risk
2020-09-01,Thomson_Reuters,0,0,1,0,0,1,0.0,0.0,0.0,0.98499453,0.0,3,financial_risk
2020-09-30,Thomson_Reuters,1,1,2,0,0,1,0.0,0.0,0.2221871,0.77663326,0.0,3,financial_risk
2020-08-14,Thomson_Reuters,1,0,1,0,0,1,0.0,0.0,0.4911422,0.50692064,0.0,3,supply_side
2020-03-09,Thomson_Reuters,2,0,0,0,0,1,0.05947394,0.0,0.0,0.93981355,0.0,3,supply_side
2021-06-07,Thomson_Reuters,2,0,0,0,0,1,0.0,0.0,0.32244483,0.6770659,0.0,3,supply_side
2020-07-17,Channel_News_Asia,2,0,1,0,0,2,0.024168534,0.0,0.8647199,0.11097533,0.0,2,supply_side
2020-05-11,Thomson_Reuters,1,0,1,0,0,1,0.0,0.0,0.36731824,0.55111814,0.081014074,3,supply_side
2020-06-09,Thomson_Reuters,2,0,1,0,0,1,0.0,0.0,0.6284255,0.3702849,0.0,2,supply_side
2020-04-22,Channel_News_Asia,0,1,1,0,0,1,0.055104323,0.0,0.3594493,0.5479775,0.037358936,3,demand_side
2020-05-01,The_Wall_Street_Journal,1,1,1,0,0,1,0.12870999,0.0,0.30109322,0.5698288,0.0,3,supply_side
2021-02-08,Thomson_Reuters,0,0,1,0,0,1,0.1778361,0.030268857,0.50524867,0.2865195,0.0,2,financial_risk
2020-04-01,Thomson_Reuters,1,0,2,0,0,1,0.0,0.0,0.15095657,0.8481094,0.0,3,financial_risk
2020-04-20,Thomson_Reuters,1,0,2,0,0,1,0.0,0.0,0.45035678,0.53339875,0.0158139,3,financial_risk
2020-03-16,Thomson_Reuters,3,0,1,0,0,1,0.0,0.0,0.03396416,0.96519214,0.0,3,supply_side
2020-04-14,Thomson_Reuters,1,0,2,0,0,1,0.20535976,0.0,0.38728106,0.40710482,0.0,3,financial_risk
2020-03-11,Thomson_Reuters,0,0,3,0,0,1,0.18479341,0.0,0.14924414,0.6657032,0.0,3,financial_risk
2020-05-11,Thomson_Reuters,4,0,3,0,0,1,0.0,0.0,0.23054206,0.7444167,0.02448649,3,supply_side
2020-04-02,Thomson_Reuters,1,3,1,0,0,1,0.27073166,0.0,0.06949241,0.6297777,0.029927881,3,demand_side
2020-09-29,Thomson_Reuters,1,0,2,0,0,1,0.04319577,0.0,0.13415354,0.822226,0.0,3,financial_risk
2020-07-17,Thomson_Reuters,2,0,1,0,0,2,0.017461354,0.0,0.8729917,0.109406,0.0,2,supply_side
2020-03-30,Thomson_Reuters,1,0,5,0,0,1,0.04199076,0.0,0.32515305,0.6326446,0.0,3,financial_risk
2020-04-01,Thomson_Reuters,1,1,2,0,0,2,0.0,0.0,0.16129987,0.8311651,0.0,3,financial_risk
2020-05-11,Thomson_Reuters,2,0,4,0,0,1,0.0,0.0,0.21238776,0.7865665,0.0,3,financial_risk
2020-10-01,Thomson_Reuters,1,1,2,0,0,1,0.0,0.0,0.13506015,0.86342573,0.0,3,financial_risk
2020-04-21,Thomson_Reuters,0,1,1,0,0,1,0.035113808,0.0,0.37492952,0.531449,0.05839181,3,demand_side
2020-09-01,Thomson_Reuters,1,0,1,0,0,1,0.0,0.0,0.27633634,0.7214881,0.0,3,supply_side
2020-08-28,Thomson_Reuters,1,0,2,0,0,1,0.0,0.0,0.6770682,0.32220116,0.0,2,financial_risk
2020-04-17,Thomson_Reuters,1,0,1,0,0,2,0.032466352,0.0,0.3935071,0.5412127,0.032677837,3,natural_factor
2019-03-16,Thomson_Reuters,1,0,2,0,0,1,0.08849501,0.0,0.12931146,0.7818676,0.0,3,financial_risk
2016-07-14,Thomson_Reuters,1,0,0,0,0,1,0.07097789,0.0,0.4556198,0.39146528,0.08181617,2,supply_side
2015-10-16,Thomson_Reuters,1,0,0,0,0,1,0.05129686,0.0,0.15348807,0.7948334,0.0,3,supply_side
2019-04-02,Thomson_Reuters,1,0,1,0,0,1,0.062235914,0.0,0.120198935,0.81101733,0.0,3,supply_side
2019-03-17,Thomson_Reuters,1,0,2,0,0,1,0.07156342,0.0,0.14238626,0.78571373,0.0,3,financial_risk
2017-04-13,Thomson_Reuters,0,0,1,0,0,1,0.17407942,0.0,0.22410995,0.6015522,0.0,3,financial_risk
2015-03-09,Thomson_Reuters,0,0,0,0,0,1,0.113802336,0.0,0.0,0.88536334,0.0,3,natural_factor
2017-11-08,Thomson_Reuters,0,0,0,0,0,1,0.0,0.0,0.0,0.99261725,0.0,3,natural_factor
2016-08-17,Thomson_Reuters,1,0,0,0,1,1,0.0,0.0,0.0,0.99015677,0.0,3,supply_side
2015-03-24,Thomson_Reuters,0,0,1,0,0,1,0.0,0.0,0.0,0.9988556,0.0,3,financial_risk
2019-10-14,Thomson_Reuters,1,0,0,0,0,1,0.0,0.0,0.327063,0.67190105,0.0,3,supply_side
2014-02-26,Thomson_Reuters,0,0,0,0,0,1,0.18403754,0.0,0.39675266,0.36513382,0.05392924,2,natural_factor
2015-03-09,Thomson_Reuters,0,0,2,0,0,1,0.11668511,0.0,0.0,0.88262147,0.0,3,financial_risk
2018-02-22,Thomson_Reuters,0,0,1,0,0,1,0.0,0.0,0.23661937,0.7599537,0.0,3,financial_risk
2015-03-09,Thomson_Reuters,0,0,2,0,0,1,0.103530794,0.0,0.0,0.89577556,0.0,3,financial_risk
2019-09-16,Thomson_Reuters,0,0,1,0,0,1,0.06940366,0.0,0.02898812,0.9013136,0.0,3,financial_risk
2015-03-24,Thomson_Reuters,0,0,3,0,0,1,0.030387007,0.0,0.0,0.9687243,0.0,3,financial_risk
2019-10-28,Thomson_Reuters,2,0,0,0,0,2,0.030367022,0.0,0.0,0.9690413,0.0,3,supply_side
2018-01-31,Thomson_Reuters,1,0,0,0,0,1,0.078184694,0.0,0.1722831,0.7490274,0.0,3,supply_side
2015-03-07,Thomson_Reuters,1,0,0,0,0,1,0.06110172,0.0,0.2645405,0.6739006,0.0,3,supply_side
2015-03-13,Thomson_Reuters,1,0,0,0,0,1,0.082274646,0.0,0.32095844,0.57749856,0.01918088,3,supply_side
2017-06-22,Thomson_Reuters,3,0,1,0,0,1,0.116355665,0.0,0.0,0.88303787,0.0,3,supply_side
2017-04-13,Thomson_Reuters,0,0,1,0,0,1,0.17237106,0.0,0.22080572,0.6065648,0.0,3,financial_risk
2013-11-11,Thomson_Reuters,2,0,0,0,0,1,0.24597596,0.0,0.14713144,0.53712606,0.06971281,3,supply_side
2014-11-05,Thomson_Reuters,1,0,0,0,0,1,0.057332102,0.0,0.5703576,0.34633243,0.0258222,2,supply_side
2019-03-15,Thomson_Reuters,1,0,2,0,0,1,0.08849324,0.0,0.12931353,0.7818673,0.0,3,financial_risk
2019-04-04,Thomson_Reuters,1,0,1,0,0,1,0.0,0.0,0.14320776,0.85586977,0.0,3,supply_side
2015-03-09,Thomson_Reuters,0,0,1,0,0,1,0.0,0.0,0.060591046,0.9387096,0.0,3,financial_risk
2018-06-14,Thomson_Reuters,2,0,1,0,0,1,0.09690326,0.0,0.23110186,0.67178655,0.0,3,supply_side
2015-03-27,Thomson_Reuters,1,0,0,0,0,1,0.45168296,0.0,0.02772918,0.51530945,0.0,3,supply_side
2014-12-08,Thomson_Reuters,0,0,0,0,0,1,0.0,0.0,0.14555705,0.85249066,0.0,3,natural_factor
2014-12-03,Thomson_Reuters,0,0,0,0,0,1,0.0,0.0,0.3965097,0.60116917,0.0,3,natural_factor
2016-05-16,Thomson_Reuters,2,0,1,0,0,2,0.0,0.0,0.27583435,0.72346807,0.0,3,supply_side
2020-01-03,Thomson_Reuters,1,0,1,0,0,1,0.0,0.0,0.14043622,0.85849506,0.0,3,supply_side
2020-10-05,Channel_News_Asia,1,1,2,0,0,1,0.0,0.0,0.20269792,0.79617643,0.0,3,financial_risk
2020-10-05,Thomson_Reuters,1,1,2,0,0,1,0.0,0.0,0.19284357,0.80595714,0.0,3,financial_risk
2020-11-02,Thomson_Reuters,1,1,2,0,0,1,0.0,0.0,0.0,0.99829143,0.0,3,financial_risk
2020-10-21,Channel_News_Asia,1,0,2,0,0,1,0.0,0.0,0.122376375,0.86788243,0.0,3,financial_risk
2020-10-21,Thomson_Reuters,1,0,3,0,0,1,0.0,0.010482236,0.11855884,0.8704658,0.0,3,financial_risk
2020-01-02,Thomson_Reuters,1,0,1,0,0,1,0.0,0.0,0.14043756,0.85849375,0.0,3,supply_side
2020-11-03,Thomson_Reuters,2,0,1,0,0,1,0.0,0.0,0.07110752,0.9277486,0.0,3,supply_side
2020-04-05,The_Wall_Street_Journal,2,2,1,0,0,3,0.19190104,0.0,0.19303496,0.61489886,0.0,3,natural_factor
2020-04-01,The_Wall_Street_Journal,3,0,1,0,0,2,0.034061544,0.0,0.33040902,0.63527143,0.0,3,supply_side
2020-02-03,The_Wall_Street_Journal,1,0,6,0,0,2,0.15853843,0.0,0.0,0.840658,0.0,3,financial_risk
2020-02-29,The_Wall_Street_Journal,2,0,1,0,0,1,0.159445,0.0,0.0,0.8340228,0.0,3,supply_side
2020-03-11,Financial_Times,1,0,6,1,0,1,0.3768432,0.0,0.17888543,0.4323729,0.0,3,financial_risk
2020-04-15,The_Wall_Street_Journal,1,0,1,0,0,1,0.24695194,0.012478211,0.021919165,0.71282053,0.0,3,supply_side
2020-06-12,The_Wall_Street_Journal,0,0,1,0,0,2,0.62467307,0.14239262,0.0,0.23250632,0.0,0,natural_factor
2020-04-07,The_Wall_Street_Journal,2,0,1,0,0,1,0.021378294,0.0,0.085001916,0.893091,0.0,3,supply_side
2000-03-21,The_Wall_Street_Journal,0,0,0,0,0,1,0.5032796,0.0,0.45006785,0.0,0.037524447,0,natural_factor
2003-11-21,The_Wall_Street_Journal,0,0,0,0,0,1,0.21584941,0.0,0.4471712,0.32449538,0.012370047,2,natural_factor
2015-03-06,The_Wall_Street_Journal,1,0,1,0,0,1,0.0,0.0,0.22760929,0.7712252,0.0,3,supply_side
2000-12-08,The_Wall_Street_Journal,0,0,0,0,0,1,0.15745486,0.0,0.7856784,0.0,0.055513676,2,natural_factor
2001-04-24,The_Wall_Street_Journal,0,0,0,0,0,1,0.41455963,0.0,0.4328682,0.1294548,0.023012042,2,natural_factor
2000-12-29,The_Wall_Street_Journal,0,0,0,0,0,1,0.09314289,0.0,0.8736264,0.0,0.031921435,2,natural_factor
2018-12-04,The_Wall_Street_Journal,2,1,0,0,0,1,0.2837947,0.0,0.0468043,0.6691639,0.0,3,supply_side
2001-04-19,The_Wall_Street_Journal,0,0,0,0,0,1,0.3770324,0.019953247,0.5363771,0.0,0.06616653,2,natural_factor
1999-10-01,The_Wall_Street_Journal,0,0,0,0,0,1,0.0,0.0,0.86185354,0.13701713,0.0,2,natural_factor
2019-01-31,The_Wall_Street_Journal,0,0,0,1,0,1,0.13042574,0.0,0.16218923,0.69143456,0.015893191,3,geopolitical_risk
2001-07-11,The_Wall_Street_Journal,0,0,0,0,0,1,0.08397408,0.0,0.7449358,0.0,0.17039397,2,natural_factor
2000-12-19,The_Wall_Street_Journal,0,0,0,0,0,1,0.067862965,0.0,0.7830547,0.0,0.14768665,2,natural_factor
2014-10-09,The_Wall_Street_Journal,5,2,1,0,0,1,0.097378865,0.0,0.0,0.9020697,0.0,3,supply_side
2001-05-03,The_Wall_Street_Journal,0,0,0,1,0,1,0.0,0.0,0.84075457,0.09804961,0.060854632,2,geopolitical_risk
2014-07-13,The_Wall_Street_Journal,1,0,0,0,0,1,0.0,0.0,0.06029492,0.9381896,0.0,3,supply_side
2001-02-23,The_Wall_Street_Journal,3,0,0,1,0,2,0.0,0.0,0.70659435,0.2463532,0.046771783,2,supply_side
2004-03-07,The_Wall_Street_Journal,0,0,1,0,0,1,0.20721853,0.0,0.0,0.79202026,0.0,3,financial_risk
2004-03-10,The_Wall_Street_Journal,0,0,1,0,0,1,0.08522281,0.03734905,0.085557334,0.7915685,0.0,3,financial_risk
2004-03-05,The_Wall_Street_Journal,0,0,2,0,0,1,0.16831632,0.0,0.07645293,0.7548147,0.0,3,financial_risk
2001-06-28,The_Wall_Street_Journal,0,0,0,0,0,1,0.35762432,0.0,0.5951376,0.04677115,0.0,2,natural_factor
2001-06-14,The_Wall_Street_Journal,0,0,0,0,0,1,0.12212005,0.0,0.6676173,0.12827739,0.081825085,2,natural_factor
2015-09-30,The_Wall_Street_Journal,0,0,0,0,0,1,0.073059246,0.0,0.31906962,0.6076152,0.0,3,natural_factor
2015-05-13,The_Wall_Street_Journal,6,0,0,0,0,2,0.119112305,0.0,0.0,0.8806038,0.0,3,supply_side
2015-12-18,The_Wall_Street_Journal,0,0,1,0,0,1,0.08247041,0.0,0.26634955,0.6508586,0.0,3,financial_risk
2019-12-29,The_Wall_Street_Journal,2,0,1,0,0,1,0.13239123,0.0,0.0,0.8670894,0.0,3,supply_side
2001-01-26,The_Wall_Street_Journal,0,0,0,0,0,1,0.74314445,0.0,0.1901593,0.0,0.06598488,0,natural_factor
1999-09-28,The_Wall_Street_Journal,1,0,0,0,0,1,0.57311773,0.0,0.32419416,0.10254841,0.0,0,supply_side
2015-08-06,The_Wall_Street_Journal,3,0,0,0,0,1,0.12707166,0.0,0.0,0.8724752,0.0,3,supply_side
2010-08-18,The_Wall_Street_Journal,0,0,0,0,0,1,0.0,0.30839258,0.0,0.6852126,0.0,3,natural_factor
2003-11-23,The_Wall_Street_Journal,0,0,0,0,0,1,0.18041483,0.05115009,0.227602,0.54063594,0.0,3,natural_factor
2015-04-29,The_Wall_Street_Journal,2,0,0,0,0,1,0.0,0.0,0.0,0.9979711,0.0,3,supply_side
2015-09-22,The_Wall_Street_Journal,0,0,0,0,0,1,0.082723975,0.014769569,0.24558084,0.6567504,0.0,3,natural_factor
2001-02-01,The_Wall_Street_Journal,0,0,0,0,0,1,0.7057009,0.0,0.23242041,0.0,0.06158049,0,natural_factor
2001-01-17,The_Wall_Street_Journal,0,0,0,0,0,1,0.089628704,0.0,0.8470907,0.0,0.062300142,2,natural_factor
2016-02-09,The_Wall_Street_Journal,0,0,1,0,0,1,0.0,0.0,0.0,0.9980502,0.0,3,financial_risk
2015-03-25,The_Wall_Street_Journal,0,0,0,0,0,1,0.058526307,0.0,0.061781887,0.87909573,0.0,3,natural_factor
2023-05-12,Thomson_Reuters,1,0,1,0,0,2,0.0,0.0,0.1498835,0.8484163,0.0,3,natural_factor
2021-08-11,Thomson_Reuters,1,0,2,0,0,1,0.0,0.029614655,0.15799013,0.80569375,0.0,3,financial_risk
2021-11-04,Thomson_Reuters,1,0,1,0,0,1,0.0,0.0,0.07706633,0.89028573,0.03190466,3,supply_side
2021-09-08,Thomson_Reuters,2,0,1,0,0,2,0.0,0.0,0.31034082,0.6885001,0.0,3,supply_side
2016-03-14,Thomson_Reuters,1,0,1,0,0,1,0.0,0.0,0.3744199,0.62485385,0.0,3,supply_side
2015-09-18,Thomson_Reuters,1,0,1,0,0,1,0.14543301,0.0,0.3035229,0.55075926,0.0,3,supply_side
2022-10-03,Thomson_Reuters,0,0,1,0,0,1,0.54139787,0.0,0.0,0.4578403,0.0,0,financial_risk
2023-03-30,Viet_Nam_News,0,0,0,0,0,1,0.3761953,0.0,0.19180748,0.0,0.43110028,4,natural_factor
2022-01-17,New_Strait_Times,0,2,0,0,1,3,0.91814053,0.0,0.0,0.0,0.07348209,0,natural_factor
2022-08-24,Thomson_Reuters,0,0,0,0,0,1,0.73286164,0.0,0.042840466,0.22371498,0.0,0,natural_factor
2023-01-03,The_Wall_Street_Journal,0,0,2,0,0,1,0.7198135,0.0,0.0,0.279688,0.0,0,financial_risk
2023-05-22,The_Wall_Street_Journal,0,0,1,0,0,2,0.5595432,0.0,0.0,0.44015855,0.0,0,natural_factor
2022-09-19,The_Wall_Street_Journal,0,0,0,0,0,1,0.8392377,0.0,0.0,0.1595587,0.0,0,natural_factor
2022-09-06,The_Wall_Street_Journal,0,0,0,0,0,1,0.82282156,0.0,0.12100817,0.05593859,0.0,0,natural_factor
2022-04-12,The_Wall_Street_Journal,0,1,2,0,0,1,0.5728774,0.0,0.24151225,0.18542033,0.0,0,financial_risk
2021-04-30,The_Business_Times,0,0,0,0,0,1,0.79548717,0.0,0.019268045,0.18498166,0.0,0,natural_factor
2020-12-04,The_Phnom_Penh_Post,1,0,0,0,0,1,0.45617285,0.0,0.23874676,0.17817816,0.12676431,0,supply_side
2020-12-29,The_Wall_Street_Journal,0,0,0,0,0,1,0.9069286,0.0,0.03128501,0.06153085,0.0,0,natural_factor
2021-03-26,New_Strait_Times,0,0,0,0,0,3,0.9660406,0.017512036,0.0,0.0,0.01609252,0,natural_factor
2021-04-09,The_Wall_Street_Journal,0,0,0,0,0,1,0.9372007,0.0,0.05669976,0.0,0.0,0,natural_factor
2021-02-27,Channel_News_Asia,0,0,1,0,0,1,0.8378016,0.0,0.0,0.16175798,0.0,0,financial_risk
2021-04-06,The_Wall_Street_Journal,0,0,0,0,0,1,0.86435455,0.0,0.072426416,0.063038915,0.0,0,natural_factor
2021-01-17,The_Jakarta_Post,0,0,0,0,0,1,0.41524014,0.0,0.4135642,0.0,0.16765948,0,natural_factor
2021-03-01,The_Business_Times,0,0,1,0,0,1,0.86944115,0.0,0.0,0.13010955,0.0,0,financial_risk
2021-03-09,The_Wall_Street_Journal,0,0,0,0,0,1,0.9495135,0.014639923,0.035371084,0.0,0.0,0,natural_factor
2021-03-01,The_Phnom_Penh_Post,1,0,0,0,0,1,0.44313818,0.0,0.20382874,0.044541527,0.30836147,0,supply_side
2020-02-06,New_Strait_Times,0,0,0,0,0,1,0.9876409,0.010885213,0.0,0.0,0.0,0,natural_factor
2021-11-02,The_Wall_Street_Journal,0,0,0,0,0,1,0.91113335,0.0,0.08836112,0.0,0.0,0,natural_factor
2021-01-05,New_Strait_Times,0,0,0,0,0,1,0.94611377,0.0125767775,0.0,0.024743011,0.015270113,0,natural_factor
2021-10-19,The_Wall_Street_Journal,0,0,0,0,0,1,0.8541226,0.0,0.13791175,0.0,0.0,0,natural_factor
2021-02-26,Thomson_Reuters,0,0,1,0,0,1,0.83521986,0.0,0.0,0.16431713,0.0,0,financial_risk
2020-02-04,The_Wall_Street_Journal,0,0,0,0,0,2,0.3021463,0.0,0.6362381,0.06132085,0.0,2,natural_factor
2019-07-02,The_Wall_Street_Journal,0,0,0,1,0,1,0.78236,0.0,0.17533787,0.037036337,0.0,0,geopolitical_risk
2017-06-05,The_Jakarta_Post,0,0,0,0,0,1,0.4515466,0.0,0.066791646,0.0,0.47996265,4,natural_factor
2018-06-18,The_Wall_Street_Journal,0,0,1,0,0,1,0.82681346,0.0,0.053619925,0.119309865,0.0,0,financial_risk
2016-11-29,The_Wall_Street_Journal,0,0,0,0,0,1,0.6199851,0.0,0.31672624,0.06297474,0.0,0,natural_factor
2018-10-12,Financial_Times,0,0,0,0,0,1,0.8716376,0.0,0.12744889,0.0,0.0,0,natural_factor
2015-12-06,The_Wall_Street_Journal,0,0,1,0,0,1,0.5287568,0.0,0.47068977,0.0,0.0,0,financial_risk
2018-04-24,The_Wall_Street_Journal,1,0,2,0,0,1,0.5753711,0.0,0.414825,0.0,0.0,0,financial_risk
2013-12-01,The_Wall_Street_Journal,0,0,0,0,0,2,0.7353616,0.0,0.26362464,0.0,0.0,0,natural_factor
2019-05-07,The_Wall_Street_Journal,0,0,0,0,0,1,0.6553353,0.0,0.27005476,0.065844625,0.0,0,natural_factor
2015-04-28,The_Wall_Street_Journal,0,0,0,0,0,2,0.69639814,0.0,0.29340917,0.0,0.0,0,natural_factor
2018-11-27,The_Wall_Street_Journal,0,0,0,0,0,1,0.6795808,0.0,0.31889802,0.0,0.0,0,natural_factor
2017-06-25,The_Wall_Street_Journal,0,0,0,0,0,1,0.4205315,0.0,0.1483553,0.4303834,0.0,3,natural_factor
2018-06-05,Thomson_Reuters,0,0,0,0,0,1,0.7355178,0.0,0.10367732,0.10429587,0.056431536,0,natural_factor
2019-10-01,The_Wall_Street_Journal,0,0,0,0,0,1,0.7504774,0.0,0.17325495,0.07593141,0.0,0,natural_factor
2019-08-20,New_Strait_Times,0,0,0,0,0,1,0.982832,0.015887273,0.0,0.0,0.0,0,natural_factor
2023-11-21,The_Wall_Street_Journal,0,0,3,0,0,1,0.5032679,0.0,0.0,0.48974067,0.0,0,financial_risk
2023-07-26,The_Business_Times,0,0,0,0,0,1,0.94218135,0.0,0.0,0.056884836,0.0,0,natural_factor
2024-05-01,Financial_Times,0,0,0,0,0,1,0.55165523,0.0,0.25283283,0.19510669,0.0,0,natural_factor
2024-05-14,The_Business_Times,0,0,0,0,1,1,0.7194379,0.0,0.011071792,0.029881667,0.23955809,0,esg_regulation
2024-04-12,Viet_Nam_News,0,1,0,0,0,1,0.6278779,0.0,0.0,0.0,0.37167373,0,demand_side
2024-04-12,The_Business_Times,0,0,0,0,0,1,0.7671365,0.0,0.0,0.0,0.23169991,0,natural_factor
2024-11-28,API_NEWS_en,0,0,0,0,0,1,0.0,0.0,0.0,0.9993174,0.0,3,natural_factor
2024-11-27,API_NEWS_en,0,0,0,0,0,1,0.0,0.0,0.0,0.9994126,0.0,3,natural_factor
2022-06-07,Financial_Times,0,1,0,0,0,2,0.7514628,0.0,0.15258402,0.01819566,0.077695526,0,natural_factor
2022-10-14,Financial_Times,1,0,0,2,0,1,0.31092453,0.011121299,0.5230019,0.14646913,0.0,2,geopolitical_risk
2023-01-03,Manila_Bulletin,0,0,0,0,0,2,0.9719497,0.0,0.0,0.027557753,0.0,0,natural_factor
2023-05-17,Thomson_Reuters,0,0,0,0,0,1,0.0,0.0,0.69647086,0.20589626,0.09729426,2,natural_factor
2022-12-20,New_Strait_Times,0,0,0,0,1,1,0.94016916,0.0,0.0,0.058885142,0.0,0,esg_regulation
2022-12-28,New_Strait_Times,0,0,0,0,0,1,0.58956474,0.0,0.16222079,0.24779691,0.0,0,natural_factor
2022-06-29,The_Wall_Street_Journal,2,0,0,0,0,1,0.15109508,0.0,0.46301967,0.2811482,0.10458744,2,supply_side
2022-12-20,The_Jakarta_Post,0,0,0,0,0,1,0.42814282,0.0,0.5224268,0.035622437,0.013695203,2,natural_factor
2023-04-17,South_China_Morning_Post,0,0,0,0,0,2,0.8082525,0.09078455,0.0,0.0,0.100504465,0,natural_factor
2023-02-05,The_Jakarta_Post,0,0,0,0,0,1,0.31178948,0.0,0.23548476,0.0,0.45242837,4,natural_factor
2021-12-03,The_Jakarta_Post,0,0,0,0,0,1,0.5664253,0.0,0.108850814,0.040001974,0.2846104,0,natural_factor
2021-08-26,Thomson_Reuters,0,0,0,0,0,1,0.8733482,0.0,0.12612027,0.0,0.0,0,natural_factor
2021-05-02,New_Strait_Times,0,0,0,0,0,1,0.44054696,0.0,0.55804724,0.0,0.0,2,natural_factor
2021-08-20,New_Strait_Times,0,0,0,0,0,1,0.77539456,0.0,0.16531393,0.0,0.05900563,0,natural_factor
2021-03-11,Thomson_Reuters,0,0,0,0,0,1,0.79493976,0.0,0.20365259,0.0,0.0,0,natural_factor
2021-03-24,The_Jakarta_Post,0,0,0,0,0,1,0.68762076,0.0,0.15210196,0.02882181,0.13127711,0,natural_factor
2020-08-13,Thomson_Reuters,0,0,0,0,0,2,0.0,0.0,0.564329,0.16694063,0.2590129,2,natural_factor
2021-09-03,The_Strait_Times,0,0,0,0,0,1,0.92789364,0.0,0.07133254,0.0,0.0,0,natural_factor
2021-08-08,The_Strait_Times,0,0,0,0,6,3,0.6952976,0.0,0.028953705,0.023040101,0.2526727,0,esg_regulation
2021-05-15,New_Strait_Times,0,0,0,0,0,1,0.59290123,0.0,0.3968376,0.0,0.0,0,natural_factor
2021-12-16,Channel_News_Asia,0,0,0,0,0,1,0.7294756,0.0,0.18088081,0.0,0.08885566,0,natural_factor
2021-11-29,Thomson_Reuters,0,0,0,0,0,1,0.46871033,0.0,0.10264873,0.42802003,0.0,0,natural_factor
2021-05-15,New_Strait_Times,0,0,0,0,0,1,0.9764799,0.0,0.0,0.0,0.02264033,0,natural_factor
2021-07-13,New_Strait_Times,0,0,0,0,0,1,0.4514112,0.0,0.4903578,0.039277934,0.018526355,2,natural_factor
2021-05-03,New_Strait_Times,0,0,0,0,0,1,0.7524627,0.0,0.19179206,0.0,0.05501953,0,natural_factor
2021-12-01,The_Jakarta_Post,0,1,0,0,0,2,0.49287385,0.030843074,0.42751524,0.0,0.048581246,0,natural_factor
2021-06-24,The_Strait_Times,0,0,0,0,0,1,0.8350129,0.0,0.06016753,0.0,0.10417723,0,natural_factor
2020-12-27,New_Strait_Times,0,0,0,0,0,1,0.8733711,0.0,0.12592812,0.0,0.0,0,natural_factor
2021-04-24,New_Strait_Times,0,0,0,0,0,1,0.8445666,0.0,0.15344131,0.0,0.0,0,natural_factor
2021-05-31,New_Strait_Times,0,0,0,0,0,1,0.7202989,0.0,0.2041667,0.0,0.074788,0,natural_factor
2021-02-02,New_Strait_Times,0,0,0,0,0,1,0.45923173,0.0,0.31855428,0.0,0.22145428,0,natural_factor
2021-06-04,New_Strait_Times,0,0,0,0,0,1,0.5629914,0.0,0.42439908,0.0,0.0116406465,0,natural_factor
2021-11-27,The_Strait_Times,0,0,0,0,0,1,0.9992521,0.0,0.0,0.0,0.0,0,natural_factor
2021-11-10,The_Jakarta_Post,0,0,0,0,0,1,0.39152613,0.0,0.38709906,0.0,0.2210533,0,natural_factor
2021-05-24,Channel_News_Asia,0,0,0,0,0,1,0.984297,0.0,0.0,0.0,0.0,0,natural_factor
2021-06-19,New_Strait_Times,0,0,0,0,0,1,0.63929987,0.0,0.2580122,0.0,0.10224669,0,natural_factor
2020-08-22,The_Jakarta_Post,0,0,0,1,0,1,0.0,0.0,0.90628874,0.0,0.09159589,2,geopolitical_risk
2015-11-25,Thomson_Reuters,0,0,1,0,0,2,0.077086635,0.0,0.0,0.9221443,0.0,3,natural_factor
2019-11-27,Channel_News_Asia,0,0,0,0,0,1,0.0,0.0,0.23673783,0.7621315,0.0,3,natural_factor
2017-08-23,The_Wall_Street_Journal,0,0,0,0,0,1,0.2578717,0.0,0.7412988,0.0,0.0,2,natural_factor
2015-09-02,Thomson_Reuters,0,0,0,0,0,1,0.43010274,0.0,0.51401496,0.055221386,0.0,2,natural_factor
2011-07-28,The_Wall_Street_Journal,0,0,0,1,0,1,0.29364294,0.0,0.59890443,0.1070851,0.0,2,geopolitical_risk
2019-08-24,Financial_Times,0,0,0,0,0,1,0.9045473,0.0,0.0775102,0.017256623,0.0,0,natural_factor
2018-11-03,Channel_News_Asia,0,0,0,0,0,1,0.95753163,0.0,0.042053428,0.0,0.0,0,natural_factor
2006-12-12,The_Wall_Street_Journal,0,1,0,0,0,1,0.20879453,0.0,0.36244136,0.42241648,0.0,3,demand_side
2015-02-25,Thomson_Reuters,0,0,1,0,0,1,0.049865317,0.0,0.0,0.9489237,0.0,3,financial_risk
2010-08-09,Thomson_Reuters,0,0,1,0,0,1,0.0,0.0,0.1344883,0.86460906,0.0,3,financial_risk
2013-02-22,Thomson_Reuters,1,0,1,0,0,1,0.0,0.0,0.81009287,0.18960644,0.0,2,supply_side
2009-01-31,The_Wall_Street_Journal,1,0,1,0,0,1,0.011185462,0.0,0.4871767,0.43690792,0.06463078,2,supply_side
2011-09-23,Thomson_Reuters,0,0,0,0,0,1,0.0725682,0.030659186,0.19463135,0.7018549,0.0,3,natural_factor
2010-09-02,Thomson_Reuters,0,0,0,0,0,1,0.038720153,0.0,0.0,0.9607772,0.0,3,natural_factor
2010-08-20,Thomson_Reuters,0,0,0,0,0,1,0.0,0.0,0.0,0.9988739,0.0,3,natural_factor
2009-11-24,Thomson_Reuters,0,0,1,0,0,1,0.060636964,0.0,0.11409862,0.8249102,0.0,3,financial_risk
2012-10-11,Thomson_Reuters,1,0,0,0,0,1,0.0,0.0,0.73965585,0.25917596,0.0,2,supply_side
2009-11-12,Thomson_Reuters,0,0,0,0,0,1,0.43924424,0.0,0.2222589,0.33369812,0.0,0,natural_factor
2019-04-01,Thomson_Reuters,2,0,0,2,0,2,0.053834166,0.0,0.07223088,0.8736707,0.0,3,supply_side
2010-05-26,Thomson_Reuters,1,0,0,0,0,2,0.7775504,0.0,0.2219697,0.0,0.0,0,natural_factor
2018-05-31,Financial_Times,0,0,0,0,0,1,0.0,0.05046132,0.9483432,0.0,0.0,2,natural_factor
2010-09-13,Thomson_Reuters,0,0,0,0,0,1,0.041868273,0.0,0.03671801,0.9209733,0.0,3,natural_factor
2002-03-11,The_Wall_Street_Journal,0,0,0,0,0,1,0.040340114,0.012938165,0.9058283,0.04080728,0.0,2,natural_factor
2019-02-21,The_Wall_Street_Journal,0,0,0,0,0,1,0.6257277,0.0,0.0,0.37307245,0.0,0,natural_factor
2011-05-17,Thomson_Reuters,0,0,0,0,0,2,0.11361311,0.0,0.0,0.8856088,0.0,3,natural_factor
2011-12-30,The_Wall_Street_Journal,0,0,0,0,0,1,0.08529598,0.0,0.91410065,0.0,0.0,2,natural_factor
2012-03-30,Thomson_Reuters,0,0,1,0,0,1,0.7353538,0.0,0.07139041,0.19305314,0.0,0,financial_risk
2010-08-24,Thomson_Reuters,0,0,1,0,0,1,0.11516793,0.0,0.0,0.88413894,0.0,3,financial_risk
2018-11-15,Financial_Times,0,0,1,0,0,1,0.5141897,0.0,0.47412723,0.0,0.0,0,financial_risk
2011-09-22,The_Wall_Street_Journal,0,0,0,0,0,1,0.32383984,0.0113839265,0.52415085,0.14035404,0.0,2,natural_factor
2009-05-19,Thomson_Reuters,0,0,1,0,0,1,0.029557671,0.0,0.025847621,0.94425577,0.0,3,financial_risk
2016-11-22,The_Wall_Street_Journal,0,0,0,0,0,1,0.6253182,0.0,0.0,0.37385717,0.0,0,natural_factor
2006-06-16,The_Wall_Street_Journal,0,0,0,0,0,1,0.9351992,0.0,0.06442747,0.0,0.0,0,natural_factor
2009-10-28,Thomson_Reuters,0,0,0,0,0,1,0.9498259,0.0,0.0,0.049711224,0.0,0,natural_factor
2018-04-09,The_Wall_Street_Journal,0,0,0,0,0,1,0.0,0.0,0.87357956,0.12486825,0.0,2,natural_factor
2013-11-28,Thomson_Reuters,0,0,0,0,0,1,0.45083874,0.0,0.5484242,0.0,0.0,2,natural_factor
2013-01-02,Thomson_Reuters,0,0,0,0,0,1,0.045231715,0.0,0.078122765,0.87639475,0.0,3,natural_factor
2019-11-25,Thomson_Reuters,0,0,0,0,0,1,0.0,0.0,0.9171228,0.08106992,0.0,2,natural_factor
2019-03-23,Thomson_Reuters,0,0,0,0,0,1,0.0,0.0,0.9989869,0.0,0.0,2,natural_factor
2013-01-10,Thomson_Reuters,0,0,1,0,0,1,0.81586254,0.0,0.0,0.1666011,0.017103435,0,financial_risk
2015-09-28,The_Wall_Street_Journal,0,0,0,0,0,1,0.31002146,0.0,0.5187489,0.1259264,0.045195267,2,natural_factor
2000-03-29,The_Wall_Street_Journal,0,0,0,0,0,1,0.7105819,0.0,0.21016856,0.079063706,0.0,0,natural_factor
2010-06-08,Thomson_Reuters,1,0,1,0,0,2,0.0,0.0,0.19055282,0.7693021,0.03957028,3,natural_factor
2001-04-02,The_Wall_Street_Journal,0,0,0,0,0,1,0.32967097,0.0,0.19662717,0.4734727,0.0,3,natural_factor
2019-12-04,Thomson_Reuters,0,0,0,0,0,1,0.0,0.0,0.99686384,0.0,0.0,2,natural_factor
2019-02-07,The_Wall_Street_Journal,0,0,1,0,0,1,0.9331624,0.0,0.060661525,0.0,0.0,0,financial_risk
1999-09-10,The_Wall_Street_Journal,0,0,0,0,0,1,0.28775024,0.0,0.5469,0.16413952,0.0,2,natural_factor
2012-11-20,Financial_Times,0,0,0,0,0,1,0.10081801,0.0,0.29038492,0.59842885,0.010284789,3,natural_factor
2016-06-30,The_Wall_Street_Journal,0,0,0,0,0,1,0.327685,0.0,0.6630013,0.0,0.0,2,natural_factor
2010-02-18,Thomson_Reuters,0,0,0,0,0,1,0.033215478,0.0,0.0,0.9660068,0.0,3,natural_factor
2015-04-10,The_Wall_Street_Journal,0,0,0,0,0,2,0.6159643,0.0,0.29163113,0.079804264,0.012546817,0,natural_factor
2019-03-03,The_Wall_Street_Journal,0,0,1,0,0,1,0.0,0.06841092,0.91628563,0.015068446,0.0,2,financial_risk
2005-02-09,The_Wall_Street_Journal,0,0,0,0,0,1,0.24170597,0.0,0.36562088,0.3924888,0.0,3,natural_factor
2019-12-30,The_Jakarta_Post,0,0,1,0,0,1,0.045359645,0.0,0.7086404,0.0,0.23729397,2,financial_risk
2013-04-08,Thomson_Reuters,0,1,0,0,0,1,0.0,0.0,0.0,0.99004865,0.0,3,demand_side
1998-10-22,The_Wall_Street_Journal,0,0,0,0,0,1,0.69745463,0.0,0.23187949,0.06521662,0.0,0,natural_factor
2009-05-20,Thomson_Reuters,0,1,1,0,0,1,0.0,0.0,0.0,0.99891895,0.0,3,demand_side
2004-11-19,The_Wall_Street_Journal,0,0,0,0,0,1,0.989995,0.0,0.0,0.0,0.0,0,natural_factor
1999-06-27,The_Wall_Street_Journal,0,0,0,0,0,1,0.98956674,0.0,0.0,0.0,0.0,0,natural_factor
2004-11-04,The_Wall_Street_Journal,0,0,0,0,0,1,0.90053517,0.0,0.097593844,0.0,0.0,0,natural_factor
2013-11-27,Thomson_Reuters,0,0,0,0,0,1,0.05499527,0.0,0.0,0.94442886,0.0,3,natural_factor
2017-03-31,Financial_Times,0,0,0,0,0,2,0.44447294,0.0,0.4558553,0.04878797,0.050764803,2,natural_factor
2016-04-20,The_Wall_Street_Journal,0,0,0,0,0,1,0.2517946,0.0,0.17740855,0.57056034,0.0,3,natural_factor
2001-10-08,The_Wall_Street_Journal,0,0,1,1,0,1,0.2505453,0.0159478,0.56360275,0.16978373,0.0,2,financial_risk
2010-11-04,The_Wall_Street_Journal,0,0,0,0,0,2,0.99613935,0.0,0.0,0.0,0.0,0,natural_factor
2012-05-08,The_Wall_Street_Journal,0,0,0,0,0,1,0.99937457,0.0,0.0,0.0,0.0,0,natural_factor
2019-09-30,Financial_Times,0,0,0,0,0,1,0.8356325,0.0,0.1574487,0.0,0.0,0,natural_factor
2015-04-29,Thomson_Reuters,0,0,0,0,0,1,0.27559763,0.0,0.7054922,0.0,0.018550148,2,natural_factor
2002-03-06,The_Wall_Street_Journal,0,0,0,0,0,1,0.06219222,0.0,0.9358199,0.0,0.0,2,natural_factor
1998-06-30,The_Wall_Street_Journal,0,0,0,0,0,1,0.99758786,0.0,0.0,0.0,0.0,0,natural_factor
2016-01-02,The_Jakarta_Post,0,0,0,0,0,1,0.21325414,0.0,0.37686998,0.10649846,0.30330217,2,natural_factor
2016-11-11,The_Wall_Street_Journal,0,0,0,0,0,1,0.0,0.0,0.990429,0.0,0.0,2,natural_factor
2005-01-11,The_Wall_Street_Journal,0,0,0,0,0,1,0.10720143,0.0,0.89238787,0.0,0.0,2,natural_factor
2010-12-30,The_Wall_Street_Journal,0,0,0,0,0,1,0.99955195,0.0,0.0,0.0,0.0,0,natural_factor
2016-02-23,The_Wall_Street_Journal,0,0,1,0,0,1,0.46240556,0.0,0.0,0.5364957,0.0,3,financial_risk
2019-11-08,Channel_News_Asia,0,0,0,0,0,1,0.5244357,0.0,0.44276908,0.0,0.032164,0,natural_factor
2013-05-23,The_Phnom_Penh_Post,0,0,1,0,0,1,0.6488162,0.0,0.049505554,0.16644442,0.1350794,0,financial_risk
1999-07-12,The_Wall_Street_Journal,0,0,0,0,0,1,0.49818605,0.0,0.18482874,0.31061482,0.0,0,natural_factor
2002-03-13,The_Wall_Street_Journal,0,0,0,0,0,1,0.18444018,0.0,0.71327704,0.102179185,0.0,2,natural_factor
2004-03-24,The_Wall_Street_Journal,0,0,0,0,0,1,0.82172394,0.0,0.17541453,0.0,0.0,0,natural_factor
2000-04-06,The_Wall_Street_Journal,0,0,0,0,0,1,0.71069634,0.0,0.1409181,0.14802231,0.0,0,natural_factor
2017-11-22,Thomson_Reuters,0,0,0,0,0,1,0.0,0.0,0.7140845,0.19982395,0.08459152,2,natural_factor
2010-08-28,The_Wall_Street_Journal,0,0,0,0,0,1,0.27096945,0.14266413,0.1645919,0.42153892,0.0,3,natural_factor
2001-09-03,The_Wall_Street_Journal,0,0,0,0,0,1,0.22799608,0.0,0.57231355,0.19771071,0.0,2,natural_factor
2000-09-25,The_Wall_Street_Journal,1,0,0,0,0,1,0.34321544,0.0,0.23778103,0.41208282,0.0,3,supply_side
2019-02-28,The_Wall_Street_Journal,1,0,0,0,0,1,0.61821485,0.0,0.0,0.38082963,0.0,0,supply_side
2015-03-10,The_Wall_Street_Journal,0,0,0,0,0,2,0.9757461,0.023911163,0.0,0.0,0.0,0,natural_factor
2011-07-07,The_Wall_Street_Journal,0,0,0,0,0,2,0.9987964,0.0,0.0,0.0,0.0,0,natural_factor
2019-11-06,The_Wall_Street_Journal,0,0,0,0,0,1,0.40916795,0.0,0.053420663,0.5364785,0.0,3,natural_factor
2019-08-30,Financial_Times,0,1,0,0,0,1,0.75772995,0.0,0.14322191,0.09876815,0.0,0,demand_side
2006-07-25,The_Wall_Street_Journal,0,0,0,1,0,3,0.1339141,0.0100549,0.5254007,0.30776542,0.022864861,2,natural_factor
2017-09-27,The_Wall_Street_Journal,0,0,0,0,0,2,0.7536225,0.015735134,0.22754295,0.0,0.0,0,natural_factor
2006-03-21,The_Wall_Street_Journal,0,0,2,0,0,1,0.33404222,0.0,0.485068,0.17162001,0.0,2,financial_risk
2015-03-24,The_Wall_Street_Journal,0,0,0,0,0,1,0.9968485,0.0,0.0,0.0,0.0,0,natural_factor
2013-09-23,Thomson_Reuters,0,0,0,0,0,2,0.13761632,0.0,0.10273106,0.75933063,0.0,3,natural_factor
2015-09-16,Thomson_Reuters,0,0,1,0,0,1,0.311011,0.0,0.0,0.6879797,0.0,3,financial_risk
2019-08-29,Thomson_Reuters,0,0,1,0,0,1,0.2300539,0.0,0.20867018,0.5607602,0.0,3,financial_risk
2012-11-23,Thomson_Reuters,0,0,0,1,0,1,0.16191207,0.0,0.83724725,0.0,0.0,2,geopolitical_risk
2015-05-22,Thomson_Reuters,0,0,2,0,0,1,0.027549691,0.0,0.0,0.9717965,0.0,3,financial_risk
2010-09-28,Thomson_Reuters,0,1,0,0,0,1,0.08575205,0.0,0.0,0.9136319,0.0,3,demand_side
2019-03-22,Thomson_Reuters,0,0,0,0,0,1,0.0,0.0,0.9989268,0.0,0.0,2,natural_factor
2009-03-11,Thomson_Reuters,0,0,0,0,0,1,0.05809499,0.0,0.0,0.94082403,0.0,3,natural_factor
2009-09-22,Thomson_Reuters,0,0,2,0,0,1,0.06661305,0.0,0.022048047,0.9110067,0.0,3,financial_risk
2017-10-20,Financial_Times,0,0,0,0,1,2,0.27816176,0.0,0.66650647,0.055026367,0.0,2,natural_factor
2017-10-10,The_Wall_Street_Journal,0,0,0,0,0,1,0.21747772,0.0,0.36821055,0.41408542,0.0,3,natural_factor
2009-03-12,The_Wall_Street_Journal,0,1,0,0,0,1,0.50305784,0.0,0.38859984,0.030552777,0.07770405,0,demand_side
2016-07-01,Thomson_Reuters,0,0,0,0,0,1,0.20699796,0.0,0.7914171,0.0,0.0,2,natural_factor
2017-12-04,The_Wall_Street_Journal,0,0,0,0,0,3,0.8492328,0.0448883,0.033234626,0.07251898,0.0,0,natural_factor
2004-12-23,The_Wall_Street_Journal,0,0,0,0,0,1,0.9835909,0.0,0.015654936,0.0,0.0,0,natural_factor
2015-05-14,Thomson_Reuters,0,0,0,0,0,1,0.07637025,0.0,0.65262306,0.27048114,0.0,2,natural_factor
2005-04-15,The_Wall_Street_Journal,0,0,0,0,0,1,0.38789788,0.0,0.0,0.61175936,0.0,3,natural_factor
2012-11-21,Thomson_Reuters,0,0,0,0,0,1,0.058071155,0.0,0.16717924,0.77451426,0.0,3,natural_factor
2000-09-25,The_Wall_Street_Journal,0,0,0,0,0,1,0.46445492,0.0,0.0,0.5348926,0.0,3,natural_factor
2017-02-22,The_Wall_Street_Journal,0,0,0,0,0,1,0.54150957,0.0,0.0,0.45778477,0.0,0,natural_factor
2018-11-30,Thomson_Reuters,0,0,0,0,0,1,0.0,0.0,0.99844784,0.0,0.0,2,natural_factor
2010-08-23,Thomson_Reuters,0,0,0,0,0,1,0.0,0.0,0.14631405,0.8445142,0.0,3,natural_factor
2015-07-07,Thomson_Reuters,0,0,0,0,0,1,0.5667365,0.0,0.4315827,0.0,0.0,0,natural_factor
2015-09-16,Thomson_Reuters,0,0,0,0,0,1,0.87201804,0.0,0.0,0.12330011,0.0,0,natural_factor
2014-10-14,Thomson_Reuters,0,0,0,0,0,1,0.0,0.0,0.89342564,0.10194608,0.0,2,natural_factor
2018-07-29,Financial_Times,0,0,0,0,0,1,0.0,0.0,0.9553099,0.044104923,0.0,2,natural_factor
1999-06-14,The_Wall_Street_Journal,0,0,0,0,0,1,0.79365826,0.0,0.20612372,0.0,0.0,0,natural_factor
2008-11-18,Thomson_Reuters,0,0,0,0,0,1,0.19089329,0.0,0.025743477,0.7487565,0.034403913,3,natural_factor
2015-03-02,Thomson_Reuters,0,0,2,0,0,1,0.0389886,0.0,0.020384405,0.9402847,0.0,3,financial_risk
2019-06-26,Thomson_Reuters,0,0,0,0,0,1,0.07661493,0.0,0.92251813,0.0,0.0,2,natural_factor
2010-09-30,Thomson_Reuters,0,1,0,0,0,1,0.06240169,0.0,0.020151144,0.917197,0.0,3,demand_side
2017-06-23,Thomson_Reuters,0,0,0,3,0,1,0.22766723,0.0,0.7478056,0.0,0.024368908,2,geopolitical_risk
2015-04-21,Thomson_Reuters,0,0,0,0,0,1,0.0,0.0,0.47951862,0.5171182,0.0,3,natural_factor
2015-07-01,The_Wall_Street_Journal,0,0,0,0,0,1,0.5250293,0.0,0.4743899,0.0,0.0,0,natural_factor
2016-10-17,The_Wall_Street_Journal,0,0,0,0,0,1,0.18315415,0.0,0.7582484,0.058275428,0.0,2,natural_factor
2005-06-20,The_Wall_Street_Journal,0,0,0,0,0,1,0.6287383,0.0,0.28976846,0.08102853,0.0,0,natural_factor
2016-05-09,Financial_Times,0,0,0,1,0,1,0.44358185,0.0,0.34808537,0.072588496,0.1356962,0,geopolitical_risk
2012-08-23,Thomson_Reuters,0,0,0,0,0,1,0.09350712,0.0,0.014596916,0.8916558,0.0,3,natural_factor
2018-02-18,Thomson_Reuters,0,0,0,0,0,1,0.5854821,0.0,0.41157135,0.0,0.0,0,natural_factor
2019-07-03,Financial_Times,0,1,0,1,0,1,0.80083025,0.0,0.13617478,0.04704757,0.015897037,0,demand_side
2005-05-18,The_Wall_Street_Journal,0,0,0,0,0,1,0.9508863,0.02703553,0.021760337,0.0,0.0,0,natural_factor
1999-07-07,The_Wall_Street_Journal,0,0,0,0,0,1,0.48875996,0.0,0.33348277,0.17763986,0.0,0,natural_factor
2008-11-06,Thomson_Reuters,0,0,1,0,0,1,0.113987885,0.0,0.0,0.88543093,0.0,3,financial_risk
2016-05-13,Financial_Times,0,0,4,0,0,1,0.3945438,0.0,0.16317965,0.43432614,0.0,3,financial_risk
2019-11-18,Financial_Times,0,0,0,0,0,1,0.5125928,0.0,0.48563403,0.0,0.0,0,natural_factor
2009-10-14,Thomson_Reuters,0,0,0,0,0,1,0.5702262,0.0,0.0,0.42914024,0.0,0,natural_factor
2016-02-11,Thomson_Reuters,0,0,1,0,0,1,0.5338908,0.0,0.0,0.4654017,0.0,0,financial_risk
2009-02-19,Thomson_Reuters,0,0,0,0,0,1,0.09994268,0.0,0.032005582,0.8674747,0.0,3,natural_factor
2009-10-19,The_Wall_Street_Journal,0,0,0,0,0,2,0.34727353,0.0,0.40784627,0.14958791,0.095254056,2,natural_factor
2010-08-26,Thomson_Reuters,0,1,0,0,0,1,0.051281642,0.0,0.0,0.94803727,0.0,3,demand_side
2016-03-22,The_Wall_Street_Journal,0,0,0,0,0,1,0.0,0.0,0.8714991,0.12764521,0.0,2,natural_factor
2011-08-19,The_Wall_Street_Journal,0,0,0,0,0,2,0.3932895,0.0,0.1539262,0.4524741,0.0,3,natural_factor
2012-08-23,Thomson_Reuters,0,0,0,0,0,1,0.09270416,0.0,0.035569828,0.8713801,0.0,3,natural_factor
2016-06-20,The_Wall_Street_Journal,0,0,0,0,0,1,0.3075687,0.0,0.32110634,0.3698916,0.0,3,natural_factor
2009-09-29,Thomson_Reuters,0,0,0,0,0,1,0.7895695,0.0,0.0,0.20949289,0.0,0,natural_factor
2013-05-23,Thomson_Reuters,0,0,0,0,0,1,0.055067394,0.0,0.0,0.9442975,0.0,3,natural_factor
2013-04-11,Thomson_Reuters,0,1,1,0,0,1,0.07998512,0.0,0.0,0.919526,0.0,3,demand_side
2019-11-08,The_Wall_Street_Journal,0,0,0,0,0,1,0.4058783,0.022944821,0.28165832,0.2893228,0.0,0,natural_factor
2018-05-29,Thomson_Reuters,1,0,1,0,0,1,0.033520807,0.0,0.60814196,0.35801744,0.0,2,supply_side
2016-06-15,Financial_Times,0,0,0,0,0,1,0.2234285,0.0,0.0,0.7758965,0.0,3,natural_factor
2011-09-21,Thomson_Reuters,0,1,1,0,0,1,0.08754947,0.0,0.0,0.9114398,0.0,3,demand_side
2009-11-27,The_Wall_Street_Journal,0,1,0,0,1,3,0.27262434,0.0,0.685054,0.028553441,0.013729341,2,natural_factor
2016-04-04,Thomson_Reuters,0,0,0,0,0,1,0.0,0.0,0.66098857,0.3346917,0.0,2,natural_factor
2015-11-24,Thomson_Reuters,0,0,0,0,0,1,0.27739498,0.0,0.0,0.72165483,0.0,3,natural_factor
2011-08-19,Thomson_Reuters,0,0,0,0,0,1,0.17550533,0.0,0.2264104,0.5977273,0.0,3,natural_factor
2012-11-20,Thomson_Reuters,0,0,0,0,0,1,0.0636299,0.0,0.15737021,0.7786713,0.0,3,natural_factor
2009-11-11,The_Wall_Street_Journal,0,0,0,0,0,1,0.0,0.0,0.8759069,0.11111373,0.012535106,2,natural_factor
2009-09-09,Thomson_Reuters,0,0,0,0,0,1,0.30643022,0.0,0.06834834,0.6246467,0.0,3,natural_factor
2006-09-22,The_Wall_Street_Journal,0,0,0,0,0,1,0.10753494,0.0,0.89189285,0.0,0.0,2,natural_factor
2001-05-10,The_Wall_Street_Journal,0,0,0,0,0,1,0.15783325,0.0,0.066145,0.6354983,0.14036019,3,natural_factor
2014-10-20,The_Wall_Street_Journal,0,0,2,0,0,1,0.54623115,0.0,0.0,0.45259088,0.0,0,financial_risk
2000-12-18,The_Wall_Street_Journal,0,0,0,0,0,1,0.2180849,0.0,0.12407117,0.6576813,0.0,3,natural_factor
2001-04-05,The_Wall_Street_Journal,0,0,0,0,0,1,0.99903566,0.0,0.0,0.0,0.0,0,natural_factor
2015-11-24,The_Wall_Street_Journal,0,0,1,0,0,1,0.58400166,0.0,0.0,0.40792373,0.0,0,financial_risk
2002-01-21,The_Wall_Street_Journal,0,0,0,0,0,1,0.114435926,0.0,0.73901904,0.14627792,0.0,2,natural_factor
2002-03-05,The_Wall_Street_Journal,0,0,0,0,0,1,0.2841451,0.12501416,0.5552092,0.035489693,0.0,2,natural_factor
2013-11-27,Thomson_Reuters,0,0,0,0,0,1,0.046076283,0.0,0.0,0.95318043,0.0,3,natural_factor
2012-03-16,The_Wall_Street_Journal,0,0,0,0,0,1,0.74821866,0.0,0.25120056,0.0,0.0,0,natural_factor
2017-12-13,The_Wall_Street_Journal,0,0,1,0,0,1,0.7228499,0.0107318945,0.2500621,0.01623701,0.0,0,financial_risk
2019-06-24,Financial_Times,0,0,0,0,0,2,0.6844975,0.0,0.31512195,0.0,0.0,0,natural_factor
2016-05-30,The_Wall_Street_Journal,0,0,1,0,0,1,0.310649,0.0,0.62413675,0.06494611,0.0,2,financial_risk
2012-10-28,The_Wall_Street_Journal,0,0,0,0,0,1,0.67156994,0.0,0.3220913,0.0,0.0,0,natural_factor
2019-11-07,Financial_Times,0,0,0,0,0,1,0.816598,0.0,0.16474405,0.018419446,0.0,0,natural_factor
2017-08-04,Thomson_Reuters,0,0,0,0,0,1,0.6127747,0.0,0.2952912,0.0746267,0.017169429,0,natural_factor
2005-03-29,The_Wall_Street_Journal,0,0,0,0,0,1,0.0,0.0,0.99949515,0.0,0.0,2,natural_factor
2016-08-24,Thomson_Reuters,0,0,0,0,0,1,0.0,0.0,0.3280916,0.6711051,0.0,3,natural_factor
2010-12-08,The_Wall_Street_Journal,1,0,0,0,0,1,0.0,0.0,0.5422094,0.3967743,0.060519427,2,supply_side
2017-07-31,Thomson_Reuters,0,0,0,1,0,2,0.3819992,0.0,0.6060319,0.0,0.011229415,2,natural_factor
2016-05-25,The_Wall_Street_Journal,0,0,0,0,0,1,0.88927484,0.012787191,0.09733615,0.0,0.0,0,natural_factor
2013-04-02,Thomson_Reuters,0,0,1,0,0,1,0.06711319,0.0,0.07128952,0.8613122,0.0,3,financial_risk
2013-09-10,Financial_Times,0,0,0,0,0,1,0.34370995,0.0,0.0,0.6556816,0.0,3,natural_factor
2009-11-24,Thomson_Reuters,0,0,0,0,0,1,0.040905803,0.0,0.0,0.9583098,0.0,3,natural_factor
2014-07-24,The_Wall_Street_Journal,0,0,0,0,0,1,0.5698656,0.0,0.42816108,0.0,0.0,0,natural_factor
2019-12-14,Financial_Times,1,0,0,1,0,1,0.99886113,0.0,0.0,0.0,0.0,0,supply_side
2019-11-25,Financial_Times,0,0,0,0,0,1,0.025685875,0.0,0.9735919,0.0,0.0,2,natural_factor
2018-04-11,The_Wall_Street_Journal,1,0,2,0,0,1,0.93080026,0.0,0.0,0.052270137,0.011919677,0,financial_risk
2015-09-15,Thomson_Reuters,0,0,0,0,0,1,0.0,0.0,0.6018152,0.3967971,0.0,2,natural_factor
2018-06-01,Thomson_Reuters,2,0,0,1,0,1,0.0,0.0,0.033221886,0.9520447,0.014257908,3,supply_side
2016-10-26,Thomson_Reuters,0,0,0,0,0,1,0.8854561,0.0,0.0,0.1138224,0.0,0,natural_factor
2013-01-21,The_Wall_Street_Journal,0,0,0,0,0,2,0.99756664,0.0,0.0,0.0,0.0,0,natural_factor
2012-05-23,Thomson_Reuters,0,1,0,0,0,1,0.4621341,0.0,0.0,0.53733736,0.0,3,demand_side
2018-01-17,Financial_Times,0,0,0,0,0,1,0.0,0.0,0.93204117,0.06741076,0.0,2,natural_factor
2015-08-21,Thomson_Reuters,0,0,0,0,0,1,0.053878207,0.0,0.0,0.9454499,0.0,3,natural_factor
2013-11-27,Thomson_Reuters,0,0,0,0,0,1,0.049991004,0.0,0.0,0.9494387,0.0,3,natural_factor
2017-11-02,Thomson_Reuters,0,0,0,0,0,1,0.5194385,0.0,0.0,0.47981864,0.0,0,natural_factor
2014-01-19,The_Wall_Street_Journal,0,0,0,0,0,1,0.8659954,0.0,0.13311478,0.0,0.0,0,natural_factor
2019-11-18,Thomson_Reuters,1,0,1,0,0,1,0.0,0.0,0.19185424,0.8071219,0.0,3,supply_side
2008-05-08,The_Wall_Street_Journal,1,1,0,0,0,1,0.9866326,0.0,0.0,0.0,0.013115234,0,supply_side
2019-11-29,Financial_Times,0,0,0,0,0,1,0.94044644,0.0,0.0,0.058952987,0.0,0,natural_factor
2019-11-14,Financial_Times,0,0,0,0,0,1,0.0,0.0,0.99773157,0.0,0.0,2,natural_factor
2012-09-27,Thomson_Reuters,0,1,1,0,0,1,0.03029435,0.0,0.116198406,0.81520313,0.03818172,3,demand_side
2005-10-25,The_Wall_Street_Journal,0,0,0,0,0,3,0.7780204,0.0,0.20895386,0.0,0.012757148,0,natural_factor
2017-08-23,Thomson_Reuters,0,0,0,0,0,1,0.21355607,0.0,0.0,0.7846906,0.0,3,natural_factor
2019-03-04,The_Wall_Street_Journal,0,0,0,0,0,1,0.0,0.0,0.99894196,0.0,0.0,2,natural_factor
2008-09-25,The_Wall_Street_Journal,0,0,0,0,0,1,0.82489604,0.0,0.17423977,0.0,0.0,0,natural_factor
2016-06-23,Thomson_Reuters,1,0,0,0,1,1,0.543813,0.0,0.33680773,0.09668612,0.022549847,0,supply_side
2012-11-27,Financial_Times,0,0,1,0,0,3,0.19082928,0.0,0.70444834,0.10445495,0.0,2,natural_factor
2008-06-05,The_Wall_Street_Journal,0,2,0,0,0,1,0.7863882,0.0,0.105444044,0.0,0.104973875,0,demand_side
2006-09-23,The_Wall_Street_Journal,0,0,0,0,0,1,0.017235406,0.013874481,0.95175195,0.01492379,0.0,2,natural_factor
2012-07-21,The_Wall_Street_Journal,0,0,0,0,0,1,0.60025537,0.0,0.31189656,0.08749831,0.0,0,natural_factor
2015-12-30,The_Jakarta_Post,0,0,0,0,0,1,0.0,0.0,0.9551088,0.0,0.042474404,2,natural_factor
2002-04-11,The_Wall_Street_Journal,0,0,0,0,0,1,0.24453229,0.024896301,0.7298241,0.0,0.0,2,natural_factor
2018-03-07,Financial_Times,0,0,0,0,0,1,0.9933769,0.0,0.0,0.0,0.0,0,natural_factor
2014-10-06,Thomson_Reuters,0,0,0,0,0,1,0.38009167,0.0,0.42695996,0.19258586,0.0,2,natural_factor
2013-01-11,The_Wall_Street_Journal,0,0,1,0,0,1,0.71722883,0.0,0.24420597,0.028454477,0.0,0,financial_risk
2010-08-07,The_Wall_Street_Journal,0,0,0,0,0,2,0.40372983,0.0,0.5957487,0.0,0.0,2,natural_factor
2002-08-13,The_Wall_Street_Journal,0,0,0,0,0,1,0.087110706,0.0,0.49895445,0.41226584,0.0,2,natural_factor
2001-02-09,The_Wall_Street_Journal,0,0,1,0,0,1,0.4058785,0.01282099,0.4951371,0.0,0.07912902,2,financial_risk
2010-12-06,The_Myanmar_Times,0,0,0,0,0,1,0.9491528,0.0,0.0,0.04965983,0.0,0,natural_factor
2014-01-15,The_Wall_Street_Journal,0,0,0,0,0,1,0.31025118,0.0,0.6893237,0.0,0.0,2,natural_factor
2016-12-22,The_Wall_Street_Journal,0,0,1,0,0,1,0.59855866,0.0,0.40117693,0.0,0.0,0,financial_risk
2006-06-08,The_Wall_Street_Journal,0,0,0,0,0,1,0.9533608,0.0,0.0,0.0,0.04600615,0,natural_factor
2016-09-07,Thomson_Reuters,1,0,1,0,0,1,0.19580884,0.0,0.80329216,0.0,0.0,2,supply_side
2019-12-06,New_Strait_Times,0,0,0,0,1,1,0.021946328,0.0,0.2588064,0.52378,0.19530934,3,esg_regulation
2010-08-11,The_Wall_Street_Journal,0,0,0,0,0,1,0.2140956,0.0,0.77051,0.015181388,0.0,2,natural_factor
2010-03-08,Thomson_Reuters,0,0,1,0,0,1,0.027291223,0.0,0.0696584,0.9026962,0.0,3,financial_risk
2015-08-11,The_Wall_Street_Journal,0,0,0,0,0,1,0.99955505,0.0,0.0,0.0,0.0,0,natural_factor
2016-09-06,Thomson_Reuters,1,0,1,0,0,1,0.18896998,0.0,0.81019306,0.0,0.0,2,supply_side
2019-11-13,The_Wall_Street_Journal,0,0,1,0,0,1,0.20553511,0.0,0.6722597,0.12193461,0.0,2,financial_risk
2019-05-23,The_Wall_Street_Journal,0,0,0,0,0,1,0.25326592,0.0,0.0,0.74556994,0.0,3,natural_factor
2016-08-24,The_Wall_Street_Journal,0,0,0,0,0,1,0.5529298,0.0,0.0,0.44579312,0.0,0,natural_factor
2005-02-04,The_Wall_Street_Journal,0,0,0,0,0,1,0.99324393,0.0,0.0,0.0,0.0,0,natural_factor
2017-10-03,The_Wall_Street_Journal,0,0,0,0,0,1,0.99871725,0.0,0.0,0.0,0.0,0,natural_factor
2004-06-18,The_Wall_Street_Journal,0,0,0,0,0,2,0.6459737,0.0,0.33623785,0.0,0.017609518,0,natural_factor
2010-09-29,Thomson_Reuters,0,0,1,0,0,1,0.0,0.04263927,0.05547068,0.901162,0.0,3,financial_risk
2003-12-09,The_Wall_Street_Journal,0,0,0,0,0,1,0.238674,0.0,0.74117315,0.019885939,0.0,2,natural_factor
2001-10-31,The_Wall_Street_Journal,0,0,0,0,0,1,0.49504024,0.0,0.0,0.50365794,0.0,3,natural_factor
2002-10-18,The_Wall_Street_Journal,0,0,0,0,0,1,0.49043807,0.0,0.0,0.5081704,0.0,3,natural_factor
2016-09-18,The_Wall_Street_Journal,0,0,0,0,0,1,0.95141894,0.0,0.04807355,0.0,0.0,0,natural_factor
2002-07-30,The_Wall_Street_Journal,0,0,0,0,0,1,0.6438236,0.0,0.3338032,0.022133566,0.0,0,natural_factor
2000-06-26,The_Wall_Street_Journal,0,0,0,0,0,2,0.9996203,0.0,0.0,0.0,0.0,0,natural_factor
2003-04-15,The_Wall_Street_Journal,0,0,0,0,0,1,0.27100974,0.0,0.05792863,0.6707857,0.0,3,natural_factor
2012-06-04,Thomson_Reuters,0,0,0,0,0,1,0.2715077,0.0,0.25987792,0.46828073,0.0,3,natural_factor
2005-04-20,The_Wall_Street_Journal,0,0,0,0,0,1,0.8508254,0.021808704,0.12046007,0.0,0.0,0,natural_factor
2016-09-08,Thomson_Reuters,0,0,0,0,0,1,0.36643273,0.0,0.4374064,0.1959586,0.0,2,natural_factor
2013-11-26,The_Wall_Street_Journal,0,0,2,0,0,1,0.5200556,0.0,0.051220313,0.4283674,0.0,0,financial_risk
2019-06-17,Financial_Times,1,0,0,1,0,1,0.22302808,0.0,0.5376576,0.11569478,0.12352446,2,supply_side
2010-10-15,Financial_Times,0,0,0,0,0,1,0.91042185,0.0,0.0,0.08864145,0.0,0,natural_factor
2002-08-15,The_Wall_Street_Journal,1,0,1,0,0,1,0.9545849,0.0,0.0226053,0.017150585,0.0,0,supply_side
2001-01-11,The_Wall_Street_Journal,0,0,0,0,0,1,0.999323,0.0,0.0,0.0,0.0,0,natural_factor
2019-03-26,Thomson_Reuters,1,0,0,0,0,1,0.038188104,0.0,0.11020664,0.75635827,0.095101364,3,supply_side
2019-07-03,Thomson_Reuters,0,0,1,0,0,1,0.20036139,0.0,0.7032427,0.09615597,0.0,2,financial_risk
2017-11-30,Thomson_Reuters,0,0,0,0,0,1,0.0,0.0,0.7942239,0.204161,0.0,2,natural_factor
2012-10-03,Thomson_Reuters,0,0,1,0,0,1,0.10422046,0.0,0.0,0.89521515,0.0,3,financial_risk
2016-05-25,The_Wall_Street_Journal,0,0,0,0,0,1,0.3358573,0.0,0.0,0.6633227,0.0,3,natural_factor
2019-11-14,Thomson_Reuters,4,1,0,0,0,1,0.052875187,0.0,0.0,0.9462844,0.0,3,supply_side
2018-10-23,Financial_Times,0,0,0,0,0,1,0.0,0.0,0.9521632,0.04272132,0.0,2,natural_factor
2002-01-14,The_Wall_Street_Journal,1,0,1,0,0,3,0.975107,0.0,0.022663713,0.0,0.0,0,natural_factor
2005-06-22,The_Wall_Street_Journal,0,0,0,0,0,2,0.99943554,0.0,0.0,0.0,0.0,0,natural_factor
2017-05-25,The_Wall_Street_Journal,0,0,0,0,0,1,0.86092776,0.0,0.0,0.1381513,0.0,0,natural_factor
2018-01-17,Thomson_Reuters,1,0,1,0,0,1,0.0,0.0,0.81658,0.18233909,0.0,2,supply_side
2018-05-30,Thomson_Reuters,0,0,0,0,0,1,0.0138557665,0.0,0.16524807,0.8204916,0.0,3,natural_factor
2014-10-05,Thomson_Reuters,0,0,0,0,0,1,0.6525604,0.0,0.2399643,0.107152306,0.0,0,natural_factor
2018-03-28,The_Wall_Street_Journal,0,0,1,1,0,1,0.51863307,0.0,0.3870695,0.09407058,0.0,0,financial_risk
2009-05-07,Thomson_Reuters,0,0,0,0,0,1,0.08424715,0.0,0.0,0.91494906,0.0,3,natural_factor
2018-09-16,The_Wall_Street_Journal,0,0,0,0,0,1,0.465652,0.0,0.15423222,0.37960324,0.0,0,natural_factor
2010-02-15,The_Myanmar_Times,1,0,0,0,0,1,0.7680614,0.0,0.0,0.23104537,0.0,0,supply_side
2016-07-07,The_Wall_Street_Journal,3,0,2,0,0,1,0.3541669,0.0,0.07721158,0.5683684,0.0,3,supply_side
2015-09-07,Thomson_Reuters,0,0,0,0,0,1,0.63292336,0.0,0.1062137,0.260324,0.0,0,natural_factor
2016-04-22,The_Wall_Street_Journal,2,0,0,0,0,1,0.0,0.0,0.30118218,0.69802254,0.0,3,supply_side
2014-11-26,Thomson_Reuters,0,0,0,0,0,1,0.031844877,0.0,0.0,0.9671307,0.0,3,natural_factor
2019-11-06,Financial_Times,0,0,0,0,0,1,0.41452685,0.0,0.39314398,0.19201636,0.0,0,natural_factor
2014-11-19,The_Wall_Street_Journal,0,1,1,0,0,1,0.1734844,0.05772966,0.76393175,0.0,0.0,2,demand_side
2008-09-09,The_Wall_Street_Journal,1,0,0,0,0,3,0.14173359,0.0,0.13921784,0.70888877,0.01007017,3,natural_factor
2015-10-01,Thomson_Reuters,0,0,0,0,0,1,0.14569171,0.044707906,0.30929086,0.49961752,0.0,3,natural_factor
2007-09-20,The_Wall_Street_Journal,0,0,0,0,0,1,0.99752724,0.0,0.0,0.0,0.0,0,natural_factor
2016-06-19,The_Wall_Street_Journal,0,0,0,0,0,1,0.14001755,0.0,0.8595882,0.0,0.0,2,natural_factor
2007-09-21,The_Wall_Street_Journal,1,0,1,0,0,2,0.48260412,0.0,0.4202974,0.049374994,0.047695592,0,natural_factor
2019-03-21,The_Wall_Street_Journal,0,0,0,0,0,1,0.9827301,0.01617614,0.0,0.0,0.0,0,natural_factor
2019-11-21,Thomson_Reuters,0,0,0,0,0,1,0.0,0.0,0.87995964,0.11915909,0.0,2,natural_factor
2018-02-22,The_Wall_Street_Journal,0,0,0,0,0,1,0.90580773,0.0,0.09354154,0.0,0.0,0,natural_factor
2018-03-25,The_Wall_Street_Journal,0,0,0,0,0,1,0.7856843,0.0,0.16035776,0.05386456,0.0,0,natural_factor
2005-02-15,The_Wall_Street_Journal,0,0,0,0,0,2,0.52575594,0.04491709,0.42866087,0.0,0.0,0,natural_factor
2012-07-12,Thomson_Reuters,0,0,1,0,0,1,0.6491286,0.0,0.21495822,0.13557296,0.0,0,financial_risk
2002-02-26,The_Wall_Street_Journal,0,0,0,0,0,1,0.0,0.0,0.9928362,0.0,0.0,2,natural_factor
2004-01-08,The_Wall_Street_Journal,0,0,0,0,0,1,0.16834077,0.0,0.074775614,0.75663465,0.0,3,natural_factor
2017-06-22,The_Wall_Street_Journal,0,0,0,0,0,1,0.9000688,0.0,0.092755556,0.0,0.0,0,natural_factor
2001-09-06,The_Wall_Street_Journal,0,0,1,0,0,1,0.8406834,0.0,0.10390258,0.055341214,0.0,0,financial_risk
2013-09-10,Thomson_Reuters,0,1,0,0,0,1,0.08314822,0.0,0.09383519,0.8227249,0.0,3,demand_side
2014-02-05,The_Wall_Street_Journal,0,0,0,0,0,1,0.8931037,0.0,0.10234118,0.0,0.0,0,natural_factor
2016-06-02,Financial_Times,0,0,0,1,0,1,0.4848016,0.0,0.4890855,0.025943857,0.0,2,geopolitical_risk
2009-05-30,The_Wall_Street_Journal,0,0,1,0,0,1,0.25029203,0.0,0.0,0.7488246,0.0,3,financial_risk
2010-08-27,Thomson_Reuters,0,1,1,0,0,1,0.056890164,0.0,0.047588434,0.8951836,0.0,3,demand_side
2015-10-01,The_Wall_Street_Journal,0,0,0,0,0,1,0.06084775,0.0,0.5171844,0.42108053,0.0,2,natural_factor
2014-10-12,Financial_Times,0,0,1,0,0,1,0.69666624,0.0,0.254639,0.048359554,0.0,0,financial_risk
2015-10-27,The_Wall_Street_Journal,0,0,1,0,0,1,0.0,0.0,0.0,0.9980911,0.0,3,financial_risk
2012-10-16,The_Wall_Street_Journal,0,0,0,0,0,1,0.9972422,0.0,0.0,0.0,0.0,0,natural_factor
2019-11-19,Channel_News_Asia,0,0,0,0,0,1,0.16172512,0.027658189,0.1328007,0.6774185,0.0,3,natural_factor
2017-06-13,The_Wall_Street_Journal,0,0,0,0,0,1,0.9993582,0.0,0.0,0.0,0.0,0,natural_factor
2004-08-27,The_Wall_Street_Journal,0,0,0,0,0,1,0.34840107,0.09588315,0.0,0.55497074,0.0,3,natural_factor
2001-09-04,The_Wall_Street_Journal,0,0,0,0,0,1,0.22376205,0.0,0.06351832,0.7123585,0.0,3,natural_factor
2009-11-11,Thomson_Reuters,0,0,1,0,0,1,0.7837862,0.0,0.07086393,0.14505588,0.0,0,financial_risk
2015-11-26,Thomson_Reuters,0,1,1,0,0,1,0.100499146,0.0,0.0,0.894626,0.0,3,demand_side
2001-10-16,The_Wall_Street_Journal,0,2,0,0,0,2,0.4264867,0.0,0.23289435,0.30175507,0.036312178,0,demand_side
2016-01-08,Thomson_Reuters,0,0,0,0,0,1,0.115734,0.0,0.46022707,0.42210484,0.0,2,natural_factor
2001-08-01,The_Wall_Street_Journal,0,0,0,0,0,1,0.18796717,0.0,0.17307813,0.63850373,0.0,3,natural_factor
2018-08-23,The_Wall_Street_Journal,0,0,1,0,0,1,0.55517423,0.0,0.0,0.44342086,0.0,0,financial_risk
2019-06-19,Thomson_Reuters,0,0,0,0,0,1,0.0,0.0,0.99896616,0.0,0.0,2,natural_factor
1999-08-13,The_Wall_Street_Journal,0,0,0,0,0,1,0.95325553,0.0,0.04634215,0.0,0.0,0,natural_factor
2016-08-26,The_Wall_Street_Journal,0,0,0,0,0,1,0.44242227,0.0,0.55661255,0.0,0.0,2,natural_factor
2002-03-02,The_Wall_Street_Journal,0,0,0,0,0,1,0.0,0.0,0.9369874,0.062577344,0.0,2,natural_factor
2016-01-12,The_Wall_Street_Journal,0,1,0,0,0,1,0.70698786,0.0,0.0,0.29188555,0.0,0,demand_side
2019-03-25,Thomson_Reuters,0,0,0,0,0,1,0.0,0.0,0.9990008,0.0,0.0,2,natural_factor
2010-02-18,Thomson_Reuters,0,0,0,0,0,1,0.0,0.0,0.0,0.9989539,0.0,3,natural_factor
2019-02-14,Financial_Times,0,0,1,0,0,1,0.4022583,0.0,0.16870357,0.42852554,0.0,3,financial_risk
2015-12-23,The_Wall_Street_Journal,0,0,0,3,0,1,0.24285325,0.0,0.7205736,0.0363692,0.0,2,geopolitical_risk
2016-11-16,The_Wall_Street_Journal,1,0,0,0,0,1,0.9048508,0.0,0.06557705,0.0,0.02927774,0,supply_side
2019-03-04,Financial_Times,0,0,0,0,0,1,0.0,0.02315165,0.9759392,0.0,0.0,2,natural_factor
2012-05-24,Thomson_Reuters,0,0,0,0,0,1,0.0,0.0,0.12260939,0.8742315,0.0,3,natural_factor
2017-05-09,Thomson_Reuters,0,0,0,0,0,1,0.20230153,0.0,0.2914654,0.47962844,0.026400687,3,natural_factor
2019-01-11,The_Wall_Street_Journal,0,0,1,0,0,1,0.56971,0.039552096,0.17540883,0.21521163,0.0,0,financial_risk
2007-05-17,The_Wall_Street_Journal,0,0,0,0,0,2,0.99953145,0.0,0.0,0.0,0.0,0,natural_factor
2004-12-06,The_Wall_Street_Journal,0,0,0,0,0,1,0.91578877,0.02388075,0.060032718,0.0,0.0,0,natural_factor
2019-03-23,Thomson_Reuters,0,0,0,0,0,1,0.0,0.0,0.9972301,0.0,0.0,2,natural_factor
2014-03-24,The_Wall_Street_Journal,0,0,0,0,0,1,0.75289226,0.0,0.24665207,0.0,0.0,0,natural_factor
2017-05-14,The_Wall_Street_Journal,0,0,1,0,0,1,0.9651996,0.0,0.02280543,0.0,0.011735685,0,financial_risk
2013-04-04,The_Wall_Street_Journal,0,0,0,0,0,1,0.66508305,0.0,0.29723164,0.018428454,0.019200034,0,natural_factor
2009-02-23,The_Wall_Street_Journal,0,0,0,0,0,1,0.62540007,0.0,0.13600408,0.22633196,0.0121875005,0,natural_factor
2006-12-08,The_Wall_Street_Journal,0,0,0,0,0,1,0.042461995,0.0,0.95706075,0.0,0.0,2,natural_factor
2016-02-29,The_Jakarta_Post,0,0,0,0,0,1,0.8694234,0.0,0.0,0.06303565,0.06668335,0,natural_factor
2019-08-2,South_China_Morning_Post,0,0,0,0,0,1,0.44719177,0.0,0.46041626,0.0,0.09205581,2,natural_factor
2017-07-27,Thomson_Reuters,0,0,0,0,0,1,0.0,0.0,0.69156253,0.3055057,0.0,2,natural_factor
2013-03-19,Financial_Times,0,0,0,0,0,1,0.88201404,0.0,0.11756128,0.0,0.0,0,natural_factor
2016-10-20,The_Wall_Street_Journal,0,0,1,0,0,1,0.041252982,0.0,0.0,0.9577066,0.0,3,financial_risk
2019-09-16,Viet_Nam_News,0,0,0,0,2,1,0.7707107,0.0,0.0,0.0,0.22883984,0,esg_regulation
2016-09-08,The_Wall_Street_Journal,0,0,1,0,0,1,0.41103247,0.0,0.5148367,0.07383389,0.0,2,financial_risk
2010-08-24,Thomson_Reuters,0,0,0,0,0,1,0.15385632,0.0,0.046195332,0.79947823,0.0,3,natural_factor
2019-11-05,The_Wall_Street_Journal,0,0,1,0,0,1,0.2947588,0.0,0.56673855,0.13824622,0.0,2,financial_risk
2019-11-27,Financial_Times,0,0,0,0,0,1,0.99306256,0.0,0.0,0.0,0.0,0,natural_factor
2002-02-22,The_Wall_Street_Journal,0,0,0,0,0,1,0.0,0.0,0.82835555,0.17100261,0.0,2,natural_factor
2019-06-05,Thomson_Reuters,0,0,0,0,0,1,0.18716411,0.0,0.8122121,0.0,0.0,2,natural_factor
2006-06-22,The_Wall_Street_Journal,0,0,0,0,0,1,0.9676728,0.031793676,0.0,0.0,0.0,0,natural_factor
2014-03-19,The_Wall_Street_Journal,0,0,0,0,0,1,0.0,0.0,0.99681544,0.0,0.0,2,natural_factor
2019-12-31,Thomson_Reuters,0,1,0,0,0,1,0.13638422,0.0,0.043308828,0.8198516,0.0,3,demand_side
2017-05-25,The_Wall_Street_Journal,0,0,0,0,0,1,0.8529309,0.0,0.0,0.14656638,0.0,0,natural_factor
2015-12-27,The_Wall_Street_Journal,0,0,0,0,0,2,0.9864351,0.0,0.0,0.0,0.0,0,natural_factor
2019-11-08,Financial_Times,0,0,0,0,0,1,0.4125029,0.0,0.5488985,0.03835048,0.0,2,natural_factor
2016-10-13,The_Wall_Street_Journal,0,0,1,0,0,1,0.306737,0.0,0.0,0.69250673,0.0,3,financial_risk
2001-10-25,The_Wall_Street_Journal,0,0,2,0,0,1,0.2558462,0.0,0.59594345,0.14790888,0.0,2,financial_risk
2011-01-23,The_Wall_Street_Journal,0,0,0,0,0,1,0.671319,0.0,0.17366768,0.15457344,0.0,0,natural_factor
2017-11-01,The_Wall_Street_Journal,0,0,0,0,0,1,0.83553886,0.0,0.0,0.1635878,0.0,0,natural_factor
2015-10-08,Thomson_Reuters,0,0,0,0,0,1,0.23153731,0.0,0.57833385,0.18966655,0.0,2,natural_factor
2019-08-22,Thomson_Reuters,0,0,0,0,0,1,0.32800406,0.0,0.18327044,0.48793244,0.0,3,natural_factor
2018-03-09,Financial_Times,0,0,0,0,0,1,0.8028554,0.0,0.17755991,0.0,0.011407447,0,natural_factor
2015-11-24,The_Jakarta_Post,1,0,0,0,0,1,0.71520185,0.0,0.0,0.13469082,0.14968702,0,supply_side
2004-07-07,The_Wall_Street_Journal,0,0,0,0,0,1,0.8212444,0.0,0.1783342,0.0,0.0,0,natural_factor
2019-11-21,Financial_Times,0,0,0,0,0,2,0.7100759,0.0,0.24704966,0.042689867,0.0,0,natural_factor
1999-08-31,The_Wall_Street_Journal,0,0,0,0,0,1,0.8980103,0.01714627,0.080178924,0.0,0.0,0,natural_factor
2012-01-06,The_Wall_Street_Journal,0,0,0,0,0,1,0.64031005,0.0,0.29470146,0.064598225,0.0,0,natural_factor
2009-08-19,Thomson_Reuters,0,0,0,0,0,1,0.09411436,0.0,0.0,0.9048917,0.0,3,natural_factor
2016-09-20,The_Wall_Street_Journal,0,0,0,0,0,1,0.43167472,0.0,0.55835354,0.0,0.0,2,natural_factor
2015-08-18,The_Wall_Street_Journal,0,0,1,0,0,1,0.54505986,0.0,0.44790193,0.0,0.0,0,financial_risk
2010-04-29,Thomson_Reuters,0,0,2,0,0,1,0.0,0.0,0.026556185,0.9729525,0.0,3,financial_risk
2017-04-12,The_Wall_Street_Journal,0,0,0,0,0,1,0.9531271,0.04635423,0.0,0.0,0.0,0,natural_factor
2019-11-27,Thomson_Reuters,1,0,0,0,0,1,0.022229688,0.0,0.03253338,0.94483125,0.0,3,supply_side
2014-01-21,The_Wall_Street_Journal,0,0,0,0,0,1,0.28363046,0.0,0.7157279,0.0,0.0,2,natural_factor
2017-09-01,Thomson_Reuters,0,0,0,0,0,1,0.4674374,0.0,0.48213544,0.04993986,0.0,2,natural_factor
2001-11-26,The_Wall_Street_Journal,0,0,0,0,0,1,0.7095281,0.0,0.26220006,0.019976396,0.0,0,natural_factor
2015-08-19,The_Wall_Street_Journal,0,0,0,0,0,1,0.90665656,0.019813286,0.07321356,0.0,0.0,0,natural_factor
2002-04-30,The_Wall_Street_Journal,0,0,0,0,0,1,0.0,0.0,0.99582446,0.0,0.0,2,natural_factor
2000-11-24,The_Wall_Street_Journal,0,0,2,0,0,1,0.34183547,0.0,0.41251695,0.24551448,0.0,2,financial_risk
2013-03-29,The_Wall_Street_Journal,0,0,0,0,0,1,0.44445118,0.015284997,0.35807458,0.18175986,0.0,0,natural_factor
2002-01-18,The_Wall_Street_Journal,0,0,1,0,0,1,0.23312476,0.0,0.6901103,0.041397996,0.035318803,2,financial_risk
2019-02-28,Channel_News_Asia,0,0,0,0,0,1,0.4580003,0.0,0.31085017,0.0,0.23041928,0,natural_factor
2017-05-23,Thomson_Reuters,0,0,0,0,0,1,0.79045534,0.0,0.16546682,0.043026492,0.0,0,natural_factor
2019-09-16,Financial_Times,0,0,0,0,0,1,0.2014527,0.0,0.7634127,0.034542926,0.0,2,natural_factor
2015-05-04,Thomson_Reuters,0,0,0,2,0,1,0.33411154,0.0,0.66507375,0.0,0.0,2,geopolitical_risk
2006-09-28,The_Wall_Street_Journal,1,0,0,1,0,1,0.32427162,0.0,0.4961061,0.17418563,0.0,2,supply_side
2014-10-08,Thomson_Reuters,0,0,1,0,0,1,0.0,0.0,0.0,0.9983648,0.0,3,financial_risk
2010-10-27,The_Wall_Street_Journal,0,0,0,0,0,1,0.0,0.0,0.914883,0.07121891,0.012933728,2,natural_factor
2014-02-21,Thomson_Reuters,0,0,1,0,0,1,0.09930568,0.0,0.06423573,0.83607733,0.0,3,financial_risk
2010-09-13,Thomson_Reuters,0,0,0,0,0,1,0.0,0.0,0.029760152,0.96950114,0.0,3,natural_factor
2019-10-04,Thomson_Reuters,0,0,1,0,0,1,0.24411494,0.0,0.1836724,0.57149565,0.0,3,financial_risk
2019-11-26,Financial_Times,0,0,1,1,0,1,0.21312076,0.013796105,0.64242804,0.1305658,0.0,2,financial_risk
2015-02-25,Thomson_Reuters,0,0,0,0,0,1,0.033371,0.0,0.0,0.96582884,0.0,3,natural_factor
2005-02-11,The_Wall_Street_Journal,0,0,0,0,0,1,0.7393095,0.0,0.24590689,0.014543756,0.0,0,natural_factor
2008-11-29,The_Wall_Street_Journal,0,0,1,0,0,2,0.94693416,0.02471482,0.028073544,0.0,0.0,0,natural_factor
2019-08-23,The_Wall_Street_Journal,0,0,0,0,0,1,0.42426705,0.0,0.32881197,0.24079496,0.0,0,natural_factor
2005-12-16,The_Wall_Street_Journal,0,0,0,0,0,2,0.9975893,0.0,0.0,0.0,0.0,0,natural_factor
2010-08-23,Financial_Times,0,0,0,0,0,1,0.6288488,0.0,0.0,0.37053907,0.0,0,natural_factor
2014-09-04,Financial_Times,0,0,0,0,0,1,0.39138028,0.0,0.51700306,0.0822047,0.0,2,natural_factor
2007-01-24,The_Wall_Street_Journal,0,0,0,0,0,1,0.9967718,0.0,0.0,0.0,0.0,0,natural_factor
2013-01-02,Thomson_Reuters,0,1,0,0,0,1,0.07305349,0.0,0.14505062,0.7816115,0.0,3,demand_side
2013-03-20,The_Wall_Street_Journal,0,0,0,0,0,1,0.08875483,0.0,0.9106787,0.0,0.0,2,natural_factor
2008-01-09,The_Wall_Street_Journal,0,0,0,0,0,1,0.2964062,0.0,0.70122427,0.0,0.0,2,natural_factor
2012-11-20,The_Wall_Street_Journal,3,0,0,0,0,3,0.3351362,0.0,0.17012161,0.46711308,0.02757141,3,supply_side
2000-01-20,The_Wall_Street_Journal,0,0,0,0,0,1,0.9910546,0.0,0.0,0.0,0.0,0,natural_factor
2019-11-22,Financial_Times,0,0,1,0,1,2,0.3292629,0.0,0.48984075,0.18075909,0.0,2,natural_factor
2017-08-24,The_Wall_Street_Journal,0,0,0,0,0,1,0.5240163,0.0,0.0,0.4747141,0.0,0,natural_factor
2016-03-23,Thomson_Reuters,0,0,0,0,0,1,0.94226635,0.0,0.056797925,0.0,0.0,0,natural_factor
2013-04-07,Financial_Times,0,0,1,0,0,1,0.18668024,0.0,0.78183514,0.031278685,0.0,2,financial_risk
2019-11-07,Thomson_Reuters,0,0,0,0,0,1,0.04605094,0.0,0.76853335,0.18503246,0.0,2,natural_factor
2016-10-31,Financial_Times,0,0,0,0,0,1,0.9155834,0.0,0.08385988,0.0,0.0,0,natural_factor
2014-09-29,Thomson_Reuters,0,0,1,0,0,1,0.6496059,0.0,0.124391526,0.22550035,0.0,0,financial_risk
2015-05-19,Thomson_Reuters,0,0,0,0,0,1,0.27113873,0.0,0.66415256,0.0,0.06399027,2,natural_factor
2001-09-05,The_Wall_Street_Journal,0,0,0,0,0,1,0.6666427,0.0,0.18697369,0.14609641,0.0,0,natural_factor
2011-05-11,The_Wall_Street_Journal,0,0,0,0,0,1,0.9993961,0.0,0.0,0.0,0.0,0,natural_factor
2010-08-06,Thomson_Reuters,0,0,0,0,0,2,0.0845907,0.0,0.08076524,0.8343977,0.0,3,natural_factor
2016-09-06,The_Wall_Street_Journal,0,0,0,0,0,1,0.6115302,0.012878813,0.37531272,0.0,0.0,0,natural_factor
2009-11-23,Thomson_Reuters,0,0,0,0,0,1,0.32167506,0.0,0.027674053,0.6502187,0.0,3,natural_factor
2013-08-22,Thomson_Reuters,0,0,0,0,0,1,0.054612987,0.0,0.0,0.94466543,0.0,3,natural_factor
2012-11-26,The_Wall_Street_Journal,0,0,0,0,0,1,0.67961574,0.0,0.29735503,0.022177871,0.0,0,natural_factor
2017-11-22,The_Wall_Street_Journal,0,0,0,0,0,1,0.59130365,0.0,0.17982517,0.22832207,0.0,0,natural_factor
2010-11-23,Thomson_Reuters,0,0,1,0,0,1,0.06822782,0.0,0.18180045,0.74963075,0.0,3,financial_risk
2016-05-25,Thomson_Reuters,0,0,1,0,0,1,0.20803553,0.0,0.0,0.7909659,0.0,3,financial_risk
2016-09-09,The_Jakarta_Post,0,1,0,0,0,1,0.5693602,0.0,0.0,0.19099854,0.23920862,0,demand_side
2018-04-30,Thomson_Reuters,0,0,0,0,0,1,0.0,0.0,0.0,0.9934471,0.0,3,natural_factor
2019-02-22,The_Wall_Street_Journal,0,0,0,0,0,1,0.19357052,0.046520907,0.21067663,0.5429601,0.0,3,natural_factor
2010-08-24,Financial_Times,1,0,1,0,0,1,0.1565091,0.0,0.12579913,0.7174923,0.0,3,supply_side
2016-09-02,The_Wall_Street_Journal,0,0,1,0,0,1,0.74029636,0.0,0.2592979,0.0,0.0,0,financial_risk
2015-04-24,The_Wall_Street_Journal,0,0,0,0,0,1,0.56423974,0.0,0.4338487,0.0,0.0,0,natural_factor
2016-04-06,Thomson_Reuters,2,0,0,0,0,1,0.0,0.0,0.49458873,0.50477093,0.0,3,supply_side
2013-01-08,The_Wall_Street_Journal,0,0,0,0,0,1,0.7267766,0.0,0.27272877,0.0,0.0,0,natural_factor
2015-05-21,The_Wall_Street_Journal,0,0,0,0,0,2,0.8729659,0.02332637,0.10325382,0.0,0.0,0,natural_factor
2004-08-16,The_Wall_Street_Journal,0,0,0,0,0,1,0.9943385,0.0,0.0,0.0,0.0,0,natural_factor
2012-07-10,Thomson_Reuters,0,0,0,0,0,1,0.11181901,0.0,0.8871484,0.0,0.0,2,natural_factor
2010-12-15,The_Wall_Street_Journal,0,0,0,0,0,1,0.9887199,0.0,0.0,0.0,0.0,0,natural_factor
2014-05-23,Thomson_Reuters,0,0,0,0,0,1,0.10255466,0.0,0.8958103,0.0,0.0,2,natural_factor
2008-02-06,The_Wall_Street_Journal,0,0,0,0,0,1,0.8822533,0.038262438,0.06521336,0.014153313,0.0,0,natural_factor
2018-08-01,The_Wall_Street_Journal,0,0,0,0,0,1,0.5590188,0.0,0.0,0.44014356,0.0,0,natural_factor
2017-11-19,Financial_Times,1,0,0,0,0,2,0.83102757,0.0,0.12887152,0.040017232,0.0,0,natural_factor
2009-08-19,Thomson_Reuters,0,0,0,0,0,1,0.018286506,0.0,0.0,0.9808642,0.0,3,natural_factor
2019-08-29,Financial_Times,0,0,0,0,0,1,0.2911878,0.0,0.38561025,0.32295972,0.0,2,natural_factor
2019-02-26,Channel_News_Asia,0,0,0,0,0,1,0.6878674,0.023276832,0.28805578,0.0,0.0,0,natural_factor
2016-08-25,Financial_Times,0,0,1,0,0,1,0.14763309,0.0,0.0,0.85160524,0.0,3,financial_risk
2002-02-22,The_Wall_Street_Journal,1,0,0,0,0,1,0.78942585,0.0,0.19427979,0.0,0.016035844,0,supply_side
2001-03-24,The_Wall_Street_Journal,0,0,0,0,0,1,0.9105325,0.0,0.0,0.08713379,0.0,0,natural_factor
2015-01-19,Thomson_Reuters,0,0,0,0,0,1,0.0,0.0,0.9727803,0.026265118,0.0,2,natural_factor
2019-03-25,The_Wall_Street_Journal,0,0,0,0,0,1,0.113935806,0.0,0.885452,0.0,0.0,2,natural_factor
2018-11-30,Financial_Times,0,0,2,0,0,1,0.5244459,0.0,0.057274207,0.41796264,0.0,0,financial_risk
2011-11-09,Financial_Times,0,0,0,0,0,1,0.20843732,0.0,0.08807062,0.70321476,0.0,3,natural_factor
2013-11-14,The_Wall_Street_Journal,0,0,0,0,0,1,0.6261827,0.0,0.2371636,0.12226928,0.014311751,0,natural_factor
2013-02-27,Financial_Times,0,0,0,0,0,1,0.4048464,0.0,0.45366213,0.1413093,0.0,2,natural_factor
2019-03-27,Thomson_Reuters,1,0,0,0,0,1,0.03824511,0.0,0.11011174,0.7563948,0.09510276,3,supply_side
2019-12-11,Financial_Times,1,0,0,1,0,1,0.6929411,0.0,0.20172046,0.0,0.09993862,0,supply_side
2002-03-07,The_Wall_Street_Journal,0,0,0,0,0,1,0.9200266,0.0,0.056828234,0.01602627,0.0,0,natural_factor
2018-01-11,The_Wall_Street_Journal,0,0,0,0,0,1,0.39338025,0.0,0.53151643,0.07483482,0.0,2,natural_factor
2018-02-23,The_Wall_Street_Journal,0,0,0,0,0,1,0.5806114,0.0,0.0,0.41819662,0.0,0,natural_factor
2014-02-20,Thomson_Reuters,0,0,0,0,0,1,0.5525492,0.0,0.03106008,0.41610643,0.0,0,natural_factor
2019-08-22,The_Wall_Street_Journal,0,1,0,0,0,1,0.56329,0.0,0.0,0.43605807,0.0,0,demand_side
2017-01-18,Thomson_Reuters,0,0,0,0,0,1,0.1918398,0.0,0.72702366,0.07391298,0.0,2,natural_factor
2019-03-28,The_Wall_Street_Journal,0,0,0,0,0,1,0.87905455,0.0,0.12040352,0.0,0.0,0,natural_factor
2001-03-19,The_Wall_Street_Journal,0,0,0,0,0,1,0.97313446,0.0,0.026489345,0.0,0.0,0,natural_factor
1999-06-04,The_Wall_Street_Journal,0,0,0,0,0,1,0.8210757,0.0,0.17569196,0.0,0.0,0,natural_factor
2008-05-19,The_Wall_Street_Journal,0,0,0,0,0,2,0.9383296,0.0,0.061331805,0.0,0.0,0,natural_factor
2015-02-27,Thomson_Reuters,0,0,0,0,0,1,0.0,0.0,0.7071616,0.29206103,0.0,2,natural_factor
2018-11-30,The_Wall_Street_Journal,0,0,0,0,0,1,0.77582604,0.0,0.192288,0.03157933,0.0,0,natural_factor
1999-06-30,The_Wall_Street_Journal,0,0,1,0,0,1,0.47565216,0.0,0.31511742,0.209088,0.0,0,financial_risk
2018-02-23,Thomson_Reuters,0,0,0,0,0,1,0.35022724,0.0,0.08715652,0.554493,0.0,3,natural_factor
2010-08-13,Thomson_Reuters,0,0,0,0,0,1,0.09863876,0.0,0.030791873,0.8703544,0.0,3,natural_factor
2017-05-24,The_Wall_Street_Journal,0,0,1,0,0,1,0.5973042,0.0,0.0,0.4015218,0.0,0,financial_risk
2002-02-19,The_Wall_Street_Journal,0,0,0,0,0,1,0.08010067,0.0,0.7218027,0.19787061,0.0,2,natural_factor
2011-06-21,The_Wall_Street_Journal,0,0,1,0,0,1,0.35679114,0.0,0.6227608,0.02026998,0.0,2,financial_risk
2015-09-29,The_Wall_Street_Journal,0,0,1,0,0,1,0.39477193,0.0,0.6047083,0.0,0.0,2,financial_risk
2008-02-05,The_Wall_Street_Journal,0,0,0,0,0,1,0.8853201,0.037209913,0.063592084,0.0137620615,0.0,0,natural_factor
2019-11-06,Thomson_Reuters,0,0,0,0,0,1,0.109207496,0.0,0.82355887,0.06622555,0.0,2,natural_factor
2010-08-18,The_Wall_Street_Journal,0,0,0,0,0,1,0.4198997,0.075608514,0.44337192,0.060692027,0.0,2,natural_factor
2016-05-05,The_Wall_Street_Journal,0,0,1,0,0,1,0.9992624,0.0,0.0,0.0,0.0,0,financial_risk
2015-03-31,Thomson_Reuters,0,0,0,0,0,1,0.0,0.0,0.9977123,0.0,0.0,2,natural_factor
2016-09-16,Thomson_Reuters,0,0,0,0,0,1,0.39497814,0.0,0.0,0.6041166,0.0,3,natural_factor
2003-03-17,The_Wall_Street_Journal,0,0,1,0,0,1,0.7251221,0.0,0.12208506,0.15260202,0.0,0,financial_risk
2015-09-15,The_Wall_Street_Journal,0,0,0,0,0,1,0.4741319,0.0,0.24738519,0.27817258,0.0,0,natural_factor
2011-12-06,The_Wall_Street_Journal,0,0,0,0,0,1,0.3494711,0.0,0.64249796,0.0,0.0,2,natural_factor
2011-10-18,Thomson_Reuters,0,0,0,0,0,1,0.57268333,0.0,0.0,0.42651486,0.0,0,natural_factor
2019-02-13,The_Wall_Street_Journal,0,0,0,0,0,2,0.85628814,0.0,0.0,0.13191083,0.0,0,natural_factor
2017-09-26,The_Wall_Street_Journal,0,0,0,0,0,2,0.7123359,0.0,0.13678771,0.14482081,0.0,0,natural_factor
2017-11-13,Thomson_Reuters,0,0,0,0,0,1,0.09807531,0.0,0.6445609,0.25687894,0.0,2,natural_factor
2003-10-15,The_Wall_Street_Journal,0,0,0,0,0,2,0.8735468,0.0,0.0,0.1260853,0.0,0,natural_factor
2015-10-21,The_Wall_Street_Journal,0,0,0,0,0,1,0.99531525,0.0,0.0,0.0,0.0,0,natural_factor
1999-09-22,The_Wall_Street_Journal,0,0,0,0,0,1,0.11481276,0.0,0.6754493,0.2093795,0.0,2,natural_factor
2014-08-05,The_Wall_Street_Journal,0,0,0,0,0,1,0.9994743,0.0,0.0,0.0,0.0,0,natural_factor
2004-12-16,The_Wall_Street_Journal,0,0,0,0,0,1,0.75738883,0.0,0.24193296,0.0,0.0,0,natural_factor
2016-06-21,The_Wall_Street_Journal,0,0,0,0,0,1,0.9994814,0.0,0.0,0.0,0.0,0,natural_factor
2016-03-13,The_Wall_Street_Journal,0,0,1,0,0,1,0.90463847,0.0,0.09471122,0.0,0.0,0,financial_risk
2016-10-11,The_Wall_Street_Journal,0,0,0,0,0,1,0.6844145,0.0,0.0,0.31475532,0.0,0,natural_factor
2005-02-09,The_Wall_Street_Journal,0,0,0,0,0,1,0.4858819,0.0,0.513783,0.0,0.0,2,natural_factor
2003-08-20,The_Wall_Street_Journal,0,0,0,0,0,1,0.0,0.0,0.99925685,0.0,0.0,2,natural_factor
2002-03-25,The_Wall_Street_Journal,0,0,0,0,0,1,0.033781543,0.0,0.9649853,0.0,0.0,2,natural_factor
2016-04-05,The_Wall_Street_Journal,0,0,0,0,0,1,0.8265558,0.0,0.0,0.1721791,0.0,0,natural_factor
2015-09-13,The_Wall_Street_Journal,3,0,0,0,0,2,0.5052802,0.0,0.0,0.4943104,0.0,0,supply_side
2011-12-31,The_Wall_Street_Journal,0,0,0,0,0,1,0.9987949,0.0,0.0,0.0,0.0,0,natural_factor
2016-12-07,The_Wall_Street_Journal,0,0,0,0,0,1,0.99260414,0.0,0.0,0.0,0.0,0,natural_factor
2006-09-06,The_Wall_Street_Journal,0,0,0,0,0,1,0.18877822,0.019971648,0.7911314,0.0,0.0,2,natural_factor
2017-10-10,The_Wall_Street_Journal,0,0,0,0,0,1,0.99852014,0.0,0.0,0.0,0.0,0,natural_factor
2019-12-11,Thomson_Reuters,1,0,0,0,0,1,0.38903046,0.0,0.5741868,0.0,0.03647653,2,supply_side
2010-08-07,The_Wall_Street_Journal,0,0,0,0,0,1,0.17736201,0.0,0.82195574,0.0,0.0,2,natural_factor
2014-10-24,Thomson_Reuters,0,0,0,0,0,1,0.05061513,0.0,0.7350305,0.21387692,0.0,2,natural_factor
2006-12-12,The_Wall_Street_Journal,0,1,1,0,0,1,0.18011115,0.0,0.43344322,0.379646,0.0,2,demand_side
2014-04-24,Thomson_Reuters,0,0,0,0,0,1,0.27901068,0.0,0.653885,0.0666611,0.0,2,natural_factor
2004-03-19,The_Wall_Street_Journal,0,0,0,1,0,1,0.8460182,0.021548634,0.13203578,0.0,0.0,0,geopolitical_risk
2017-09-25,The_Wall_Street_Journal,0,0,0,0,0,1,0.7407473,0.0,0.2587344,0.0,0.0,0,natural_factor
2006-12-07,The_Wall_Street_Journal,0,0,0,0,0,1,0.8135799,0.0,0.17687719,0.0,0.0,0,natural_factor
2010-11-26,The_Wall_Street_Journal,0,0,0,0,0,1,0.9602355,0.038931154,0.0,0.0,0.0,0,natural_factor
2004-05-17,The_Wall_Street_Journal,0,0,0,0,0,1,0.88218594,0.0,0.11736299,0.0,0.0,0,natural_factor
2012-04-04,Thomson_Reuters,0,0,0,0,1,1,0.7998047,0.0,0.101469554,0.07866689,0.018114263,0,esg_regulation
2010-08-26,Thomson_Reuters,0,0,0,0,0,1,0.017780537,0.0,0.038271233,0.94354683,0.0,3,natural_factor
2012-10-09,Thomson_Reuters,0,0,0,0,0,1,0.1078922,0.0,0.0,0.8868733,0.0,3,natural_factor
2016-06-22,Financial_Times,0,0,1,0,0,1,0.2614807,0.0,0.04972656,0.6709839,0.017694004,3,financial_risk
1998-12-11,The_Wall_Street_Journal,0,0,0,0,0,1,0.9793685,0.0130353635,0.0,0.0,0.0,0,natural_factor
2013-03-12,The_Wall_Street_Journal,0,0,0,0,0,1,0.0,0.0,0.99844027,0.0,0.0,2,natural_factor
2005-09-27,The_Wall_Street_Journal,0,0,0,0,0,1,0.90433544,0.0,0.0,0.09529903,0.0,0,natural_factor
2010-10-05,The_Wall_Street_Journal,0,0,0,0,0,1,0.51931125,0.0,0.4547522,0.025775833,0.0,0,natural_factor
1999-10-29,The_Wall_Street_Journal,0,0,0,0,0,2,0.9662249,0.029439062,0.0,0.0,0.0,0,natural_factor
2008-09-23,Thomson_Reuters,0,0,0,0,0,1,0.09743463,0.0,0.13833183,0.76388514,0.0,3,natural_factor
2015-10-05,Thomson_Reuters,1,0,0,0,0,1,0.0,0.0,0.7455692,0.2535612,0.0,2,supply_side
2017-10-13,The_Wall_Street_Journal,0,0,0,0,0,1,0.5424904,0.0,0.0,0.45641467,0.0,0,natural_factor
2000-08-31,The_Wall_Street_Journal,0,0,0,0,0,1,0.51995915,0.0,0.3566935,0.07352028,0.04207399,0,natural_factor
2005-05-19,The_Wall_Street_Journal,0,0,0,0,0,1,0.8957119,0.0,0.103712894,0.0,0.0,0,natural_factor
2016-10-30,The_Wall_Street_Journal,0,0,0,0,0,1,0.9626568,0.0,0.0,0.03651965,0.0,0,natural_factor
2009-09-16,Thomson_Reuters,0,1,1,0,0,1,0.14430277,0.0,0.03788644,0.8173267,0.0,3,demand_side
2001-09-25,The_Wall_Street_Journal,1,1,1,0,0,1,0.4019149,0.0,0.3226193,0.27514118,0.0,0,supply_side
2012-02-28,The_Wall_Street_Journal,0,0,0,0,0,1,0.7803536,0.05616272,0.1630921,0.0,0.0,0,natural_factor
2019-12-12,Financial_Times,0,0,0,0,0,1,0.0,0.0,0.9929026,0.0,0.0,2,natural_factor
2016-02-24,The_Wall_Street_Journal,0,0,1,0,0,1,0.4672665,0.0,0.0,0.53218967,0.0,3,financial_risk
2016-02-07,Financial_Times,1,0,0,0,0,1,0.7305442,0.0119655235,0.25458875,0.0,0.0,0,supply_side
2019-10-18,Financial_Times,0,1,0,1,0,1,0.7846557,0.0,0.0,0.21445562,0.0,0,demand_side
2018-02-25,New_Strait_Times,0,0,0,0,0,1,0.8519073,0.0,0.0,0.11446087,0.033281937,0,natural_factor
2015-10-21,Thomson_Reuters,0,0,0,0,0,1,0.39954358,0.014429544,0.58456516,0.0,0.0,2,natural_factor
2004-02-02,The_Wall_Street_Journal,0,0,0,0,0,1,0.8006835,0.0,0.032855377,0.16620027,0.0,0,natural_factor
2017-02-18,Thomson_Reuters,0,0,0,0,1,1,0.5217876,0.0,0.3479182,0.13002074,0.0,0,esg_regulation
2007-12-31,The_Wall_Street_Journal,0,0,0,0,0,1,0.9563364,0.0,0.042461257,0.0,0.0,0,natural_factor
2010-11-22,Thomson_Reuters,0,0,0,0,0,1,0.0,0.0,0.13611795,0.8633943,0.0,3,natural_factor
2016-03-23,The_Jakarta_Post,0,0,0,0,0,1,0.7089201,0.01769086,0.06050354,0.04216393,0.17072159,0,natural_factor
2019-06-20,Financial_Times,1,0,0,1,0,1,0.5955524,0.0,0.27583247,0.0,0.12821944,0,supply_side
2018-05-29,The_Wall_Street_Journal,0,0,0,0,0,1,0.35807452,0.0,0.25559312,0.38583696,0.0,3,natural_factor
2013-02-08,The_Wall_Street_Journal,1,0,0,0,0,1,0.74801373,0.0,0.24742918,0.0,0.0,0,supply_side
2010-09-05,The_Wall_Street_Journal,0,0,0,0,0,1,0.31837836,0.0,0.6614796,0.0199609,0.0,2,natural_factor
2012-04-13,The_Wall_Street_Journal,0,0,0,1,0,1,0.36599267,0.0,0.6183679,0.0,0.015391147,2,geopolitical_risk
2016-01-21,The_Wall_Street_Journal,1,0,0,0,0,1,0.013691675,0.0,0.0,0.9594272,0.026223743,3,supply_side
2014-12-02,The_Wall_Street_Journal,0,0,0,0,0,1,0.0,0.0,0.27305666,0.72467166,0.0,3,natural_factor
2019-10-04,The_Wall_Street_Journal,0,0,0,0,0,1,0.1914643,0.015878165,0.0,0.7485821,0.04327236,3,natural_factor
2006-08-11,The_Wall_Street_Journal,0,0,0,0,0,1,0.96482897,0.034697056,0.0,0.0,0.0,0,natural_factor
2011-08-12,The_Wall_Street_Journal,0,0,0,0,0,1,0.8509191,0.0,0.0,0.14855936,0.0,0,natural_factor
2017-08-28,The_Wall_Street_Journal,0,0,0,0,0,1,0.90164566,0.0,0.0,0.07363041,0.024429651,0,natural_factor
2009-09-25,Thomson_Reuters,0,0,1,0,0,1,0.27687064,0.0,0.0,0.7226009,0.0,3,financial_risk
2001-07-03,The_Wall_Street_Journal,0,0,1,0,0,1,0.25646564,0.0,0.3586428,0.23936191,0.14548972,2,financial_risk
2015-04-21,The_Wall_Street_Journal,0,0,0,0,0,1,0.6681734,0.0,0.20799875,0.1226839,0.0,0,natural_factor
2011-01-28,The_Wall_Street_Journal,0,0,0,0,0,1,0.6860945,0.0,0.0,0.31300652,0.0,0,natural_factor
2012-04-12,The_Wall_Street_Journal,0,0,0,1,0,1,0.36198843,0.0,0.62289923,0.0,0.014873039,2,geopolitical_risk
2015-10-31,The_Wall_Street_Journal,0,0,0,0,0,1,0.7155245,0.0,0.16310145,0.1210363,0.0,0,natural_factor
2013-01-07,Thomson_Reuters,1,0,0,1,0,1,0.30134952,0.0,0.63913965,0.0,0.05615344,2,supply_side
2017-11-21,The_Wall_Street_Journal,0,0,0,0,0,1,0.53642005,0.0,0.0,0.46222332,0.0,0,natural_factor
2019-10-03,The_Wall_Street_Journal,0,0,0,0,0,1,0.7099886,0.0,0.0,0.289279,0.0,0,natural_factor
2013-02-22,Thomson_Reuters,0,0,0,0,0,1,0.0,0.0,0.0,0.9921026,0.0,3,natural_factor
2013-02-24,The_Wall_Street_Journal,0,0,0,0,0,2,0.9990794,0.0,0.0,0.0,0.0,0,natural_factor
2004-11-21,The_Wall_Street_Journal,0,0,0,0,0,1,0.0,0.0,0.99944913,0.0,0.0,2,natural_factor
2016-08-20,The_Wall_Street_Journal,0,0,2,0,0,2,0.58366567,0.0,0.0,0.4157073,0.0,0,financial_risk
2011-08-25,The_Wall_Street_Journal,0,0,0,0,0,1,0.7536023,0.03458032,0.14205782,0.061482128,0.0,0,natural_factor
2011-08-19,Thomson_Reuters,0,1,1,0,0,1,0.0341675,0.0,0.1204331,0.8416295,0.0,3,demand_side
2013-01-31,Thomson_Reuters,1,0,0,2,0,1,0.12588151,0.0,0.85501236,0.0,0.018863805,2,geopolitical_risk
2019-12-01,The_Wall_Street_Journal,0,0,1,0,0,1,0.64451885,0.0,0.01947682,0.33560428,0.0,0,financial_risk
2009-03-18,The_Wall_Street_Journal,0,0,0,0,0,1,0.0,0.0,0.6163149,0.38206738,0.0,2,natural_factor
2009-11-06,Thomson_Reuters,0,0,0,0,0,1,0.7050762,0.0,0.28596106,0.0,0.0,0,natural_factor
2009-11-24,Thomson_Reuters,0,0,1,0,0,1,0.08247823,0.0,0.0,0.91670394,0.0,3,financial_risk
2001-12-17,The_Wall_Street_Journal,0,0,1,0,0,1,0.68491375,0.0,0.27541304,0.039495774,0.0,0,financial_risk
2011-09-23,The_Wall_Street_Journal,0,0,0,0,0,1,0.546395,0.0,0.28064108,0.17248721,0.0,0,natural_factor
2015-04-06,The_Wall_Street_Journal,0,1,0,1,0,1,0.27575758,0.0,0.61655545,0.08280687,0.024814842,2,demand_side
2011-10-04,Thomson_Reuters,0,0,0,0,0,1,0.074491285,0.0,0.29997808,0.6252677,0.0,3,natural_factor
2019-05-28,Thomson_Reuters,0,0,0,2,0,1,0.71541524,0.0,0.28218094,0.0,0.0,0,geopolitical_risk
2017-06-05,Financial_Times,0,0,0,0,0,1,0.16896391,0.0,0.7235833,0.107161425,0.0,2,natural_factor
2019-10-27,The_Wall_Street_Journal,0,0,0,0,0,1,0.8011921,0.0,0.19858846,0.0,0.0,0,natural_factor
2013-01-30,The_Wall_Street_Journal,0,0,0,0,0,1,0.6425846,0.0,0.0,0.35016993,0.0,0,natural_factor
2023-06-23,Financial_Times,1,0,0,0,0,1,0.6934319,0.0,0.26611677,0.035143252,0.0,0,supply_side
2023-11-15,Financial_Times,0,0,1,0,0,2,0.3318608,0.0,0.0,0.666988,0.0,3,natural_factor
2023-11-22,Bangkok_Post,1,0,1,0,0,1,0.9030226,0.0,0.0,0.0,0.09617469,0,supply_side
2023-10-06,The_Strait_Times,0,0,0,0,0,1,0.99947673,0.0,0.0,0.0,0.0,0,natural_factor
2023-09-23,Thomson_Reuters,1,0,0,0,0,1,0.4325789,0.0,0.3641104,0.0,0.20261574,0,supply_side
2023-08-29,Thomson_Reuters,0,0,2,0,0,2,0.24670672,0.0,0.10322904,0.64978594,0.0,3,financial_risk
2023-09-05,Nikkei_Asia,1,2,1,1,0,1,0.51667315,0.0,0.25539732,0.058717713,0.16914348,0,demand_side
2023-07-28,Financial_Times,1,1,2,0,0,2,0.3805011,0.0,0.22627273,0.36576432,0.02742206,0,financial_risk
2023-11-24,Financial_Times,0,0,1,0,0,1,0.7066477,0.0,0.047892973,0.23999633,0.0,0,financial_risk
2023-09-14,Thomson_Reuters,0,0,1,0,0,1,0.10867762,0.0,0.0,0.8826929,0.0,3,financial_risk
2023-10-19,Bangkok_Post,0,0,0,0,1,1,0.8670379,0.0,0.0,0.010885217,0.12174807,0,esg_regulation
2023-08-04,The_Wall_Street_Journal,1,0,0,0,0,1,0.73405296,0.0,0.13866664,0.0,0.12695312,0,supply_side
2024-01-19,Channel_News_Asia,0,0,0,1,0,1,0.3175388,0.0,0.65909326,0.022602182,0.0,2,geopolitical_risk
2023-11-24,The_Wall_Street_Journal,0,0,0,0,0,1,0.9626852,0.0,0.0,0.036911536,0.0,0,natural_factor
2023-11-16,The_Business_Times,0,0,0,0,0,1,0.625002,0.0,0.0,0.37422627,0.0,0,natural_factor
2023-11-14,The_Wall_Street_Journal,0,0,1,0,0,1,0.18594527,0.0,0.0,0.81336504,0.0,3,financial_risk
2023-10-10,Thomson_Reuters,0,0,0,0,0,1,0.6429064,0.0,0.08323199,0.27344725,0.0,0,natural_factor
2023-10-02,The_Business_Times,0,0,0,0,0,1,0.8563563,0.0,0.0,0.0656905,0.07704335,0,natural_factor
2023-11-28,The_Business_Times,1,0,1,0,2,1,0.7631152,0.0,0.17738838,0.0,0.05922053,0,esg_regulation
2023-08-31,The_Business_Times,1,0,0,0,0,1,0.7834133,0.0,0.032181285,0.071912125,0.112346865,0,supply_side
2023-08-30,Channel_News_Asia,1,0,0,0,0,1,0.40216842,0.0,0.0,0.5964375,0.0,3,supply_side
2024-01-11,Nikkei_Asia,0,1,0,0,0,2,0.9760918,0.0,0.0,0.0,0.018963434,0,natural_factor
2023-11-01,New_Strait_Times,0,0,0,0,0,1,0.579733,0.0,0.38863635,0.030963724,0.0,0,natural_factor
2023-08-30,The_Business_Times,0,0,1,0,0,1,0.35956624,0.0,0.0,0.639551,0.0,3,financial_risk
2023-09-18,Financial_Times,1,1,1,0,5,2,0.123628564,0.0,0.27744564,0.24644688,0.35241202,4,esg_regulation
2024-01-10,Financial_Times,0,0,2,0,0,1,0.45424497,0.0,0.27942598,0.2659866,0.0,0,financial_risk
2023-11-01,Nikkei_Asia,1,0,0,0,0,1,0.53537357,0.0,0.17015395,0.0,0.29137266,0,supply_side
2023-07-18,Nikkei_Asia,1,0,0,0,0,1,0.8904167,0.0,0.0,0.06972636,0.039582904,0,supply_side
2023-08-17,Nikkei_Asia,0,1,0,0,0,1,0.670934,0.0,0.0,0.3283676,0.0,0,demand_side
2023-11-17,Financial_Times,0,1,1,0,0,1,0.5475228,0.0,0.18753564,0.25750768,0.0,0,demand_side
2023-07-27,Financial_Times,1,0,0,0,0,1,0.876115,0.0,0.0,0.08872505,0.034926914,0,supply_side
2023-08-04,The_Strait_Times,1,0,0,0,0,1,0.7697809,0.0,0.11293375,0.0,0.11665176,0,supply_side
2023-12-15,Channel_News_Asia,0,0,0,0,0,1,0.29756463,0.0,0.3959995,0.30527762,0.0,2,natural_factor
2023-07-20,Financial_Times,4,0,0,1,2,1,0.38988012,0.0,0.11761328,0.3322217,0.16024567,0,supply_side
2022-10-12,The_Strait_Times,1,1,0,1,0,1,0.71093935,0.0,0.0,0.2881657,0.0,0,supply_side
2023-10-10,The_Business_Times,0,0,0,0,0,1,0.51611674,0.0,0.0,0.48191905,0.0,0,natural_factor
2023-10-28,Financial_Times,0,1,1,0,0,1,0.5792033,0.0,0.25522393,0.039285734,0.126163,0,demand_side
2023-10-27,Nikkei_Asia,1,0,0,0,0,1,0.8282135,0.0,0.06652234,0.0,0.10484744,0,supply_side
2023-08-04,The_Business_Times,1,0,0,0,0,1,0.72502,0.0,0.1511841,0.0,0.123214915,0,supply_side
2023-09-01,Financial_Times,1,0,1,0,0,1,0.8628355,0.0,0.0,0.12099926,0.015976068,0,supply_side
2023-11-21,Thomson_Reuters,0,0,0,0,0,1,0.46852845,0.0,0.0,0.5302862,0.0,3,natural_factor
2023-10-11,Channel_News_Asia,0,0,1,0,0,1,0.2485033,0.0,0.0,0.74967897,0.0,3,financial_risk
2023-12-04,Financial_Times,0,0,0,0,0,1,0.033078276,0.0,0.96138656,0.0,0.0,2,natural_factor
2023-11-01,Channel_News_Asia,0,0,0,0,0,1,0.5458173,0.0,0.24143264,0.0,0.2111438,0,natural_factor
2023-08-21,The_Wall_Street_Journal,0,0,0,0,0,1,0.9084648,0.0,0.09116095,0.0,0.0,0,natural_factor
2023-11-17,Taipei_Times,0,0,0,0,0,1,0.5663172,0.0,0.0,0.43292293,0.0,0,natural_factor
2023-11-22,South_China_Morning_Post,1,0,0,0,0,1,0.7839149,0.0,0.0,0.070250176,0.14548878,0,supply_side
2023-09-22,The_Business_Times,0,0,0,0,0,1,0.20206538,0.0,0.7959892,0.0,0.0,2,natural_factor
2023-11-22,Channel_News_Asia,0,0,0,0,0,1,0.4607799,0.0,0.0,0.5378921,0.0,3,natural_factor
2023-08-11,Channel_News_Asia,0,0,0,0,0,1,0.25231048,0.0,0.7460535,0.0,0.0,2,natural_factor
2024-01-25,Bangkok_Post,0,0,0,0,0,1,0.784901,0.0,0.09001828,0.0,0.12415148,0,natural_factor
2023-11-8,Bangkok_Post,0,0,0,0,0,1,0.9993588,0.0,0.0,0.0,0.0,0,natural_factor
2023-11-27,Channel_News_Asia,1,1,0,1,0,1,0.6247565,0.0,0.1891361,0.106859125,0.07918333,0,supply_side
2023-08-30,The_Wall_Street_Journal,0,0,1,0,0,1,0.14098144,0.0,0.0,0.8582515,0.0,3,financial_risk
2023-10-13,Channel_News_Asia,0,0,0,0,0,1,0.26988918,0.0,0.7281646,0.0,0.0,2,natural_factor
2023-08-11,Thomson_Reuters,0,0,0,0,0,1,0.3711045,0.0,0.62764215,0.0,0.0,2,natural_factor
2023-11-22,Nikkei_Asia,1,0,0,0,0,1,0.9114322,0.0,0.04460421,0.0,0.042678233,0,supply_side
2023-10-19,Thomson_Reuters,1,0,0,0,0,1,0.44206488,0.0,0.05334156,0.48974186,0.014755444,3,supply_side
2023-09-01,The_Business_Times,0,0,0,0,0,1,0.39166653,0.0,0.0,0.6073008,0.0,3,natural_factor
2023-10-11,Financial_Times,1,2,0,1,0,1,0.66664886,0.0,0.15544343,0.10864391,0.0691925,0,demand_side
2023-08-10,The_Strait_Times,1,0,1,0,0,1,0.78695136,0.0,0.0,0.0,0.21258855,0,supply_side
2023-06-27,Bangkok_Post,0,0,0,0,0,2,0.9529068,0.0,0.0,0.0,0.036122363,0,natural_factor
2023-10-11,The_Business_Times,0,0,1,0,0,1,0.0,0.0,0.0,0.99518454,0.0,3,financial_risk
2023-10-12,Thomson_Reuters,0,0,0,0,0,1,0.23373917,0.0,0.76504064,0.0,0.0,2,natural_factor
2023-08-03,Financial_Times,0,0,0,0,0,1,0.84067607,0.0,0.0,0.0,0.15472317,0,natural_factor
2023-07-20,Nikkei_Asia,1,1,0,0,0,2,0.67536306,0.0,0.11648506,0.043448593,0.16461883,0,natural_factor
2024-02-22,Financial_Times,0,0,0,0,0,2,0.7565021,0.0,0.22782697,0.0,0.015261841,0,natural_factor
2024-05-31,Financial_Times,0,0,1,0,0,2,0.21065214,0.0,0.4775919,0.31163174,0.0,2,natural_factor
2024-05-02,Financial_Times,1,1,0,0,0,1,0.74912983,0.0,0.14748046,0.04752796,0.055810634,0,supply_side
2024-05-30,Financial_Times,0,0,1,0,2,2,0.17024638,0.0,0.3025989,0.2602122,0.2668832,2,esg_regulation
2024-05-21,Financial_Times,0,0,0,0,0,2,0.9843652,0.0,0.015060832,0.0,0.0,0,natural_factor
2024-05-23,Financial_Times,0,0,0,0,0,1,0.1520547,0.0,0.84741664,0.0,0.0,2,natural_factor
2024-03-17,Financial_Times,0,0,2,0,0,1,0.36945483,0.0,0.53047127,0.09991339,0.0,2,financial_risk
2024-06-04,Financial_Times,0,0,4,0,0,2,0.42379594,0.0,0.028559262,0.54744065,0.0,3,financial_risk
2024-02-28,Financial_Times,0,1,1,0,0,1,0.45062038,0.0,0.480416,0.06543601,0.0,2,demand_side
2024-02-07,Financial_Times,1,0,0,0,1,1,0.8722243,0.0,0.0,0.09581407,0.031705614,0,supply_side
2024-03-18,Financial_Times,0,0,0,0,0,1,0.16452402,0.0,0.8349066,0.0,0.0,2,natural_factor
2024-02-12,Financial_Times,1,0,0,1,0,1,0.8530977,0.0,0.0,0.011456139,0.13519174,0,supply_side
2024-05-29,Financial_Times,1,0,2,1,0,3,0.29832608,0.0,0.4986747,0.18463941,0.018305702,2,natural_factor
2024-02-08,Financial_Times,0,1,1,0,0,1,0.3276412,0.011136483,0.5972108,0.06393385,0.0,2,demand_side
2024-06-3,Bangkok_Post,0,0,0,0,0,2,0.93530494,0.0,0.0,0.06398158,0.0,0,natural_factor
2024-08-07,The_Wall_Street_Journal,0,0,0,0,0,2,0.98450863,0.014987995,0.0,0.0,0.0,0,natural_factor
2024-08-27,Thomson_Reuters,1,0,0,0,0,1,0.6468771,0.0,0.2820421,0.03257742,0.03833975,0,supply_side
2024-08-20,The_Strait_Times,0,0,0,0,0,1,0.24247426,0.0,0.75702834,0.0,0.0,2,natural_factor
2024-06-04,Channel_News_Asia,0,0,0,0,0,1,0.092032,0.0,0.9072881,0.0,0.0,2,natural_factor
2024-07-10,The_Business_Times,0,0,0,0,0,1,0.7152655,0.0,0.0,0.2835972,0.0,0,natural_factor
2024-07-10,Viet_Nam_News,0,0,0,0,0,1,0.76725155,0.0,0.0,0.037710197,0.1896357,0,natural_factor
2024-05-30,Channel_News_Asia,0,0,0,0,0,2,0.47804183,0.0,0.0,0.520721,0.0,3,natural_factor
2024-07-16,Financial_Times,0,1,0,2,0,1,0.5817531,0.0,0.41251722,0.0,0.0,0,geopolitical_risk
2024-05-20,The_Wall_Street_Journal,0,0,0,0,0,1,0.9994966,0.0,0.0,0.0,0.0,0,natural_factor
2024-08-29,Channel_News_Asia,0,0,0,0,0,1,0.3287889,0.0,0.0,0.66986495,0.0,3,natural_factor
2024-02-26,Nikkei_Asia,0,0,0,0,0,1,0.94208074,0.0,0.050007127,0.0,0.0,0,natural_factor
2024-01-09,The_Wall_Street_Journal,0,0,0,0,0,1,0.4019937,0.0,0.43158156,0.16603234,0.0,2,natural_factor
2024-08-20,Financial_Times,0,0,0,0,0,1,0.29029927,0.0,0.70928955,0.0,0.0,2,natural_factor
2022-10-3,The_Business_Times,0,0,0,0,0,1,0.89459807,0.0,0.07325717,0.031687196,0.0,0,natural_factor
2024-06-26,The_Wall_Street_Journal,0,0,0,0,0,1,0.504059,0.0,0.4941175,0.0,0.0,0,natural_factor
2024-07-20,The_Wall_Street_Journal,3,0,2,0,0,1,0.14815071,0.0,0.0,0.85133076,0.0,3,supply_side
2023-08-7,The_Business_Times,2,1,0,1,0,1,0.76469463,0.0,0.0,0.017682174,0.2173093,0,supply_side
2022-05-6,The_Business_Times,0,0,0,0,0,1,0.863346,0.0,0.054360867,0.0,0.08190723,0,natural_factor
2024-03-21,The_Wall_Street_Journal,0,2,0,0,0,2,0.5007464,0.0,0.4275139,0.037834715,0.033824082,0,demand_side
2024-03-01,The_Business_Times,0,0,1,0,0,1,0.43468472,0.0,0.0,0.5644009,0.0,3,financial_risk
2022-06-1,The_Business_Times,1,0,1,0,0,1,0.5628285,0.0,0.0,0.43642306,0.0,0,supply_side
2024-07-25,Financial_Times,0,1,0,0,0,1,0.40242642,0.0,0.45153052,0.1185839,0.02743048,2,demand_side
2024-09-04,Channel_News_Asia,1,0,0,0,0,1,0.6503181,0.0,0.29434553,0.0,0.054672472,0,supply_side
2024-03-19,Channel_News_Asia,0,0,0,0,0,1,0.07283693,0.0,0.92641103,0.0,0.0,2,natural_factor
2024-08-23,Financial_Times,0,0,0,0,0,1,0.19087546,0.0,0.7737019,0.03503486,0.0,2,natural_factor
2024-08-21,Financial_Times,0,0,0,0,0,1,0.6039615,0.05244893,0.16026172,0.17052674,0.012801103,0,natural_factor
2024-08-02,Financial_Times,0,0,0,0,1,2,0.14388561,0.0,0.5351206,0.32067838,0.0,2,natural_factor
2024-08-15,The_Business_Times,0,0,0,0,0,1,0.6162131,0.0,0.0,0.3825715,0.0,0,natural_factor
2024-04-16,The_Business_Times,0,0,0,0,0,1,0.97860515,0.0,0.0,0.020223802,0.0,0,natural_factor
2024-03-06,The_Wall_Street_Journal,1,1,0,0,0,1,0.56205404,0.0,0.35197645,0.026935056,0.05216561,0,supply_side
2024-08-29,The_Business_Times,0,0,0,0,0,1,0.4830006,0.0,0.0,0.5162368,0.0,3,natural_factor
2024-04-11,Channel_News_Asia,0,0,0,0,0,1,0.16613714,0.0,0.8323744,0.0,0.0,2,natural_factor
2024-05-31,The_Asahi_Shimbun,0,0,0,0,0,1,0.16848053,0.0,0.0,0.8310066,0.0,3,natural_factor
2022-11-3,The_Business_Times,0,0,0,0,1,1,0.09775529,0.0,0.0,0.7683842,0.13352004,3,esg_regulation
2024-02-12,Thomson_Reuters,0,0,0,0,0,1,0.0,0.0,0.9980645,0.0,0.0,2,natural_factor
2024-02-19,The_Jakarta_Post,0,0,1,0,1,1,0.936574,0.0,0.0,0.015365592,0.047853157,0,financial_risk
2024-06-19,The_Wall_Street_Journal,0,0,0,0,0,1,0.5791001,0.0,0.4194776,0.0,0.0,0,natural_factor
2024-01-11,The_Wall_Street_Journal,0,0,0,0,0,2,0.37352437,0.0,0.45297092,0.17317961,0.0,2,natural_factor
2024-08-20,The_Wall_Street_Journal,0,0,0,0,0,1,0.29433733,0.027563171,0.6777666,0.0,0.0,2,natural_factor
2024-05-30,The_Wall_Street_Journal,1,1,0,0,0,2,0.64819175,0.0,0.018256987,0.060038783,0.27342927,0,natural_factor
2024-05-15,The_Wall_Street_Journal,0,0,0,0,0,1,0.19750993,0.0,0.1204352,0.6818269,0.0,3,natural_factor
2024-01-08,The_Wall_Street_Journal,0,0,0,0,0,1,0.5253984,0.0,0.330364,0.14364178,0.0,0,natural_factor
2024-08-21,The_Wall_Street_Journal,0,0,0,1,0,1,0.23610316,0.0,0.75872695,0.0,0.0,2,geopolitical_risk
2024-06-19,The_Business_Times,0,0,0,0,0,2,0.9889848,0.0,0.0,0.010282359,0.0,0,natural_factor
2024-02-26,The_Asahi_Shimbun,0,0,0,0,0,1,0.1668076,0.012008657,0.0,0.82038474,0.0,3,natural_factor
2024-06-06,Financial_Times,0,0,0,0,0,1,0.10425796,0.0,0.8951658,0.0,0.0,2,natural_factor
2022-01-29,The_Business_Times,0,0,0,0,0,1,0.0,0.0,0.9578504,0.041109454,0.0,2,natural_factor
2024-07-11,Financial_Times,0,0,0,1,0,1,0.0,0.0,0.9986757,0.0,0.0,2,geopolitical_risk
2024-03-14,Nikkei_Asia,0,0,1,0,0,1,0.7345573,0.0,0.0,0.2647865,0.0,0,financial_risk
2018-09-3,The_Business_Times,0,0,0,0,1,2,0.7780709,0.0,0.15546283,0.0,0.06381129,0,natural_factor
2024-02-06,Nikkei_Asia,0,0,0,0,0,1,0.7477501,0.0,0.072945096,0.0,0.1788551,0,natural_factor
2024-02-28,The_Business_Times,0,0,0,0,0,1,0.54350543,0.0,0.0,0.45590714,0.0,0,natural_factor
2024-04-11,JoongAng_Daily,0,0,0,0,0,1,0.9486433,0.0,0.0,0.0,0.05050158,0,natural_factor
2024-06-07,Thomson_Reuters,0,0,0,0,0,1,0.052976947,0.0,0.933555,0.013083232,0.0,2,natural_factor
2022-10-8,The_Business_Times,0,0,0,0,0,1,0.97803205,0.0,0.0,0.011925637,0.0,0,natural_factor
2024-06-09,The_Wall_Street_Journal,0,0,1,0,0,1,0.46362355,0.10782381,0.0,0.428144,0.0,0,financial_risk
2023-12-04,Thomson_Reuters,1,0,2,1,0,1,0.48520336,0.0,0.059249215,0.45538884,0.0,0,financial_risk
2024-08-08,Financial_Times,1,1,0,0,0,1,0.73501706,0.0,0.19026525,0.07456516,0.0,0,supply_side
2024-09-13,Financial_Times,0,0,0,0,0,1,0.052323915,0.0,0.9468803,0.0,0.0,2,natural_factor
2024-05-30,The_Business_Times,0,0,0,0,0,1,0.5466777,0.0,0.0,0.45262182,0.0,0,natural_factor
2024-04-17,Channel_News_Asia,0,0,0,0,0,1,0.9981063,0.0,0.0,0.0,0.0,0,natural_factor
2023-06-2,The_Business_Times,1,0,0,0,0,1,0.39130855,0.0,0.0,0.60734504,0.0,3,supply_side
2024-08-28,Financial_Times,0,0,0,0,0,1,0.23824309,0.0,0.6682056,0.08148505,0.012002662,2,natural_factor
2024-02-07,Nikkei_Asia,1,0,0,1,0,1,0.81423753,0.0,0.0,0.0,0.1852472,0,supply_side
2024-06-21,Channel_News_Asia,0,1,0,0,0,1,0.99624467,0.0,0.0,0.0,0.0,0,demand_side
2024-02-22,Channel_News_Asia,0,0,0,0,0,1,0.67582667,0.0,0.0,0.32342812,0.0,0,natural_factor
2023-09-18,The_Business_Times,0,0,1,0,0,1,0.35564214,0.0,0.0,0.53054947,0.1135495,3,financial_risk
2024-02-22,Nikkei_Asia,0,0,0,0,0,2,0.8831785,0.0,0.0,0.11608359,0.0,0,natural_factor
2024-01-31,The_Jakarta_Post,0,0,0,0,0,1,0.94929606,0.0,0.0,0.0,0.05012747,0,natural_factor
2024-09-08,The_Wall_Street_Journal,0,0,0,0,0,2,0.8232874,0.03864028,0.1376789,0.0,0.0,0,natural_factor
2024-03-8,Bangkok_Post,0,0,0,0,0,1,0.85234207,0.0,0.0,0.055624004,0.09152962,0,natural_factor
2024-08-02,The_Wall_Street_Journal,0,0,0,0,0,1,0.36056602,0.0,0.5047389,0.13450688,0.0,2,natural_factor
2024-08-13,Channel_News_Asia,0,0,0,0,0,1,0.8629086,0.0,0.0,0.13594131,0.0,0,natural_factor
2024-08-22,The_Strait_Times,0,0,0,0,0,1,0.21821205,0.0,0.7813696,0.0,0.0,2,natural_factor
2024-06-07,Financial_Times,0,0,0,0,0,1,0.16159144,0.0,0.83286333,0.0,0.0,2,natural_factor
2024-08-25,Financial_Times,0,0,1,0,0,2,0.50105053,0.0,0.4321344,0.06660111,0.0,0,natural_factor
2024-03-02,Thomson_Reuters,0,0,0,0,0,1,0.32535443,0.0,0.0,0.67353153,0.0,3,natural_factor
2024-02-14,The_Wall_Street_Journal,0,0,1,0,0,1,0.28186947,0.0,0.0820511,0.6358249,0.0,3,financial_risk
2024-05-21,The_Business_Times,0,0,0,0,0,2,0.9991544,0.0,0.0,0.0,0.0,0,natural_factor
2024-01-31,Nikkei_Asia,1,0,0,0,1,2,0.8756518,0.0,0.0,0.08422471,0.039833006,0,natural_factor
2024-09-02,Channel_News_Asia,0,0,0,0,0,1,0.0,0.0,0.99676466,0.0,0.0,2,natural_factor
2024-02-22,Taipei_Times,0,1,0,0,0,1,0.9186097,0.0,0.0,0.014395463,0.06636933,0,demand_side
2024-02-29,The_Business_Times,0,0,2,0,0,1,0.387479,0.0,0.0,0.6115094,0.0,3,financial_risk
2024-12-23,Channel_News_Asia,0,0,0,0,0,1,0.40515533,0.0,0.24344064,0.35070148,0.0,0,natural_factor
2024-10-18,Financial_Times,0,1,1,0,0,1,0.2123062,0.0,0.6945192,0.08767251,0.0,2,demand_side
2024-08-19,The_Strait_Times,0,0,0,0,0,2,0.16953953,0.0,0.8269037,0.0,0.0,2,natural_factor
2024-10-17,Financial_Times,1,0,1,0,2,1,0.8177005,0.0,0.0546605,0.03582647,0.09176448,0,esg_regulation
2024-11-26,The_Wall_Street_Journal,0,0,0,0,0,1,0.4045087,0.0,0.0,0.5946747,0.0,3,natural_factor
2024-09-29,The_Strait_Times,0,0,0,0,0,1,0.96366674,0.0,0.035989054,0.0,0.0,0,natural_factor
2024-08-21,The_Strait_Times,0,0,0,0,0,1,0.032978192,0.0,0.9660928,0.0,0.0,2,natural_factor
2024-11-28,Financial_Times,1,0,0,1,0,1,0.715241,0.0,0.1381296,0.05198918,0.09458396,0,supply_side
2024-10-15,Channel_News_Asia,0,0,0,0,0,1,0.3280937,0.0,0.33578512,0.33554408,0.0,2,natural_factor
2024-10-24,The_Wall_Street_Journal,0,0,0,0,0,1,0.2698809,0.0,0.7292635,0.0,0.0,2,natural_factor
2024-11-26,Financial_Times,0,1,0,0,0,2,0.3905554,0.0,0.45027915,0.12565961,0.033447094,2,natural_factor
2024-12-21,API_NEWS_en,0,1,0,0,0,1,0.9186728,0.0,0.02056871,0.011546763,0.04915988,0,demand_side
2024-11-27,API_NEWS_en,1,0,0,0,0,1,0.0,0.0,0.0,0.99938154,0.0,3,supply_side
2024-12-10,API_NEWS_en,0,0,0,0,1,1,0.61589116,0.0,0.04012942,0.27840486,0.065509535,0,esg_regulation
2024-11-28,API_NEWS_en,1,0,0,0,0,1,0.0,0.0,0.026845548,0.97270536,0.0,3,supply_side
2024-12-22,API_NEWS_en,0,0,0,0,0,1,0.44374642,0.0,0.44392622,0.065463625,0.046768583,2,natural_factor
2024-11-28,API_NEWS_en,1,0,0,0,0,1,0.0,0.0,0.0,0.99933016,0.0,3,supply_side
2024-11-28,API_NEWS_en,0,0,0,0,0,1,0.0,0.0,0.0,0.9991546,0.0,3,natural_factor
2024-12-28,Financial_Times,0,0,1,0,0,1,0.8655998,0.0,0.13353293,0.0,0.0,0,financial_risk
2016-11-11,Financial_Times,0,0,0,0,0,1,0.0,0.0,0.9364718,0.0,0.061333787,2,natural_factor
2011-02-26,The_Wall_Street_Journal,0,0,0,0,0,1,0.16041759,0.0,0.17158216,0.6676054,0.0,3,natural_factor
2017-05-17,Financial_Times,0,0,0,0,0,1,0.32994643,0.0,0.6165115,0.0,0.0529655,2,natural_factor
2011-02-25,The_Wall_Street_Journal,1,0,0,0,0,1,0.0,0.0,0.54802036,0.41402256,0.03757817,2,supply_side
2011-03-22,The_Wall_Street_Journal,2,0,0,0,0,1,0.034989085,0.0,0.50469446,0.44788566,0.012309015,2,supply_side
2024-11-28,API_NEWS_en,0,0,0,0,0,1,0.0,0.0,0.0,0.99936765,0.0,3,natural_factor
2023-03-22,Thomson_Reuters,0,0,0,0,0,1,0.03229035,0.0,0.63966835,0.32699782,0.0,2,natural_factor
2023-05-12,Thomson_Reuters,4,0,0,0,0,1,0.0,0.0,0.0,0.99869263,0.0,3,supply_side
2022-10-03,The_Wall_Street_Journal,1,0,0,0,0,1,0.5219524,0.0,0.4037677,0.02134611,0.05283419,0,supply_side
2020-08-13,Financial_Times,0,0,1,0,0,2,0.39698634,0.0,0.18022342,0.4227186,0.0,3,natural_factor
2021-09-03,Thomson_Reuters,1,0,0,0,1,1,0.2926159,0.0,0.3926137,0.24873622,0.065851994,2,supply_side
2015-01-12,Financial_Times,0,0,1,1,0,1,0.4772007,0.0,0.3158102,0.20681235,0.0,0,financial_risk
2003-10-05,The_Wall_Street_Journal,0,0,0,0,0,1,0.6766786,0.043030925,0.15963258,0.12044026,0.0,0,natural_factor
2019-07-18,Thomson_Reuters,0,0,1,1,2,1,0.027651362,0.0,0.70056015,0.2647126,0.0,2,esg_regulation
2009-08-20,The_Wall_Street_Journal,0,0,0,0,0,1,0.15978588,0.0,0.0,0.8393832,0.0,3,natural_factor
2018-03-28,Thomson_Reuters,0,0,0,0,0,1,0.0,0.0,0.99301744,0.0,0.0,2,natural_factor
2019-07-31,The_Jakarta_Post,0,0,0,0,0,1,0.0,0.0,0.92488945,0.0,0.07343083,2,natural_factor
2019-07-17,Thomson_Reuters,0,0,0,0,0,1,0.029361919,0.0,0.75323355,0.21642414,0.0,2,natural_factor
2011-02-10,The_Wall_Street_Journal,0,0,0,0,0,1,0.26737717,0.0,0.48096985,0.101033844,0.15047246,2,natural_factor
2019-02-01,Thomson_Reuters,0,0,0,0,0,1,0.32594255,0.0,0.67173773,0.0,0.0,2,natural_factor
2019-07-30,Thomson_Reuters,2,0,2,0,0,2,0.23437633,0.0,0.06329172,0.70217055,0.0,3,supply_side
2011-02-08,The_Wall_Street_Journal,0,0,0,0,0,1,0.3357604,0.0,0.50332934,0.0,0.16014871,2,natural_factor
2009-10-20,The_Wall_Street_Journal,0,1,0,0,0,1,0.9347409,0.0,0.0,0.054763142,0.010316393,0,demand_side
2001-05-02,The_Wall_Street_Journal,0,0,0,0,0,1,0.7827603,0.0,0.216021,0.0,0.0,0,natural_factor
2023-06-22,Thomson_Reuters,1,2,0,0,0,1,0.2804709,0.0,0.36883816,0.1978873,0.1527086,2,demand_side
2023-06-23,Thomson_Reuters,3,0,0,0,0,1,0.0,0.0,0.0,0.9986045,0.0,3,supply_side
2024-07-30,The_Business_Times,0,0,0,0,0,1,0.79491735,0.0,0.14614189,0.0,0.058730047,0,natural_factor
2016-10-03,Thomson_Reuters,0,0,0,0,0,1,0.017428305,0.0,0.0176462,0.9459617,0.012892316,3,natural_factor
2016-10-12,Thomson_Reuters,1,0,1,0,0,1,0.0,0.0,0.28620562,0.70790434,0.0,3,supply_side
2017-05-31,Thomson_Reuters,0,0,0,0,0,1,0.0,0.0,0.0,0.9863958,0.0,3,natural_factor
2016-04-01,Thomson_Reuters,0,0,0,0,0,1,0.017426088,0.0,0.017643493,0.94596934,0.012890501,3,natural_factor
2016-04-15,Thomson_Reuters,0,0,0,0,0,1,0.0,0.0,0.6446771,0.35163164,0.0,2,natural_factor
2018-12-23,Thomson_Reuters,3,0,3,0,0,1,0.014812053,0.0,0.029468514,0.95546806,0.0,3,supply_side
2016-12-12,Thomson_Reuters,0,0,0,0,0,1,0.0,0.0,0.0,0.9857253,0.0,3,natural_factor
2018-12-21,Thomson_Reuters,3,0,3,0,0,1,0.0,0.0,0.04168441,0.95778906,0.0,3,supply_side
2016-04-15,Thomson_Reuters,1,0,1,0,0,1,0.0,0.0,0.48550949,0.5124788,0.0,3,supply_side
2014-12-10,Thomson_Reuters,1,0,1,0,0,1,0.0,0.0,0.61300653,0.30545458,0.081127934,2,supply_side
2016-05-26,Thomson_Reuters,0,0,1,0,0,1,0.0,0.0,0.8334997,0.1587708,0.0,2,financial_risk
2018-02-26,Thomson_Reuters,1,1,1,0,0,1,0.4653449,0.0,0.06732143,0.43954733,0.027746832,0,supply_side
2017-09-06,Thomson_Reuters,0,0,0,0,0,1,0.0,0.0,0.52627176,0.46765995,0.0,2,natural_factor
2017-12-19,Thomson_Reuters,0,0,1,0,0,1,0.0,0.0,0.0,0.98324126,0.0,3,financial_risk
2022-10-14,The_Jakarta_Post,0,0,0,0,1,2,0.0787359,0.059026297,0.015718268,0.03062214,0.81589735,4,natural_factor
2020-07-14,Thomson_Reuters,1,0,0,0,1,1,0.06259535,0.0,0.611317,0.041495185,0.28440088,2,supply_side
2019-07-31,The_Jakarta_Post,0,0,1,0,1,1,0.26790226,0.0,0.0,0.0,0.73150355,4,financial_risk
2024-04-24,Channel_News_Asia,0,0,0,0,0,2,0.26264915,0.0,0.0,0.5394915,0.19713476,3,natural_factor
2014-06-10,Thomson_Reuters,2,0,0,0,0,1,0.23466545,0.0,0.16502957,0.5577944,0.042283524,3,supply_side
2024-07-18,The_Business_Times,0,0,0,0,0,1,0.58713156,0.0,0.20990054,0.062919006,0.1399236,0,natural_factor
2023-06-06,The_Business_Times,0,0,0,1,0,1,0.52770907,0.03172744,0.037730303,0.40262303,0.0,0,geopolitical_risk
2022-03-07,Thomson_Reuters,1,0,1,0,0,1,0.0,0.0,0.38124532,0.6174343,0.0,3,supply_side
2023-05-16,Channel_News_Asia,0,0,0,0,0,1,0.11464724,0.0,0.0,0.88391274,0.0,3,natural_factor
2022-04-20,The_Wall_Street_Journal,0,0,0,0,0,1,0.31415024,0.04706473,0.0,0.63840914,0.0,3,natural_factor
2020-12-29,Thomson_Reuters,0,0,3,0,0,1,0.19411497,0.0,0.0,0.8052628,0.0,3,financial_risk
2020-06-10,Thomson_Reuters,0,0,1,0,0,2,0.39873594,0.112344146,0.0,0.4884077,0.0,3,natural_factor
2020-01-13,The_Wall_Street_Journal,0,0,1,0,0,1,0.27128193,0.0,0.0,0.72762686,0.0,3,financial_risk
2021-03-05,Thomson_Reuters,0,0,1,0,0,1,0.0,0.0,0.0,0.9987579,0.0,3,financial_risk
2021-02-01,The_Business_Times,0,0,1,0,0,1,0.19856614,0.0,0.0,0.8007994,0.0,3,financial_risk
2020-12-28,Thomson_Reuters,0,0,3,0,0,1,0.1974004,0.0,0.0,0.8019532,0.0,3,financial_risk
2020-01-16,The_Wall_Street_Journal,0,0,0,0,0,1,0.37263307,0.086102225,0.0,0.5403312,0.0,3,natural_factor
2020-01-08,Thomson_Reuters,0,0,0,0,0,1,0.0,0.0,0.0,0.9910083,0.0,3,natural_factor
2020-11-21,The_Business_Times,0,0,1,0,0,2,0.341415,0.0,0.02493437,0.63343894,0.0,3,natural_factor
2020-01-10,Thomson_Reuters,0,0,0,0,0,1,0.513205,0.0,0.0,0.4853987,0.0,0,natural_factor
2020-01-15,The_Wall_Street_Journal,1,0,0,1,0,1,0.4967034,0.0,0.2791203,0.14973725,0.07436289,0,supply_side
2020-02-17,The_Wall_Street_Journal,1,1,0,0,0,1,0.33533305,0.0,0.0,0.6643245,0.0,3,supply_side
2020-12-28,Channel_News_Asia,0,0,3,0,0,1,0.18934429,0.0,0.0,0.80144614,0.0,3,financial_risk
2020-04-20,The_Wall_Street_Journal,0,0,0,0,0,1,0.92740834,0.021125712,0.05106171,0.0,0.0,0,natural_factor
2021-01-20,Thomson_Reuters,0,2,0,0,0,1,0.14606139,0.0,0.14555521,0.7080706,0.0,3,demand_side
2020-04-16,Financial_Times,0,0,0,0,0,1,0.7588702,0.0,0.0,0.24026984,0.0,0,natural_factor
2016-04-29,Financial_Times,0,0,1,0,0,1,0.43420938,0.0,0.0,0.5652565,0.0,3,financial_risk
2017-11-29,Financial_Times,0,0,0,0,0,1,0.19736512,0.0,0.0,0.7990094,0.0,3,natural_factor
2018-09-11,The_Wall_Street_Journal,0,0,0,0,0,1,0.25430232,0.0,0.09335811,0.65218085,0.0,3,natural_factor
2018-12-31,The_Wall_Street_Journal,2,0,2,0,0,1,0.08100753,0.0,0.0,0.91847694,0.0,3,supply_side
2017-12-01,The_Wall_Street_Journal,0,0,0,0,0,1,0.3868743,0.016521925,0.0,0.5961096,0.0,3,natural_factor
2018-04-10,Thomson_Reuters,0,1,0,1,0,1,0.10549957,0.0,0.15608613,0.7380201,0.0,3,demand_side
2018-10-30,Thomson_Reuters,0,1,2,0,0,1,0.092163175,0.0,0.0,0.9072794,0.0,3,financial_risk
2019-03-29,Thomson_Reuters,0,0,0,0,0,1,0.24190651,0.0,0.14337914,0.61095315,0.0,3,natural_factor
2017-11-09,Thomson_Reuters,0,1,0,0,0,2,0.11479331,0.0,0.08825775,0.7967404,0.0,3,natural_factor
2018-04-25,The_Wall_Street_Journal,0,0,0,0,0,1,0.39085665,0.0,0.031196306,0.56957525,0.0,3,natural_factor
2018-08-02,Thomson_Reuters,0,0,0,0,0,1,0.5053845,0.0,0.096653014,0.39736548,0.0,0,natural_factor
2018-11-29,The_Wall_Street_Journal,0,0,1,0,0,1,0.4876645,0.0,0.0,0.51154196,0.0,3,financial_risk
2018-03-29,Thomson_Reuters,0,0,0,0,0,1,0.0,0.0,0.77643204,0.2205717,0.0,2,natural_factor
2018-04-09,Thomson_Reuters,1,0,1,0,0,1,0.0,0.0,0.76523244,0.23374926,0.0,2,supply_side
2019-09-30,Thomson_Reuters,0,0,1,1,0,1,0.3038159,0.0,0.099043086,0.59684676,0.0,3,financial_risk
2018-01-23,Thomson_Reuters,1,0,0,0,0,1,0.0,0.0,0.78131604,0.2176381,0.0,2,supply_side
2018-12-24,The_Wall_Street_Journal,0,0,1,0,0,1,0.46527305,0.042206552,0.07764895,0.41475537,0.0,0,financial_risk
2018-11-09,The_Wall_Street_Journal,0,1,0,0,0,1,0.15519337,0.0,0.059922405,0.78460735,0.0,3,demand_side
2018-04-17,The_Wall_Street_Journal,0,0,0,0,0,1,0.08695166,0.0,0.057830222,0.854888,0.0,3,natural_factor
2018-09-12,Thomson_Reuters,0,0,0,0,0,1,0.0,0.0,0.0,0.88871753,0.104581594,3,natural_factor
2019-03-15,Thomson_Reuters,0,0,1,1,0,1,0.34200191,0.0,0.0,0.6574465,0.0,3,financial_risk
2018-06-22,Thomson_Reuters,1,0,0,0,0,1,0.0,0.0,0.75318295,0.24621749,0.0,2,supply_side
2016-02-09,Thomson_Reuters,0,0,1,0,0,1,0.2273226,0.0,0.0,0.77209336,0.0,3,financial_risk
2018-12-26,Thomson_Reuters,0,0,1,0,0,1,0.0,0.02839692,0.070281126,0.90075284,0.0,3,financial_risk
2019-05-07,The_Wall_Street_Journal,0,0,0,0,0,1,0.1570856,0.0,0.0,0.84215075,0.0,3,natural_factor
2018-03-22,The_Wall_Street_Journal,0,1,3,0,0,1,0.13883814,0.0,0.07599089,0.78494704,0.0,3,financial_risk
2018-04-23,Financial_Times,0,0,2,0,0,1,0.76552385,0.0,0.027113084,0.20724922,0.0,0,financial_risk
2018-09-24,Thomson_Reuters,0,0,0,0,0,1,0.3820956,0.0,0.034817174,0.5828104,0.0,3,natural_factor
2018-10-15,Thomson_Reuters,0,0,1,0,0,1,0.14206877,0.0,0.07908935,0.77857465,0.0,3,financial_risk
2018-08-17,Thomson_Reuters,0,1,1,1,0,1,0.0,0.0,0.021407416,0.9536691,0.024541317,3,demand_side
2018-03-28,Thomson_Reuters,0,0,1,0,0,1,0.0,0.0,0.6463866,0.35195807,0.0,2,financial_risk
2016-01-13,Thomson_Reuters,0,0,0,0,0,1,0.29640657,0.0,0.0598141,0.64338213,0.0,3,natural_factor
2017-11-16,Thomson_Reuters,0,0,1,0,0,1,0.0,0.0,0.17940626,0.82005674,0.0,3,financial_risk
2018-02-08,Thomson_Reuters,0,0,0,0,0,1,0.19277395,0.0,0.0,0.8066728,0.0,3,natural_factor
2017-04-18,Thomson_Reuters,0,1,0,0,0,1,0.0,0.0,0.062074296,0.9370519,0.0,3,demand_side
2017-07-24,Thomson_Reuters,2,0,0,0,0,1,0.013620628,0.0,0.0,0.9855116,0.0,3,supply_side
2014-04-20,The_Wall_Street_Journal,1,0,1,0,0,1,0.14491619,0.0,0.34860423,0.5062606,0.0,3,supply_side
2018-08-29,Thomson_Reuters,0,1,0,0,0,1,0.05275914,0.0,0.037243582,0.9096137,0.0,3,demand_side
2018-10-17,Thomson_Reuters,3,0,0,0,0,1,0.029773401,0.0,0.0,0.9695589,0.0,3,supply_side
2018-11-20,Thomson_Reuters,0,0,1,1,0,1,0.28432631,0.0,0.0,0.7152521,0.0,3,financial_risk
2018-08-18,Thomson_Reuters,0,0,0,1,0,1,0.30024555,0.0,0.0,0.6992569,0.0,3,geopolitical_risk
2017-01-12,The_Wall_Street_Journal,0,1,0,0,0,1,0.23778452,0.011658985,0.26790583,0.48248243,0.0,3,demand_side
2019-07-17,Thomson_Reuters,0,1,1,0,0,1,0.2828771,0.0,0.0,0.71663153,0.0,3,demand_side
2016-02-08,The_Wall_Street_Journal,0,1,0,0,0,1,0.28156787,0.010442693,0.0,0.7076103,0.0,3,demand_side
2019-04-22,The_Wall_Street_Journal,0,1,1,0,0,1,0.21768425,0.0,0.022674132,0.75939626,0.0,3,demand_side
2018-04-06,Thomson_Reuters,0,0,1,0,0,1,0.075284645,0.0,0.054776225,0.86948395,0.0,3,financial_risk
2017-04-26,Financial_Times,0,0,2,0,0,1,0.48018003,0.068999596,0.0,0.450546,0.0,0,financial_risk
2018-09-20,Thomson_Reuters,0,0,0,0,0,2,0.3836724,0.0,0.0,0.61593384,0.0,3,natural_factor
2018-10-25,Thomson_Reuters,0,0,0,0,0,1,0.1806288,0.0,0.0,0.8185746,0.0,3,natural_factor
2018-07-24,Thomson_Reuters,0,0,0,1,0,1,0.0,0.0,0.0,0.9989154,0.0,3,geopolitical_risk
2019-03-14,Thomson_Reuters,0,0,1,1,0,1,0.34423482,0.0,0.0,0.65524954,0.0,3,financial_risk
2018-10-02,Thomson_Reuters,1,0,0,0,0,1,0.0950399,0.0,0.51163507,0.37674698,0.016456615,2,supply_side
2016-11-17,The_Wall_Street_Journal,0,0,0,0,0,1,0.99903274,0.0,0.0,0.0,0.0,0,natural_factor
2016-01-21,The_Wall_Street_Journal,0,0,0,1,0,1,0.6474081,0.0,0.20705023,0.0,0.14526658,0,geopolitical_risk
2018-05-15,Thomson_Reuters,0,0,0,0,0,1,0.09655776,0.0,0.21565036,0.6874244,0.0,3,natural_factor
2017-12-28,Thomson_Reuters,0,0,0,0,0,1,0.0,0.0,0.47436848,0.5197611,0.0,3,natural_factor
2018-09-27,The_Wall_Street_Journal,0,0,0,0,0,1,0.9557869,0.0,0.040654045,0.0,0.0,0,natural_factor
2018-07-16,Thomson_Reuters,0,0,0,0,0,1,0.0,0.0,0.0,0.99199086,0.0,3,natural_factor
2018-11-19,Thomson_Reuters,0,0,1,0,0,1,0.1572873,0.0,0.036306832,0.8061191,0.0,3,financial_risk
2018-03-19,The_Wall_Street_Journal,0,0,1,1,0,1,0.24371706,0.0,0.0,0.75581646,0.0,3,financial_risk
2018-06-25,Thomson_Reuters,0,1,1,1,0,1,0.0,0.0,0.07603434,0.9233016,0.0,3,demand_side
2019-07-22,Thomson_Reuters,0,0,1,0,0,1,0.0,0.0,0.0,0.9986968,0.0,3,financial_risk
2017-11-20,Thomson_Reuters,0,0,1,0,0,1,0.0,0.03538784,0.36906207,0.59381884,0.0,3,financial_risk
2019-01-08,Financial_Times,0,0,0,0,0,1,0.68674535,0.0,0.0,0.31264368,0.0,0,natural_factor
2019-07-18,Thomson_Reuters,0,0,1,0,0,1,0.046456635,0.022616846,0.010127096,0.92048573,0.0,3,financial_risk
2018-06-25,Thomson_Reuters,1,0,0,0,0,1,0.0,0.0,0.09156217,0.8822429,0.025678989,3,supply_side
2018-07-14,Financial_Times,0,0,0,0,0,1,0.5683025,0.0,0.3880954,0.040339537,0.0,0,natural_factor
2018-03-09,Thomson_Reuters,0,0,1,0,0,1,0.15346614,0.0,0.0,0.84559894,0.0,3,financial_risk
2018-11-19,The_Wall_Street_Journal,1,0,1,0,0,1,0.33932832,0.0,0.0,0.6595475,0.0,3,supply_side
2018-12-10,Thomson_Reuters,0,0,0,0,0,1,0.23288836,0.0,0.0,0.7665055,0.0,3,natural_factor
2018-08-09,The_Wall_Street_Journal,0,0,0,0,0,1,0.21282208,0.0,0.02932327,0.7575976,0.0,3,natural_factor
2017-09-12,Thomson_Reuters,4,0,0,1,0,2,0.04278884,0.0,0.0,0.9338592,0.022898756,3,supply_side
2018-04-03,Thomson_Reuters,0,0,1,0,0,1,0.66527206,0.0,0.03438166,0.30001575,0.0,0,financial_risk
2019-04-16,Thomson_Reuters,0,0,0,0,0,1,0.23643212,0.011082068,0.0,0.7517149,0.0,3,natural_factor
2018-12-14,Thomson_Reuters,0,1,1,1,0,1,0.02366921,0.0,0.04419075,0.9317328,0.0,3,demand_side
2018-07-31,The_Wall_Street_Journal,0,0,0,0,0,1,0.35295826,0.0,0.02901657,0.61336625,0.0,3,natural_factor
2018-05-09,Thomson_Reuters,0,0,0,0,0,1,0.0,0.0,0.14652589,0.8477249,0.0,3,natural_factor
2018-10-08,Thomson_Reuters,1,0,0,0,0,1,0.0,0.0,0.15822998,0.8408274,0.0,3,supply_side
2018-04-02,Thomson_Reuters,0,1,1,1,0,1,0.47902238,0.022951053,0.052732565,0.44522953,0.0,0,demand_side
2017-11-15,Thomson_Reuters,0,0,1,0,0,1,0.0,0.0,0.20565438,0.7928428,0.0,3,financial_risk
2018-04-16,Thomson_Reuters,0,0,0,0,0,1,0.0,0.0,0.83811224,0.1612345,0.0,2,natural_factor
2018-07-27,Channel_News_Asia,0,0,0,0,0,1,0.04444693,0.0,0.060193002,0.8950382,0.0,3,natural_factor
2017-12-14,Financial_Times,0,0,0,1,0,1,0.6397088,0.018352786,0.21956499,0.07835905,0.04401433,0,geopolitical_risk
2018-06-21,The_Wall_Street_Journal,0,0,0,0,0,1,0.43824315,0.0,0.5613241,0.0,0.0,2,natural_factor
2018-10-08,Thomson_Reuters,0,0,0,1,0,1,0.1292223,0.0,0.0,0.8701144,0.0,3,geopolitical_risk
2018-06-04,The_Wall_Street_Journal,0,0,1,0,0,1,0.40508413,0.0,0.0,0.5945113,0.0,3,financial_risk
2018-09-19,Thomson_Reuters,0,0,0,0,0,2,0.3940586,0.0,0.0,0.6055396,0.0,3,natural_factor
2019-10-11,The_Wall_Street_Journal,0,0,0,0,0,1,0.55294657,0.01830578,0.0,0.4277771,0.0,0,natural_factor
2017-11-15,Thomson_Reuters,0,0,0,0,0,1,0.0,0.0,0.7767596,0.22086033,0.0,2,natural_factor
2018-10-16,Thomson_Reuters,3,0,0,0,0,1,0.0,0.0,0.17887387,0.8204619,0.0,3,supply_side
2018-08-22,Thomson_Reuters,0,0,0,0,0,2,0.43840522,0.0,0.0,0.56104106,0.0,3,natural_factor
2018-10-19,Thomson_Reuters,0,0,1,0,0,1,0.18199866,0.028151581,0.0,0.78892493,0.0,3,financial_risk
2018-01-08,The_Wall_Street_Journal,0,0,2,0,0,1,0.5267806,0.023850245,0.0,0.449,0.0,0,financial_risk
2016-02-16,Thomson_Reuters,0,0,0,0,0,1,0.0,0.0,0.45268574,0.5458085,0.0,3,natural_factor
2018-10-31,The_Wall_Street_Journal,1,1,1,0,0,1,0.1843724,0.0,0.0,0.8151494,0.0,3,supply_side
2018-07-26,Thomson_Reuters,0,0,0,0,0,1,0.034131233,0.0,0.05301067,0.9125111,0.0,3,natural_factor
2018-10-04,Thomson_Reuters,1,0,1,0,0,1,0.12194336,0.0,0.0,0.8774147,0.0,3,supply_side
2018-10-03,Channel_News_Asia,0,0,0,0,0,1,0.0,0.0,0.1384434,0.8606295,0.0,3,natural_factor
2019-07-09,Thomson_Reuters,0,0,0,1,0,1,0.08798761,0.0,0.04491988,0.8666245,0.0,3,geopolitical_risk
2018-06-26,Thomson_Reuters,1,0,2,0,0,1,0.05573057,0.0,0.6414049,0.30258852,0.0,2,financial_risk
2018-07-25,Thomson_Reuters,0,0,0,0,0,1,0.30622742,0.018693857,0.0,0.6730005,0.0,3,natural_factor
2018-10-26,The_Wall_Street_Journal,0,0,0,0,0,1,0.20740639,0.0,0.0,0.7921991,0.0,3,natural_factor
2018-10-21,Thomson_Reuters,0,0,1,0,0,1,0.23844208,0.0,0.0,0.76103526,0.0,3,financial_risk
2016-09-08,The_Wall_Street_Journal,0,0,0,0,0,1,0.2995611,0.017020931,0.0,0.6757858,0.0,3,natural_factor
2018-04-04,Thomson_Reuters,0,0,0,1,0,1,0.15979567,0.0,0.0,0.83943504,0.0,3,geopolitical_risk
2016-10-31,The_Wall_Street_Journal,0,0,2,0,0,2,0.09871397,0.0,0.16493562,0.73066705,0.0,3,financial_risk
2018-10-02,Thomson_Reuters,0,0,2,0,0,2,0.3252811,0.0,0.0,0.673926,0.0,3,financial_risk
2019-07-09,Thomson_Reuters,0,0,0,0,0,1,0.13162233,0.0,0.062211435,0.8057982,0.0,3,natural_factor
2019-04-10,Thomson_Reuters,0,0,2,0,0,1,0.21902001,0.0,0.029725693,0.75085384,0.0,3,financial_risk
2017-09-27,The_Wall_Street_Journal,0,0,0,0,0,2,0.61486447,0.013797298,0.010643516,0.3605557,0.0,0,natural_factor
2017-07-09,The_Wall_Street_Journal,0,0,0,0,0,2,0.44664553,0.0,0.0,0.552836,0.0,3,natural_factor
2018-11-02,The_Wall_Street_Journal,0,0,1,0,0,1,0.09668026,0.016497796,0.13653424,0.7501081,0.0,3,financial_risk
2018-08-17,Thomson_Reuters,0,0,0,1,0,1,0.3002458,0.0,0.0,0.6992566,0.0,3,geopolitical_risk
2018-03-25,Thomson_Reuters,1,0,0,1,0,1,0.040316746,0.0,0.027007656,0.9322842,0.0,3,supply_side
2018-10-29,Thomson_Reuters,0,0,0,0,0,1,0.0,0.0,0.0,0.9912869,0.0,3,natural_factor
2018-03-22,Thomson_Reuters,0,1,1,1,0,1,0.3694816,0.0,0.09532405,0.5295297,0.0,3,demand_side
2019-01-15,Thomson_Reuters,0,1,0,0,0,1,0.5377242,0.0,0.18877372,0.20583211,0.067572206,0,demand_side
2018-11-14,Thomson_Reuters,0,0,1,0,0,1,0.17372857,0.0,0.0,0.825613,0.0,3,financial_risk
2018-04-24,The_Wall_Street_Journal,0,0,1,0,0,1,0.0809658,0.0,0.032824136,0.8695338,0.0,3,financial_risk
2018-10-24,Thomson_Reuters,0,0,1,0,0,1,0.3465929,0.0,0.014173564,0.6388903,0.0,3,financial_risk
2018-07-25,Channel_News_Asia,0,0,0,1,0,1,0.0,0.0,0.0,0.9914678,0.0,3,geopolitical_risk
2018-04-16,The_Wall_Street_Journal,0,0,0,0,0,2,0.32231283,0.0,0.060381267,0.612401,0.0,3,natural_factor
2018-06-26,Thomson_Reuters,0,0,0,0,1,2,0.02239363,0.0,0.40427294,0.514497,0.05876053,3,natural_factor
2018-12-14,Thomson_Reuters,0,1,1,1,0,1,0.0,0.0,0.05812503,0.9410272,0.0,3,demand_side
2017-11-16,Thomson_Reuters,0,0,0,0,0,1,0.28412837,0.0,0.123937674,0.59130496,0.0,3,natural_factor
2018-08-07,The_Wall_Street_Journal,0,0,0,0,0,1,0.21856238,0.0,0.028302673,0.75286883,0.0,3,natural_factor
2019-07-16,Thomson_Reuters,0,1,1,0,0,1,0.2947642,0.0,0.0,0.7047754,0.0,3,demand_side
2018-07-16,Thomson_Reuters,1,0,0,0,0,1,0.0,0.0,0.11285445,0.8855821,0.0,3,supply_side
2018-08-19,Thomson_Reuters,0,0,0,1,0,1,0.29814392,0.0,0.0,0.7013278,0.0,3,geopolitical_risk
2017-02-15,Thomson_Reuters,0,0,1,0,0,1,0.04676963,0.0,0.090058245,0.8627355,0.0,3,financial_risk
2017-06-03,Thomson_Reuters,0,0,0,0,0,1,0.41461554,0.0,0.0,0.58470285,0.0,3,natural_factor
2017-06-15,Thomson_Reuters,0,0,0,0,0,1,0.18643826,0.0,0.012089447,0.80097914,0.0,3,natural_factor
2018-04-09,Thomson_Reuters,0,0,0,0,0,1,0.0,0.0,0.7763709,0.21447206,0.0,2,natural_factor
2023-05-15,Thomson_Reuters,0,0,0,0,0,1,0.1157192,0.0,0.0,0.8828195,0.0,3,natural_factor
2023-07-03,Thomson_Reuters,2,1,0,0,1,2,0.0877592,0.0,0.1111284,0.7099079,0.09113832,3,supply_side
2024-02-03,Thomson_Reuters,0,0,0,0,0,1,0.5638923,0.0,0.0,0.43438163,0.0,0,natural_factor
2024-11-27,API_NEWS_en,0,0,0,0,0,1,0.0,0.0,0.0,0.92171615,0.07752317,3,natural_factor
2021-06-07,Thomson_Reuters,2,0,0,0,0,1,0.0,0.0,0.31708586,0.68241864,0.0,3,supply_side
2016-12-12,Thomson_Reuters,0,0,0,0,0,1,0.0,0.0,0.0,0.9935895,0.0,3,natural_factor
2018-10-23,Thomson_Reuters,2,0,0,0,0,1,0.0,0.0,0.2198374,0.77901936,0.0,3,supply_side
2018-08-14,Thomson_Reuters,0,0,0,0,0,1,0.0,0.0,0.4708646,0.51845163,0.0,3,natural_factor
2018-08-15,Thomson_Reuters,2,0,0,0,0,2,0.041342217,0.0,0.6278204,0.33011442,0.0,2,supply_side
2018-08-14,Thomson_Reuters,2,0,0,0,0,1,0.0,0.0,0.10303133,0.89622533,0.0,3,supply_side
2018-08-15,Thomson_Reuters,1,0,0,0,0,1,0.0,0.0,0.13883863,0.86023295,0.0,3,supply_side
2022-12-02,Thomson_Reuters,3,0,1,0,0,1,0.23298584,0.0,0.03423466,0.7245367,0.0,3,supply_side
2022-08-03,Thomson_Reuters,1,0,0,0,0,1,0.0,0.0,0.17196004,0.82693374,0.0,3,supply_side
2002-04-10,The_Wall_Street_Journal,0,0,0,0,0,1,0.0,0.0,0.6762986,0.31676504,0.0,2,natural_factor
2001-07-16,The_Wall_Street_Journal,1,0,0,0,0,1,0.23134875,0.0,0.090686575,0.677692,0.0,3,supply_side
1999-11-12,The_Wall_Street_Journal,0,0,0,0,0,1,0.84902406,0.0,0.14966328,0.0,0.0,0,natural_factor
2016-01-22,The_Wall_Street_Journal,0,0,0,2,0,1,0.0,0.0,0.65355307,0.3449356,0.0,2,geopolitical_risk
2014-10-10,The_Wall_Street_Journal,0,0,0,0,0,1,0.3208287,0.0,0.67781734,0.0,0.0,2,natural_factor
2001-02-09,The_Wall_Street_Journal,0,0,0,0,0,1,0.18528856,0.0,0.07030626,0.7441033,0.0,3,natural_factor
2000-05-05,The_Wall_Street_Journal,0,0,0,0,0,1,0.714113,0.0,0.26944387,0.01622398,0.0,0,natural_factor
2015-07-14,The_Wall_Street_Journal,0,0,0,0,0,1,0.018222848,0.0,0.80679965,0.17446072,0.0,2,natural_factor
2003-08-18,The_Wall_Street_Journal,0,0,0,0,0,1,0.18695897,0.0,0.17197809,0.640328,0.0,3,natural_factor
2007-07-27,The_Wall_Street_Journal,0,0,0,1,0,2,0.80417514,0.020251451,0.16782781,0.0,0.0,0,natural_factor
2015-11-16,The_Wall_Street_Journal,0,0,1,0,0,1,0.095213,0.0,0.61758125,0.26432627,0.022698922,2,financial_risk
2000-08-04,The_Wall_Street_Journal,0,0,1,0,0,1,0.20552413,0.0,0.07444795,0.7197512,0.0,3,financial_risk
1998-06-24,The_Wall_Street_Journal,0,0,0,0,0,1,0.38745692,0.0,0.5939155,0.0,0.015982987,2,natural_factor
2004-05-03,The_Wall_Street_Journal,0,0,0,0,0,1,0.93889874,0.0,0.054099992,0.0,0.0,0,natural_factor
2024-11-27,API_NEWS_en,0,1,1,2,0,1,0.18966934,0.0,0.23006806,0.5757907,0.0,3,geopolitical_risk
2024-11-27,API_NEWS_en,0,0,0,0,0,1,0.0,0.0,0.0,0.9994992,0.0,3,natural_factor
2023-01-21,Bangkok_Post,1,2,2,0,0,1,0.2720211,0.0,0.043285057,0.46726787,0.21738079,3,demand_side
2023-05-16,Financial_Times,3,1,0,0,0,1,0.3717556,0.0,0.17805098,0.28328592,0.16686761,0,supply_side
2022-01-19,Thomson_Reuters,0,1,1,0,0,1,0.28585163,0.0,0.3636015,0.34996918,0.0,2,demand_side
2023-04-21,Thomson_Reuters,3,1,2,0,0,1,0.03692003,0.0,0.0,0.9623862,0.0,3,supply_side
2023-02-18,Bangkok_Post,0,1,0,0,0,1,0.65770954,0.0,0.0,0.07024271,0.27161065,0,demand_side
2023-04-20,Thomson_Reuters,0,0,2,0,0,1,0.39479148,0.020784939,0.19710882,0.38691762,0.0,0,financial_risk
2023-04-24,Thomson_Reuters,0,0,0,0,0,1,0.60961133,0.0,0.24327785,0.14647871,0.0,0,natural_factor
2022-12-12,Bangkok_Post,0,1,0,0,0,1,0.9082643,0.024781633,0.0,0.0,0.06659976,0,demand_side
2020-07-28,Financial_Times,2,1,0,0,0,2,0.30432555,0.0,0.18246321,0.38026696,0.13290332,3,supply_side
2021-01-01,Financial_Times,2,1,0,1,1,3,0.65898424,0.0,0.11816055,0.20382085,0.018052353,0,natural_factor
2023-06-10,The_Jakarta_Post,0,1,0,0,0,1,0.14208403,0.0,0.24206474,0.084147826,0.5316139,4,demand_side
2023-12-13,Channel_News_Asia,0,1,0,0,0,2,0.6026425,0.0,0.32262334,0.03472822,0.031104952,0,natural_factor
2023-09-06,Financial_Times,0,1,2,0,0,1,0.26594904,0.0,0.6482821,0.085654914,0.0,2,financial_risk
2024-08-21,Financial_Times,0,0,1,0,0,1,0.42553893,0.0,0.25480467,0.31921917,0.0,0,financial_risk
2022-04-07,Thomson_Reuters,0,0,0,0,0,1,0.18976918,0.0,0.23129347,0.57841396,0.0,3,natural_factor
2022-02-09,Thomson_Reuters,2,0,0,0,0,2,0.0,0.0,0.5843032,0.36005363,0.046879746,2,supply_side
2023-03-06,Thomson_Reuters,2,0,0,0,0,1,0.10921795,0.0,0.34923995,0.5410691,0.0,3,supply_side
2022-09-06,Thomson_Reuters,0,0,0,0,0,1,0.0,0.0,0.34484497,0.6539249,0.0,3,natural_factor
2023-03-03,The_Business_Times,2,2,0,1,0,2,0.1730583,0.0,0.20934355,0.51097137,0.106555656,3,supply_side
2022-10-19,Thomson_Reuters,0,1,0,1,1,2,0.10025924,0.0,0.08329716,0.57629144,0.24007368,3,natural_factor
2022-10-26,Thomson_Reuters,0,1,0,1,0,1,0.0,0.0,0.0,0.9975222,0.0,3,demand_side
2022-03-08,Thomson_Reuters,2,0,0,0,0,1,0.036212355,0.0,0.33208725,0.59217054,0.03940628,3,supply_side
2022-10-12,Thomson_Reuters,2,0,2,0,0,1,0.0,0.0,0.11241942,0.88642144,0.0,3,supply_side
2022-01-25,Thomson_Reuters,2,0,3,0,0,1,0.0,0.0,0.120934434,0.8778364,0.0,3,financial_risk
2022-05-02,Thomson_Reuters,0,0,0,0,0,1,0.0,0.0,0.29716593,0.6900649,0.0,3,natural_factor
2022-03-10,Thomson_Reuters,3,0,1,1,0,2,0.17612173,0.012231281,0.15262364,0.6501278,0.0,3,supply_side
2022-01-25,Thomson_Reuters,2,0,3,0,0,1,0.0,0.0,0.12673518,0.872012,0.0,3,financial_risk
2022-12-06,Thomson_Reuters,3,0,1,0,0,1,0.23297587,0.0,0.03428725,0.72455907,0.0,3,supply_side
2023-02-15,Thomson_Reuters,0,0,0,0,0,1,0.0,0.0,0.0,0.9917846,0.0,3,natural_factor
2022-12-06,The_Strait_Times,1,0,1,0,0,1,0.106016405,0.0,0.025301976,0.85702,0.011561076,3,supply_side
2021-06-30,Thomson_Reuters,0,0,0,0,0,1,0.21082255,0.0,0.6470863,0.14158882,0.0,2,natural_factor
2020-06-29,Thomson_Reuters,3,1,2,0,0,1,0.0,0.0,0.079802535,0.91894424,0.0,3,supply_side
2020-09-17,Channel_News_Asia,3,0,1,0,0,1,0.0,0.0,0.2708345,0.72819203,0.0,3,supply_side
2021-07-12,Thomson_Reuters,1,0,0,0,0,1,0.0,0.0,0.47155318,0.52701724,0.0,3,supply_side
2020-09-10,Thomson_Reuters,3,0,0,0,0,1,0.0,0.0,0.32904893,0.6681916,0.0,3,supply_side
2021-10-26,Thomson_Reuters,0,0,0,0,0,1,0.0,0.0,0.56128937,0.36495358,0.07301387,2,natural_factor
2020-10-22,Thomson_Reuters,0,0,0,0,0,1,0.0,0.0,0.32158142,0.67481714,0.0,3,natural_factor
2020-09-16,Thomson_Reuters,3,0,1,0,0,1,0.0,0.0,0.22068407,0.77821726,0.0,3,supply_side
2020-12-08,The_Business_Times,1,0,0,0,0,1,0.07435938,0.0,0.0,0.9246455,0.0,3,supply_side
2021-05-12,Thomson_Reuters,0,0,0,0,0,1,0.15589236,0.0,0.0,0.56802255,0.2749257,3,natural_factor
2020-09-17,Thomson_Reuters,0,0,0,1,0,1,0.0,0.0,0.9985418,0.0,0.0,2,geopolitical_risk
2021-03-22,Thomson_Reuters,0,0,0,0,1,1,0.31085834,0.0,0.23311171,0.29715875,0.15876794,0,esg_regulation
2020-10-27,Thomson_Reuters,2,0,0,0,0,1,0.0,0.0,0.0,0.998405,0.0,3,supply_side
2021-05-10,Thomson_Reuters,0,1,1,0,0,1,0.0,0.0,0.06387655,0.934708,0.0,3,demand_side
2021-10-26,Thomson_Reuters,1,0,3,0,0,1,0.0,0.0,0.034161244,0.96518886,0.0,3,financial_risk
2021-06-30,Thomson_Reuters,0,0,0,0,0,1,0.18759741,0.0,0.6653688,0.13196224,0.014921723,2,natural_factor
2020-09-14,Thomson_Reuters,0,0,0,0,0,1,0.0,0.0,0.4488337,0.5420004,0.0,3,natural_factor
2020-01-31,Thomson_Reuters,0,0,3,0,0,1,0.018483376,0.0,0.35597554,0.6249767,0.0,3,financial_risk
2021-09-09,Thomson_Reuters,0,0,0,0,0,1,0.059666015,0.0,0.18592976,0.50954264,0.24458969,3,natural_factor
2021-09-07,Thomson_Reuters,0,0,0,0,0,1,0.10015744,0.0,0.0,0.8983904,0.0,3,natural_factor
2020-02-27,Thomson_Reuters,1,0,0,0,0,1,0.5331127,0.0,0.0,0.46586367,0.0,0,supply_side
2021-12-07,Thomson_Reuters,1,0,0,0,0,1,0.09101547,0.0,0.06854849,0.78590244,0.054313637,3,supply_side
2021-05-17,Thomson_Reuters,0,1,2,0,0,1,0.058094963,0.0,0.107334286,0.8342267,0.0,3,financial_risk
2021-05-06,Thomson_Reuters,1,1,0,0,0,1,0.0,0.0,0.0,0.99837846,0.0,3,supply_side
2020-10-22,Thomson_Reuters,0,1,1,0,0,1,0.0,0.0,0.0,0.99776983,0.0,3,demand_side
2021-05-11,Thomson_Reuters,0,1,0,0,0,1,0.3122682,0.0,0.35085925,0.30171627,0.0350719,2,demand_side
2012-02-01,Financial_Times,0,0,0,0,0,1,0.16597319,0.0,0.054312043,0.7794609,0.0,3,natural_factor
2019-05-05,Thomson_Reuters,2,0,2,1,0,1,0.15196088,0.0,0.027714077,0.82001203,0.0,3,supply_side
2017-07-03,Thomson_Reuters,0,0,0,0,0,1,0.16323557,0.0,0.19842444,0.6378694,0.0,3,natural_factor
2016-12-21,Thomson_Reuters,1,0,0,0,0,1,0.0,0.0,0.049709953,0.9486334,0.0,3,supply_side
2017-10-02,Thomson_Reuters,0,0,2,0,0,1,0.3122832,0.0,0.0,0.6872484,0.0,3,financial_risk
2017-07-05,Thomson_Reuters,0,0,0,0,0,1,0.0,0.0,0.6987283,0.30046493,0.0,2,natural_factor
2018-08-04,Thomson_Reuters,1,0,0,0,0,2,0.034436498,0.0,0.48445064,0.3827148,0.09825091,2,natural_factor
2017-06-19,Thomson_Reuters,2,0,0,0,0,1,0.0,0.0,0.34297848,0.6560083,0.0,3,supply_side
2017-07-31,Thomson_Reuters,0,0,0,0,0,1,0.0,0.0,0.73316824,0.26198328,0.0,2,natural_factor
2017-06-19,Thomson_Reuters,0,0,0,0,0,1,0.021862186,0.0,0.8317803,0.1457701,0.0,2,natural_factor
2019-07-09,Thomson_Reuters,0,0,0,0,0,1,0.0,0.035213172,0.8311836,0.13294858,0.0,2,natural_factor
2016-02-10,Thomson_Reuters,0,0,0,0,0,1,0.084987015,0.0,0.6022285,0.16009115,0.1525578,2,natural_factor
2019-06-11,Thomson_Reuters,0,0,0,0,0,1,0.0,0.0,0.8304355,0.16866297,0.0,2,natural_factor
2017-10-26,Thomson_Reuters,0,0,0,0,0,1,0.0,0.0,0.0,0.9797826,0.0,3,natural_factor
2019-07-10,Thomson_Reuters,0,0,0,0,0,1,0.0,0.0,0.8015462,0.1961039,0.0,2,natural_factor
2019-07-09,Thomson_Reuters,0,0,0,0,0,1,0.0,0.0,0.7250284,0.26725695,0.0,2,natural_factor
2019-09-27,Thomson_Reuters,0,0,0,0,0,1,0.0,0.0,0.56037366,0.40455893,0.03452988,2,natural_factor
2017-10-31,Thomson_Reuters,0,0,0,0,0,1,0.0,0.0,0.6815014,0.2597268,0.057728242,2,natural_factor
2019-07-01,Thomson_Reuters,0,0,0,0,0,1,0.0,0.0,0.7754034,0.22283779,0.0,2,natural_factor
2017-07-04,Thomson_Reuters,0,0,0,0,0,1,0.13592018,0.0,0.5841455,0.2790979,0.0,2,natural_factor
2015-03-10,Thomson_Reuters,0,0,1,0,0,1,0.0,0.0,0.03646652,0.9186962,0.0443397,3,financial_risk
2017-06-28,Thomson_Reuters,1,0,0,0,0,1,0.02853999,0.03022135,0.63540876,0.30560672,0.0,2,supply_side
2018-01-05,Financial_Times,2,1,0,0,0,1,0.028112203,0.0,0.0,0.97109294,0.0,3,supply_side
2017-10-23,Thomson_Reuters,2,0,0,0,0,1,0.0,0.0,0.0,0.99846256,0.0,3,supply_side
2015-05-11,Thomson_Reuters,0,0,1,0,0,1,0.08918766,0.0,0.31172276,0.531343,0.06761039,3,financial_risk
2017-11-09,Thomson_Reuters,0,0,0,0,0,1,0.0,0.0,0.57889086,0.41421133,0.0,2,natural_factor
2017-07-03,Thomson_Reuters,0,0,0,0,0,1,0.12631619,0.0,0.22048444,0.65272224,0.0,3,natural_factor
2019-12-02,Thomson_Reuters,0,0,0,0,0,1,0.0,0.0,0.99798435,0.0,0.0,2,natural_factor
2017-07-20,The_Wall_Street_Journal,2,0,0,0,0,1,0.16548203,0.0,0.07286124,0.7142466,0.047257733,3,supply_side
2017-02-09,Thomson_Reuters,0,0,0,0,0,1,0.0,0.0,0.0,0.9857097,0.0,3,natural_factor
2017-06-20,Thomson_Reuters,0,0,0,0,0,1,0.27801844,0.0,0.7210345,0.0,0.0,2,natural_factor
2017-10-17,Thomson_Reuters,0,0,0,0,0,1,0.0,0.0,0.0,0.9931247,0.0,3,natural_factor
2019-06-28,Thomson_Reuters,0,0,0,0,0,1,0.0,0.0,0.7611362,0.23791848,0.0,2,natural_factor
2019-02-14,Thomson_Reuters,1,0,0,0,0,2,0.07658065,0.0,0.37241033,0.47667283,0.07419298,3,natural_factor
2017-07-05,Thomson_Reuters,1,0,0,0,0,1,0.087922126,0.083203554,0.31513742,0.51294917,0.0,3,supply_side
2019-06-29,Thomson_Reuters,0,0,0,0,0,1,0.0,0.0,0.93846935,0.06054249,0.0,2,natural_factor
2017-11-03,Thomson_Reuters,0,0,0,0,0,1,0.0,0.0,0.8936858,0.0,0.10234908,2,natural_factor
2017-04-05,Thomson_Reuters,0,0,0,0,0,1,0.0,0.0,0.0,0.98746914,0.0,3,natural_factor
2016-05-13,Thomson_Reuters,0,0,0,0,0,1,0.0734036,0.01715943,0.09262975,0.81611836,0.0,3,natural_factor
2019-09-16,Thomson_Reuters,3,0,0,0,0,1,0.0728522,0.0,0.6030029,0.28856233,0.03552099,2,supply_side
2017-09-14,Thomson_Reuters,0,0,0,0,0,1,0.11969448,0.0,0.83470356,0.029782284,0.015743218,2,natural_factor
2017-09-20,Thomson_Reuters,0,0,0,0,0,1,0.0,0.0,0.68201363,0.31366363,0.0,2,natural_factor
2023-10-17,Thomson_Reuters,1,0,1,0,0,1,0.051901594,0.0,0.2853812,0.66233665,0.0,3,supply_side
2023-08-17,Thomson_Reuters,0,0,0,0,0,1,0.0,0.0,0.70314115,0.29422313,0.0,2,natural_factor
2023-10-25,Thomson_Reuters,0,0,1,0,0,1,0.05601647,0.0,0.0,0.8878583,0.05533356,3,financial_risk
2023-07-20,Thomson_Reuters,2,0,0,0,0,1,0.0,0.0,0.0,0.9981275,0.0,3,supply_side
2023-08-16,Thomson_Reuters,0,0,0,0,0,1,0.0,0.0,0.7031501,0.2942142,0.0,2,natural_factor
2024-01-12,Thomson_Reuters,2,0,1,0,0,1,0.0,0.0,0.08807266,0.90508074,0.0,3,supply_side
2024-07-24,Thomson_Reuters,1,0,0,0,0,1,0.0,0.0,0.0,0.9985115,0.0,3,supply_side
2024-03-12,The_Strait_Times,0,0,1,0,0,1,0.10858715,0.0,0.095295236,0.7956937,0.0,3,financial_risk
2022-03-29,Financial_Times,1,1,0,0,0,3,0.31709,0.0,0.28949884,0.2554624,0.13791412,0,natural_factor
2022-10-19,Thomson_Reuters,0,0,0,0,0,2,0.03773979,0.0,0.78616494,0.1635687,0.01241515,2,natural_factor
2023-03-13,Thomson_Reuters,0,0,1,0,0,2,0.08814286,0.0,0.5651391,0.243838,0.10274699,2,natural_factor
2022-11-07,Financial_Times,4,0,0,1,0,2,0.25802037,0.0,0.35558453,0.2735203,0.11282831,2,supply_side
2022-03-16,Financial_Times,0,0,0,0,0,1,0.16995169,0.0,0.6409104,0.1888361,0.0,2,natural_factor
2022-12-18,The_Business_Times,1,0,0,0,0,2,0.1633507,0.0,0.68932796,0.14709058,0.0,2,natural_factor
2022-04-13,Financial_Times,5,3,0,1,1,3,0.079091996,0.0,0.45293576,0.32529715,0.13832262,2,supply_side
2022-12-15,Thomson_Reuters,1,0,0,0,0,1,0.058235954,0.0,0.69262844,0.13022928,0.11862971,2,supply_side
2023-05-22,Thomson_Reuters,0,0,0,0,0,1,0.81851685,0.01495269,0.09536939,0.053763993,0.01739709,0,natural_factor
2022-11-21,Financial_Times,0,0,0,0,0,1,0.0,0.0,0.9854254,0.013548427,0.0,2,natural_factor
2022-01-19,Financial_Times,0,0,2,0,0,1,0.1417918,0.0,0.5484479,0.30925772,0.0,2,financial_risk
2023-06-09,Financial_Times,0,0,1,0,0,2,0.53092253,0.0128586935,0.36182228,0.09429517,0.0,0,natural_factor
2023-01-06,Financial_Times,0,1,1,0,0,3,0.6957111,0.011138741,0.13538177,0.15766378,0.0,0,natural_factor
2022-06-23,Thomson_Reuters,0,0,0,0,0,1,0.1408499,0.0,0.64614683,0.21262634,0.0,2,natural_factor
2022-12-29,Financial_Times,2,0,1,0,0,2,0.13367993,0.0,0.05239473,0.77706784,0.03675948,3,supply_side
2022-10-07,Thomson_Reuters,0,0,1,0,0,1,0.08180836,0.0,0.8185883,0.09909299,0.0,2,financial_risk
2022-04-29,Thomson_Reuters,2,0,0,0,0,1,0.35197103,0.0,0.109919734,0.5214786,0.016574109,3,supply_side
2022-06-07,Thomson_Reuters,0,0,0,0,0,1,0.0,0.0,0.926004,0.0,0.07063502,2,natural_factor
2022-01-20,Thomson_Reuters,2,0,1,0,0,1,0.0,0.0,0.22017832,0.77881265,0.0,3,supply_side
2022-01-16,Thomson_Reuters,0,0,0,0,0,1,0.15831356,0.0,0.7794231,0.06178081,0.0,2,natural_factor
2022-10-26,Thomson_Reuters,2,0,2,1,1,1,0.26117802,0.0,0.2033933,0.5351907,0.0,3,supply_side
2022-06-28,Thomson_Reuters,0,0,1,0,0,1,0.0,0.0,0.67319286,0.32643574,0.0,2,financial_risk
2022-05-10,Financial_Times,0,1,0,1,3,3,0.30055434,0.0,0.08077426,0.34619915,0.27234152,3,esg_regulation
2022-03-25,Financial_Times,0,0,0,1,0,1,0.0,0.0,0.9959237,0.0,0.0,2,geopolitical_risk
2023-04-14,Thomson_Reuters,0,0,0,0,0,1,0.36290035,0.0,0.21872708,0.4177008,0.0,3,natural_factor
2023-01-04,Financial_Times,0,0,1,0,0,1,0.06770456,0.0,0.0,0.9312485,0.0,3,financial_risk
2022-10-17,Financial_Times,0,1,4,0,0,1,0.26129743,0.020335162,0.53883225,0.17945889,0.0,2,financial_risk
2022-02-07,Thomson_Reuters,0,0,0,0,0,1,0.0,0.0,0.9948635,0.0,0.0,2,natural_factor
2023-06-02,Thomson_Reuters,0,0,0,0,0,1,0.18929486,0.0,0.5053607,0.28783706,0.017318135,2,natural_factor
2022-02-08,Thomson_Reuters,0,0,1,0,0,1,0.0,0.0,0.9570629,0.04202229,0.0,2,financial_risk
2023-04-15,The_Business_Times,0,0,1,0,0,1,0.071767166,0.0,0.09051444,0.83730876,0.0,3,financial_risk
2022-08-04,Financial_Times,2,0,1,0,0,6,0.28309298,0.0,0.15240653,0.51048326,0.053971622,3,natural_factor
2022-09-28,Thomson_Reuters,0,0,1,0,0,1,0.104516335,0.0,0.6100865,0.2848085,0.0,2,financial_risk
2023-03-11,Financial_Times,4,3,1,0,2,2,0.35501933,0.0,0.22379166,0.25214604,0.16897917,0,supply_side
2022-02-02,Financial_Times,0,0,2,0,4,3,0.25337297,0.0,0.44106835,0.17695807,0.12597248,2,esg_regulation
2023-06-05,The_Business_Times,0,1,0,0,0,1,0.026404377,0.0,0.91573864,0.057361133,0.0,2,demand_side
2022-01-27,Financial_Times,1,0,0,0,0,1,0.69469756,0.0,0.0,0.28917173,0.012781873,0,supply_side
2023-05-28,Financial_Times,1,0,1,1,0,2,0.3238252,0.0,0.4600068,0.19597903,0.020148396,2,natural_factor
2022-10-20,Thomson_Reuters,0,0,0,0,1,2,0.0,0.0,0.6435561,0.17966285,0.17614925,2,natural_factor
2022-10-21,Financial_Times,0,0,0,0,0,1,0.6214344,0.0,0.1060705,0.27197614,0.0,0,natural_factor
2023-06-09,Thomson_Reuters,0,0,1,0,0,1,0.22295836,0.0,0.6590933,0.11760432,0.0,2,financial_risk
2023-04-13,Thomson_Reuters,0,0,0,0,0,1,0.0,0.0,0.7361448,0.26156124,0.0,2,natural_factor
2022-10-12,Financial_Times,0,0,2,0,0,2,0.18411686,0.0144735975,0.7462648,0.055097103,0.0,2,financial_risk
2022-10-14,Thomson_Reuters,0,0,1,0,0,2,0.017787654,0.0,0.8724103,0.10941666,0.0,2,natural_factor
2023-04-17,Thomson_Reuters,0,0,0,0,0,1,0.5592956,0.0,0.18795261,0.2521862,0.0,0,natural_factor
2023-04-25,Thomson_Reuters,0,0,2,0,0,2,0.0,0.0,0.0,0.9985112,0.0,3,financial_risk
2022-11-29,The_Business_Times,0,1,1,0,0,1,0.07767282,0.0,0.15836999,0.62695736,0.13686697,3,demand_side
2023-01-18,Financial_Times,0,1,2,0,0,1,0.12986226,0.0,0.58597946,0.28380635,0.0,2,financial_risk
2022-02-28,Thomson_Reuters,0,0,0,1,0,1,0.06771912,0.0,0.6191679,0.3124782,0.0,2,geopolitical_risk
2023-04-21,Financial_Times,0,1,0,0,2,2,0.20255321,0.0,0.42430067,0.1822726,0.19080104,2,esg_regulation
2022-01-19,Thomson_Reuters,0,0,1,0,0,1,0.19988252,0.0,0.5936676,0.20592317,0.0,2,financial_risk
2023-04-01,Financial_Times,2,2,0,0,2,2,0.22201149,0.0,0.17016901,0.42434534,0.18340072,3,supply_side
2022-11-10,The_Business_Times,0,1,0,0,0,1,0.0,0.0,0.20332652,0.7956967,0.0,3,demand_side
2022-06-09,Financial_Times,0,0,1,0,0,1,0.95975673,0.0,0.025148876,0.0,0.0,0,financial_risk
2022-05-05,Financial_Times,2,0,2,0,0,1,0.13163494,0.0,0.07910166,0.67586195,0.113338545,3,supply_side
2022-01-11,Financial_Times,0,0,0,0,0,2,0.23517999,0.0,0.73005885,0.034656666,0.0,2,natural_factor
2022-06-09,Thomson_Reuters,0,0,2,0,0,1,0.12678084,0.0,0.57468873,0.2980051,0.0,2,financial_risk
2023-04-14,Thomson_Reuters,0,0,0,0,0,1,0.31377706,0.0,0.4818606,0.20384236,0.0,2,natural_factor
2022-01-10,Financial_Times,0,0,0,0,0,2,0.13993089,0.0,0.6738865,0.18602449,0.0,2,natural_factor
2022-06-10,Financial_Times,4,0,0,0,1,2,0.14709556,0.0,0.38197258,0.3475354,0.12333097,2,supply_side
2022-01-05,Thomson_Reuters,0,0,0,0,0,1,0.1335781,0.0,0.77646875,0.08964179,0.0,2,natural_factor
2022-01-27,Financial_Times,0,0,0,0,0,1,0.0,0.0,0.83500314,0.16445479,0.0,2,natural_factor
2023-06-02,The_Business_Times,1,0,0,0,0,1,0.39130673,0.0,0.0,0.60734695,0.0,3,supply_side
2022-10-19,Thomson_Reuters,0,0,0,0,0,1,0.16522567,0.0,0.7358383,0.0984075,0.0,2,natural_factor
2022-04-01,Thomson_Reuters,0,0,2,0,0,1,0.20673816,0.0,0.2504699,0.52789843,0.014797605,3,financial_risk
2022-11-02,Thomson_Reuters,0,0,0,1,0,1,0.0,0.0,0.0,0.9983961,0.0,3,geopolitical_risk
2022-02-23,Financial_Times,2,0,1,0,0,2,0.15993978,0.0,0.2890796,0.37530595,0.17560442,3,supply_side
2022-04-12,Financial_Times,1,1,0,0,1,3,0.32284847,0.0,0.24529524,0.2751155,0.15670513,0,natural_factor
2022-01-25,Financial_Times,0,0,0,0,0,2,0.8592457,0.0,0.050153807,0.09046163,0.0,0,natural_factor
2022-05-19,Thomson_Reuters,0,0,0,0,0,1,0.0,0.0,0.9220888,0.075763464,0.0,2,natural_factor
2022-01-21,Thomson_Reuters,3,0,0,1,0,1,0.0,0.0,0.026815908,0.97248214,0.0,3,supply_side
2023-06-05,Financial_Times,1,0,1,0,0,1,0.26498586,0.0,0.59028184,0.1354367,0.0,2,supply_side
2022-09-28,Thomson_Reuters,0,0,2,0,0,1,0.1382563,0.0,0.43869764,0.42277217,0.0,2,financial_risk
2022-03-10,Thomson_Reuters,1,1,0,1,0,3,0.0901486,0.0,0.28099257,0.37569597,0.25307125,3,natural_factor
2023-03-08,Financial_Times,0,0,0,0,3,2,0.3030657,0.0,0.37934038,0.14656131,0.1709839,2,esg_regulation
2023-02-27,Thomson_Reuters,0,0,0,0,0,1,0.029628279,0.0,0.46093306,0.5081037,0.0,3,natural_factor
2023-06-08,Thomson_Reuters,0,0,0,1,0,1,0.40277508,0.0,0.4880486,0.026648287,0.08244183,2,geopolitical_risk
2022-01-21,Thomson_Reuters,0,0,0,0,0,1,0.03825976,0.0,0.8053179,0.15572378,0.0,2,natural_factor
2022-12-29,Financial_Times,0,0,1,0,0,2,0.22684209,0.0,0.445856,0.32032728,0.0,2,natural_factor
2023-02-12,Financial_Times,2,0,2,0,0,1,0.0,0.011562104,0.3516839,0.635874,0.0,3,supply_side
2023-01-19,Financial_Times,0,1,0,0,0,1,0.21448214,0.0,0.6770941,0.10831264,0.0,2,demand_side
2022-03-31,Financial_Times,0,1,0,0,0,1,0.22856982,0.0,0.41759878,0.35344216,0.0,2,demand_side
2022-02-18,Thomson_Reuters,0,0,0,0,0,1,0.0520679,0.0,0.71441907,0.23298626,0.0,2,natural_factor
2023-04-14,Thomson_Reuters,0,0,0,0,0,1,0.0,0.0,0.28665572,0.71240354,0.0,3,natural_factor
2022-02-28,Thomson_Reuters,0,0,0,0,0,1,0.0,0.0,0.7552497,0.18495227,0.059020914,2,natural_factor
2022-12-05,Thomson_Reuters,0,0,0,0,0,1,0.0,0.0,0.8926239,0.10636717,0.0,2,natural_factor
2023-06-02,Financial_Times,0,0,0,0,0,1,0.22592576,0.0,0.5513882,0.2220998,0.0,2,natural_factor
2022-02-19,Thomson_Reuters,0,0,0,0,0,1,0.0435716,0.0,0.7203515,0.23561612,0.0,2,natural_factor
2023-01-19,The_Business_Times,0,0,1,0,0,1,0.13626078,0.01772321,0.30565944,0.4647387,0.075617835,3,financial_risk
2022-05-13,Thomson_Reuters,0,0,0,0,0,1,0.0,0.0,0.18768032,0.8010392,0.0,3,natural_factor
2023-03-01,Thomson_Reuters,0,0,0,0,0,1,0.055960026,0.0,0.4865126,0.45627433,0.0,2,natural_factor
2022-11-16,Financial_Times,1,0,1,1,0,1,0.49773976,0.0,0.18706924,0.3104537,0.0,0,supply_side
2022-06-09,Financial_Times,2,1,0,0,0,1,0.24644364,0.0,0.28198522,0.41625,0.055270597,3,supply_side
2022-06-22,Thomson_Reuters,0,0,1,0,0,1,0.3898435,0.0,0.5676221,0.0,0.04108131,2,financial_risk
2022-11-10,Thomson_Reuters,0,0,0,0,0,1,0.0,0.0,0.80235773,0.19621572,0.0,2,natural_factor
2023-02-14,Financial_Times,1,0,3,0,3,4,0.21717781,0.0,0.24943471,0.32513303,0.20819299,3,natural_factor
2022-12-27,Financial_Times,0,0,2,0,0,1,0.21259536,0.0,0.44255453,0.3443203,0.0,2,financial_risk
2022-07-29,Thomson_Reuters,0,0,0,0,0,1,0.2519729,0.0,0.6768916,0.0705418,0.0,2,natural_factor
2022-05-26,Thomson_Reuters,0,0,0,0,0,1,0.07482775,0.0,0.7771553,0.1472893,0.0,2,natural_factor
2023-01-18,Thomson_Reuters,0,0,0,0,0,1,0.90982443,0.010779084,0.056692336,0.0,0.022303741,0,natural_factor
2022-01-18,Thomson_Reuters,0,0,0,0,0,1,0.0,0.0,0.99527335,0.0,0.0,2,natural_factor
2023-04-20,Thomson_Reuters,0,0,0,0,0,1,0.32451987,0.0,0.63679725,0.03808643,0.0,2,natural_factor
2023-06-02,Financial_Times,0,0,4,0,0,1,0.061422016,0.0,0.1073454,0.83094233,0.0,3,financial_risk
2023-02-04,Thomson_Reuters,0,0,0,0,0,1,0.0,0.0,0.99815845,0.0,0.0,2,natural_factor
2022-09-09,Financial_Times,0,0,0,0,0,1,0.0,0.0,0.8389402,0.16025113,0.0,2,natural_factor
2023-03-29,Thomson_Reuters,0,0,1,0,0,1,0.028174452,0.0,0.90382665,0.06727078,0.0,2,financial_risk
2022-07-26,Financial_Times,0,0,0,0,0,1,0.05137059,0.0,0.9294272,0.018861175,0.0,2,natural_factor
2023-03-17,Thomson_Reuters,0,0,0,0,0,1,0.09608237,0.0,0.9026434,0.0,0.0,2,natural_factor
2022-04-12,Thomson_Reuters,0,0,1,0,0,1,0.36421576,0.0,0.29701227,0.3124647,0.026151411,0,financial_risk
2022-02-01,Financial_Times,0,0,1,0,0,1,0.28375134,0.0,0.48815748,0.22751068,0.0,2,financial_risk
2023-01-27,Thomson_Reuters,0,0,0,0,0,1,0.0,0.0,0.99621606,0.0,0.0,2,natural_factor
2022-09-06,Financial_Times,1,0,2,0,0,1,0.0,0.0,0.1890463,0.80645245,0.0,3,financial_risk
2022-12-07,Thomson_Reuters,0,0,0,0,0,1,0.25224155,0.0,0.4290166,0.20264594,0.11585218,2,natural_factor
2022-12-07,The_Business_Times,0,0,0,0,0,1,0.6431189,0.0,0.18117194,0.17490724,0.0,0,natural_factor
2022-01-27,Thomson_Reuters,0,0,0,0,0,1,0.0,0.0,0.93879485,0.060170725,0.0,2,natural_factor
2023-04-17,Financial_Times,0,0,1,0,0,1,0.17073078,0.0,0.63796103,0.19093086,0.0,2,financial_risk
2023-05-12,Thomson_Reuters,0,0,0,0,0,1,0.0,0.0,0.9891797,0.0,0.010033834,2,natural_factor
2022-11-14,Thomson_Reuters,0,0,0,0,0,1,0.0,0.0,0.0,0.9992164,0.0,3,natural_factor
2023-05-11,The_Business_Times,0,0,0,0,0,1,0.0,0.0,0.9057753,0.0931778,0.0,2,natural_factor
2022-06-17,Thomson_Reuters,1,0,1,0,0,1,0.122990616,0.0,0.5193016,0.3572892,0.0,2,supply_side
2023-01-26,Thomson_Reuters,0,0,1,0,0,1,0.0,0.0,0.6295078,0.36955747,0.0,2,financial_risk
2023-04-26,Thomson_Reuters,1,0,0,0,0,1,0.0,0.0,0.06354184,0.93523425,0.0,3,supply_side
2022-03-16,Thomson_Reuters,0,0,0,0,0,1,0.0,0.0,0.24861413,0.7495707,0.0,3,natural_factor
2022-10-13,Financial_Times,0,0,2,0,0,1,0.39524496,0.0,0.2813391,0.3155891,0.0,0,financial_risk
2022-08-16,Thomson_Reuters,0,0,0,0,0,1,0.08634206,0.0,0.67476106,0.23691256,0.0,2,natural_factor
2022-09-16,Thomson_Reuters,0,0,0,0,0,1,0.0,0.0,0.890013,0.10549674,0.0,2,natural_factor
2022-05-20,Thomson_Reuters,0,0,1,0,1,1,0.033347815,0.0,0.7768756,0.13875993,0.050874736,2,financial_risk
2023-03-15,Thomson_Reuters,0,0,0,0,0,1,0.0,0.0,0.99299234,0.0,0.0,2,natural_factor
2023-03-30,Thomson_Reuters,0,0,0,0,0,1,0.0,0.0,0.96154,0.03661476,0.0,2,natural_factor
2022-09-23,Financial_Times,0,0,2,0,0,2,0.2429579,0.0,0.6064663,0.14157434,0.0,2,financial_risk
2023-02-22,Thomson_Reuters,0,0,0,0,0,2,0.0,0.06825513,0.78688294,0.14416109,0.0,2,natural_factor
2023-05-03,Thomson_Reuters,1,0,0,1,0,1,0.0,0.0,0.0,0.99773407,0.0,3,supply_side
2022-02-23,Financial_Times,0,0,0,1,0,1,0.4370654,0.0,0.40116706,0.14164291,0.020077562,0,geopolitical_risk
2022-11-03,Thomson_Reuters,1,1,1,0,0,1,0.07177711,0.0,0.0,0.8280662,0.09956351,3,supply_side
2022-04-01,Thomson_Reuters,0,0,0,0,0,1,0.030157417,0.0,0.7067012,0.2623173,0.0,2,natural_factor
2023-06-02,Thomson_Reuters,0,0,1,0,0,1,0.0,0.0,0.39013207,0.60873795,0.0,3,financial_risk
2022-11-11,Financial_Times,0,0,0,0,0,1,0.5121961,0.0,0.39575118,0.09035318,0.0,0,natural_factor
2023-02-15,Thomson_Reuters,0,1,1,0,0,1,0.21587878,0.0,0.061052136,0.72278637,0.0,3,demand_side
2022-03-17,Financial_Times,0,0,1,1,0,1,0.16972077,0.0,0.7696994,0.060460225,0.0,2,financial_risk
2022-01-07,Financial_Times,0,0,0,0,0,1,0.28953618,0.0,0.51228,0.19796774,0.0,2,natural_factor
2023-05-15,The_Business_Times,0,0,0,0,0,1,0.48613867,0.0,0.47983453,0.0,0.03283749,0,natural_factor
2023-05-30,The_Wall_Street_Journal,0,0,1,0,0,1,0.21443984,0.0155304875,0.10098823,0.6688619,0.0,3,financial_risk
2022-03-16,The_Wall_Street_Journal,0,0,1,0,0,1,0.0,0.0,0.6825333,0.31684715,0.0,2,financial_risk
2022-10-08,The_Wall_Street_Journal,0,0,1,0,1,1,0.4296183,0.0,0.04793363,0.5115828,0.010823042,3,financial_risk
2023-02-23,South_China_Morning_Post,0,0,0,0,0,1,0.56457645,0.0,0.31191987,0.123174235,0.0,0,natural_factor
2023-05-07,The_Wall_Street_Journal,2,0,1,0,0,1,0.12904567,0.03874513,0.0,0.8007489,0.031278443,3,supply_side
2023-06-02,The_Jakarta_Post,0,0,1,0,0,1,0.13663355,0.0,0.28672698,0.57620037,0.0,3,financial_risk
2022-03-16,The_Wall_Street_Journal,0,0,0,0,0,1,0.14966406,0.0,0.809304,0.040593103,0.0,2,natural_factor
2022-05-04,The_Wall_Street_Journal,3,1,2,0,0,2,0.18061824,0.01594481,0.0,0.76139563,0.04180964,3,supply_side
2023-04-25,The_Wall_Street_Journal,0,0,0,0,0,1,0.5939775,0.0,0.3857402,0.019971283,0.0,0,natural_factor
2023-06-09,Channel_News_Asia,0,0,0,1,0,1,0.40566328,0.0,0.4638782,0.046974923,0.08339555,2,geopolitical_risk
2022-01-31,The_Strait_Times,0,0,0,0,0,2,0.24378315,0.0,0.6280097,0.0,0.12741534,2,natural_factor
2022-04-22,The_Wall_Street_Journal,2,1,1,1,2,3,0.24953906,0.0,0.3478718,0.23013829,0.17005259,2,natural_factor
2023-04-25,Nikkei_Asia,0,0,0,0,0,1,0.81703824,0.0,0.025206035,0.0,0.15741383,0,natural_factor
2022-03-25,The_Wall_Street_Journal,1,0,0,0,2,1,0.13678779,0.0,0.3429057,0.2706396,0.24956474,2,esg_regulation
2020-11-12,Thomson_Reuters,0,0,0,0,0,1,0.0,0.0,0.9720819,0.0,0.02681022,2,natural_factor
2020-12-11,Thomson_Reuters,0,0,0,0,0,1,0.19822289,0.0,0.21287167,0.58852446,0.0,3,natural_factor
2021-10-20,Thomson_Reuters,0,0,0,0,0,2,0.18608986,0.0,0.5489851,0.031639688,0.23314306,2,natural_factor
2021-03-30,Thomson_Reuters,0,0,0,0,0,1,0.0,0.0,0.9024649,0.0964135,0.0,2,natural_factor
2020-03-01,Financial_Times,1,0,0,1,0,1,0.9920156,0.0,0.0,0.0,0.0,0,supply_side
2021-07-15,Thomson_Reuters,0,0,0,0,0,1,0.0,0.0,0.9167954,0.08127119,0.0,2,natural_factor
2021-04-19,Financial_Times,0,0,0,0,0,2,0.62971,0.0,0.3145532,0.055523314,0.0,0,natural_factor
2021-05-02,Financial_Times,0,0,0,0,0,1,0.0,0.0,0.961333,0.026355268,0.011950607,2,natural_factor
2021-04-08,The_Business_Times,0,0,0,0,0,1,0.13545509,0.0,0.41421494,0.31598848,0.13418464,2,natural_factor
2021-10-11,Thomson_Reuters,0,0,0,0,0,2,0.15501927,0.0,0.0,0.6948731,0.14954548,3,natural_factor
2021-09-24,The_Wall_Street_Journal,0,0,0,0,0,1,0.0,0.0,0.7588212,0.2402645,0.0,2,natural_factor
2020-12-11,Thomson_Reuters,0,0,0,0,0,1,0.01821016,0.0,0.5311735,0.4496895,0.0,2,natural_factor
2020-08-20,Thomson_Reuters,0,0,0,0,0,1,0.5509838,0.0,0.19156179,0.25126484,0.0,0,natural_factor
2020-07-27,Financial_Times,3,2,4,2,1,4,0.55068827,0.0,0.22137173,0.2118508,0.01608375,0,financial_risk
2020-05-27,Financial_Times,0,1,2,0,3,3,0.49771017,0.0,0.31628802,0.09350306,0.092469506,0,esg_regulation
2021-04-26,Financial_Times,0,0,0,0,0,1,0.32743943,0.0,0.58111733,0.09095241,0.0,2,natural_factor
2021-07-14,Thomson_Reuters,0,0,0,0,2,2,0.0,0.0,0.5325549,0.32929003,0.12954633,2,esg_regulation
2020-06-10,Thomson_Reuters,0,0,0,0,0,1,0.25948587,0.0,0.62056863,0.09890901,0.02061765,2,natural_factor
2021-09-17,Thomson_Reuters,0,0,0,0,0,1,0.5008922,0.0,0.37052345,0.12801155,0.0,0,natural_factor
2021-06-01,Thomson_Reuters,0,0,0,0,0,1,0.0,0.0,0.92399544,0.0,0.07335729,2,natural_factor
2021-06-16,Financial_Times,0,0,0,0,1,2,0.13001293,0.01233421,0.3021453,0.3983585,0.15714909,3,natural_factor
2021-10-26,Financial_Times,0,0,1,0,0,1,0.21992397,0.0,0.48424852,0.29536885,0.0,2,financial_risk
2020-10-13,Financial_Times,0,0,1,1,1,1,0.3911414,0.0,0.5824277,0.026306016,0.0,2,financial_risk
2020-01-14,Financial_Times,2,0,1,0,0,3,0.0,0.0,0.20244728,0.7751072,0.021931754,3,natural_factor
2021-06-16,Thomson_Reuters,0,0,0,0,0,1,0.0935062,0.0,0.8344911,0.0,0.07171447,2,natural_factor
2021-09-20,Financial_Times,0,0,1,0,0,2,0.22619474,0.0,0.06410601,0.6914115,0.018149534,3,natural_factor
2020-09-10,Financial_Times,0,0,0,0,0,1,0.3062608,0.0,0.604689,0.08854915,0.0,2,natural_factor
2020-10-12,Thomson_Reuters,0,0,0,0,0,1,0.048172176,0.0,0.32336858,0.6279864,0.0,3,natural_factor
2021-05-23,Financial_Times,0,1,0,0,0,1,0.039981145,0.0,0.86393887,0.095701724,0.0,2,demand_side
2021-06-09,The_Wall_Street_Journal,0,0,1,0,0,1,0.27159628,0.0,0.15795231,0.5355901,0.034761906,3,financial_risk
2021-04-23,Financial_Times,0,0,0,0,0,2,0.079614714,0.0,0.799118,0.0,0.12088333,2,natural_factor
2020-02-05,Thomson_Reuters,1,1,1,0,0,1,0.2295881,0.0,0.0412774,0.7287865,0.0,3,supply_side
2020-03-13,The_Wall_Street_Journal,0,0,0,0,0,1,0.78473926,0.0,0.08282648,0.13219117,0.0,0,natural_factor
2021-07-02,Thomson_Reuters,0,0,0,0,0,1,0.16898593,0.0,0.6462957,0.18396685,0.0,2,natural_factor
2021-04-26,Thomson_Reuters,0,1,0,0,1,1,0.034386866,0.0,0.3773681,0.2863648,0.30169657,2,demand_side
2020-06-17,Financial_Times,0,0,0,0,0,1,0.0,0.0,0.89456826,0.10455587,0.0,2,natural_factor
2021-03-25,Thomson_Reuters,0,0,0,0,0,1,0.0,0.0,0.87917686,0.0,0.11670685,2,natural_factor
2021-01-27,The_Business_Times,0,0,1,0,0,1,0.0,0.0,0.75560045,0.24264091,0.0,2,financial_risk
2021-06-21,Financial_Times,0,0,0,0,0,1,0.18340716,0.0,0.6569092,0.15945542,0.0,2,natural_factor
2021-05-27,Financial_Times,0,0,0,0,0,1,0.0,0.0,0.9268924,0.07231829,0.0,2,natural_factor
2021-07-02,The_Wall_Street_Journal,0,0,0,0,0,1,0.18816602,0.0,0.7935488,0.017713957,0.0,2,natural_factor
2021-05-24,Thomson_Reuters,0,0,0,0,0,1,0.08031467,0.0,0.60323733,0.31605405,0.0,2,natural_factor
2021-04-20,Financial_Times,2,0,1,0,0,2,0.075286336,0.0,0.3719538,0.34073183,0.21194085,2,supply_side
2021-02-23,Thomson_Reuters,3,0,0,0,0,2,0.0,0.0,0.0,0.9986366,0.0,3,supply_side
2021-12-09,The_Wall_Street_Journal,0,0,0,0,0,1,0.25956956,0.0,0.6315015,0.10852127,0.0,2,natural_factor
2021-07-22,Thomson_Reuters,0,0,0,0,0,1,0.045437645,0.0,0.0130734965,0.9411152,0.0,3,natural_factor
2021-11-05,Financial_Times,0,0,0,0,0,1,0.25483108,0.0,0.41237772,0.3324154,0.0,2,natural_factor
2021-03-25,The_Business_Times,0,0,0,0,0,1,0.48585847,0.0,0.23771816,0.23327671,0.043003865,0,natural_factor
2021-10-20,Thomson_Reuters,0,0,0,0,0,2,0.19033445,0.0,0.51376307,0.12048285,0.17528492,2,natural_factor
2021-01-15,Financial_Times,0,0,2,0,0,2,0.2753832,0.0,0.6392197,0.07767391,0.0,2,financial_risk
2021-06-17,Thomson_Reuters,0,0,0,0,0,1,0.42300993,0.0,0.428847,0.14712234,0.0,2,natural_factor
2020-12-10,The_Business_Times,0,0,0,0,0,1,0.0,0.0,0.9505337,0.0,0.04536893,2,natural_factor
2021-07-08,Thomson_Reuters,0,0,0,0,0,1,0.18244864,0.0,0.022598825,0.79459846,0.0,3,natural_factor
2021-01-26,Thomson_Reuters,0,0,0,0,0,1,0.16523945,0.0,0.83303607,0.0,0.0,2,natural_factor
2021-01-26,Thomson_Reuters,0,0,0,0,0,1,0.18252102,0.0,0.513807,0.21778984,0.085697696,2,natural_factor
2021-09-27,The_Strait_Times,0,0,1,0,1,3,0.6032539,0.0,0.32903317,0.0,0.06746101,0,natural_factor
2021-11-01,The_Wall_Street_Journal,1,0,4,0,3,2,0.23381567,0.0,0.1515612,0.48587087,0.12868251,3,financial_risk
2021-07-26,Thomson_Reuters,0,0,0,0,0,1,0.0,0.0,0.9472055,0.050696023,0.0,2,natural_factor
2020-01-23,Thomson_Reuters,0,0,0,0,0,1,0.07974915,0.0,0.85242695,0.06732157,0.0,2,natural_factor
2021-09-13,Thomson_Reuters,0,0,1,0,0,1,0.0,0.0,0.8647067,0.13389625,0.0,2,financial_risk
2021-10-25,Financial_Times,0,0,1,0,0,1,0.2887765,0.0,0.4146339,0.2960857,0.0,2,financial_risk
2021-02-02,Thomson_Reuters,0,0,0,0,0,1,0.10938393,0.0,0.76328605,0.12678193,0.0,2,natural_factor
2021-12-08,The_Wall_Street_Journal,1,1,1,0,0,3,0.0898292,0.0,0.22224343,0.56521255,0.122614786,3,natural_factor
2021-04-27,Financial_Times,1,0,0,0,0,2,0.24657054,0.0,0.7288864,0.024420945,0.0,2,natural_factor
2020-07-01,Thomson_Reuters,0,0,0,0,0,1,0.0,0.0,0.9912028,0.0,0.0,2,natural_factor
2021-05-24,Financial_Times,0,0,0,0,0,1,0.09251677,0.0,0.7371752,0.1578527,0.012310083,2,natural_factor
2021-03-11,Thomson_Reuters,0,1,1,0,0,1,0.11726619,0.0,0.80992246,0.018921224,0.053700626,2,demand_side
2021-05-12,Financial_Times,0,0,0,0,0,1,0.0,0.0,0.89091337,0.10842504,0.0,2,natural_factor
2021-12-10,Thomson_Reuters,0,0,0,0,0,1,0.093498915,0.0,0.73918325,0.16657652,0.0,2,natural_factor
2021-06-01,Financial_Times,0,0,0,0,0,1,0.46028304,0.0,0.5388763,0.0,0.0,2,natural_factor
2021-09-06,Financial_Times,0,0,0,0,0,1,0.0,0.0,0.7678831,0.23111631,0.0,2,natural_factor
2021-04-22,Financial_Times,0,0,2,1,0,1,0.31449696,0.0,0.6535468,0.031830586,0.0,2,financial_risk
2020-07-21,Financial_Times,1,1,0,0,0,1,0.5180658,0.0,0.13501963,0.33669272,0.01014361,0,supply_side
2021-04-08,Thomson_Reuters,0,0,1,0,0,1,0.10063094,0.0,0.60579234,0.29292312,0.0,2,financial_risk
2021-07-02,Thomson_Reuters,0,0,0,0,0,1,0.098528996,0.0,0.74406433,0.15648039,0.0,2,natural_factor
2021-10-08,Thomson_Reuters,0,0,0,0,0,1,0.2923721,0.0,0.6612769,0.045991413,0.0,2,natural_factor
2020-12-06,Thomson_Reuters,0,0,0,0,0,1,0.0,0.0,0.9526577,0.045121703,0.0,2,natural_factor
2021-07-27,Thomson_Reuters,1,0,0,0,0,1,0.0,0.0,0.0,0.9974354,0.0,3,supply_side
2021-11-6,Financial_Times,0,0,0,0,0,1,0.24760102,0.0,0.38337705,0.36861157,0.0,2,natural_factor
2021-11-23,Thomson_Reuters,0,0,0,0,1,1,0.0,0.0,0.27157462,0.64116204,0.08657576,3,esg_regulation
2021-08-02,Thomson_Reuters,0,1,0,0,0,1,0.0,0.0,0.0,0.9983114,0.0,3,demand_side
2021-07-29,Thomson_Reuters,0,1,0,0,0,1,0.32512096,0.0,0.0,0.6735682,0.0,3,demand_side
2021-05-05,Thomson_Reuters,0,0,0,0,0,1,0.11045449,0.0,0.5355004,0.35354975,0.0,2,natural_factor
2021-09-08,Thomson_Reuters,0,0,0,0,0,1,0.0,0.0,0.31655988,0.6825101,0.0,3,natural_factor
2020-09-17,Thomson_Reuters,3,0,1,0,0,1,0.0,0.0,0.25193968,0.7469861,0.0,3,supply_side
2021-09-02,Thomson_Reuters,0,1,0,0,0,2,0.06557142,0.0,0.0,0.93358684,0.0,3,natural_factor
2021-05-03,Thomson_Reuters,0,0,0,0,0,1,0.0,0.0,0.9050729,0.078831956,0.015478541,2,natural_factor
2020-05-28,The_Wall_Street_Journal,0,0,0,0,0,1,0.77290606,0.0,0.0,0.22593637,0.0,0,natural_factor
2021-11-12,Thomson_Reuters,0,0,0,0,0,1,0.0,0.0,0.94792074,0.05124323,0.0,2,natural_factor
2021-03-26,The_Business_Times,0,0,0,0,0,1,0.49394926,0.0,0.2331863,0.22591761,0.04680527,0,natural_factor
2020-01-27,Financial_Times,0,0,0,0,0,1,0.037389755,0.0,0.4287081,0.5333715,0.0,3,natural_factor
2021-09-06,Thomson_Reuters,0,0,0,0,0,1,0.0,0.0,0.6402565,0.35489276,0.0,2,natural_factor
2021-06-02,Thomson_Reuters,2,0,0,0,0,1,0.013138233,0.0,0.067016385,0.91930604,0.0,3,supply_side
2020-08-20,Financial_Times,0,0,0,0,0,1,0.7477899,0.0,0.25131103,0.0,0.0,0,natural_factor
2021-11-11,Financial_Times,1,1,3,0,0,1,0.34033522,0.0,0.56479657,0.08417235,0.0,2,financial_risk
2020-12-08,Thomson_Reuters,2,0,0,0,0,1,0.0,0.0,0.0,0.99798435,0.0,3,supply_side
2021-10-20,Thomson_Reuters,0,0,0,0,0,2,0.18623747,0.0,0.52153444,0.12003639,0.17205805,2,natural_factor
2021-04-26,Thomson_Reuters,0,0,1,0,0,1,0.19842385,0.0,0.54796517,0.25314912,0.0,2,financial_risk
2021-04-07,The_Wall_Street_Journal,0,0,0,0,0,1,0.0,0.0,0.8763425,0.122588456,0.0,2,natural_factor
2021-09-24,Financial_Times,0,0,0,0,0,1,0.8718769,0.0,0.0,0.10957729,0.018183114,0,natural_factor
2021-02-23,Thomson_Reuters,0,0,0,0,0,1,0.05233631,0.0,0.89855856,0.048481062,0.0,2,natural_factor
2020-09-24,Thomson_Reuters,0,0,0,0,0,1,0.0,0.0,0.7389743,0.15276286,0.10766334,2,natural_factor
2021-09-15,Financial_Times,0,0,3,0,0,1,0.06697461,0.0,0.5676141,0.3648572,0.0,2,financial_risk
2021-11-23,Thomson_Reuters,0,0,0,0,0,1,0.0,0.0,0.32216957,0.5862152,0.08924441,3,natural_factor
2021-10-21,Thomson_Reuters,0,0,0,0,0,1,0.10395034,0.0,0.7112318,0.1839692,0.0,2,natural_factor
2021-07-08,Thomson_Reuters,0,0,0,0,0,1,0.37612593,0.0,0.4205215,0.2019411,0.0,2,natural_factor
2020-07-09,Thomson_Reuters,0,0,0,0,0,1,0.0,0.0,0.8702132,0.12843733,0.0,2,natural_factor
2020-05-06,Channel_News_Asia,0,0,0,0,0,1,0.0,0.0,0.33843267,0.6606899,0.0,3,natural_factor
2020-08-21,The_Wall_Street_Journal,0,0,0,0,0,1,0.8953473,0.0,0.103626005,0.0,0.0,0,natural_factor
2021-11-19,Thomson_Reuters,0,0,1,0,0,1,0.0,0.0,0.037946578,0.93285245,0.028792256,3,financial_risk
2020-09-30,Financial_Times,0,0,0,0,0,1,0.11237123,0.0,0.46338627,0.42039117,0.0,2,natural_factor
2020-06-17,Thomson_Reuters,0,0,1,0,0,1,0.0,0.0,0.81146324,0.18566631,0.0,2,financial_risk
2021-03-09,Thomson_Reuters,0,0,0,0,0,1,0.0,0.0,0.23205335,0.7664724,0.0,3,natural_factor
2021-01-26,Thomson_Reuters,0,0,0,0,0,1,0.017071238,0.0,0.38622165,0.59621704,0.0,3,natural_factor
2021-11-17,The_Wall_Street_Journal,2,0,0,0,0,1,0.6864059,0.0,0.22883734,0.079315014,0.0,0,supply_side
2021-10-22,Financial_Times,0,1,0,0,0,1,0.2811879,0.0,0.7177892,0.0,0.0,2,demand_side
2021-01-26,Financial_Times,0,0,1,0,0,1,0.17426202,0.0,0.6485493,0.17673317,0.0,2,financial_risk
2020-08-12,The_Wall_Street_Journal,0,0,0,0,0,1,0.49399948,0.0,0.4862504,0.019126602,0.0,0,natural_factor
2020-12-01,Thomson_Reuters,0,0,0,0,0,1,0.45033464,0.0,0.4495676,0.09934286,0.0,0,natural_factor
2020-05-05,Thomson_Reuters,0,0,0,0,0,1,0.35254475,0.012066905,0.592654,0.042455036,0.0,2,natural_factor
2021-05-06,Financial_Times,0,0,0,0,0,1,0.3030659,0.0,0.69082165,0.0,0.0,2,natural_factor
2021-04-10,The_Business_Times,0,0,1,0,0,1,0.55485874,0.0,0.24974461,0.13802646,0.057308897,0,financial_risk
2021-04-20,Financial_Times,0,0,1,0,0,2,0.504763,0.0,0.45610252,0.0390561,0.0,0,natural_factor
2021-02-15,The_Business_Times,0,0,1,0,0,1,0.052966904,0.0,0.8215104,0.11538594,0.010051413,2,financial_risk
2021-01-16,Financial_Times,0,0,0,0,0,1,0.51211464,0.0,0.46972877,0.0,0.0,0,natural_factor
2021-08-03,Thomson_Reuters,0,1,0,0,0,1,0.0,0.0,0.0,0.998058,0.0,3,demand_side
2021-07-29,Thomson_Reuters,0,0,0,0,0,1,0.16428183,0.0,0.7502327,0.084647045,0.0,2,natural_factor
2021-10-21,Financial_Times,0,1,0,0,0,1,0.32896334,0.0,0.6702729,0.0,0.0,2,demand_side
2020-12-07,Thomson_Reuters,0,0,0,0,0,2,0.60911053,0.0,0.21465482,0.17248319,0.0,0,natural_factor
2021-02-24,The_Wall_Street_Journal,1,0,0,0,0,1,0.7479753,0.0,0.028379504,0.064998835,0.15855587,0,supply_side
2021-04-08,Thomson_Reuters,0,0,0,0,0,1,0.0,0.0,0.98431814,0.0,0.013871904,2,natural_factor
2021-05-20,Thomson_Reuters,0,0,0,0,0,1,0.0,0.0,0.3711707,0.6271875,0.0,3,natural_factor
2020-12-08,Thomson_Reuters,0,0,0,0,0,1,0.09212324,0.0,0.37036532,0.53702366,0.0,3,natural_factor
2021-02-10,Thomson_Reuters,0,0,0,0,0,1,0.4290182,0.0,0.56884474,0.0,0.0,2,natural_factor
2021-11-08,Financial_Times,0,0,0,0,0,1,0.47727847,0.0,0.43085393,0.010790253,0.08097107,0,natural_factor
2021-07-01,Thomson_Reuters,0,0,0,0,0,1,0.62152725,0.0,0.2809883,0.09639598,0.0,0,natural_factor
2020-02-10,Thomson_Reuters,0,0,0,0,0,1,0.7687636,0.0,0.15603511,0.07490183,0.0,0,natural_factor
2020-11-03,The_Wall_Street_Journal,3,0,4,0,0,2,0.078385234,0.0,0.07433777,0.84709495,0.0,3,financial_risk
2020-04-08,Financial_Times,0,0,1,0,0,1,0.25556707,0.0,0.612433,0.13187991,0.0,2,financial_risk
2021-01-21,Financial_Times,0,0,0,0,0,1,0.16924392,0.038277254,0.6687772,0.123339966,0.0,2,natural_factor
2021-08-12,The_Wall_Street_Journal,3,0,0,0,2,3,0.30009827,0.0,0.13853534,0.3598929,0.20141152,3,supply_side
2021-09-15,Thomson_Reuters,0,0,0,0,0,1,0.0,0.0,0.9960083,0.0,0.0,2,natural_factor
2021-10-25,Financial_Times,0,0,1,0,0,1,0.2676927,0.0,0.4322247,0.29956618,0.0,2,financial_risk
2021-06-16,Thomson_Reuters,0,1,0,0,0,1,0.0,0.0,0.18419039,0.7807642,0.03436733,3,demand_side
2020-09-26,Thomson_Reuters,0,0,0,0,0,1,0.5359782,0.0,0.34307587,0.11981982,0.0,0,natural_factor
2020-12-28,Financial_Times,0,0,0,0,0,1,0.10281258,0.0,0.8172322,0.07978945,0.0,2,natural_factor
2020-01-23,Thomson_Reuters,0,0,0,0,0,1,0.0,0.0,0.74523264,0.25299165,0.0,2,natural_factor
2021-10-25,Thomson_Reuters,0,0,0,0,0,1,0.023863483,0.0,0.845948,0.12966944,0.0,2,natural_factor
2021-02-09,Thomson_Reuters,0,0,0,0,0,1,0.0,0.0,0.9988761,0.0,0.0,2,natural_factor
2021-07-13,Financial_Times,3,3,1,0,4,3,0.15139143,0.0,0.28336045,0.44667268,0.11853332,3,esg_regulation
2020-11-19,Financial_Times,2,2,1,0,0,4,0.30331564,0.0,0.22543977,0.21669589,0.25450626,0,natural_factor
2020-05-05,The_Wall_Street_Journal,0,0,0,0,0,1,0.6770924,0.0,0.20350668,0.119096346,0.0,0,natural_factor
2020-08-19,Financial_Times,0,0,2,0,2,3,0.38720563,0.0,0.40472317,0.06911503,0.13892333,2,natural_factor
2020-10-12,The_Wall_Street_Journal,0,0,0,0,0,1,0.66889006,0.0,0.33074567,0.0,0.0,0,natural_factor
2020-06-30,The_Wall_Street_Journal,0,0,0,0,0,1,0.0,0.0,0.8731089,0.12587136,0.0,2,natural_factor
2021-10-01,Financial_Times,0,0,1,0,0,1,0.14229032,0.0,0.5417219,0.31571588,0.0,2,financial_risk
2020-11-19,Financial_Times,0,0,0,0,0,1,0.5026616,0.0,0.2849562,0.21214026,0.0,0,natural_factor
2021-12-09,Thomson_Reuters,0,0,0,0,0,1,0.06049265,0.0,0.93236417,0.0,0.0,2,natural_factor
2020-07-23,The_Wall_Street_Journal,1,0,0,0,0,1,0.17150117,0.0,0.0,0.827978,0.0,3,supply_side
2021-06-17,The_Wall_Street_Journal,0,0,0,0,0,1,0.45337287,0.0,0.37554747,0.1703922,0.0,0,natural_factor
2021-04-23,Thomson_Reuters,0,0,0,0,0,1,0.1077319,0.0,0.06928173,0.8093042,0.013538723,3,natural_factor
2021-06-18,Thomson_Reuters,0,0,0,0,0,1,0.6307328,0.0,0.24419324,0.12452793,0.0,0,natural_factor
2021-05-02,Thomson_Reuters,0,0,0,0,0,1,0.0,0.0,0.94967735,0.04907795,0.0,2,natural_factor
2021-09-25,Thomson_Reuters,0,0,0,0,0,1,0.0,0.0,0.87297803,0.12464513,0.0,2,natural_factor
2021-02-10,Financial_Times,0,0,0,0,1,2,0.10710154,0.0,0.82381815,0.014246325,0.054743085,2,natural_factor
2020-10-13,The_Wall_Street_Journal,0,0,0,0,0,1,0.7763757,0.0,0.0,0.22181965,0.0,0,natural_factor
2021-04-23,Financial_Times,0,0,0,0,0,1,0.0,0.0,0.70196235,0.29720894,0.0,2,natural_factor
2021-04-05,The_Wall_Street_Journal,1,0,0,0,0,1,0.56384254,0.0,0.34898666,0.086597666,0.0,0,supply_side
2021-09-28,Financial_Times,0,0,0,0,0,1,0.43803892,0.0,0.26396954,0.28395352,0.013910542,0,natural_factor
2021-04-23,Thomson_Reuters,1,0,1,0,0,1,0.0,0.0,0.0,0.9986747,0.0,3,supply_side
2021-09-28,Financial_Times,0,1,0,0,0,1,0.20285356,0.0,0.753628,0.036038138,0.0,2,demand_side
2021-07-21,Financial_Times,0,0,0,0,0,2,0.09429505,0.0,0.741448,0.16381733,0.0,2,natural_factor
2021-02-10,Financial_Times,0,0,0,0,0,1,0.48047844,0.0,0.47318023,0.044654775,0.0,0,natural_factor
2021-09-17,Thomson_Reuters,0,0,0,0,0,1,0.011298159,0.0,0.62784296,0.36014578,0.0,2,natural_factor
2021-01-26,The_Business_Times,0,0,0,0,0,1,0.0,0.0,0.6969061,0.28650218,0.015590217,2,natural_factor
2021-09-03,Financial_Times,0,0,0,0,0,1,0.55199546,0.027281653,0.34203985,0.07846502,0.0,0,natural_factor
2020-09-11,Financial_Times,1,0,1,1,1,2,0.33338538,0.0,0.6377543,0.024143066,0.0,2,natural_factor
2021-01-14,Financial_Times,0,0,0,0,0,1,0.12485746,0.0,0.8744584,0.0,0.0,2,natural_factor
2020-02-10,Financial_Times,0,0,0,0,0,1,0.0,0.0,0.89180374,0.10740338,0.0,2,natural_factor
2021-11-12,Thomson_Reuters,0,0,0,0,0,1,0.0,0.0,0.9484322,0.050749224,0.0,2,natural_factor
2021-06-22,Financial_Times,0,0,1,0,0,1,0.08577191,0.0,0.8300238,0.08404318,0.0,2,financial_risk
2021-10-27,Thomson_Reuters,0,0,0,0,0,1,0.0,0.0,0.78337544,0.21496777,0.0,2,natural_factor
2020-09-23,Thomson_Reuters,0,0,0,0,1,1,0.09376184,0.0,0.8732027,0.031605918,0.0,2,esg_regulation
2021-10-28,Financial_Times,0,0,0,0,0,1,0.06112543,0.0,0.26825884,0.6695756,0.0,3,natural_factor
2021-06-16,Thomson_Reuters,0,0,0,0,1,3,0.038058225,0.0,0.41033712,0.3402132,0.21123202,2,natural_factor
2021-09-24,Thomson_Reuters,1,0,0,0,0,1,0.43394938,0.023154475,0.43372923,0.069930844,0.039236084,0,supply_side
2020-10-02,The_Wall_Street_Journal,2,0,2,0,0,1,0.021735033,0.0,0.23781624,0.7403755,0.0,3,supply_side
2021-11-30,Thomson_Reuters,0,0,0,0,0,1,0.15039583,0.0,0.5368198,0.105336726,0.20725606,2,natural_factor
2021-02-17,Financial_Times,0,0,0,0,0,1,0.51403254,0.0,0.48523453,0.0,0.0,0,natural_factor
2021-08-13,Financial_Times,0,0,0,0,0,1,0.22948536,0.0,0.49855623,0.27159184,0.0,2,natural_factor
2020-05-01,The_Wall_Street_Journal,0,0,0,0,0,2,0.78231037,0.0,0.12866457,0.0887946,0.0,0,natural_factor
2021-07-27,Financial_Times,0,1,0,0,0,1,0.0867948,0.0,0.8259,0.08694442,0.0,2,demand_side
2021-12-20,Financial_Times,2,0,0,0,0,3,0.10489691,0.0,0.20277524,0.33364525,0.3585746,4,natural_factor
2021-11-03,The_Wall_Street_Journal,0,0,0,0,0,1,0.3340544,0.0,0.4077665,0.25759315,0.0,2,natural_factor
2021-03-19,The_Wall_Street_Journal,0,2,0,0,0,1,0.81130576,0.0,0.0,0.18840897,0.0,0,demand_side
2020-12-14,The_Business_Times,0,0,0,0,0,1,0.6493139,0.0,0.19703832,0.11568229,0.037913878,0,natural_factor
2020-05-06,Financial_Times,0,0,0,0,0,1,0.9059123,0.017543947,0.05291348,0.0,0.023422707,0,natural_factor
2021-02-09,Financial_Times,0,0,1,0,0,1,0.5202541,0.0,0.36310178,0.11642996,0.0,0,financial_risk
2021-04-29,Thomson_Reuters,0,0,0,0,0,1,0.0,0.0,0.8625561,0.13637249,0.0,2,natural_factor
2021-10-07,Thomson_Reuters,1,1,0,0,0,1,0.3147598,0.0,0.32774097,0.22294605,0.13448286,2,supply_side
2020-09-10,Thomson_Reuters,0,0,2,0,0,1,0.0,0.0,0.0,0.9980888,0.0,3,financial_risk
2021-11-15,Thomson_Reuters,0,0,0,0,0,1,0.0,0.0,0.94798404,0.051190477,0.0,2,natural_factor
2020-10-29,Thomson_Reuters,2,1,0,0,0,1,0.47842377,0.0,0.15541518,0.3659352,0.0,0,supply_side
2020-10-26,Thomson_Reuters,0,0,0,0,0,1,0.15381083,0.0,0.77215195,0.07330343,0.0,2,natural_factor
2021-10-26,Financial_Times,0,0,1,0,0,1,0.34975046,0.0,0.5909494,0.059184823,0.0,2,financial_risk
2020-02-12,Thomson_Reuters,0,0,0,0,0,1,0.0,0.0,0.8207665,0.17844445,0.0,2,natural_factor
2020-10-21,Thomson_Reuters,0,1,1,0,0,1,0.0,0.0,0.0,0.998643,0.0,3,demand_side
2021-09-28,Thomson_Reuters,0,0,0,0,1,1,0.09659635,0.0,0.19045168,0.52032,0.19244376,3,esg_regulation
2021-12-15,Financial_Times,1,0,0,0,0,1,0.8875728,0.0,0.05785787,0.039164115,0.015321683,0,supply_side
2021-09-08,Thomson_Reuters,0,0,0,0,0,1,0.0,0.0,0.23878586,0.75879323,0.0,3,natural_factor
2020-10-08,Financial_Times,5,2,0,0,2,2,0.30086,0.0,0.07849367,0.4218007,0.1988037,3,supply_side
2020-02-24,Financial_Times,0,0,3,0,0,1,0.11674122,0.0,0.5292914,0.35363942,0.0,2,financial_risk
2020-01-14,Thomson_Reuters,0,0,0,0,0,1,0.0,0.0,0.94508785,0.0,0.053086717,2,natural_factor
2021-11-03,Thomson_Reuters,0,0,1,0,0,1,0.0,0.0,0.0,0.998187,0.0,3,financial_risk
2020-08-04,Thomson_Reuters,0,0,1,0,0,1,0.0,0.0,0.4327681,0.5663503,0.0,3,financial_risk
2021-03-25,The_Wall_Street_Journal,0,0,0,0,0,1,0.68516546,0.0,0.30484653,0.0,0.0,0,natural_factor
2021-07-05,The_Business_Times,0,0,0,0,1,1,0.12738334,0.0,0.49959922,0.2011991,0.17132308,2,esg_regulation
2020-02-13,Thomson_Reuters,0,0,0,0,0,1,0.08111068,0.0,0.87198377,0.04651809,0.0,2,natural_factor
2021-06-24,Financial_Times,0,0,0,0,0,1,0.3853746,0.0,0.61378914,0.0,0.0,2,natural_factor
2021-04-29,Financial_Times,4,0,0,0,0,2,0.23468398,0.0,0.4719374,0.2297911,0.0593055,2,supply_side
2021-02-04,Financial_Times,0,0,1,0,0,1,0.14944892,0.0,0.8499927,0.0,0.0,2,financial_risk
2021-11-9,Financial_Times,0,0,0,0,0,1,0.369071,0.0,0.51411927,0.036382016,0.08027845,2,natural_factor
2020-02-19,Financial_Times,1,0,5,0,0,1,0.09425625,0.0,0.0,0.9049554,0.0,3,financial_risk
2020-12-14,Thomson_Reuters,0,0,0,0,0,1,0.0,0.0,0.8512624,0.14729641,0.0,2,natural_factor
2020-06-05,Financial_Times,0,0,1,0,0,1,0.107093446,0.0,0.7323164,0.16036163,0.0,2,financial_risk
2020-12-09,The_Business_Times,0,0,0,0,0,1,0.18750797,0.0,0.3981106,0.41392288,0.0,3,natural_factor
2021-12-01,Thomson_Reuters,0,0,0,0,0,1,0.0,0.0,0.9028537,0.09528585,0.0,2,natural_factor
2021-03-31,Thomson_Reuters,0,0,0,0,0,1,0.0,0.0,0.9947799,0.0,0.0,2,natural_factor
2020-11-18,Financial_Times,0,0,1,0,0,1,0.28741005,0.0,0.7118357,0.0,0.0,2,financial_risk
2021-09-16,Thomson_Reuters,0,0,0,0,0,1,0.0,0.0,0.5925995,0.40519053,0.0,2,natural_factor
2021-05-18,Thomson_Reuters,0,0,0,0,0,1,0.20770714,0.0,0.68485206,0.10676805,0.0,2,natural_factor
2021-01-28,Thomson_Reuters,0,0,0,0,0,1,0.0,0.0,0.99616027,0.0,0.0,2,natural_factor
2021-05-30,Financial_Times,0,0,0,0,0,2,0.020886973,0.0,0.83581686,0.14292294,0.0,2,natural_factor
2021-07-27,Financial_Times,0,0,0,0,0,1,0.27788588,0.0,0.55895483,0.16286078,0.0,2,natural_factor
2021-06-12,Financial_Times,2,0,2,0,1,1,0.18897109,0.0,0.20971903,0.5209643,0.07591468,3,supply_side
2020-12-11,The_Wall_Street_Journal,0,0,0,0,0,1,0.32726058,0.0,0.47879767,0.19356257,0.0,2,natural_factor
2020-10-01,Thomson_Reuters,0,0,1,0,0,1,0.07402971,0.0,0.7887758,0.12397198,0.013095979,2,financial_risk
2020-12-10,Financial_Times,0,1,0,0,0,2,0.124265075,0.0,0.49424884,0.343424,0.03796087,2,natural_factor
2020-11-12,Thomson_Reuters,0,0,0,0,0,1,0.0,0.0,0.9904875,0.0,0.0,2,natural_factor
2020-04-02,Financial_Times,1,0,0,0,0,2,0.06384747,0.0,0.04882651,0.8719956,0.015249278,3,natural_factor
2021-05-20,Thomson_Reuters,0,0,1,0,0,1,0.37923306,0.0,0.56564236,0.040683594,0.0143741835,2,financial_risk
2021-05-27,Thomson_Reuters,0,0,0,0,0,1,0.0,0.0,0.9493696,0.04974866,0.0,2,natural_factor
2021-01-27,The_Business_Times,0,1,0,0,0,1,0.0,0.0,0.3775515,0.61350137,0.0,3,demand_side
2019-11-04,Financial_Times,0,0,0,0,0,1,0.32346871,0.0,0.30361307,0.37267315,0.0,3,natural_factor
2019-04-21,Financial_Times,0,0,1,0,0,1,0.28012142,0.0,0.61184007,0.10758065,0.0,2,financial_risk
2018-11-21,Financial_Times,0,0,0,0,0,1,0.60757315,0.0,0.18910213,0.20279126,0.0,0,natural_factor
2013-02-28,Financial_Times,0,0,0,0,0,1,0.19883637,0.0,0.7850747,0.015977187,0.0,2,natural_factor
2015-04-20,Financial_Times,0,0,0,0,0,1,0.09688178,0.0,0.82617503,0.06264015,0.014175767,2,natural_factor
2003-06-12,The_Wall_Street_Journal,0,0,0,0,0,1,0.17661433,0.0,0.67332095,0.14833196,0.0,2,natural_factor
2019-12-17,The_Wall_Street_Journal,3,0,0,2,0,2,0.1323866,0.0,0.0941345,0.736011,0.037389986,3,supply_side
2015-06-25,Thomson_Reuters,0,0,0,0,0,1,0.0,0.0,0.77325886,0.22595531,0.0,2,natural_factor
2017-05-23,Thomson_Reuters,0,0,0,0,0,2,0.82941693,0.0,0.0,0.17007142,0.0,0,natural_factor
2019-05-16,The_Wall_Street_Journal,0,0,1,0,0,1,0.35438493,0.0,0.39998996,0.24516524,0.0,2,financial_risk
2019-07-15,The_Wall_Street_Journal,0,2,0,0,0,1,0.9138656,0.0,0.0,0.08560409,0.0,0,demand_side
2019-09-12,Thomson_Reuters,2,0,0,0,0,1,0.30469173,0.0,0.024079388,0.64589685,0.025274998,3,supply_side
2019-02-06,Thomson_Reuters,0,0,0,0,0,1,0.0,0.0,0.8780271,0.120849736,0.0,2,natural_factor
2019-09-02,Financial_Times,0,0,0,0,0,1,0.14028937,0.0,0.64653873,0.21280222,0.0,2,natural_factor
2011-03-07,The_Wall_Street_Journal,0,1,0,0,0,2,0.14567977,0.0,0.68656033,0.1674182,0.0,2,natural_factor
2019-05-15,Thomson_Reuters,0,0,1,0,0,1,0.0,0.0,0.0,0.99127996,0.0,3,financial_risk
2019-10-24,Thomson_Reuters,0,0,0,0,0,1,0.0,0.0,0.8481393,0.14734547,0.0,2,natural_factor
2019-06-09,Financial_Times,0,0,0,0,0,1,0.20481491,0.0,0.7943148,0.0,0.0,2,natural_factor
2010-12-21,The_Wall_Street_Journal,0,1,0,0,0,3,0.085617654,0.0,0.7258396,0.18808499,0.0,2,natural_factor
2011-11-01,The_Wall_Street_Journal,0,0,0,0,0,1,0.0,0.0,0.90732855,0.092008896,0.0,2,natural_factor
2016-01-05,Thomson_Reuters,0,0,1,0,0,1,0.07242939,0.0,0.6431908,0.21193194,0.072310194,2,financial_risk
2016-08-01,The_Wall_Street_Journal,0,0,0,0,0,1,0.313468,0.0,0.60022813,0.08587292,0.0,2,natural_factor
2017-01-03,The_Wall_Street_Journal,1,0,0,0,0,2,0.0,0.0,0.39156848,0.6072937,0.0,3,natural_factor
2015-05-24,Financial_Times,0,0,2,0,0,1,0.3504005,0.0,0.43550467,0.20001845,0.013981619,2,financial_risk
2019-04-20,Thomson_Reuters,0,0,0,0,0,1,0.13523395,0.0,0.862877,0.0,0.0,2,natural_factor
2018-11-06,Thomson_Reuters,0,1,0,0,0,1,0.0,0.0,0.9884088,0.0,0.011285146,2,demand_side
2009-11-11,Thomson_Reuters,0,0,0,0,0,1,0.42065132,0.0,0.2546633,0.31920904,0.0,0,natural_factor
2018-10-10,Thomson_Reuters,0,1,0,0,0,1,0.0,0.0,0.98705775,0.0,0.0,2,demand_side
2011-03-22,The_Wall_Street_Journal,0,0,0,0,0,1,0.0,0.0,0.8397868,0.15946293,0.0,2,natural_factor
2018-09-24,Thomson_Reuters,0,0,0,0,0,2,0.3986056,0.0,0.0,0.60099584,0.0,3,natural_factor
2019-05-06,Thomson_Reuters,0,0,0,0,0,1,0.04217613,0.0,0.80078167,0.095838286,0.061040897,2,natural_factor
2013-03-20,Financial_Times,3,0,0,0,0,1,0.17860517,0.0,0.3858995,0.43495288,0.0,3,supply_side
2011-12-16,The_Wall_Street_Journal,0,0,0,0,0,1,0.0,0.0,0.87094694,0.070413895,0.057820957,2,natural_factor
2016-04-28,Thomson_Reuters,0,0,0,0,0,1,0.29505122,0.0,0.5990882,0.105411604,0.0,2,natural_factor
2019-06-05,Financial_Times,0,0,0,0,0,1,0.0,0.0,0.6779433,0.3198893,0.0,2,natural_factor
2018-10-10,Thomson_Reuters,0,1,0,0,0,1,0.0,0.0,0.9868174,0.0,0.0,2,demand_side
2013-11-21,Financial_Times,0,0,0,0,0,1,0.2223411,0.0,0.7766382,0.0,0.0,2,natural_factor
2012-06-11,Thomson_Reuters,0,0,2,0,0,1,0.20756361,0.0,0.57418734,0.20856574,0.0,2,financial_risk
2019-01-15,Thomson_Reuters,0,1,1,0,0,1,0.36726362,0.0,0.06263087,0.5698085,0.0,3,demand_side
2019-01-25,Financial_Times,0,0,0,0,0,1,0.18900241,0.0,0.7032492,0.10762316,0.0,2,natural_factor
2019-06-27,Financial_Times,0,0,1,2,0,1,0.73893404,0.0,0.25669745,0.0,0.0,0,geopolitical_risk
2019-05-23,Thomson_Reuters,0,0,0,0,0,1,0.07461614,0.0,0.8995259,0.0,0.021545585,2,natural_factor
2019-12-29,Thomson_Reuters,0,0,0,0,0,1,0.0,0.0,0.83604693,0.16237637,0.0,2,natural_factor
2018-10-09,Thomson_Reuters,0,1,0,0,0,1,0.0,0.0,0.98826057,0.0,0.011452427,2,demand_side
2015-12-17,Thomson_Reuters,0,0,0,0,1,1,0.115387805,0.0,0.6492161,0.06085198,0.1743315,2,esg_regulation
2018-09-11,Thomson_Reuters,1,0,0,0,0,1,0.11468424,0.0,0.7216784,0.15618066,0.0,2,supply_side
2015-08-20,The_Wall_Street_Journal,0,0,0,0,0,1,0.5485695,0.0,0.0,0.44597453,0.0,0,natural_factor
2011-05-16,Thomson_Reuters,0,0,0,0,0,1,0.0,0.0,0.74643826,0.2527321,0.0,2,natural_factor
2018-12-18,The_Wall_Street_Journal,0,0,0,0,0,1,0.0,0.0,0.85489476,0.14422378,0.0,2,natural_factor
2019-08-04,Financial_Times,0,0,0,0,0,1,0.05112568,0.0,0.8420486,0.106414415,0.0,2,natural_factor
2017-09-25,Thomson_Reuters,0,0,0,0,0,1,0.0,0.0,0.06527084,0.9305756,0.0,3,natural_factor
2018-01-16,Thomson_Reuters,1,0,0,0,0,1,0.0,0.0,0.55919904,0.4354154,0.0,2,supply_side
2017-06-21,The_Wall_Street_Journal,0,0,0,0,0,1,0.0,0.0,0.74727213,0.25207934,0.0,2,natural_factor
2019-10-02,Thomson_Reuters,0,0,0,0,0,1,0.12031174,0.0,0.0,0.86765647,0.0,3,natural_factor
2019-07-19,Financial_Times,0,0,0,0,1,6,0.77579284,0.0,0.12439271,0.0,0.08129871,0,natural_factor
2017-07-27,Thomson_Reuters,0,0,0,0,0,1,0.044764385,0.0,0.5935907,0.313267,0.048254006,2,natural_factor
2019-07-10,The_Wall_Street_Journal,1,0,1,0,0,1,0.033656724,0.0,0.74602294,0.21995872,0.0,2,supply_side
2019-08-29,Thomson_Reuters,0,0,1,0,0,1,0.14049557,0.0,0.74321634,0.104389094,0.0,2,financial_risk
2016-01-15,Thomson_Reuters,0,0,0,0,0,1,0.0331596,0.0,0.77394426,0.014481421,0.17828222,2,natural_factor
2023-06-21,Financial_Times,0,0,0,0,0,1,0.14136423,0.0,0.4949332,0.36319223,0.0,2,natural_factor
2019-05-24,Thomson_Reuters,0,0,0,0,0,1,0.07751098,0.0,0.90255505,0.0,0.019692296,2,natural_factor
2016-07-29,Thomson_Reuters,0,0,0,0,0,1,0.0,0.0,0.9768439,0.0,0.01757998,2,natural_factor
2015-04-21,Thomson_Reuters,0,0,0,0,0,1,0.32323465,0.0,0.67551017,0.0,0.0,2,natural_factor
2014-11-09,Thomson_Reuters,0,0,0,0,0,1,0.028117828,0.0,0.8791703,0.09188093,0.0,2,natural_factor
2018-04-26,Financial_Times,0,0,0,0,0,1,0.0,0.0,0.46498337,0.53375596,0.0,3,natural_factor
2016-01-05,Thomson_Reuters,0,0,0,0,0,1,0.07249678,0.0,0.85800046,0.0,0.06645869,2,natural_factor
2019-07-30,Thomson_Reuters,0,0,0,0,0,1,0.02512127,0.0,0.9088455,0.0,0.06510631,2,natural_factor
2019-09-24,Thomson_Reuters,0,0,0,0,0,1,0.0,0.0,0.63749653,0.361589,0.0,2,natural_factor
2019-06-11,Financial_Times,0,0,0,0,0,1,0.71644783,0.0,0.27146935,0.011875029,0.0,0,natural_factor
2016-01-21,Financial_Times,0,0,0,0,0,1,0.09693401,0.0,0.6150291,0.14541744,0.14246887,2,natural_factor
2014-08-24,Financial_Times,0,0,0,0,0,1,0.3099006,0.0,0.4544415,0.23547803,0.0,2,natural_factor
2019-04-08,Thomson_Reuters,0,0,0,0,0,1,0.15574929,0.0,0.7853051,0.057827517,0.0,2,natural_factor
2017-09-14,The_Wall_Street_Journal,0,0,0,0,0,1,0.0,0.0,0.7421859,0.257137,0.0,2,natural_factor
2016-07-04,Financial_Times,0,0,1,0,0,1,0.17931269,0.0,0.7820151,0.038439337,0.0,2,financial_risk
2011-10-17,The_Wall_Street_Journal,0,0,3,0,0,1,0.0,0.0,0.43543217,0.5634796,0.0,3,financial_risk
2017-08-03,Thomson_Reuters,0,0,0,0,0,1,0.0,0.0,0.9926191,0.0,0.0,2,natural_factor
2019-04-22,Financial_Times,0,0,1,0,0,1,0.22245492,0.0,0.58822906,0.18912964,0.0,2,financial_risk
2018-12-10,The_Wall_Street_Journal,0,0,0,0,0,1,0.22813709,0.0,0.6608128,0.10947847,0.0,2,natural_factor
2019-05-17,Financial_Times,0,0,1,0,0,1,0.15323797,0.0,0.31532612,0.5311918,0.0,3,financial_risk
2011-03-08,The_Wall_Street_Journal,0,0,0,0,0,1,0.2815296,0.0,0.5011067,0.21677668,0.0,2,natural_factor
2018-10-11,Financial_Times,1,0,0,0,0,1,0.21455559,0.0,0.1475602,0.6374842,0.0,3,supply_side
2016-08-09,Thomson_Reuters,0,0,0,0,0,1,0.0,0.0,0.7908951,0.20740525,0.0,2,natural_factor
2010-04-21,The_Wall_Street_Journal,0,0,1,0,0,1,0.41007078,0.0,0.32486907,0.26477337,0.0,0,financial_risk
2019-02-05,Thomson_Reuters,0,0,1,0,0,1,0.049719606,0.0,0.5731057,0.37666532,0.0,2,financial_risk
2019-07-30,Thomson_Reuters,0,0,0,0,0,1,0.0,0.0,0.91571105,0.07650126,0.0,2,natural_factor
2017-02-13,Thomson_Reuters,2,1,0,0,0,1,0.08332092,0.0,0.8763558,0.010463796,0.029803755,2,supply_side
2018-11-29,Thomson_Reuters,0,0,0,0,0,1,0.18534209,0.0,0.46286908,0.35100412,0.0,2,natural_factor
2019-03-07,Thomson_Reuters,0,0,0,0,0,1,0.0,0.0,0.25625992,0.73536474,0.0,3,natural_factor
2019-05-12,Financial_Times,0,0,0,0,0,1,0.0,0.0,0.81547964,0.17671984,0.0,2,natural_factor
2019-10-30,Thomson_Reuters,2,0,0,0,0,1,0.11263842,0.0,0.0,0.8736394,0.01342012,3,supply_side
2019-05-27,Thomson_Reuters,0,0,1,0,0,1,0.10392575,0.0,0.6579909,0.23769653,0.0,2,financial_risk
2018-09-27,Thomson_Reuters,0,0,0,0,0,1,0.0,0.0,0.9829754,0.0,0.01435386,2,natural_factor
2015-10-16,Financial_Times,0,0,0,0,0,1,0.0,0.0,0.97050226,0.0276283,0.0,2,natural_factor
2019-11-05,Financial_Times,0,0,1,0,0,1,0.09666032,0.0,0.5840542,0.31891847,0.0,2,financial_risk
2015-11-26,The_Wall_Street_Journal,1,0,2,0,0,1,0.16863136,0.0,0.07248038,0.7586455,0.0,3,financial_risk
2019-10-07,Thomson_Reuters,0,0,0,0,0,1,0.050152417,0.0,0.7278947,0.22136281,0.0,2,natural_factor
2011-03-21,The_Wall_Street_Journal,0,0,0,0,0,2,0.12512715,0.0,0.5426736,0.33172745,0.0,2,natural_factor
2019-09-19,Thomson_Reuters,0,0,1,0,0,1,0.12206874,0.0,0.0,0.87701976,0.0,3,financial_risk
2019-07-09,The_Wall_Street_Journal,0,0,0,0,0,1,0.06858075,0.0,0.8246879,0.10620704,0.0,2,natural_factor
2017-07-11,Thomson_Reuters,2,0,0,0,0,1,0.11008979,0.0,0.6295902,0.2543013,0.0,2,supply_side
2011-03-21,Financial_Times,0,0,0,0,0,2,0.04255963,0.0,0.85563433,0.09238915,0.0,2,natural_factor
2007-12-13,The_Wall_Street_Journal,0,0,1,0,0,1,0.20809206,0.0,0.6917155,0.09999173,0.0,2,financial_risk
2018-02-26,Thomson_Reuters,0,0,0,0,0,1,0.0,0.0,0.6736999,0.31491557,0.0,2,natural_factor
2018-07-02,Thomson_Reuters,0,0,0,0,0,1,0.43329158,0.0,0.4579191,0.10832239,0.0,2,natural_factor
2019-04-09,Financial_Times,0,0,0,0,0,1,0.063037306,0.0,0.5347872,0.4012308,0.0,2,natural_factor
2013-07-24,The_Wall_Street_Journal,0,0,0,0,0,1,0.62936884,0.079621255,0.28076136,0.0,0.0,0,natural_factor
2023-06-14,Thomson_Reuters,0,0,0,0,0,1,0.2064851,0.0,0.46186632,0.33146396,0.0,2,natural_factor
2014-03-20,Thomson_Reuters,0,0,0,0,0,1,0.2853764,0.0,0.71311194,0.0,0.0,2,natural_factor
2018-12-10,The_Wall_Street_Journal,0,0,1,0,0,1,0.024245532,0.0,0.69113326,0.28430253,0.0,2,financial_risk
2016-06-16,Thomson_Reuters,1,0,1,0,0,1,0.0,0.0,0.10653479,0.88630813,0.0,3,supply_side
2019-04-10,Thomson_Reuters,0,0,1,0,0,1,0.10115088,0.0,0.76131886,0.13702045,0.0,2,financial_risk
2015-04-16,Thomson_Reuters,1,0,0,0,0,1,0.0,0.0,0.5223576,0.47669065,0.0,2,supply_side
2017-11-01,Thomson_Reuters,0,0,0,0,0,1,0.0,0.0,0.0,0.9904312,0.0,3,natural_factor
2012-11-25,The_Wall_Street_Journal,0,0,0,0,0,1,0.5387302,0.0,0.24583074,0.21494758,0.0,0,natural_factor
2019-05-16,Financial_Times,0,0,0,0,0,2,0.42550704,0.0,0.33572748,0.23829268,0.0,0,natural_factor
2017-05-15,The_Wall_Street_Journal,0,0,0,0,0,1,0.0,0.0,0.6950858,0.30309212,0.0,2,natural_factor
2019-10-02,Thomson_Reuters,0,0,0,0,0,1,0.0,0.0,0.740678,0.25284103,0.0,2,natural_factor
2016-01-21,Thomson_Reuters,0,0,1,0,0,1,0.0,0.0,0.8891728,0.11049136,0.0,2,financial_risk
2017-06-19,Financial_Times,0,0,1,0,0,1,0.07291913,0.0,0.31488642,0.6113375,0.0,3,financial_risk
2019-03-08,Financial_Times,0,0,0,0,3,1,0.05164043,0.0,0.8517644,0.05958644,0.036863785,2,esg_regulation
2018-10-19,Thomson_Reuters,0,1,0,0,0,1,0.0,0.0,0.98993504,0.0,0.0,2,demand_side
2005-03-30,The_Wall_Street_Journal,0,1,0,1,0,1,0.25911856,0.0,0.6676794,0.068022914,0.0,2,demand_side
2019-03-12,Financial_Times,0,0,1,0,0,1,0.057971034,0.0,0.823434,0.11817869,0.0,2,financial_risk
2019-06-05,Thomson_Reuters,0,0,0,0,0,1,0.0,0.0,0.6488393,0.34711355,0.0,2,natural_factor
2012-12-19,Thomson_Reuters,0,0,0,0,0,1,0.024435945,0.0,0.64317065,0.1381508,0.19400705,2,natural_factor
2019-06-05,Thomson_Reuters,0,0,1,0,0,1,0.2981787,0.0,0.5366743,0.16472188,0.0,2,financial_risk
2016-09-01,Thomson_Reuters,0,0,2,0,0,1,0.0,0.0,0.7065992,0.29249462,0.0,2,financial_risk
2017-06-19,The_Wall_Street_Journal,0,0,0,0,0,1,0.8308103,0.0,0.15339448,0.0,0.0,0,natural_factor
2014-12-10,Thomson_Reuters,2,0,0,0,0,1,0.0,0.0,0.0,0.99821985,0.0,3,supply_side
2005-12-28,The_Wall_Street_Journal,0,0,0,0,0,1,0.1865183,0.0,0.19034684,0.62259996,0.0,3,natural_factor
2011-05-11,Thomson_Reuters,0,0,0,0,0,1,0.0,0.0,0.8049348,0.19409317,0.0,2,natural_factor
2015-09-28,The_Wall_Street_Journal,0,0,0,0,0,1,0.41759837,0.0,0.5813307,0.0,0.0,2,natural_factor
2018-11-06,Thomson_Reuters,0,0,0,0,0,1,0.011775482,0.0,0.9510211,0.0,0.036053102,2,natural_factor
2017-08-02,Thomson_Reuters,0,0,0,0,0,1,0.0,0.0,0.0,0.99555033,0.0,3,natural_factor
2019-05-16,Thomson_Reuters,0,0,0,0,0,1,0.0,0.0,0.8212988,0.17488727,0.0,2,natural_factor
2019-01-21,Thomson_Reuters,0,0,0,0,0,1,0.2963994,0.0,0.6445244,0.058672354,0.0,2,natural_factor
2016-03-31,Thomson_Reuters,0,0,0,0,0,1,0.0,0.0,0.81564325,0.12496369,0.05889803,2,natural_factor
2019-08-22,Thomson_Reuters,0,0,0,0,0,1,0.27144778,0.0,0.7261399,0.0,0.0,2,natural_factor
2004-04-14,The_Wall_Street_Journal,0,0,0,0,0,1,0.025785776,0.0,0.90626895,0.06764046,0.0,2,natural_factor
2019-01-10,Thomson_Reuters,0,0,0,0,0,1,0.04969464,0.0,0.90803033,0.040737335,0.0,2,natural_factor
2019-09-04,Thomson_Reuters,0,0,0,0,0,1,0.11325534,0.0,0.21793625,0.6203379,0.0483299,3,natural_factor
2015-12-08,Financial_Times,1,0,0,0,0,2,0.22893497,0.0,0.0,0.77027243,0.0,3,natural_factor
2013-10-30,Thomson_Reuters,0,0,0,0,0,1,0.17447501,0.0,0.6906529,0.13453306,0.0,2,natural_factor
2017-07-27,Thomson_Reuters,0,1,0,0,0,1,0.5085058,0.0,0.31776026,0.1680832,0.0,0,demand_side
2002-07-17,The_Wall_Street_Journal,0,0,0,0,0,1,0.07918991,0.0,0.7165612,0.19213347,0.011843362,2,natural_factor
2019-01-22,The_Wall_Street_Journal,1,0,2,0,0,1,0.0,0.0,0.75796276,0.21771866,0.017258752,2,financial_risk
2019-08-01,Thomson_Reuters,0,0,1,0,0,1,0.090660535,0.0,0.9087149,0.0,0.0,2,financial_risk
2012-02-05,The_Wall_Street_Journal,3,0,0,0,0,1,0.14298692,0.0,0.0,0.8565828,0.0,3,supply_side
2019-09-17,Financial_Times,0,0,1,0,0,1,0.0,0.0,0.99887544,0.0,0.0,2,financial_risk
2018-03-15,The_Wall_Street_Journal,0,0,0,0,0,1,0.10913731,0.0,0.081588104,0.8089508,0.0,3,natural_factor
2019-06-04,Thomson_Reuters,0,0,1,0,0,1,0.0,0.0,0.7913728,0.20754112,0.0,2,financial_risk
2018-10-17,Thomson_Reuters,0,0,2,0,0,1,0.27906322,0.011666141,0.0,0.7088431,0.0,3,financial_risk
2019-03-21,The_Wall_Street_Journal,0,0,1,0,0,1,0.0,0.0,0.8329317,0.10240002,0.06404132,2,financial_risk
2019-05-08,The_Wall_Street_Journal,0,0,1,0,0,1,0.0,0.0,0.88504046,0.11406559,0.0,2,financial_risk
2005-12-29,The_Wall_Street_Journal,0,0,1,0,0,1,0.0,0.0,0.7547572,0.1938695,0.05094129,2,financial_risk
2014-11-06,The_Wall_Street_Journal,0,0,0,0,0,1,0.0,0.0,0.4957813,0.50359696,0.0,3,natural_factor
2013-06-09,The_Wall_Street_Journal,2,0,1,0,0,1,0.19036576,0.0,0.0,0.8089904,0.0,3,supply_side
2005-12-27,The_Wall_Street_Journal,0,0,1,0,0,1,0.19919391,0.0,0.6544828,0.14610809,0.0,2,financial_risk
2017-11-21,Thomson_Reuters,0,0,0,0,0,2,0.37399536,0.0,0.41981688,0.20592777,0.0,2,natural_factor
2018-06-28,Thomson_Reuters,0,0,1,0,0,1,0.0,0.0,0.09318737,0.9016959,0.0,3,financial_risk
2018-06-12,Thomson_Reuters,0,0,0,0,0,1,0.21404059,0.05015725,0.7090354,0.026388882,0.0,2,natural_factor
2017-10-18,The_Wall_Street_Journal,0,0,0,0,0,1,0.49827385,0.016552353,0.4841032,0.0,0.0,0,natural_factor
2014-06-13,The_Wall_Street_Journal,0,0,0,0,0,1,0.17071372,0.0,0.77981484,0.0,0.049148235,2,natural_factor
2019-01-15,Thomson_Reuters,0,0,0,0,0,1,0.061633814,0.0,0.8030066,0.102685615,0.032443818,2,natural_factor
2019-07-01,The_Wall_Street_Journal,0,0,1,0,0,1,0.0,0.0,0.8595483,0.12553623,0.014375149,2,financial_risk
2016-07-26,Thomson_Reuters,0,0,0,0,0,1,0.13144016,0.0,0.8668352,0.0,0.0,2,natural_factor
2019-04-09,Thomson_Reuters,0,0,1,0,0,1,0.19546528,0.0,0.673562,0.13058633,0.0,2,financial_risk
2017-05-18,Thomson_Reuters,0,0,0,0,0,1,0.069403715,0.0,0.8881259,0.041879788,0.0,2,natural_factor
2019-03-26,Financial_Times,0,0,2,0,0,2,0.19509347,0.0,0.16448306,0.6402718,0.0,3,financial_risk
2017-02-28,Thomson_Reuters,0,0,0,0,0,1,0.0,0.0,0.8728263,0.07901712,0.047756054,2,natural_factor
2007-03-04,The_Wall_Street_Journal,0,0,0,0,0,1,0.14633127,0.0,0.43234208,0.42087615,0.0,2,natural_factor
2014-02-18,The_Wall_Street_Journal,0,0,0,0,0,1,0.0,0.0,0.6623538,0.33665246,0.0,2,natural_factor
2014-10-21,Thomson_Reuters,0,0,0,0,0,1,0.0,0.0,0.9405928,0.058031045,0.0,2,natural_factor
2015-02-19,Thomson_Reuters,1,1,0,0,0,1,0.0,0.0,0.08122227,0.9059465,0.012369804,3,supply_side
2018-11-07,Thomson_Reuters,0,1,0,0,0,1,0.0,0.0,0.98717195,0.0,0.012543137,2,demand_side
2003-12-04,The_Wall_Street_Journal,0,0,2,0,0,1,0.24514465,0.0,0.61158645,0.10072782,0.042459335,2,financial_risk
2013-05-31,The_Wall_Street_Journal,0,0,1,0,0,1,0.06898006,0.0,0.62307376,0.1943748,0.11342931,2,financial_risk
2019-05-13,Thomson_Reuters,0,0,0,0,0,1,0.0,0.0,0.6123571,0.38341182,0.0,2,natural_factor
2018-10-05,Thomson_Reuters,0,1,0,0,0,1,0.0,0.0,0.98831797,0.0,0.011395377,2,demand_side
2015-03-04,The_Wall_Street_Journal,0,0,0,0,0,1,0.24520274,0.0,0.6070734,0.11630455,0.03128673,2,natural_factor
2019-06-30,The_Wall_Street_Journal,0,2,0,0,0,1,0.068614155,0.0,0.52983385,0.40128738,0.0,2,demand_side
2017-07-26,Thomson_Reuters,0,0,1,0,0,1,0.0,0.0,0.98082095,0.0,0.018861521,2,financial_risk
2017-03-01,Thomson_Reuters,0,0,0,0,0,1,0.0,0.0,0.63862497,0.35998657,0.0,2,natural_factor
2019-09-24,The_Wall_Street_Journal,0,0,0,0,0,1,0.0,0.0,0.69338596,0.30583864,0.0,2,natural_factor
2016-03-01,The_Wall_Street_Journal,0,0,0,0,0,1,0.9076607,0.039991092,0.028383207,0.01975492,0.0,0,natural_factor
2017-11-23,Thomson_Reuters,0,0,0,0,0,1,0.013940712,0.0,0.9360823,0.0,0.04980839,2,natural_factor
2019-12-02,Thomson_Reuters,4,0,0,0,0,2,0.13545915,0.0,0.02251672,0.83303833,0.0,3,supply_side
2017-06-02,Thomson_Reuters,0,0,0,0,0,1,0.0,0.0,0.7514876,0.24766858,0.0,2,natural_factor
2016-08-19,Thomson_Reuters,0,0,1,0,0,1,0.17002614,0.0,0.42102334,0.39981532,0.0,2,financial_risk
2019-12-30,Thomson_Reuters,0,0,0,0,0,1,0.0,0.011843436,0.7321462,0.25525874,0.0,2,natural_factor
2003-04-23,The_Wall_Street_Journal,0,0,1,0,0,1,0.0,0.0,0.8332983,0.1657954,0.0,2,financial_risk
2016-12-01,Thomson_Reuters,0,0,0,0,0,1,0.02297225,0.0,0.7094319,0.2667673,0.0,2,natural_factor
2008-12-24,The_Wall_Street_Journal,0,0,0,0,0,1,0.072367035,0.0,0.4608604,0.42816538,0.03851186,2,natural_factor
2017-11-16,Thomson_Reuters,0,0,0,0,0,1,0.14788167,0.0,0.68776685,0.16313763,0.0,2,natural_factor
2019-03-12,Financial_Times,0,0,0,0,0,1,0.28263387,0.0,0.65955365,0.05770943,0.0,2,natural_factor
2019-02-07,Financial_Times,0,0,0,0,0,1,0.09848111,0.0,0.90074426,0.0,0.0,2,natural_factor
2023-06-14,South_China_Morning_Post,0,0,0,0,0,1,0.1851638,0.0,0.7455294,0.03796644,0.031249937,2,natural_factor
2011-05-13,Thomson_Reuters,0,0,0,0,0,1,0.0,0.0,0.7753073,0.22361214,0.0,2,natural_factor
2019-11-06,Thomson_Reuters,0,0,0,1,0,1,0.1336049,0.0,0.05261412,0.813362,0.0,3,geopolitical_risk
2016-02-14,The_Wall_Street_Journal,0,0,0,0,0,1,0.15622595,0.0,0.464796,0.22854073,0.15024178,2,natural_factor
2018-10-12,Thomson_Reuters,0,1,0,0,0,1,0.0,0.0,0.9875077,0.0,0.0,2,demand_side
2011-10-26,The_Wall_Street_Journal,1,0,0,0,0,1,0.025058668,0.0,0.9737812,0.0,0.0,2,supply_side
2015-07-14,Thomson_Reuters,0,0,0,0,0,1,0.017497355,0.0,0.6798254,0.30230436,0.0,2,natural_factor
2012-08-09,The_Wall_Street_Journal,0,0,0,0,0,1,0.63543737,0.048971128,0.31484386,0.0,0.0,0,natural_factor
2017-07-31,Thomson_Reuters,0,0,1,0,0,1,0.0,0.0,0.9905851,0.0,0.0,2,financial_risk
2015-11-05,The_Jakarta_Post,0,0,0,0,0,1,0.65013677,0.0,0.26527154,0.08423106,0.0,0,natural_factor
2016-10-21,Thomson_Reuters,0,0,1,0,0,1,0.2530111,0.0,0.6445904,0.10174951,0.0,2,financial_risk
2019-11-11,The_Wall_Street_Journal,3,0,3,0,0,1,0.069503754,0.0,0.04509719,0.8851754,0.0,3,supply_side
2019-06-24,Thomson_Reuters,0,0,0,0,0,1,0.028272483,0.0,0.75574267,0.045745995,0.16989441,2,natural_factor
2013-06-02,The_Wall_Street_Journal,0,0,1,0,0,1,0.22401594,0.0,0.64271075,0.06225446,0.07094333,2,financial_risk
2016-08-09,The_Wall_Street_Journal,0,0,0,1,0,1,0.47958207,0.041338462,0.4787752,0.0,0.0,0,geopolitical_risk
2005-04-08,The_Wall_Street_Journal,0,0,2,0,0,1,0.34967095,0.0,0.43737194,0.20299757,0.0,2,financial_risk
2017-07-20,Thomson_Reuters,0,0,0,0,0,1,0.0,0.0,0.6632301,0.33341306,0.0,2,natural_factor
2016-09-06,Thomson_Reuters,0,0,0,0,0,1,0.27126998,0.0,0.64549404,0.08261258,0.0,2,natural_factor
2015-05-22,Thomson_Reuters,0,0,2,0,0,1,0.035097137,0.0,0.0,0.9641953,0.0,3,financial_risk
2011-04-06,The_Wall_Street_Journal,0,0,0,0,0,1,0.0,0.0,0.76654315,0.21772116,0.015317946,2,natural_factor
2019-03-26,Financial_Times,0,0,1,0,0,1,0.069645554,0.0,0.2792978,0.6501925,0.0,3,financial_risk
2014-03-21,The_Wall_Street_Journal,0,0,0,0,0,1,0.5372835,0.0,0.40245292,0.059972085,0.0,0,natural_factor
2006-07-10,The_Wall_Street_Journal,0,0,0,0,0,1,0.0,0.0,0.973848,0.02505148,0.0,2,natural_factor
2017-07-03,The_Wall_Street_Journal,1,0,0,0,0,1,0.04427263,0.0,0.616423,0.3390288,0.0,2,supply_side
2019-01-04,Thomson_Reuters,0,0,0,0,0,1,0.0,0.0,0.89498657,0.10133986,0.0,2,natural_factor
2018-12-10,Financial_Times,0,0,0,0,0,1,0.07389307,0.0,0.9006434,0.025001345,0.0,2,natural_factor
2017-09-13,The_Wall_Street_Journal,0,0,0,0,0,1,0.0,0.0,0.7771167,0.22206086,0.0,2,natural_factor
2016-02-03,The_Wall_Street_Journal,0,0,0,0,0,1,0.3142796,0.0,0.41396827,0.084175125,0.18742082,2,natural_factor
2019-09-12,Financial_Times,0,0,0,0,0,1,0.13072105,0.0,0.6644297,0.20435148,0.0,2,natural_factor
2019-11-20,Financial_Times,0,0,0,0,0,1,0.05845943,0.0,0.9401685,0.0,0.0,2,natural_factor
2017-06-24,Thomson_Reuters,2,0,0,0,0,1,0.5727229,0.0,0.0,0.42689657,0.0,0,supply_side
2014-12-22,The_Wall_Street_Journal,0,0,0,0,0,1,0.09654267,0.0,0.042037502,0.8343735,0.026967151,3,natural_factor
2019-01-13,The_Wall_Street_Journal,2,0,1,0,0,1,0.14283031,0.0,0.55776954,0.28737482,0.0,2,supply_side
2019-09-28,Thomson_Reuters,0,0,0,0,0,1,0.071195744,0.0,0.9047425,0.023322444,0.0,2,natural_factor
2011-11-04,Financial_Times,0,0,0,0,0,1,0.11657459,0.0,0.7595337,0.12348487,0.0,2,natural_factor
2014-03-21,Thomson_Reuters,0,1,0,1,0,1,0.017602284,0.0,0.115307465,0.86681765,0.0,3,demand_side
2019-12-06,Thomson_Reuters,0,0,0,0,0,1,0.7893884,0.0,0.209848,0.0,0.0,0,natural_factor
2015-09-30,Thomson_Reuters,0,0,0,0,0,1,0.0,0.0,0.8678724,0.13071984,0.0,2,natural_factor
2010-12-09,The_Wall_Street_Journal,0,0,0,0,0,1,0.0,0.0,0.8970234,0.10197394,0.0,2,natural_factor
2016-10-14,Thomson_Reuters,0,0,0,0,0,1,0.33549473,0.0,0.0,0.6629205,0.0,3,natural_factor
2011-03-17,The_Wall_Street_Journal,0,0,0,0,0,1,0.0,0.0,0.99782777,0.0,0.0,2,natural_factor
2019-03-12,Financial_Times,0,0,1,0,0,1,0.06841331,0.0,0.7508107,0.18022412,0.0,2,financial_risk
2019-06-27,Financial_Times,0,0,0,0,0,1,0.0,0.0,0.99857175,0.0,0.0,2,natural_factor
2019-06-17,Financial_Times,0,0,0,0,0,1,0.0,0.0,0.65901184,0.3398375,0.0,2,natural_factor
2010-07-29,The_Wall_Street_Journal,0,0,0,0,0,1,0.014117985,0.014877676,0.07088406,0.89994633,0.0,3,natural_factor
2019-06-19,Thomson_Reuters,0,0,0,0,0,1,0.48404685,0.0,0.16134216,0.2905322,0.06386822,0,natural_factor
2005-12-05,The_Wall_Street_Journal,0,0,1,0,0,1,0.04704619,0.0,0.9517718,0.0,0.0,2,financial_risk
2018-02-14,Financial_Times,0,0,1,0,0,2,0.20881881,0.0,0.71972686,0.071374856,0.0,2,natural_factor
2019-09-02,Thomson_Reuters,0,0,0,0,0,1,0.0,0.0,0.77625215,0.22288562,0.0,2,natural_factor
2018-10-08,Thomson_Reuters,0,0,0,1,0,1,0.091501944,0.0,0.0,0.90778154,0.0,3,geopolitical_risk
2014-11-24,Thomson_Reuters,0,0,0,0,0,1,0.045908168,0.0,0.8922829,0.060799737,0.0,2,natural_factor
2019-02-11,The_Wall_Street_Journal,1,0,0,0,0,1,0.041724067,0.0,0.52518994,0.42016536,0.012776461,2,supply_side
2016-02-04,Thomson_Reuters,0,0,0,0,1,1,0.17539088,0.0,0.6043755,0.062102765,0.15324567,2,esg_regulation
2019-12-04,Thomson_Reuters,0,0,0,0,0,1,0.0,0.0,0.91673964,0.040711828,0.04153553,2,natural_factor
2014-06-17,The_Wall_Street_Journal,0,0,1,0,0,1,0.5151908,0.0,0.24008334,0.24429196,0.0,0,financial_risk
2015-12-08,Thomson_Reuters,0,0,1,0,0,1,0.040145952,0.0,0.87522453,0.0838449,0.0,2,financial_risk
2018-07-02,The_Wall_Street_Journal,0,0,0,0,0,1,0.33974335,0.0,0.50731856,0.15245256,0.0,2,natural_factor
2001-10-12,The_Wall_Street_Journal,0,0,0,0,0,1,0.48947924,0.0,0.42148817,0.0,0.08857611,0,natural_factor
2018-04-20,Thomson_Reuters,0,0,0,0,0,1,0.011081059,0.0,0.35102302,0.6365742,0.0,3,natural_factor
2019-09-02,Financial_Times,0,0,1,0,0,1,0.14689669,0.011125095,0.68151224,0.16036426,0.0,2,financial_risk
2018-09-23,The_Wall_Street_Journal,0,0,0,0,0,1,0.6584763,0.0,0.33066538,0.010638827,0.0,0,natural_factor
2011-06-24,The_Wall_Street_Journal,0,0,0,0,0,1,0.0,0.0,0.8694618,0.12932436,0.0,2,natural_factor
2016-07-18,Thomson_Reuters,1,0,1,0,0,1,0.033139784,0.0,0.23640472,0.7302519,0.0,3,supply_side
2017-06-24,The_Wall_Street_Journal,1,0,1,0,0,1,0.29275867,0.027633784,0.3460409,0.3154096,0.018157009,2,supply_side
2019-12-16,The_Jakarta_Post,0,0,0,0,3,2,0.3693163,0.0,0.3017464,0.066166714,0.26271442,0,esg_regulation
2016-05-02,The_Wall_Street_Journal,1,0,0,0,0,1,0.0,0.0,0.13719036,0.86121815,0.0,3,supply_side
2011-04-15,Financial_Times,0,0,1,0,0,1,0.0,0.0,0.6130301,0.38601136,0.0,2,financial_risk
2019-09-24,Financial_Times,0,1,0,0,0,1,0.19873434,0.021123627,0.51374197,0.266058,0.0,2,demand_side
2019-08-28,Thomson_Reuters,0,0,1,0,0,1,0.038600665,0.0,0.7547223,0.20618755,0.0,2,financial_risk
2017-01-05,Thomson_Reuters,0,0,0,0,0,1,0.04844158,0.0,0.8812085,0.06917761,0.0,2,natural_factor
2001-06-15,The_Wall_Street_Journal,0,0,1,0,0,1,0.13279429,0.0,0.64022714,0.22676046,0.0,2,financial_risk
2019-03-26,Thomson_Reuters,0,0,0,0,0,1,0.0,0.0,0.9973765,0.0,0.0,2,natural_factor
2019-10-21,Thomson_Reuters,3,0,1,0,0,1,0.0,0.0,0.03542731,0.96370625,0.0,3,supply_side
2019-10-10,Thomson_Reuters,0,0,0,0,0,1,0.0,0.0,0.7342292,0.07391704,0.1899716,2,natural_factor
2019-04-15,Thomson_Reuters,0,0,0,0,1,1,0.053241618,0.0,0.012272984,0.92577296,0.0,3,esg_regulation
2018-07-26,Financial_Times,0,0,0,0,0,1,0.11003276,0.0,0.6373803,0.25193688,0.0,2,natural_factor
2018-08-21,The_Wall_Street_Journal,0,1,0,0,0,2,0.77215314,0.0,0.08876009,0.13883178,0.0,0,natural_factor
2015-11-03,Financial_Times,0,0,0,0,0,1,0.8332062,0.0,0.16573642,0.0,0.0,0,natural_factor
2016-12-29,Financial_Times,0,0,0,0,0,1,0.74311316,0.0,0.25615588,0.0,0.0,0,natural_factor
2011-02-14,The_Wall_Street_Journal,0,0,0,0,0,1,0.08254374,0.0,0.44063354,0.47654095,0.0,3,natural_factor
2019-05-08,Thomson_Reuters,0,0,0,0,0,1,0.0949082,0.0,0.76341957,0.14112073,0.0,2,natural_factor
2019-12-30,Financial_Times,0,0,0,0,0,1,0.15352646,0.0,0.6590328,0.17646296,0.0,2,natural_factor
2019-02-06,The_Wall_Street_Journal,0,0,0,0,0,1,0.54366845,0.0,0.35814717,0.09756965,0.0,0,natural_factor
2016-12-19,Thomson_Reuters,0,0,0,0,0,1,0.0,0.0,0.8655517,0.07332117,0.05982659,2,natural_factor
2019-02-25,Thomson_Reuters,0,0,0,0,0,1,0.05911443,0.019226126,0.4641762,0.45707703,0.0,2,natural_factor
2016-06-08,Thomson_Reuters,0,0,0,0,0,1,0.0,0.0,0.82729477,0.17126577,0.0,2,natural_factor
2019-04-23,Financial_Times,0,1,2,0,0,1,0.29969648,0.0,0.20960444,0.4905085,0.0,3,financial_risk
2015-06-19,Thomson_Reuters,0,0,0,0,0,1,0.0,0.0,0.94272697,0.05625947,0.0,2,natural_factor
2019-05-09,Financial_Times,0,0,0,0,0,1,0.0,0.0,0.8566624,0.14257097,0.0,2,natural_factor
2016-06-15,Thomson_Reuters,0,0,0,0,0,1,0.0,0.0,0.8838845,0.11502163,0.0,2,natural_factor
2019-09-24,Financial_Times,0,0,0,0,0,1,0.0,0.0,0.71015686,0.28905463,0.0,2,natural_factor
2019-06-03,Thomson_Reuters,0,0,0,0,0,1,0.0,0.0,0.6334169,0.3657491,0.0,2,natural_factor
2018-10-29,Thomson_Reuters,0,1,2,0,0,1,0.093017355,0.0,0.0,0.9064108,0.0,3,financial_risk
2019-12-11,Financial_Times,3,0,1,0,0,1,0.04333138,0.0,0.13898657,0.7505281,0.06707903,3,supply_side
2013-02-03,Financial_Times,0,0,0,0,0,2,0.053060543,0.0,0.7317851,0.16974685,0.045314044,2,natural_factor
2017-06-05,Thomson_Reuters,0,0,0,0,0,1,0.0,0.0,0.9496694,0.048629202,0.0,2,natural_factor
2014-11-04,Thomson_Reuters,0,0,0,0,0,1,0.21143402,0.0,0.6576236,0.13022988,0.0,2,natural_factor
2019-10-10,The_Wall_Street_Journal,0,0,0,0,0,1,0.3888664,0.0,0.46425185,0.0,0.14581831,2,natural_factor
2013-06-14,The_Wall_Street_Journal,0,0,0,0,0,1,0.021762265,0.0,0.9766289,0.0,0.0,2,natural_factor
2012-09-28,The_Wall_Street_Journal,0,0,0,0,0,1,0.0,0.0,0.79625165,0.20287806,0.0,2,natural_factor
2016-08-09,Thomson_Reuters,0,0,0,0,0,1,0.0,0.0,0.85209686,0.14659029,0.0,2,natural_factor
2008-05-01,The_Wall_Street_Journal,0,0,0,0,0,1,0.0,0.0,0.9928395,0.0,0.0,2,natural_factor
2019-01-27,The_Wall_Street_Journal,1,0,1,0,0,3,0.11232436,0.0,0.05981398,0.8078024,0.01998759,3,natural_factor
2014-07-13,Financial_Times,0,0,4,0,0,1,0.07221832,0.0,0.80844975,0.1080051,0.01129917,2,financial_risk
2013-11-19,Financial_Times,0,0,0,0,0,1,0.07855615,0.0,0.9206513,0.0,0.0,2,natural_factor
2014-08-27,Financial_Times,0,0,0,0,0,2,0.56658244,0.0,0.42971998,0.0,0.0,0,natural_factor
2016-10-31,The_Wall_Street_Journal,0,0,0,0,0,1,0.0,0.0,0.7782215,0.22052535,0.0,2,natural_factor
2017-07-12,Financial_Times,0,0,0,0,0,1,0.55342877,0.0,0.4452262,0.0,0.0,0,natural_factor
2018-05-29,Thomson_Reuters,0,0,0,0,0,1,0.31111443,0.0,0.0,0.687774,0.0,3,natural_factor
2019-01-22,Financial_Times,0,0,0,0,0,1,0.020705648,0.0,0.91926867,0.05954715,0.0,2,natural_factor
2019-04-02,Thomson_Reuters,0,0,0,0,0,1,0.0,0.0,0.9136538,0.07024992,0.015139516,2,natural_factor
2013-11-11,Financial_Times,0,0,0,0,0,1,0.9715455,0.0,0.024834821,0.0,0.0,0,natural_factor
2017-10-23,Financial_Times,1,0,1,0,0,2,0.2080432,0.0,0.16764246,0.62417895,0.0,3,natural_factor
2017-11-08,Thomson_Reuters,0,0,0,0,0,1,0.0,0.0,0.9774292,0.0,0.022180837,2,natural_factor
2013-12-19,The_Wall_Street_Journal,0,0,0,0,0,1,0.2310784,0.0,0.57219887,0.19125187,0.0,2,natural_factor
2015-06-26,Thomson_Reuters,0,0,0,0,0,1,0.0,0.0,0.8182511,0.18051766,0.0,2,natural_factor
2014-10-16,Thomson_Reuters,0,0,0,0,0,1,0.0,0.0,0.77645165,0.13989808,0.08271941,2,natural_factor
2004-03-26,The_Wall_Street_Journal,1,0,0,0,0,1,0.12574117,0.0,0.019588558,0.7971078,0.0574947,3,supply_side
2019-05-09,Financial_Times,1,0,0,0,0,1,0.18141162,0.0,0.76925755,0.049206447,0.0,2,supply_side
2015-11-17,Thomson_Reuters,0,0,0,0,1,1,0.2918546,0.0,0.5143576,0.021118533,0.17257981,2,esg_regulation
2013-04-18,Financial_Times,0,0,0,0,0,1,0.101206034,0.010034679,0.5659526,0.3225866,0.0,2,natural_factor
2011-03-09,The_Wall_Street_Journal,0,0,0,0,0,2,0.13172394,0.0,0.64660865,0.17500809,0.046571378,2,natural_factor
2017-01-23,Thomson_Reuters,0,0,2,0,0,1,0.0,0.0,0.4129616,0.58559877,0.0,3,financial_risk
2019-08-07,Financial_Times,0,0,2,1,0,3,0.29634833,0.0,0.6601948,0.04332655,0.0,2,natural_factor
2013-07-07,Financial_Times,0,0,0,0,0,1,0.1248055,0.0,0.87443453,0.0,0.0,2,natural_factor
2018-10-11,Thomson_Reuters,0,1,0,0,0,1,0.0,0.0,0.9870558,0.0,0.0,2,demand_side
2005-12-29,The_Wall_Street_Journal,0,0,0,0,0,1,0.0772892,0.0,0.5622755,0.36019018,0.0,2,natural_factor
2019-06-28,The_Wall_Street_Journal,0,0,0,0,0,1,0.0,0.0,0.953367,0.045951046,0.0,2,natural_factor
2018-05-16,Thomson_Reuters,0,0,0,0,0,2,0.19649169,0.0,0.6733181,0.12990369,0.0,2,natural_factor
2015-03-13,Thomson_Reuters,0,0,0,0,0,1,0.0,0.0,0.9976578,0.0,0.0,2,natural_factor
2016-08-02,Thomson_Reuters,0,0,0,0,1,2,0.0,0.0,0.9638748,0.0,0.027108667,2,natural_factor
2017-06-07,Thomson_Reuters,0,1,0,0,0,1,0.03942297,0.0,0.8089277,0.13857387,0.013007901,2,demand_side
2018-10-18,Thomson_Reuters,0,1,0,0,0,1,0.0,0.0,0.99525094,0.0,0.0,2,demand_side
2018-09-24,Financial_Times,1,0,0,1,0,1,0.87534666,0.0,0.0,0.06178945,0.06252849,0,supply_side
2019-10-22,Financial_Times,0,0,1,0,0,1,0.04426806,0.0,0.87066936,0.084839314,0.0,2,financial_risk
2016-11-23,Thomson_Reuters,0,0,0,0,0,1,0.21906865,0.0,0.0,0.7794422,0.0,3,natural_factor
2016-03-31,The_Wall_Street_Journal,1,0,3,0,0,1,0.12637788,0.0,0.05759461,0.8157702,0.0,3,financial_risk
2019-09-28,Thomson_Reuters,0,0,0,0,0,1,0.04861891,0.0,0.9271601,0.015900344,0.0,2,natural_factor
2016-09-13,Thomson_Reuters,0,0,0,0,0,1,0.03313632,0.0,0.6131843,0.35267332,0.0,2,natural_factor
2016-01-28,Thomson_Reuters,0,0,0,0,0,1,0.07101946,0.0,0.66289407,0.15129863,0.1145996,2,natural_factor
2017-09-28,Thomson_Reuters,0,1,0,0,0,1,0.12268603,0.0,0.7564234,0.094866246,0.025958903,2,demand_side
2006-08-15,The_Wall_Street_Journal,0,0,0,0,0,1,0.04823908,0.0,0.77283597,0.17864484,0.0,2,natural_factor
2018-10-22,Thomson_Reuters,0,0,0,0,0,1,0.0,0.0,0.29271245,0.7014191,0.0,3,natural_factor
2007-03-02,The_Wall_Street_Journal,1,1,1,3,0,1,0.24528871,0.035812624,0.6123534,0.10248058,0.0,2,geopolitical_risk
2019-06-04,Thomson_Reuters,0,1,0,0,0,1,0.071106784,0.0,0.733385,0.124398455,0.070989504,2,demand_side
2011-03-19,The_Wall_Street_Journal,0,0,1,0,0,1,0.0,0.0,0.78761595,0.2040713,0.0,2,financial_risk
2019-09-05,Thomson_Reuters,0,0,0,0,0,1,0.0,0.0,0.84749025,0.15182395,0.0,2,natural_factor
2019-12-16,The_Wall_Street_Journal,0,0,0,0,0,1,0.16912058,0.0,0.7337202,0.09649012,0.0,2,natural_factor
2016-01-25,Thomson_Reuters,1,0,2,0,0,2,0.0,0.0,0.51880753,0.46656603,0.014367642,2,financial_risk
2018-09-26,Thomson_Reuters,0,0,0,0,0,1,0.0,0.0,0.98477316,0.0,0.014942341,2,natural_factor
2019-02-11,Thomson_Reuters,0,0,0,0,0,1,0.043901555,0.0,0.08742189,0.86682844,0.0,3,natural_factor
2008-02-19,The_Wall_Street_Journal,0,0,0,0,0,1,0.0,0.0,0.99467075,0.0,0.0,2,natural_factor
2016-01-28,The_Wall_Street_Journal,0,0,0,0,0,1,0.13582942,0.0,0.61363137,0.15194848,0.098355405,2,natural_factor
2014-10-21,The_Wall_Street_Journal,0,0,0,0,0,1,0.029637415,0.0,0.86357194,0.10616506,0.0,2,natural_factor
2014-10-14,Thomson_Reuters,0,0,0,0,0,1,0.10106264,0.0,0.4325648,0.29564765,0.17057858,2,natural_factor
2017-02-01,The_Wall_Street_Journal,0,1,0,0,0,1,0.15318264,0.0,0.7270172,0.09103348,0.02856982,2,demand_side
2018-10-11,Thomson_Reuters,1,0,0,0,0,1,0.0,0.0,0.07515495,0.92367387,0.0,3,supply_side
2018-11-08,Thomson_Reuters,0,1,0,0,0,1,0.0,0.0,0.9871533,0.0,0.0125668105,2,demand_side
2014-03-13,The_Wall_Street_Journal,0,0,0,0,0,1,0.0,0.0,0.61987716,0.3793458,0.0,2,natural_factor
2003-11-24,The_Wall_Street_Journal,0,0,0,0,0,1,0.06432817,0.0,0.4457292,0.48966545,0.0,3,natural_factor
2018-11-26,The_Wall_Street_Journal,2,0,0,0,0,2,0.09872306,0.0,0.0,0.8822736,0.018573293,3,supply_side
2016-10-04,The_Wall_Street_Journal,0,0,0,0,0,1,0.056681238,0.0,0.874335,0.068511255,0.0,2,natural_factor
2016-06-02,Financial_Times,0,0,1,0,1,1,0.10333193,0.0,0.65664023,0.17843032,0.06143622,2,financial_risk
2007-03-02,The_Wall_Street_Journal,1,0,0,3,0,1,0.3527054,0.037994273,0.47920462,0.13001882,0.0,2,geopolitical_risk
2023-08-11,Financial_Times,0,0,1,0,0,1,0.25147766,0.0,0.6769485,0.07112935,0.0,2,financial_risk
2023-08-01,Thomson_Reuters,1,0,0,0,0,2,0.2627011,0.0,0.15837291,0.54027283,0.038476706,3,natural_factor
2023-11-30,Channel_News_Asia,0,0,0,0,1,1,0.01906162,0.0,0.89404285,0.08316829,0.0,2,esg_regulation
2023-08-02,Thomson_Reuters,0,0,0,0,0,1,0.6232864,0.0,0.22322792,0.15290645,0.0,0,natural_factor
2023-07-17,Thomson_Reuters,0,0,2,0,0,1,0.0,0.0,0.84710085,0.15188499,0.0,2,financial_risk
2023-10-11,Financial_Times,0,0,1,0,0,1,0.054293912,0.0,0.8376584,0.10793389,0.0,2,financial_risk
2024-01-11,Financial_Times,1,1,1,0,0,1,0.0,0.0,0.21907087,0.72442114,0.056087583,3,supply_side
2023-08-21,Thomson_Reuters,0,0,0,0,0,1,0.2124109,0.0,0.7358508,0.05125025,0.0,2,natural_factor
2023-11-15,Thomson_Reuters,0,0,0,0,0,1,0.0,0.0,0.82641786,0.0,0.17248598,2,natural_factor
2023-07-09,Financial_Times,0,0,1,0,0,1,0.16436145,0.0,0.52696466,0.30830047,0.0,2,financial_risk
2023-11-11,Nikkei_Asia,0,0,0,0,0,1,0.21286058,0.0,0.6585725,0.1281031,0.0,2,natural_factor
2023-09-11,Financial_Times,0,0,2,0,0,1,0.0,0.0,0.9877644,0.011581878,0.0,2,financial_risk
2023-11-20,Financial_Times,0,0,1,0,0,1,0.03707263,0.0,0.7904961,0.17216764,0.0,2,financial_risk
2023-11-01,Financial_Times,0,0,6,0,0,2,0.19035964,0.0,0.55533445,0.25423566,0.0,2,financial_risk
2023-10-16,The_Business_Times,0,0,0,0,2,2,0.18372916,0.0,0.3052323,0.16335243,0.3476051,4,esg_regulation
2023-09-18,Financial_Times,0,0,0,0,0,1,0.68520224,0.0,0.28290677,0.016009286,0.011558128,0,natural_factor
2023-07-13,Thomson_Reuters,0,0,0,0,0,1,0.21557511,0.0,0.54723936,0.23677929,0.0,2,natural_factor
2023-11-27,Financial_Times,0,0,1,0,0,1,0.65998095,0.0,0.1033406,0.236218,0.0,0,financial_risk
2024-01-05,Financial_Times,1,0,1,0,0,1,0.034354523,0.0,0.24854952,0.7166368,0.0,3,supply_side
2023-10-17,Financial_Times,0,0,0,0,0,2,0.10255603,0.0,0.7152713,0.18181963,0.0,2,natural_factor
2023-08-14,Financial_Times,0,0,0,0,0,1,0.02897748,0.0,0.9331142,0.037604798,0.0,2,natural_factor
2023-11-01,Financial_Times,0,0,0,0,0,1,0.0,0.05391743,0.89523417,0.05010477,0.0,2,natural_factor
2023-08-18,Financial_Times,0,0,0,0,0,1,0.20932566,0.0,0.754215,0.030424695,0.0,2,natural_factor
2023-06-27,Channel_News_Asia,0,0,0,0,0,1,0.2946746,0.0,0.26245105,0.44248033,0.0,3,natural_factor
2023-07-25,Thomson_Reuters,0,0,1,0,0,1,0.0,0.0,0.0,0.99805075,0.0,3,financial_risk
2023-11-16,The_Wall_Street_Journal,0,0,1,0,0,1,0.21925813,0.0,0.0415448,0.73895085,0.0,3,financial_risk
2023-08-20,Financial_Times,0,0,0,0,0,2,0.013421191,0.0,0.9784575,0.0,0.0,2,natural_factor
2023-10-25,Thomson_Reuters,1,0,0,0,0,1,0.038006995,0.0,0.066217035,0.88632256,0.0,3,supply_side
2023-12-07,JoongAng_Daily,0,0,0,0,0,1,0.49027455,0.0,0.47652915,0.0,0.032868247,0,natural_factor
2023-08-01,Thomson_Reuters,0,0,0,0,0,1,0.5476898,0.0,0.30061743,0.15113416,0.0,0,natural_factor
2023-07-28,Thomson_Reuters,0,0,0,0,0,1,0.052354213,0.0,0.84641033,0.0,0.10063558,2,natural_factor
2023-11-19,Financial_Times,0,0,1,0,0,1,0.2627635,0.0,0.629853,0.107092395,0.0,2,financial_risk
2023-08-01,Thomson_Reuters,0,0,0,0,0,1,0.31574446,0.0,0.14323053,0.5403897,0.0,3,natural_factor
2023-07-31,Thomson_Reuters,0,0,0,0,0,1,0.14872704,0.0,0.51084787,0.3400719,0.0,2,natural_factor
2023-08-07,Financial_Times,0,1,0,0,2,3,0.32985088,0.0,0.22922929,0.3001921,0.14064302,0,natural_factor
2023-10-31,The_Wall_Street_Journal,0,0,1,0,0,1,0.24312826,0.0,0.3553444,0.4009757,0.0,3,financial_risk
2023-10-25,Financial_Times,2,1,0,0,0,1,0.28996184,0.0,0.315144,0.39471376,0.0,3,supply_side
2023-07-04,Financial_Times,0,0,0,0,0,1,0.7594931,0.0,0.0,0.23938473,0.0,0,natural_factor
2023-11-07,Thomson_Reuters,0,0,0,0,0,1,0.058780916,0.0,0.7667694,0.17371652,0.0,2,natural_factor
2023-12-11,Financial_Times,0,0,0,0,0,1,0.15116063,0.0,0.848164,0.0,0.0,2,natural_factor
2023-09-12,Financial_Times,0,0,1,0,0,1,0.24554078,0.0,0.7384091,0.0,0.0,2,financial_risk
2024-01-09,Financial_Times,0,0,2,0,0,1,0.3062965,0.013294308,0.50839895,0.17189907,0.0,2,financial_risk
2023-10-31,Thomson_Reuters,0,0,1,0,0,1,0.31540534,0.0,0.39766094,0.28629977,0.0,2,financial_risk
2023-08-18,Financial_Times,0,0,1,0,0,1,0.24149264,0.0,0.33350885,0.42438775,0.0,3,financial_risk
2023-11-12,Financial_Times,0,0,1,0,0,1,0.31196687,0.0,0.6874519,0.0,0.0,2,financial_risk
2023-11-01,Thomson_Reuters,0,0,0,0,0,1,0.24696514,0.0,0.58614534,0.16615511,0.0,2,natural_factor
2023-10-19,Financial_Times,0,0,0,0,0,2,0.22046538,0.0,0.6869922,0.08927744,0.0,2,natural_factor
2024-01-09,Financial_Times,1,1,0,0,3,3,0.23348993,0.0,0.23330788,0.3659692,0.16718394,3,esg_regulation
2024-01-10,Financial_Times,0,0,2,0,1,1,0.5678928,0.0,0.014948002,0.41698354,0.0,0,financial_risk
2024-01-21,Financial_Times,0,0,1,0,0,1,0.123431206,0.0,0.1963922,0.6797999,0.0,3,financial_risk
2023-09-15,Financial_Times,0,0,0,0,0,1,0.27955744,0.0,0.64138716,0.07873045,0.0,2,natural_factor
2023-12-15,Financial_Times,1,1,2,0,2,1,0.2323488,0.0,0.4248439,0.2108584,0.13185064,2,financial_risk
2023-06-09,Thomson_Reuters,0,0,1,0,0,1,0.26284036,0.0,0.6459928,0.09085222,0.0,2,financial_risk
2023-09-08,Financial_Times,0,0,0,0,0,1,0.34937152,0.0,0.6398937,0.0,0.0,2,natural_factor
2023-11-21,Financial_Times,1,1,1,0,0,1,0.32058898,0.0,0.5338597,0.1400312,0.0,2,supply_side
2023-11-29,Nikkei_Asia,0,0,0,0,0,1,0.23300852,0.0,0.7662622,0.0,0.0,2,natural_factor
2023-07-19,Nikkei_Asia,0,0,0,0,0,1,0.22555476,0.0,0.56340706,0.06706087,0.14384589,2,natural_factor
2023-09-04,Financial_Times,0,0,0,0,0,1,0.0,0.0,0.9306089,0.06842334,0.0,2,natural_factor
2023-10-13,Financial_Times,0,0,0,0,2,2,0.22441319,0.0,0.19672614,0.1894233,0.38935545,4,esg_regulation
2023-10-18,Thomson_Reuters,0,1,0,0,0,1,0.11287224,0.0,0.63423,0.25254476,0.0,2,demand_side
2023-09-22,Financial_Times,1,2,2,2,3,1,0.12412904,0.0,0.7708183,0.0,0.09312637,2,esg_regulation
2023-10-13,The_Wall_Street_Journal,0,0,0,0,0,1,0.21062395,0.0,0.26414058,0.2041371,0.32101613,4,natural_factor
2023-11-05,Financial_Times,2,1,0,0,1,2,0.060287636,0.0,0.49478054,0.31796002,0.12688918,2,supply_side
2023-10-24,Financial_Times,0,0,0,0,0,1,0.8374445,0.0,0.08962862,0.07234308,0.0,0,natural_factor
2023-10-03,Financial_Times,0,0,1,0,0,1,0.11856881,0.0,0.8370941,0.04422364,0.0,2,financial_risk
2024-04-04,Financial_Times,0,0,1,0,0,2,0.40872976,0.0,0.514311,0.07645389,0.0,2,natural_factor
2024-04-01,Financial_Times,1,0,0,0,2,2,0.3238502,0.0,0.029214086,0.30351362,0.34334746,4,esg_regulation
2024-03-06,Financial_Times,0,0,1,0,0,2,0.1974169,0.0,0.68460554,0.11785742,0.0,2,natural_factor
2024-05-25,Financial_Times,0,0,0,0,0,1,0.7117724,0.0,0.15506147,0.13284032,0.0,0,natural_factor
2024-04-16,Financial_Times,0,1,0,0,0,1,0.16647805,0.0,0.7211382,0.112251274,0.0,2,demand_side
2024-03-11,Financial_Times,0,0,1,0,0,1,0.12796986,0.0,0.466981,0.40472507,0.0,2,financial_risk
2024-03-12,Financial_Times,0,0,3,0,0,1,0.2236937,0.0,0.68908066,0.08710866,0.0,2,financial_risk
2024-03-23,Financial_Times,0,0,0,0,0,4,0.35424498,0.011344662,0.13153212,0.28530848,0.21756974,0,natural_factor
2024-02-27,Financial_Times,0,0,2,0,0,1,0.047657378,0.0,0.7990651,0.15295017,0.0,2,financial_risk
2024-03-07,Financial_Times,0,0,0,0,0,1,0.4186627,0.0,0.44496083,0.13604046,0.0,2,natural_factor
2024-02-05,Financial_Times,0,0,0,0,0,1,0.08045367,0.0,0.5722624,0.33101967,0.01613987,2,natural_factor
2024-02-13,Financial_Times,0,0,0,0,0,1,0.0,0.0,0.9954533,0.0,0.0,2,natural_factor
2024-04-14,Financial_Times,0,0,2,0,0,1,0.26146576,0.0,0.7070276,0.031333204,0.0,2,financial_risk
2024-03-25,Financial_Times,1,0,1,1,0,1,0.08239462,0.0,0.5996001,0.30598414,0.011956253,2,supply_side
2024-04-26,Financial_Times,0,0,0,0,0,1,0.030336741,0.0,0.77549165,0.19378437,0.0,2,natural_factor
2024-04-08,Financial_Times,0,0,1,0,0,1,0.10769575,0.0,0.0,0.8913888,0.0,3,financial_risk
2024-04-13,Financial_Times,0,0,2,0,0,1,0.19685394,0.0,0.49303812,0.30985948,0.0,2,financial_risk
2024-02-12,Financial_Times,0,0,0,0,0,1,0.37271786,0.0,0.3213223,0.30554008,0.0,0,natural_factor
2024-04-15,Financial_Times,0,0,1,0,0,1,0.097531065,0.0,0.8122748,0.089926794,0.0,2,financial_risk
2024-03-11,Financial_Times,0,0,0,0,0,1,0.11124981,0.0,0.27326033,0.51771575,0.09766872,3,natural_factor
2024-02-18,Financial_Times,1,0,0,0,0,2,0.2407087,0.0,0.018830616,0.69458044,0.04580953,3,natural_factor
2024-04-29,Financial_Times,0,0,0,0,0,1,0.3628795,0.0,0.43073252,0.20617244,0.0,2,natural_factor
2024-03-04,Financial_Times,0,0,2,0,0,1,0.17270285,0.0,0.6120655,0.21482658,0.0,2,financial_risk
2024-04-08,Financial_Times,0,0,1,0,0,2,0.36481,0.0,0.38141382,0.2534383,0.0,2,natural_factor
2024-04-23,Financial_Times,0,0,0,0,0,1,0.1958698,0.0,0.7290031,0.07500458,0.0,2,natural_factor
2024-03-23,Financial_Times,0,1,0,0,0,2,0.241359,0.0,0.35316643,0.4052292,0.0,3,natural_factor
2024-05-23,Financial_Times,0,0,0,0,0,1,0.2688437,0.0,0.72391856,0.0,0.0,2,natural_factor
2024-03-24,Financial_Times,0,0,1,0,0,1,0.0,0.0,0.9006419,0.098461,0.0,2,financial_risk
2024-06-04,Financial_Times,0,0,0,0,0,1,0.10089352,0.022141112,0.478959,0.3978289,0.0,2,natural_factor
2024-02-23,Financial_Times,0,0,1,0,0,1,0.026354257,0.0,0.7604521,0.20121166,0.011902531,2,financial_risk
2024-04-12,Financial_Times,1,0,0,0,3,1,0.29554582,0.0,0.50270534,0.0,0.20156595,2,esg_regulation
2024-04-10,Financial_Times,0,0,1,0,0,1,0.20282146,0.0,0.64198065,0.15506397,0.0,2,financial_risk
2024-05-08,Financial_Times,0,0,0,0,0,1,0.1809285,0.0,0.8181951,0.0,0.0,2,natural_factor
2024-02-04,Financial_Times,0,0,1,0,0,1,0.24970652,0.0,0.56131256,0.18854025,0.0,2,financial_risk
2024-05-09,Financial_Times,4,2,1,0,2,2,0.17947371,0.0,0.45027524,0.29320407,0.07702147,2,supply_side
2024-01-06,Thomson_Reuters,1,0,1,0,0,1,0.0,0.0,0.25994477,0.73860824,0.0,3,supply_side
2024-08-16,Channel_News_Asia,0,0,0,0,0,1,0.3201606,0.0,0.41869837,0.23510295,0.025876302,2,natural_factor
2024-02-25,The_Wall_Street_Journal,3,0,0,0,0,2,0.16578569,0.0,0.0,0.7942511,0.03967552,3,supply_side
2024-09-05,The_Wall_Street_Journal,0,0,2,0,0,1,0.1212581,0.0,0.43879232,0.4396727,0.0,3,financial_risk
2024-02-12,The_Wall_Street_Journal,0,0,0,0,0,1,0.31700125,0.0,0.47423673,0.20802945,0.0,2,natural_factor
2024-09-23,Financial_Times,0,0,0,0,0,1,0.99902207,0.0,0.0,0.0,0.0,0,natural_factor
2024-07-24,The_Wall_Street_Journal,0,0,0,0,0,1,0.22675973,0.0,0.58767426,0.052604377,0.13273515,2,natural_factor
2024-08-20,The_Wall_Street_Journal,1,0,0,0,0,2,0.18341893,0.0,0.0,0.81604546,0.0,3,natural_factor
2024-09-12,Thomson_Reuters,0,0,0,0,0,1,0.06711294,0.0,0.8349497,0.0974337,0.0,2,natural_factor
2024-04-22,Thomson_Reuters,0,0,0,0,0,1,0.02788056,0.0,0.61454904,0.3569476,0.0,2,natural_factor
2024-03-15,Channel_News_Asia,0,0,0,0,0,1,0.0,0.0,0.7456888,0.2533133,0.0,2,natural_factor
2024-01-05,The_Wall_Street_Journal,3,0,1,0,0,1,0.06532219,0.0,0.07435103,0.8350989,0.025120676,3,supply_side
2024-09-06,Financial_Times,0,0,3,0,0,1,0.17108752,0.0,0.7332654,0.091678455,0.0,2,financial_risk
2024-08-13,Financial_Times,0,1,0,0,0,1,0.2667807,0.0,0.53714365,0.19562988,0.0,2,demand_side
2024-03-31,The_Wall_Street_Journal,3,1,0,0,0,2,0.22609158,0.021400422,0.4118485,0.20361015,0.1370493,2,supply_side
2024-10-01,Financial_Times,4,0,0,0,0,2,0.27844274,0.0,0.41432127,0.25868902,0.048485592,2,supply_side
2024-07-03,Financial_Times,0,0,0,0,0,1,0.47916776,0.0,0.20775631,0.3125882,0.0,0,natural_factor
2024-06-23,Financial_Times,2,0,0,0,1,1,0.24848752,0.0,0.21512529,0.15028198,0.38602588,4,supply_side
2024-02-20,Thomson_Reuters,0,0,0,0,0,1,0.02599238,0.0,0.8715947,0.10212409,0.0,2,natural_factor
2024-06-11,Financial_Times,0,0,0,0,0,1,0.6946742,0.0,0.3043885,0.0,0.0,0,natural_factor
2024-03-11,The_Wall_Street_Journal,0,0,2,0,0,1,0.2442666,0.021605572,0.0,0.73352134,0.0,3,financial_risk
2024-03-11,The_Wall_Street_Journal,1,0,0,0,0,1,0.027554238,0.0,0.47728923,0.49475008,0.0,3,supply_side
2024-09-26,Financial_Times,1,2,0,0,1,2,0.23595932,0.0,0.356153,0.08336144,0.324478,2,demand_side
2024-05-20,The_Wall_Street_Journal,0,0,1,0,0,1,0.06484507,0.0,0.7302421,0.19518602,0.0,2,financial_risk
2024-02-11,The_Wall_Street_Journal,1,0,0,0,0,4,0.27363536,0.0,0.13768528,0.46958765,0.11903345,3,natural_factor
2024-04-06,Channel_News_Asia,0,0,1,0,0,1,0.0,0.0,0.88982815,0.108993724,0.0,2,financial_risk
2024-02-25,Channel_News_Asia,0,0,0,0,0,1,0.07815114,0.0,0.8749187,0.034473795,0.012212155,2,natural_factor
2024-06-08,Channel_News_Asia,0,0,1,0,0,1,0.13369447,0.0,0.5715351,0.29417065,0.0,2,financial_risk
2024-07-20,Thomson_Reuters,3,0,0,0,0,1,0.0,0.0,0.0,0.99854916,0.0,3,supply_side
2024-06-05,Financial_Times,1,1,0,0,0,1,0.29982713,0.0,0.6755709,0.0130196065,0.011539837,2,supply_side
2024-05-19,The_Business_Times,0,0,0,0,0,1,0.20922673,0.0,0.67933697,0.11028148,0.0,2,natural_factor
2024-01-05,Thomson_Reuters,1,0,0,0,0,1,0.0,0.0,0.0,0.9552101,0.04293148,3,supply_side
2024-02-13,Thomson_Reuters,0,0,1,0,0,1,0.3150866,0.0,0.0,0.6712684,0.013307607,3,financial_risk
2024-09-05,Financial_Times,0,0,1,0,0,1,0.21149884,0.0,0.70539,0.082712986,0.0,2,financial_risk
2024-06-28,Financial_Times,0,0,0,0,0,2,0.27896893,0.0,0.30784717,0.4126665,0.0,3,natural_factor
2024-08-31,Financial_Times,3,1,0,0,1,2,0.068478346,0.0,0.5541997,0.18430215,0.19294359,2,supply_side
2024-03-07,The_Business_Times,0,0,0,0,0,1,0.08882643,0.0,0.20025396,0.7105552,0.0,3,natural_factor
2024-02-13,Taipei_Times,0,0,0,0,0,1,0.08639083,0.0,0.57874477,0.26353186,0.07127838,2,natural_factor
2024-08-16,The_Business_Times,0,0,0,0,0,1,0.39482772,0.0,0.27652624,0.32265362,0.0,0,natural_factor
2024-01-11,The_Wall_Street_Journal,1,0,2,0,0,1,0.1383255,0.0,0.14901303,0.6955541,0.017007446,3,financial_risk
2024-05-20,The_Wall_Street_Journal,0,0,1,0,0,1,0.14203702,0.0,0.0,0.8479957,0.0,3,financial_risk
2024-01-18,Thomson_Reuters,0,0,1,0,0,1,0.17601077,0.0,0.32284665,0.5005281,0.0,3,financial_risk
2024-08-15,Channel_News_Asia,0,0,0,0,0,1,0.0,0.0,0.9945872,0.0,0.0,2,natural_factor
2024-05-06,The_Wall_Street_Journal,0,0,0,0,0,1,0.0,0.0,0.8079321,0.18965831,0.0,2,natural_factor
2024-03-24,The_Wall_Street_Journal,0,1,0,0,0,3,0.49105874,0.0,0.07305957,0.09762199,0.3381956,0,natural_factor
2024-03-21,The_Wall_Street_Journal,0,0,0,0,0,1,0.0,0.0,0.39455253,0.6030693,0.0,3,natural_factor
2024-08-03,The_Wall_Street_Journal,0,0,1,0,0,1,0.07848353,0.0,0.8482002,0.07291543,0.0,2,financial_risk
2024-05-13,The_Wall_Street_Journal,0,0,0,0,0,1,0.08890956,0.0,0.63038623,0.2803514,0.0,2,natural_factor
2024-01-12,Thomson_Reuters,0,0,1,0,0,2,0.13439813,0.0,0.123593315,0.7046008,0.03729349,3,natural_factor
2024-06-30,Financial_Times,1,0,2,0,0,1,0.2479805,0.0,0.64874333,0.10309234,0.0,2,financial_risk
2024-06-06,The_Wall_Street_Journal,0,0,0,0,0,2,0.3486366,0.0,0.16976106,0.20357783,0.27799284,0,natural_factor
2024-08-05,The_Wall_Street_Journal,0,0,0,0,0,1,0.20326881,0.0,0.6039547,0.15175924,0.04091941,2,natural_factor
2024-03-21,The_Business_Times,0,0,0,0,0,1,0.17535828,0.0,0.52857125,0.27626452,0.019703161,2,natural_factor
2024-08-25,Financial_Times,1,0,0,0,0,1,0.36655024,0.0,0.5329942,0.09571881,0.0,2,supply_side
2024-06-07,Channel_News_Asia,0,0,0,0,0,1,0.12845126,0.0,0.5255486,0.3454831,0.0,2,natural_factor
2024-11-08,Financial_Times,0,0,1,0,0,1,0.09897817,0.0,0.66241103,0.23831643,0.0,2,financial_risk
2024-10-27,Financial_Times,0,0,0,0,0,1,0.17698738,0.0,0.74903375,0.073630325,0.0,2,natural_factor
2024-10-27,Financial_Times,0,0,0,0,0,1,0.0800121,0.0,0.80215484,0.117687196,0.0,2,natural_factor
2024-11-27,Financial_Times,0,0,0,0,0,1,0.1759333,0.0,0.8234447,0.0,0.0,2,natural_factor
2024-12-05,Financial_Times,0,0,0,0,0,1,0.02569876,0.0,0.7931374,0.18067369,0.0,2,natural_factor
2024-11-25,Financial_Times,0,0,2,0,0,1,0.042576667,0.0,0.6370021,0.31059968,0.0,2,financial_risk
2024-10-29,Financial_Times,0,1,1,0,0,1,0.16619691,0.019640833,0.3292635,0.30487272,0.180026,2,demand_side
2024-11-06,Financial_Times,2,0,1,1,1,1,0.12770563,0.0118769845,0.37363175,0.44604632,0.04073927,3,supply_side
2024-11-25,Financial_Times,0,0,0,0,1,3,0.25174618,0.0,0.49350876,0.02492617,0.22977474,2,natural_factor
2024-11-26,Financial_Times,0,1,2,0,1,1,0.07643456,0.0,0.78915876,0.12112666,0.013240924,2,financial_risk
2024-11-06,Financial_Times,0,0,1,0,0,1,0.22862187,0.0,0.75635695,0.01454907,0.0,2,financial_risk
2024-12-12,Financial_Times,0,0,0,0,0,2,0.6250766,0.0,0.37420082,0.0,0.0,0,natural_factor
2024-11-20,Financial_Times,0,0,0,0,0,1,0.016463999,0.0,0.9129317,0.07018988,0.0,2,natural_factor
2024-12-02,Financial_Times,0,2,1,0,0,1,0.04957579,0.0,0.6472848,0.14548609,0.15750642,2,demand_side
2024-10-21,The_Wall_Street_Journal,3,1,3,0,0,1,0.08874691,0.0,0.0,0.9107641,0.0,3,supply_side
2024-11-28,Financial_Times,0,0,0,0,0,1,0.010791302,0.0,0.8000067,0.18879057,0.0,2,natural_factor
2024-12-13,Financial_Times,0,1,0,0,0,2,0.18280649,0.019914709,0.7806454,0.016548652,0.0,2,natural_factor
2024-10-28,Financial_Times,0,0,0,0,0,2,0.4995484,0.0,0.4872165,0.013003078,0.0,0,natural_factor
2024-10-04,Financial_Times,0,0,1,0,0,1,0.06901693,0.0,0.49023393,0.4402648,0.0,2,financial_risk
2024-12-22,API_NEWS_en,0,0,1,0,0,1,0.22274709,0.0,0.5907074,0.18157592,0.0,2,financial_risk
2024-11-27,API_NEWS_en,0,0,0,0,0,1,0.0,0.0,0.0,0.9990318,0.0,3,natural_factor
2024-11-28,API_NEWS_en,0,0,0,0,0,1,0.0,0.0,0.0,0.9993496,0.0,3,natural_factor
2010-06-30,The_Wall_Street_Journal,0,0,0,0,0,1,0.665055,0.03483649,0.28576514,0.0,0.0140893515,0,natural_factor
2022-12-28,Manila_Bulletin,0,1,0,0,0,1,0.35611358,0.0,0.07157396,0.3135641,0.25861514,0,demand_side
2022-08-29,The_Strait_Times,0,0,5,0,0,3,0.07777469,0.0,0.56968945,0.31473744,0.03776226,2,financial_risk
2021-12-10,Thomson_Reuters,0,0,0,1,0,2,0.0,0.0,0.6869262,0.0,0.3116361,2,natural_factor
2020-11-19,The_Business_Times,0,0,0,0,0,1,0.84019315,0.0,0.15943272,0.0,0.0,0,natural_factor
2021-10-28,New_Strait_Times,0,0,0,0,0,1,0.5164241,0.0,0.41713497,0.029811434,0.036342107,0,natural_factor
2021-03-12,Thomson_Reuters,0,0,0,0,0,1,0.0,0.0,0.88765866,0.0,0.110163786,2,natural_factor
2020-05-20,Channel_News_Asia,0,0,0,0,0,1,0.5233496,0.0,0.0,0.47484976,0.0,0,natural_factor
2011-08-24,The_Wall_Street_Journal,0,0,0,0,0,1,0.16368385,0.0,0.8357936,0.0,0.0,2,natural_factor
2019-11-30,Viet_Nam_News,0,0,0,0,0,1,0.1825836,0.021722477,0.24893172,0.0,0.5461367,4,natural_factor
2014-12-17,Thomson_Reuters,0,0,0,0,0,1,0.46662283,0.0,0.41314334,0.0,0.11692248,0,natural_factor
2000-01-18,The_Wall_Street_Journal,0,0,0,0,0,2,0.09608918,0.0,0.5260992,0.0,0.37675998,2,natural_factor
2019-04-17,Thomson_Reuters,0,0,0,0,0,1,0.0,0.0,0.0,0.98756325,0.0,3,natural_factor
2018-11-20,Thomson_Reuters,0,0,0,0,0,1,0.018923761,0.0,0.5946448,0.3452617,0.041071348,2,natural_factor
2022-08-16,JoongAng_Daily,0,0,0,0,0,2,0.41489232,0.106565,0.024678372,0.45361727,0.0,3,natural_factor
2023-02-24,Viet_Nam_News,0,1,0,0,1,2,0.09695546,0.013403338,0.5351567,0.0,0.35427254,2,natural_factor
2022-09-12,The_Business_Times,0,1,0,0,0,1,0.692833,0.01347574,0.18552212,0.0,0.10799263,0,demand_side
2022-04-06,The_Business_Times,0,1,0,0,0,1,0.8520646,0.0,0.0,0.0,0.14748962,0,demand_side
2022-09-10,Viet_Nam_News,0,0,0,0,2,2,0.15141042,0.0,0.39093402,0.0,0.45692378,4,esg_regulation
2022-08-12,Viet_Nam_News,0,0,0,0,0,1,0.25899702,0.021052593,0.23529708,0.0,0.48443517,4,natural_factor
2022-07-11,Viet_Nam_News,0,0,0,0,0,1,0.11529163,0.0,0.2520418,0.018964406,0.61356115,4,natural_factor
2023-05-25,The_Business_Times,0,0,0,0,0,1,0.66685337,0.0,0.23862107,0.010153543,0.08432253,0,natural_factor
2022-05-09,The_Business_Times,0,0,0,1,0,1,0.68728894,0.0,0.12025475,0.05333514,0.13907392,0,geopolitical_risk
2022-01-11,Financial_Times,0,0,0,0,0,1,0.18727994,0.0,0.7905846,0.0,0.021675693,2,natural_factor
2022-09-16,The_Strait_Times,0,0,0,0,0,1,0.29986137,0.0,0.5817187,0.023958756,0.09436992,2,natural_factor
2023-04-10,Nikkei_Asia,0,0,0,0,0,1,0.7044357,0.0,0.07437569,0.0,0.22091776,0,natural_factor
2022-02-26,The_Strait_Times,0,0,0,0,0,1,0.74620724,0.0,0.1780371,0.0,0.075485215,0,natural_factor
2021-06-16,Thomson_Reuters,0,1,0,0,0,1,0.054056503,0.0,0.2640303,0.64237505,0.03939092,3,demand_side
2021-04-06,Channel_News_Asia,0,0,0,0,0,1,0.8554055,0.0,0.07142428,0.0,0.07118048,0,natural_factor
2020-08-27,The_Strait_Times,0,0,0,0,0,1,0.62953776,0.0,0.15031596,0.043350663,0.17396073,0,natural_factor
2021-07-08,The_Strait_Times,0,0,0,0,0,1,0.8067607,0.0,0.07833717,0.0,0.11460174,0,natural_factor
2021-03-08,The_Strait_Times,0,0,0,0,0,1,0.6388496,0.0,0.2763785,0.0,0.084457144,0,natural_factor
2020-10-06,Thomson_Reuters,0,0,0,0,1,1,0.0,0.0,0.5409648,0.0,0.45758948,2,esg_regulation
2021-03-20,New_Strait_Times,0,0,0,0,0,1,0.0,0.0,0.7283315,0.0,0.2707589,2,natural_factor
2021-10-14,Financial_Times,0,0,0,0,1,2,0.30217952,0.0,0.5366683,0.056668773,0.104443274,2,natural_factor
2020-11-20,Financial_Times,0,0,0,0,0,1,0.81818897,0.12160585,0.019195225,0.040951174,0.0,0,natural_factor
2020-03-20,Financial_Times,1,0,0,0,0,1,0.4107278,0.0,0.50023085,0.03627661,0.052719645,2,supply_side
2021-07-06,The_Strait_Times,1,1,0,0,0,2,0.8352383,0.0,0.047509827,0.014548035,0.10269056,0,natural_factor
2020-02-13,Viet_Nam_News,0,0,0,0,1,2,0.09799012,0.0,0.29718125,0.105019405,0.49972078,4,natural_factor
2020-02-14,Financial_Times,0,0,0,0,0,1,0.254438,0.0,0.69752145,0.023840863,0.024152083,2,natural_factor
2021-08-11,Thomson_Reuters,1,0,2,0,0,1,0.0,0.0,0.07742486,0.9214619,0.0,3,financial_risk
2020-05-09,The_Jakarta_Post,0,0,0,0,0,1,0.10329452,0.03466545,0.6814832,0.0,0.18033107,2,natural_factor
2020-09-16,Channel_News_Asia,0,0,0,0,0,1,0.5514436,0.03505471,0.41259244,0.0,0.0,0,natural_factor
2020-02-12,Viet_Nam_News,0,0,0,0,1,2,0.13066421,0.0,0.18376078,0.06487184,0.62061477,4,natural_factor
2020-03-04,Channel_News_Asia,0,0,0,0,0,1,0.6981033,0.0,0.08640725,0.026121413,0.1892743,0,natural_factor
2020-09-02,Channel_News_Asia,0,0,0,0,0,1,0.8023864,0.0,0.054764524,0.0,0.1426821,0,natural_factor
2020-03-17,Financial_Times,1,0,2,0,0,1,0.0,0.0,0.5747081,0.39026967,0.034557156,2,financial_risk
2020-09-24,Thomson_Reuters,0,0,0,0,0,1,0.04419131,0.0,0.816167,0.01525438,0.124255426,2,natural_factor
2021-02-25,Financial_Times,4,1,1,0,1,4,0.14841516,0.0,0.526823,0.19935043,0.12537432,2,supply_side
2021-06-08,Manila_Bulletin,0,0,0,0,0,1,0.09377506,0.0,0.5898176,0.07957969,0.23671582,2,natural_factor
2021-07-06,Channel_News_Asia,0,0,0,0,0,1,0.797095,0.0,0.053289436,0.016515585,0.13307144,0,natural_factor
2021-03-01,Financial_Times,0,0,0,0,1,1,0.20385079,0.0,0.7588038,0.0,0.037097663,2,esg_regulation
2010-06-16,The_Wall_Street_Journal,0,0,0,0,0,1,0.81011546,0.085509695,0.103931226,0.0,0.0,0,natural_factor
2016-10-11,The_Jakarta_Post,0,0,0,0,0,1,0.2990994,0.0,0.61107296,0.0,0.08903901,2,natural_factor
2017-02-16,The_Wall_Street_Journal,0,0,0,0,0,1,0.834358,0.051433906,0.08333314,0.030677767,0.0,0,natural_factor
2013-04-11,The_Wall_Street_Journal,0,0,0,0,0,1,0.8127053,0.019858876,0.14381671,0.023448316,0.0,0,natural_factor
2006-06-02,The_Wall_Street_Journal,0,0,2,0,0,1,0.0,0.0,0.37409663,0.6253953,0.0,3,financial_risk
2019-07-26,Financial_Times,0,0,0,0,0,1,0.087038435,0.0,0.27804354,0.59792125,0.036891136,3,natural_factor
2016-06-16,The_Jakarta_Post,0,0,0,0,0,1,0.22240189,0.13536063,0.6103511,0.0,0.031017262,2,natural_factor
2004-11-22,The_Wall_Street_Journal,0,0,0,0,0,1,0.23060654,0.0,0.76878256,0.0,0.0,2,natural_factor
2012-09-10,Channel_News_Asia,0,0,0,0,0,1,0.6752561,0.0,0.10258702,0.03551637,0.18635921,0,natural_factor
2013-01-06,The_Wall_Street_Journal,0,0,0,0,0,1,0.14295265,0.0,0.50005835,0.35668808,0.0,2,natural_factor
2013-09-22,The_Wall_Street_Journal,1,0,0,0,0,2,0.64366287,0.048085596,0.0,0.30777526,0.0,0,natural_factor
2019-06-11,The_Jakarta_Post,0,0,0,0,1,1,0.14125492,0.0,0.745229,0.0,0.11324768,2,esg_regulation
2010-09-29,The_Wall_Street_Journal,0,0,0,0,0,1,0.85584414,0.059281517,0.08447216,0.0,0.0,0,natural_factor
2017-10-02,The_Myanmar_Times,0,0,0,0,1,1,0.11842638,0.0,0.6464933,0.0,0.23468299,2,esg_regulation
2015-10-28,The_Wall_Street_Journal,0,0,0,0,0,1,0.03642589,0.0,0.19829625,0.76498365,0.0,3,natural_factor
2001-02-15,The_Wall_Street_Journal,0,0,2,0,0,1,0.31980702,0.0,0.45871478,0.17539565,0.04602145,2,financial_risk
2015-02-05,The_Wall_Street_Journal,0,0,2,0,0,1,0.0,0.0,0.4774254,0.51738244,0.0,3,financial_risk
2019-05-26,Thomson_Reuters,0,0,0,0,0,1,0.046194524,0.0,0.91409343,0.0,0.039447892,2,natural_factor
2015-07-23,The_Wall_Street_Journal,0,0,0,1,0,1,0.7403806,0.11312541,0.13218726,0.0,0.014069345,0,geopolitical_risk
2004-03-18,The_Wall_Street_Journal,1,0,0,0,1,1,0.0444418,0.0,0.61020863,0.30304036,0.042287055,2,supply_side
2012-08-31,The_Wall_Street_Journal,0,0,0,0,0,1,0.2865736,0.010629042,0.69680905,0.0,0.0,2,natural_factor
2019-04-03,The_Wall_Street_Journal,1,0,2,0,0,1,0.0,0.0,0.5431892,0.44936645,0.0,2,financial_risk
2019-02-21,Thomson_Reuters,0,0,0,0,0,1,0.0,0.0,0.9726076,0.0,0.026109075,2,natural_factor
2017-03-13,The_Wall_Street_Journal,0,0,0,0,0,1,0.65163785,0.0810288,0.25060132,0.016510334,0.0,0,natural_factor
2019-06-24,Thomson_Reuters,0,0,0,0,0,1,0.108439654,0.013472839,0.64859444,0.04212782,0.18736528,2,natural_factor
2023-11-17,Viet_Nam_News,1,0,0,1,1,2,0.09352964,0.0,0.52260685,0.0,0.38363752,2,natural_factor
2024-04-19,Financial_Times,0,0,0,1,0,1,0.47449154,0.0,0.39310458,0.13224082,0.0,0,geopolitical_risk
2024-04-18,Financial_Times,0,1,1,0,0,1,0.21867399,0.0,0.7286128,0.05259349,0.0,2,demand_side
2024-04-17,Financial_Times,0,0,0,0,0,1,0.0,0.0,0.76967424,0.22979645,0.0,2,natural_factor
2024-03-04,Nikkei_Asia,0,0,0,0,0,1,0.6856096,0.0,0.11072673,0.051286068,0.15221754,0,natural_factor
2024-03-09,The_Wall_Street_Journal,0,0,0,0,0,1,0.85388124,0.078178726,0.06757981,0.0,0.0,0,natural_factor
2024-03-04,The_Business_Times,1,0,0,0,0,1,0.6559007,0.0,0.12870888,0.07175355,0.14357352,0,supply_side
2024-04-17,The_Wall_Street_Journal,0,0,0,0,0,1,0.0,0.0,0.72873795,0.24780838,0.022337489,2,natural_factor
2023-12-26,The_Business_Times,0,0,0,0,3,1,0.31125897,0.0,0.38627857,0.055871204,0.24651909,2,esg_regulation
2024-06-26,The_Strait_Times,0,0,0,0,0,1,0.0,0.0,0.966154,0.0,0.032934796,2,natural_factor
2024-06-03,The_Strait_Times,0,0,0,0,0,2,0.0,0.0,0.94073695,0.0,0.05867579,2,natural_factor
2024-12-20,API_NEWS_en,0,1,0,0,0,1,0.6258769,0.0,0.017113497,0.1405689,0.21628928,0,demand_side
2021-05-06,Thomson_Reuters,1,0,2,0,0,1,0.0,0.0,0.261538,0.7373048,0.0,3,financial_risk
2020-06-17,Thomson_Reuters,7,1,0,0,0,1,0.14346659,0.0,0.0,0.85279256,0.0,3,supply_side
2020-06-18,Channel_News_Asia,7,1,0,0,0,1,0.13836531,0.0,0.0,0.8612153,0.0,3,supply_side
2021-11-23,Thomson_Reuters,0,0,0,0,0,1,0.17761362,0.0,0.6490986,0.17219724,0.0,2,natural_factor
2021-11-04,Thomson_Reuters,1,0,1,0,0,1,0.043872062,0.0,0.08863132,0.79673773,0.070591435,3,supply_side
2011-10-17,The_Wall_Street_Journal,1,0,0,0,0,2,0.0,0.0,0.2619741,0.5972697,0.14024466,3,natural_factor
2010-11-13,The_Wall_Street_Journal,3,0,0,0,0,1,0.31312352,0.0,0.09495404,0.5828078,0.0,3,supply_side
2011-03-18,The_Wall_Street_Journal,2,0,0,0,0,1,0.0,0.0,0.5114738,0.42642492,0.06124717,2,supply_side
2011-10-27,The_Wall_Street_Journal,0,0,0,0,0,1,0.0,0.0,0.30904856,0.51289815,0.17750786,3,natural_factor
2012-12-24,The_Wall_Street_Journal,2,0,0,0,0,1,0.10171339,0.0,0.15472806,0.6176263,0.1258486,3,supply_side
2022-02-22,Thomson_Reuters,1,0,0,0,0,1,0.0,0.0,0.0,0.98640555,0.0,3,supply_side
2022-02-23,Thomson_Reuters,1,0,0,1,0,1,0.11067919,0.0,0.074036755,0.78068244,0.03445372,3,supply_side
2022-11-16,Thomson_Reuters,0,0,0,0,0,1,0.0,0.0,0.67498326,0.32342556,0.0,2,natural_factor
2023-05-01,Thomson_Reuters,1,0,1,0,0,1,0.0,0.0,0.0,0.99807733,0.0,3,supply_side
2022-11-07,Thomson_Reuters,0,0,2,1,0,1,0.0,0.0,0.0,0.9979282,0.0,3,financial_risk
2022-08-01,Thomson_Reuters,1,0,1,1,0,1,0.0,0.0,0.0,0.99818534,0.0,3,supply_side
2022-10-11,Thomson_Reuters,0,0,1,0,0,1,0.0,0.0,0.0,0.9970115,0.0,3,financial_risk
2022-06-13,Thomson_Reuters,1,0,2,0,0,1,0.040195413,0.0,0.1576563,0.8019435,0.0,3,financial_risk
2022-02-22,Thomson_Reuters,1,0,0,0,0,1,0.0,0.0,0.0,0.99762326,0.0,3,supply_side
2023-02-21,Thomson_Reuters,0,0,1,1,0,1,0.0,0.0,0.0,0.9980267,0.0,3,financial_risk
2022-02-23,Thomson_Reuters,1,0,0,1,0,1,0.09662086,0.0,0.13218398,0.75414544,0.016906688,3,supply_side
2020-11-02,Thomson_Reuters,2,0,0,0,0,1,0.0,0.0,0.0751375,0.9225123,0.0,3,supply_side
2021-11-01,Thomson_Reuters,1,0,1,0,0,1,0.0,0.0,0.0,0.9978512,0.0,3,supply_side
2021-03-13,Thomson_Reuters,0,0,2,0,0,1,0.18884803,0.0,0.0,0.8106179,0.0,3,financial_risk
2020-12-05,Thomson_Reuters,0,0,1,0,0,1,0.011978734,0.0,0.0,0.9872705,0.0,3,financial_risk
2021-05-03,Thomson_Reuters,0,0,0,0,0,1,0.0,0.0,0.9442505,0.041277573,0.014029835,2,natural_factor
2021-05-03,Thomson_Reuters,1,0,0,0,0,1,0.01645753,0.0,0.0,0.9821385,0.0,3,supply_side
2020-01-02,Thomson_Reuters,3,0,1,0,0,1,0.11464507,0.0,0.0,0.88486695,0.0,3,supply_side
2021-08-19,Thomson_Reuters,2,0,0,0,0,2,0.04347116,0.0,0.4645907,0.3959393,0.09590403,2,supply_side
2020-04-02,Thomson_Reuters,1,0,1,0,0,1,0.119862184,0.0,0.0,0.87940717,0.0,3,supply_side
2020-12-04,Thomson_Reuters,3,0,0,0,0,1,0.03543225,0.0,0.0,0.9496061,0.014455451,3,supply_side
2021-03-14,Thomson_Reuters,0,0,2,0,0,1,0.18901724,0.0,0.0,0.8104487,0.0,3,financial_risk
2021-08-03,Thomson_Reuters,0,0,0,0,0,1,0.0,0.0,0.9959472,0.0,0.0,2,natural_factor
2017-10-12,Thomson_Reuters,0,0,1,0,0,1,0.0,0.0,0.56968397,0.42160156,0.0,2,financial_risk
2016-12-14,Thomson_Reuters,0,0,1,0,0,1,0.0,0.0,0.0,0.9960353,0.0,3,financial_risk
2016-12-14,Thomson_Reuters,1,0,0,0,0,1,0.0,0.0,0.0,0.9937284,0.0,3,supply_side
2016-06-21,Thomson_Reuters,0,0,1,0,0,1,0.2511614,0.0,0.0,0.7481369,0.0,3,financial_risk
2018-10-24,Thomson_Reuters,1,0,0,0,0,1,0.0,0.0,0.21974394,0.77871615,0.0,3,supply_side
2019-11-06,Thomson_Reuters,0,0,1,0,0,1,0.07462166,0.0,0.76104426,0.163889,0.0,2,financial_risk
2017-11-14,Thomson_Reuters,0,0,0,0,0,1,0.0,0.0,0.2599112,0.73470473,0.0,3,natural_factor
2018-03-10,Thomson_Reuters,0,0,1,0,0,1,0.0,0.0,0.3658692,0.63294977,0.0,3,financial_risk
2024-02-14,Taipei_Times,1,0,1,0,0,1,0.22747031,0.0,0.31928548,0.38383815,0.0693512,3,supply_side
2020-04-28,Thomson_Reuters,3,0,0,0,0,1,0.039308533,0.0,0.014114439,0.94616205,0.0,3,supply_side
2020-04-26,Thomson_Reuters,0,0,2,0,0,1,0.0748137,0.0,0.06604554,0.8588123,0.0,3,financial_risk
2020-04-27,Thomson_Reuters,2,0,1,0,0,1,0.0,0.0,0.18995026,0.80876267,0.0,3,supply_side
2020-04-27,Thomson_Reuters,1,0,1,0,0,1,0.0,0.0,0.5450487,0.45393628,0.0,2,supply_side
2018-01-06,Thomson_Reuters,1,0,1,0,0,1,0.123820454,0.0,0.0,0.87562597,0.0,3,supply_side
2018-01-05,Thomson_Reuters,1,0,1,0,0,1,0.12382014,0.0,0.0,0.87562627,0.0,3,supply_side
2018-01-07,Thomson_Reuters,1,0,1,0,0,1,0.11606033,0.0,0.0,0.8833651,0.0,3,supply_side
2022-02-24,Thomson_Reuters,0,0,1,0,0,2,0.0,0.0,0.45314947,0.43782967,0.10844803,2,natural_factor
2014-10-09,The_Wall_Street_Journal,0,0,0,0,0,1,0.0,0.0,0.67729574,0.32111248,0.0,2,natural_factor
2021-07-21,The_Phnom_Penh_Post,0,0,1,0,1,1,0.14588849,0.0,0.06802121,0.0,0.7812601,4,financial_risk
2023-01-06,Thomson_Reuters,0,0,0,0,0,1,0.0,0.0,0.31116197,0.6872475,0.0,3,natural_factor
2021-09-23,The_Wall_Street_Journal,0,0,0,0,0,1,0.81220675,0.0,0.15409978,0.026308406,0.0,0,natural_factor
2017-01-04,Thomson_Reuters,0,0,0,0,0,1,0.0,0.0,0.0,0.9885423,0.0,3,natural_factor
2017-10-13,Thomson_Reuters,1,0,0,0,0,1,0.11923211,0.0,0.18771628,0.64971894,0.043258686,3,supply_side
2022-06-29,Thomson_Reuters,1,0,0,0,0,1,0.0,0.0,0.044660687,0.8276791,0.12685291,3,supply_side
2022-08-17,Thomson_Reuters,0,0,0,0,0,1,0.0,0.0,0.3056952,0.6921764,0.0,3,natural_factor
2021-11-15,Thomson_Reuters,0,0,0,0,0,1,0.0,0.0,0.42384452,0.57504356,0.0,3,natural_factor
2020-05-07,Thomson_Reuters,0,0,0,0,0,1,0.064144276,0.0,0.0,0.9352251,0.0,3,natural_factor
2020-04-02,Thomson_Reuters,0,0,0,0,0,1,0.06149349,0.0,0.123254485,0.8148121,0.0,3,natural_factor
2005-12-03,The_Wall_Street_Journal,0,0,0,0,0,2,0.0,0.0,0.23184253,0.76647156,0.0,3,natural_factor
2015-05-06,The_Wall_Street_Journal,0,0,1,0,0,2,0.052771255,0.0,0.016834585,0.91782385,0.01241539,3,natural_factor
2009-08-24,The_Wall_Street_Journal,1,0,0,0,0,2,0.10768043,0.0,0.22290933,0.660002,0.0,3,natural_factor
2012-04-12,The_Wall_Street_Journal,0,0,0,0,0,1,0.12512629,0.0,0.10375728,0.6881426,0.08275909,3,natural_factor
2012-10-31,The_Wall_Street_Journal,0,0,0,0,0,2,0.0,0.0,0.0,0.99806,0.0,3,natural_factor
2011-12-19,The_Wall_Street_Journal,1,1,0,0,0,1,0.14899725,0.0,0.08283453,0.68943226,0.078631796,3,supply_side
2022-02-02,New_Strait_Times,0,0,0,0,0,1,0.18095686,0.0,0.81745493,0.0,0.0,2,natural_factor
2022-05-18,The_Business_Times,0,0,0,0,0,2,0.48305622,0.0,0.102360055,0.41407496,0.0,0,natural_factor
2023-05-31,Thomson_Reuters,0,0,0,0,0,1,0.5061606,0.0,0.0,0.49243996,0.0,0,natural_factor
2023-03-17,The_Business_Times,0,0,0,0,0,1,0.0,0.0,0.85966295,0.032365333,0.10720352,2,natural_factor
2023-03-17,Thomson_Reuters,0,0,0,0,0,1,0.0,0.0,0.85582894,0.039039385,0.10435875,2,natural_factor
2022-04-19,Viet_Nam_News,0,0,0,0,1,1,0.42087147,0.0,0.0,0.124731876,0.45420682,4,esg_regulation
2023-02-27,The_Strait_Times,0,0,1,0,1,1,0.641514,0.0,0.14430708,0.0,0.21367005,0,financial_risk
2021-05-04,Thomson_Reuters,0,0,0,0,0,1,0.0,0.0,0.689764,0.30745977,0.0,2,natural_factor
2021-01-07,The_Business_Times,0,0,2,0,0,1,0.028379016,0.0,0.18499367,0.61103433,0.17539033,3,financial_risk
2021-01-08,The_Business_Times,0,0,2,0,0,1,0.04936183,0.0,0.10660741,0.63447237,0.20936318,3,financial_risk
2021-10-20,Viet_Nam_News,0,0,0,0,0,3,0.4740461,0.0,0.092697695,0.047014922,0.38614184,0,natural_factor
2021-02-25,The_Business_Times,0,0,0,0,0,1,0.5669916,0.0,0.42491263,0.0,0.0,0,natural_factor
2021-06-01,New_Strait_Times,0,0,0,0,0,1,0.018772274,0.0,0.8936805,0.0,0.08699873,2,natural_factor
2020-02-06,Thomson_Reuters,0,0,0,0,0,1,0.0,0.0,0.99400544,0.0,0.0,2,natural_factor
2021-05-05,Thomson_Reuters,0,0,0,0,0,1,0.22979985,0.0,0.54573995,0.22386329,0.0,2,natural_factor
2023-06-13,Thomson_Reuters,1,1,1,0,0,1,0.5152095,0.0,0.0,0.47662896,0.0,0,supply_side
2020-03-27,Thomson_Reuters,0,0,0,0,0,2,0.34075537,0.0,0.6465401,0.012418423,0.0,2,natural_factor
2017-12-29,Financial_Times,0,0,0,0,0,1,0.40130612,0.0,0.59806937,0.0,0.0,2,natural_factor
2019-04-16,Thomson_Reuters,0,1,0,0,0,1,0.12402726,0.0,0.715516,0.093764015,0.066571124,2,demand_side
2010-04-12,The_Wall_Street_Journal,0,0,1,0,0,1,0.031711515,0.0,0.087529086,0.82182735,0.058672734,3,financial_risk
2018-07-26,The_Wall_Street_Journal,0,0,0,0,0,1,0.51743174,0.0,0.40882328,0.0,0.07335372,0,natural_factor
2006-05-30,The_Wall_Street_Journal,0,0,1,0,0,1,0.17780983,0.0,0.03856938,0.7628736,0.020611487,3,financial_risk
2011-02-11,The_Wall_Street_Journal,0,0,0,0,0,1,0.0,0.0,0.9970559,0.0,0.0,2,natural_factor
2012-07-19,The_Wall_Street_Journal,1,0,0,0,0,1,0.18845071,0.0,0.0,0.8105182,0.0,3,supply_side
2018-08-14,Thomson_Reuters,0,0,0,0,0,1,0.0,0.0,0.0,0.98499674,0.0,3,natural_factor
2018-10-10,Thomson_Reuters,2,0,0,0,0,1,0.29666075,0.0,0.18031728,0.24977398,0.2731234,0,supply_side
2008-09-29,The_Wall_Street_Journal,0,0,0,0,0,1,0.36927631,0.0,0.62861454,0.0,0.0,2,natural_factor
2018-08-14,Thomson_Reuters,0,0,0,0,0,1,0.09758466,0.0,0.718007,0.18404849,0.0,2,natural_factor
2018-08-15,Thomson_Reuters,0,0,0,0,0,1,0.10035526,0.0,0.68283284,0.21648118,0.0,2,natural_factor
2010-06-22,The_Wall_Street_Journal,0,0,0,0,0,1,0.0,0.0,0.8244042,0.1745705,0.0,2,natural_factor
2017-04-19,Financial_Times,0,0,0,0,0,1,0.63549924,0.0,0.36410895,0.0,0.0,0,natural_factor
2006-05-01,The_Wall_Street_Journal,0,0,0,0,0,1,0.15195893,0.0,0.3646503,0.48297933,0.0,3,natural_factor
2015-07-13,The_Myanmar_Times,0,0,0,0,0,1,0.7433822,0.0,0.16942568,0.0,0.086694315,0,natural_factor
2016-11-04,Financial_Times,0,0,0,0,0,1,0.7943188,0.0,0.18486433,0.0,0.02001351,0,natural_factor
2012-03-21,The_Wall_Street_Journal,0,0,0,0,0,2,0.76011693,0.0,0.2395328,0.0,0.0,0,natural_factor
2009-07-09,The_Wall_Street_Journal,0,0,0,0,0,1,0.12906751,0.0,0.8375156,0.032908507,0.0,2,natural_factor
2017-11-29,Financial_Times,0,0,0,0,0,1,0.0,0.0,0.84175706,0.098917075,0.05885863,2,natural_factor
2010-04-12,The_Wall_Street_Journal,0,0,0,0,0,1,0.19477971,0.0,0.0,0.80021745,0.0,3,natural_factor
2006-05-05,The_Wall_Street_Journal,0,0,0,0,0,1,0.0,0.0,0.28448138,0.71460855,0.0,3,natural_factor
2009-09-05,The_Wall_Street_Journal,0,0,0,0,0,1,0.08242286,0.0,0.916967,0.0,0.0,2,natural_factor
2023-10-03,Channel_News_Asia,0,0,0,0,0,1,0.50567067,0.0,0.49343646,0.0,0.0,0,natural_factor
2023-07-17,Manila_Bulletin,0,0,0,0,0,1,0.9417735,0.0,0.0,0.0,0.057563666,0,natural_factor
2023-09-08,South_China_Morning_Post,0,0,0,0,0,1,0.15918829,0.0,0.7374395,0.018453976,0.084731005,2,natural_factor
2023-07-27,The_Business_Times,0,0,0,0,0,1,0.13550656,0.0,0.6954519,0.052814703,0.116026014,2,natural_factor
2023-09-08,Thomson_Reuters,0,0,0,0,0,1,0.12994781,0.0,0.7589763,0.014635313,0.096270576,2,natural_factor
2023-10-02,Thomson_Reuters,0,0,0,0,0,1,0.47137874,0.0,0.5280251,0.0,0.0,2,natural_factor
2020-10-5,The_Business_Times,1,0,3,0,0,1,0.30114418,0.0,0.48472023,0.15932867,0.054742824,2,financial_risk
2018-04-23,Thomson_Reuters,2,0,0,0,0,1,0.0,0.0,0.0,0.9986814,0.0,3,supply_side
1999-01-11,The_Wall_Street_Journal,2,0,0,0,0,1,0.39254445,0.0,0.093863636,0.51340353,0.0,3,supply_side
1999-01-19,The_Wall_Street_Journal,0,0,0,0,0,1,0.042042233,0.0,0.23891734,0.71822405,0.0,3,natural_factor
2018-04-22,Thomson_Reuters,0,0,2,0,0,1,0.22272198,0.0,0.19183365,0.58515716,0.0,3,financial_risk
2004-06-17,The_Wall_Street_Journal,0,0,1,0,0,1,0.18295997,0.0,0.15430659,0.65517473,0.0,3,financial_risk
2005-02-03,The_Wall_Street_Journal,0,0,0,1,0,1,0.0,0.0,0.82464075,0.117057495,0.057937708,2,geopolitical_risk
2017-05-10,The_Wall_Street_Journal,0,0,0,0,0,2,0.41003588,0.0,0.120788395,0.46880683,0.0,3,natural_factor
2004-05-17,The_Wall_Street_Journal,0,0,2,0,0,1,0.15719755,0.044822678,0.10193288,0.6811153,0.014931564,3,financial_risk
2017-05-08,Thomson_Reuters,0,1,1,0,0,1,0.10522182,0.0,0.26871708,0.62576836,0.0,3,demand_side
1998-10-19,The_Wall_Street_Journal,0,0,0,0,0,1,0.0,0.0,0.99901307,0.0,0.0,2,natural_factor
2018-04-20,Thomson_Reuters,2,0,0,0,0,1,0.0,0.0,0.0,0.98776615,0.011406196,3,supply_side
1998-08-18,The_Wall_Street_Journal,0,1,0,0,0,1,0.0,0.0,0.92588896,0.066296026,0.0,2,demand_side
1999-03-25,The_Wall_Street_Journal,0,0,0,0,0,1,0.09131323,0.093965374,0.49301392,0.32104832,0.0,2,natural_factor
2014-07-21,The_Wall_Street_Journal,2,0,0,0,0,1,0.042565048,0.0,0.6137132,0.20443721,0.13925321,2,supply_side
2004-08-25,The_Wall_Street_Journal,0,0,0,0,0,1,0.26933894,0.0,0.022727013,0.70760304,0.0,3,natural_factor
2023-02-22,Thomson_Reuters,0,0,1,0,0,1,0.0,0.0,0.9450435,0.05418516,0.0,2,financial_risk
2023-04-03,Thomson_Reuters,1,0,0,0,0,1,0.0,0.0,0.0,0.9984092,0.0,3,supply_side
2021-03-12,Thomson_Reuters,2,0,1,0,0,1,0.0,0.0,0.0,0.99873227,0.0,3,supply_side
2020-01-29,Thomson_Reuters,0,0,1,0,0,1,0.0,0.0,0.0,0.9976404,0.0,3,financial_risk
2019-06-10,Thomson_Reuters,1,0,0,0,0,1,0.0,0.0,0.0,0.99344164,0.0,3,supply_side
2017-02-06,Thomson_Reuters,0,0,0,0,0,1,0.0,0.0,0.0,0.98635805,0.0,3,natural_factor
2018-04-10,Thomson_Reuters,0,1,0,1,0,1,0.09489217,0.0,0.04793257,0.85675657,0.0,3,demand_side
2020-08-17,Thomson_Reuters,1,0,4,0,0,1,0.0,0.0,0.3217959,0.67703277,0.0,3,financial_risk
2019-09-09,Thomson_Reuters,1,0,1,0,0,1,0.0,0.0,0.18567473,0.81316656,0.0,3,supply_side
2019-09-10,Thomson_Reuters,0,0,1,0,0,2,0.0,0.0,0.87577385,0.06504626,0.05871851,2,natural_factor
2019-12-20,Thomson_Reuters,1,0,0,0,0,1,0.0,0.0,0.22937642,0.7692853,0.0,3,supply_side
2019-07-15,Thomson_Reuters,0,0,0,0,0,1,0.0,0.0,0.6333381,0.3586301,0.0,2,natural_factor
2023-05-04,Thomson_Reuters,1,1,0,0,0,1,0.0,0.0,0.0,0.99810284,0.0,3,supply_side
2022-03-11,Thomson_Reuters,1,0,0,0,0,1,0.0,0.0,0.57384807,0.42477214,0.0,2,supply_side
2021-12-13,Thomson_Reuters,1,0,1,0,0,1,0.0,0.0,0.4510047,0.54805934,0.0,3,supply_side
2021-12-13,Thomson_Reuters,1,0,1,0,0,1,0.0,0.0,0.44624752,0.5528298,0.0,3,supply_side
2021-08-04,Thomson_Reuters,1,0,1,0,0,1,0.12582368,0.0,0.3719913,0.50193185,0.0,3,supply_side
2021-10-05,Thomson_Reuters,1,0,0,0,0,1,0.0,0.0,0.0,0.997012,0.0,3,supply_side
2021-08-04,Thomson_Reuters,0,1,1,0,0,1,0.0,0.0,0.0,0.99818677,0.0,3,demand_side
2021-08-05,Thomson_Reuters,1,0,1,0,0,1,0.0,0.0,0.0,0.99776834,0.0,3,supply_side
2016-12-13,Thomson_Reuters,0,0,1,0,0,1,0.0,0.0,0.0,0.9958636,0.0,3,financial_risk
2019-11-18,Thomson_Reuters,0,0,1,0,0,1,0.13608049,0.0,0.18378189,0.67967373,0.0,3,financial_risk
2017-10-05,Thomson_Reuters,2,0,0,0,0,2,0.11853373,0.0,0.23160343,0.6495066,0.0,3,supply_side
2023-04-18,Thomson_Reuters,1,0,1,0,0,1,0.06720856,0.016225725,0.0,0.9159989,0.0,3,supply_side
2020-07-16,Financial_Times,3,6,6,1,0,2,0.5185442,0.0,0.15188208,0.30601948,0.023230424,0,demand_side
2020-06-24,Thomson_Reuters,3,0,4,0,0,1,0.085780226,0.0,0.27942625,0.6345962,0.0,3,financial_risk
2020-07-16,Thomson_Reuters,0,0,1,0,0,1,0.0,0.0,0.32640967,0.66398424,0.0,3,financial_risk
2020-07-16,Financial_Times,1,0,3,0,0,1,0.11213609,0.0,0.2154032,0.66404146,0.0,3,financial_risk
2020-05-13,Thomson_Reuters,0,0,1,0,0,1,0.0,0.0,0.40865532,0.5891779,0.0,3,financial_risk
2018-04-09,Thomson_Reuters,0,0,0,0,0,1,0.11067185,0.0,0.7170482,0.15850374,0.013699458,2,natural_factor
2019-11-19,Thomson_Reuters,0,0,0,0,0,1,0.06456822,0.0,0.84464175,0.09024091,0.0,2,natural_factor
2019-11-02,Thomson_Reuters,1,0,0,0,0,3,0.4342571,0.05082356,0.38928044,0.12548359,0.0,0,natural_factor
2017-02-02,Thomson_Reuters,0,0,0,0,0,1,0.03219679,0.0,0.71076196,0.25643384,0.0,2,natural_factor
2019-11-20,Thomson_Reuters,1,0,0,0,0,1,0.0,0.0,0.3716231,0.45287725,0.17491002,3,supply_side
2016-09-20,Thomson_Reuters,0,0,2,0,0,1,0.0,0.0,0.37915277,0.6196396,0.0,3,financial_risk
2019-11-02,Channel_News_Asia,1,0,0,0,0,3,0.48088685,0.053538136,0.33800897,0.12739931,0.0,0,natural_factor
2018-12-26,Thomson_Reuters,0,1,0,0,0,1,0.10720046,0.021779913,0.0,0.8701986,0.0,3,demand_side
2022-11-09,Manila_Bulletin,0,0,0,0,0,1,0.7594713,0.041605245,0.0,0.07192541,0.12653457,0,natural_factor
2022-10-24,Manila_Bulletin,0,0,1,0,0,2,0.99829113,0.0,0.0,0.0,0.0,0,natural_factor
2023-01-26,Manila_Bulletin,0,0,0,0,0,1,0.19767554,0.071273394,0.56182647,0.0,0.168489,2,natural_factor
2023-02-27,Manila_Bulletin,0,0,0,0,0,1,0.44987324,0.059970066,0.28816956,0.0,0.20117843,0,natural_factor
2022-11-02,Manila_Bulletin,0,1,0,0,0,1,0.69079727,0.11220293,0.12958744,0.0,0.06689896,0,demand_side
2023-05-19,Manila_Bulletin,0,0,0,0,0,1,0.8409873,0.0,0.12968713,0.0,0.028917762,0,natural_factor
2023-03-31,Manila_Bulletin,0,0,0,0,0,1,0.790773,0.07484253,0.13268428,0.0,0.0,0,natural_factor
2022-11-17,Manila_Bulletin,0,0,0,0,0,1,0.2648403,0.08823886,0.03958624,0.49708587,0.11024875,3,natural_factor
2022-12-23,Manila_Bulletin,0,0,0,0,0,1,0.69561845,0.1626354,0.0,0.10227565,0.03866351,0,natural_factor
2022-12-08,Manila_Bulletin,0,0,0,0,1,1,0.25386834,0.16327536,0.4446322,0.0,0.13773999,2,esg_regulation
2023-01-13,Manila_Bulletin,0,0,0,0,0,1,0.29327464,0.1359067,0.39635584,0.0,0.17403188,2,natural_factor
2023-05-25,Manila_Bulletin,0,0,0,0,0,1,0.5690716,0.086336955,0.29492494,0.0,0.049237203,0,natural_factor
2023-02-23,The_Wall_Street_Journal,5,0,0,0,0,3,0.19758947,0.0,0.0,0.7750588,0.027101932,3,supply_side
2021-01-24,Manila_Bulletin,0,0,0,0,0,1,0.583435,0.14265163,0.11854809,0.0375125,0.117852814,0,natural_factor
2020-10-14,Manila_Bulletin,0,0,0,0,0,1,0.6347098,0.1523905,0.0,0.06148237,0.15022668,0,natural_factor
2020-11-17,Manila_Bulletin,0,0,0,0,0,1,0.639641,0.12631807,0.2315254,0.0,0.0,0,natural_factor
2020-10-08,Manila_Bulletin,0,0,0,0,0,1,0.31785348,0.20576349,0.41908005,0.0,0.05671101,2,natural_factor
2013-04-16,The_Wall_Street_Journal,1,0,1,0,0,1,0.0,0.08278537,0.0,0.8918898,0.023944842,3,supply_side
2015-09-01,The_Wall_Street_Journal,0,0,1,0,0,1,0.09063888,0.011130802,0.8977589,0.0,0.0,2,financial_risk
2007-11-15,The_Wall_Street_Journal,0,0,0,0,0,1,0.20034087,0.0,0.014976513,0.7840533,0.0,3,natural_factor
2008-10-22,The_Wall_Street_Journal,0,0,0,0,0,1,0.073019944,0.12489321,0.027457576,0.774047,0.0,3,natural_factor
2013-02-07,The_Wall_Street_Journal,0,0,0,0,0,1,0.755755,0.13066547,0.020241203,0.0,0.09240548,0,natural_factor
2023-06-22,Manila_Bulletin,0,1,0,0,0,1,0.60885733,0.07475784,0.05272451,0.15914048,0.104519874,0,demand_side
2006-05-13,The_Wall_Street_Journal,0,0,3,0,0,1,0.14048816,0.0,0.0,0.851383,0.0,3,financial_risk
2013-12-05,The_Wall_Street_Journal,1,0,0,0,0,4,0.30286607,0.0,0.0,0.64765954,0.04895366,3,natural_factor
2011-08-25,The_Wall_Street_Journal,0,0,0,0,0,1,0.0,0.056906935,0.0,0.9417051,0.0,3,natural_factor
2001-03-02,The_Wall_Street_Journal,0,0,0,0,0,1,0.9836442,0.0,0.012702866,0.0,0.0,0,natural_factor
2019-12-26,The_Wall_Street_Journal,1,0,1,0,0,2,0.12146579,0.0,0.0,0.8285589,0.044293202,3,natural_factor
2013-03-15,The_Wall_Street_Journal,2,0,0,0,0,1,0.0,0.0,0.12505485,0.8737006,0.0,3,supply_side
2005-09-28,The_Wall_Street_Journal,0,0,0,0,0,1,0.19243263,0.083159514,0.0,0.72357565,0.0,3,natural_factor
2023-07-25,Manila_Bulletin,0,3,0,0,0,1,0.35910422,0.06802197,0.36578628,0.0,0.20662272,2,demand_side
2023-08-04,Manila_Bulletin,0,0,0,0,0,1,0.7840314,0.09043516,0.07567449,0.0,0.049147453,0,natural_factor
2023-05-13,Bangkok_Post,0,0,0,0,0,1,0.053905055,0.0,0.1480683,0.6445061,0.15333298,3,natural_factor
2022-02-8,Bangkok_Post,0,0,0,0,0,1,0.42771685,0.0,0.2893613,0.07310255,0.20952794,0,natural_factor
2023-04-25,Financial_Times,0,0,1,0,0,1,0.41921195,0.0,0.028436556,0.5519274,0.0,3,financial_risk
2022-02-15,Bangkok_Post,0,0,0,0,0,1,0.59578854,0.0,0.24064404,0.0,0.16297254,0,natural_factor
2023-01-19,New_Strait_Times,0,0,0,0,0,1,0.08018384,0.060997188,0.75365496,0.0,0.10450617,2,natural_factor
2023-02-13,Bangkok_Post,0,1,0,0,0,1,0.4327712,0.0,0.04771912,0.1562685,0.36310163,0,demand_side
2023-05-16,Bangkok_Post,0,0,0,0,0,1,0.58912885,0.021267945,0.0,0.17681047,0.21258686,0,natural_factor
2023-03-27,Viet_Nam_News,0,0,0,0,1,1,0.4065423,0.0,0.0,0.21389697,0.37906227,0,esg_regulation
2022-11-16,Bangkok_Post,0,1,0,0,0,1,0.44300234,0.0,0.0,0.29578462,0.26035106,0,demand_side
2023-03-25,Bangkok_Post,0,0,1,0,0,1,0.07555688,0.0,0.0,0.72520775,0.19851696,3,financial_risk
2022-02-5,Bangkok_Post,0,0,0,0,0,1,0.06449693,0.0,0.0,0.761133,0.17353576,3,natural_factor
2023-03-02,Bangkok_Post,0,0,2,0,0,1,0.22235778,0.0,0.087166496,0.3778904,0.31243622,3,financial_risk
2023-02-07,Manila_Bulletin,0,0,0,0,0,1,0.7332112,0.05119421,0.13506442,0.0,0.08041049,0,natural_factor
2022-11-18,Bangkok_Post,0,0,0,0,0,1,0.73825294,0.05932236,0.0,0.0,0.20132478,0,natural_factor
2023-01-30,Bangkok_Post,0,1,0,0,0,1,0.7203715,0.028986515,0.13595471,0.0,0.114304565,0,demand_side
2022-02-17,The_Phnom_Penh_Post,0,0,0,0,0,1,0.39751503,0.0,0.0,0.16441853,0.4368898,4,natural_factor
2022-09-16,Viet_Nam_News,0,0,0,0,1,2,0.2713331,0.0,0.46767136,0.0,0.26037893,2,natural_factor
2022-01-24,Thomson_Reuters,2,0,2,0,0,1,0.038731538,0.0,0.03779713,0.9067249,0.01663439,3,supply_side
2022-02-08,Thomson_Reuters,0,0,1,0,0,1,0.0,0.0,0.95423156,0.044866215,0.0,2,financial_risk
2022-12-10,Bangkok_Post,0,0,0,0,0,1,0.21835364,0.031941805,0.0,0.5736,0.17557253,3,natural_factor
2023-01-26,New_Strait_Times,0,0,0,0,0,2,0.42086565,0.0,0.5092063,0.0,0.069601655,2,natural_factor
2022-09-20,Manila_Bulletin,0,0,0,0,0,1,0.43713775,0.033090997,0.32865348,0.0,0.20099914,0,natural_factor
2022-10-6,Bangkok_Post,0,0,0,0,0,1,0.8754445,0.0,0.032819003,0.0,0.09113539,0,natural_factor
2023-03-11,Bangkok_Post,0,0,1,0,0,1,0.12587841,0.0,0.010886988,0.69579756,0.16725409,3,financial_risk
2022-12-20,Manila_Bulletin,0,1,0,0,0,1,0.61689514,0.0,0.19100945,0.0,0.19188933,0,demand_side
2022-09-15,The_Business_Times,1,0,3,0,0,1,0.4671505,0.0,0.0,0.33153722,0.2008934,0,financial_risk
2023-02-22,Viet_Nam_News,0,1,0,0,0,1,0.5068417,0.0,0.0,0.08422143,0.40865675,0,demand_side
2023-02-22,Bangkok_Post,0,0,0,0,0,2,0.962153,0.0,0.0,0.018008063,0.019374933,0,natural_factor
2023-02-07,Bangkok_Post,0,0,0,0,0,1,0.56575936,0.0,0.044970594,0.06889604,0.32026917,0,natural_factor
2022-07-23,New_Strait_Times,0,0,0,0,0,1,0.5437207,0.0,0.2472898,0.0,0.20830363,0,natural_factor
2022-11-12,Bangkok_Post,0,0,2,0,0,1,0.21411507,0.0,0.0,0.6015783,0.18372142,3,financial_risk
2022-08-09,The_Jakarta_Post,0,0,0,0,0,2,0.15380155,0.0,0.24922897,0.13780765,0.45907965,4,natural_factor
2022-10-10,The_Jakarta_Post,0,0,0,0,0,1,0.19790596,0.0,0.14002955,0.24354276,0.41846514,4,natural_factor
2023-01-23,South_China_Morning_Post,0,0,0,0,0,1,0.9329396,0.0,0.05800919,0.0,0.0,0,natural_factor
2022-06-18,The_Jakarta_Post,0,0,0,0,0,1,0.0,0.0,0.7481471,0.0,0.2509055,2,natural_factor
2020-02-12,The_Myanmar_Times,0,0,0,0,0,1,0.22705138,0.0,0.5248936,0.0,0.2478073,2,natural_factor
2021-05-30,The_Phnom_Penh_Post,0,0,0,0,0,1,0.8113824,0.0,0.09086334,0.0,0.089105204,0,natural_factor
2021-04-23,Financial_Times,0,0,0,0,0,1,0.21739721,0.0,0.57322735,0.1694259,0.0397731,2,natural_factor
2021-11-02,Manila_Bulletin,1,1,0,0,0,1,0.6034158,0.0,0.15808855,0.037642278,0.19526768,0,supply_side
2020-10-22,The_Wall_Street_Journal,0,0,0,0,0,1,0.4734784,0.0,0.37287024,0.15329222,0.0,0,natural_factor
2021-04-03,Viet_Nam_News,0,0,0,0,0,1,0.71695817,0.0,0.0,0.0,0.28163067,0,natural_factor
2020-01-28,Thomson_Reuters,0,0,0,0,0,1,0.0,0.0,0.40605077,0.59230435,0.0,3,natural_factor
2021-06-08,New_Strait_Times,0,1,0,0,0,2,0.89248633,0.0,0.06449352,0.024818277,0.018113002,0,natural_factor
2021-12-07,Thomson_Reuters,1,2,0,0,1,1,0.17620513,0.0,0.22198829,0.36700106,0.23470762,3,demand_side
2021-04-01,The_Jakarta_Post,0,0,1,2,0,1,0.18143591,0.0,0.33350906,0.09562774,0.38936722,4,geopolitical_risk
2020-06-04,Thomson_Reuters,0,0,0,0,0,1,0.0,0.0,0.9957015,0.0,0.0,2,natural_factor
2020-03-29,Financial_Times,0,0,0,0,1,1,0.7533351,0.0,0.24385098,0.0,0.0,0,esg_regulation
2021-03-02,Financial_Times,0,0,0,0,0,1,0.46909994,0.0,0.4275392,0.050522134,0.05276498,0,natural_factor
2020-06-22,Thomson_Reuters,0,0,0,0,0,2,0.4306569,0.0,0.0,0.49169195,0.07735891,3,natural_factor
2021-11-17,Thomson_Reuters,1,0,0,0,0,1,0.13952047,0.0,0.12796608,0.7318803,0.0,3,supply_side
2020-11-26,The_Business_Times,0,1,0,0,0,2,0.3429495,0.0,0.18654317,0.3101435,0.16028541,0,natural_factor
2020-02-28,Viet_Nam_News,0,0,0,0,0,1,0.13287964,0.0,0.23238415,0.2700923,0.3644633,4,natural_factor
2021-07-12,Financial_Times,0,1,0,0,4,2,0.097659126,0.0,0.44202894,0.09914618,0.36107793,2,esg_regulation
2021-10-19,New_Strait_Times,0,0,0,0,0,2,0.40529662,0.0,0.59414387,0.0,0.0,2,natural_factor
2020-04-16,Thomson_Reuters,2,0,2,0,0,1,0.16745457,0.0,0.13184658,0.6999366,0.0,3,supply_side
2020-02-19,The_Phnom_Penh_Post,0,0,0,0,0,1,0.24566178,0.0,0.090458095,0.41327128,0.25018665,3,natural_factor
2021-01-14,New_Strait_Times,0,0,0,0,0,1,0.23111714,0.0152344415,0.6046332,0.0,0.14858977,2,natural_factor
2021-03-03,Channel_News_Asia,0,0,0,0,1,1,0.882212,0.0,0.07234707,0.0,0.045233786,0,esg_regulation
2020-02-27,Thomson_Reuters,1,0,0,0,0,1,0.30770868,0.0,0.0,0.69151884,0.0,3,supply_side
2021-02-09,New_Strait_Times,0,0,0,0,0,1,0.70410347,0.018015059,0.2076358,0.0,0.06959009,0,natural_factor
2021-03-15,Thomson_Reuters,0,0,0,0,0,1,0.0,0.0,0.862104,0.0,0.1367081,2,natural_factor
2020-02-20,Channel_News_Asia,0,0,0,0,0,2,0.44700953,0.0,0.2335729,0.17115788,0.14809012,0,natural_factor
2020-11-20,New_Strait_Times,0,0,0,0,1,3,0.944438,0.0,0.054974202,0.0,0.0,0,natural_factor
2020-01-17,Thomson_Reuters,0,1,0,1,0,1,0.10401629,0.0,0.0,0.8952484,0.0,3,demand_side
2021-03-17,Thomson_Reuters,0,0,0,0,0,1,0.0,0.0,0.91389453,0.0,0.08355248,2,natural_factor
2020-06-08,The_Wall_Street_Journal,0,0,1,0,0,1,0.31920964,0.0,0.14100896,0.5283994,0.011270961,3,financial_risk
2021-03-22,Thomson_Reuters,0,0,0,0,1,1,0.32799056,0.0,0.22160487,0.28360435,0.16669528,0,esg_regulation
2021-04-05,The_Phnom_Penh_Post,0,0,0,0,0,1,0.69331354,0.0,0.0,0.025825834,0.2800384,0,natural_factor
2020-10-06,Manila_Bulletin,1,1,0,0,0,2,0.86117893,0.0,0.0,0.112010844,0.020471377,0,natural_factor
2021-01-13,Manila_Bulletin,0,0,0,0,0,1,0.8322776,0.02423536,0.14298913,0.0,0.0,0,natural_factor
2012-09-13,Financial_Times,0,0,0,0,1,2,0.21482688,0.0,0.5103739,0.0,0.27434027,2,natural_factor
2012-03-21,Financial_Times,0,0,0,0,2,1,0.17449437,0.0,0.28246754,0.12060089,0.41543072,4,esg_regulation
2005-05-17,The_Wall_Street_Journal,0,0,0,0,0,1,0.99863476,0.0,0.0,0.0,0.0,0,natural_factor
2019-11-26,Thomson_Reuters,0,0,0,0,0,1,0.0,0.0,0.9979559,0.0,0.0,2,natural_factor
2004-09-17,The_Wall_Street_Journal,0,0,0,0,0,2,0.9078501,0.039498217,0.042621713,0.0,0.0,0,natural_factor
2015-10-16,Thomson_Reuters,1,0,0,0,0,1,0.54269,0.0,0.09286018,0.36418304,0.0,0,supply_side
2016-09-30,Thomson_Reuters,2,0,0,0,0,1,0.024241963,0.0,0.08699529,0.85821384,0.030425658,3,supply_side
2017-05-03,Thomson_Reuters,0,0,0,0,0,1,0.0,0.0,0.0,0.9919971,0.0,3,natural_factor
2017-11-22,Thomson_Reuters,0,0,0,0,0,1,0.4932203,0.0,0.27270794,0.23364867,0.0,0,natural_factor
2018-09-25,The_Wall_Street_Journal,0,0,0,0,0,2,0.78033876,0.0,0.0,0.21907993,0.0,0,natural_factor
2015-02-23,Thomson_Reuters,0,0,0,0,0,1,0.15232557,0.0,0.80756396,0.039575163,0.0,2,natural_factor
1998-06-09,The_Wall_Street_Journal,0,0,1,0,0,1,0.31882888,0.0,0.68091905,0.0,0.0,2,financial_risk
2019-10-08,The_Jakarta_Post,0,0,0,0,1,1,0.52363944,0.13437234,0.16875637,0.0,0.17288996,0,esg_regulation
2013-05-17,The_Phnom_Penh_Post,0,0,0,0,0,2,0.4015199,0.0,0.4032067,0.0,0.19482243,2,natural_factor
2006-09-26,The_Wall_Street_Journal,0,0,0,0,0,1,0.14455578,0.0,0.84000206,0.0,0.014903793,2,natural_factor
2015-08-20,The_Wall_Street_Journal,0,0,0,0,0,1,0.26195318,0.0,0.5295577,0.06786632,0.14048585,2,natural_factor
2009-05-21,The_Wall_Street_Journal,0,0,0,0,0,1,0.20571548,0.0,0.7301233,0.0,0.06386544,2,natural_factor
2016-01-24,The_Jakarta_Post,0,0,0,0,0,1,0.8102892,0.0,0.09983222,0.0,0.089654386,0,natural_factor
2005-03-15,The_Wall_Street_Journal,0,0,0,0,0,1,0.49386275,0.0,0.059155073,0.4467881,0.0,0,natural_factor
2001-05-08,The_Wall_Street_Journal,0,0,0,0,0,1,0.5602495,0.0,0.43745464,0.0,0.0,0,natural_factor
2015-05-31,The_Wall_Street_Journal,0,0,0,0,0,1,0.657969,0.0,0.3188181,0.0110800015,0.012016239,0,natural_factor
2019-11-30,The_Jakarta_Post,0,1,0,0,1,4,0.61309534,0.0,0.20596366,0.0,0.18070823,0,natural_factor
2007-12-17,The_Wall_Street_Journal,0,0,0,0,0,1,0.20258674,0.0,0.79710674,0.0,0.0,2,natural_factor
2019-09-17,The_Wall_Street_Journal,0,0,3,0,0,1,0.0,0.0,0.0,0.99873614,0.0,3,financial_risk
2010-05-07,The_Wall_Street_Journal,0,0,0,0,0,1,0.08981428,0.0,0.8146816,0.0949606,0.0,2,natural_factor
2014-09-25,The_Wall_Street_Journal,0,0,0,1,0,1,0.4374424,0.0,0.551085,0.0,0.011172651,2,geopolitical_risk
2009-09-10,Thomson_Reuters,0,0,0,0,0,1,0.19421081,0.0,0.0,0.7608817,0.04451265,3,natural_factor
1999-09-29,The_Wall_Street_Journal,0,0,2,0,0,1,0.017392052,0.023846228,0.9138294,0.0,0.044682927,2,financial_risk
2015-02-22,Thomson_Reuters,0,0,0,0,0,1,0.05117033,0.0,0.89389575,0.05440493,0.0,2,natural_factor
2012-03-26,Financial_Times,0,0,0,0,0,2,0.061863612,0.0,0.62648314,0.0,0.31118155,2,natural_factor
2018-09-22,The_Wall_Street_Journal,0,0,0,0,0,1,0.0,0.0,0.99737984,0.0,0.0,2,natural_factor
2018-12-13,Thomson_Reuters,0,0,0,0,0,1,0.19187391,0.0,0.71648407,0.090899035,0.0,2,natural_factor
2018-05-10,Thomson_Reuters,0,0,0,0,0,1,0.6119158,0.0,0.26079202,0.12677687,0.0,0,natural_factor
2010-09-07,The_Wall_Street_Journal,0,0,1,0,0,1,0.0,0.0,0.98491096,0.014775075,0.0,2,financial_risk
2016-11-19,The_Jakarta_Post,0,0,0,0,1,1,0.79530233,0.0,0.0,0.0,0.20317495,0,esg_regulation
2013-01-28,Financial_Times,0,0,0,0,3,2,0.49280852,0.0,0.100872934,0.057300214,0.34894523,0,esg_regulation
2017-10-13,The_Jakarta_Post,0,0,0,0,0,1,0.2549672,0.0,0.15691896,0.0,0.58693594,4,natural_factor
2010-03-03,The_Wall_Street_Journal,0,1,0,0,0,1,0.54947186,0.0,0.16034703,0.18194897,0.108040564,0,demand_side
2014-01-09,Thomson_Reuters,0,0,0,0,0,1,0.20049118,0.0,0.63244796,0.0,0.16569339,2,natural_factor
2002-03-18,The_Wall_Street_Journal,0,0,0,0,0,1,0.056873497,0.0,0.94164526,0.0,0.0,2,natural_factor
2006-07-08,The_Wall_Street_Journal,0,0,0,0,0,1,0.3275746,0.0,0.6720491,0.0,0.0,2,natural_factor
2018-09-20,Thomson_Reuters,0,0,0,0,0,4,0.5875301,0.0,0.29391482,0.064552955,0.05392287,0,natural_factor
2012-11-16,Channel_News_Asia,0,0,0,0,0,1,0.7516284,0.031501457,0.10399197,0.0,0.112499274,0,natural_factor
2017-05-08,Thomson_Reuters,0,0,0,0,0,1,0.23101383,0.0,0.61431056,0.14966999,0.0,2,natural_factor
2019-12-10,Channel_News_Asia,0,0,0,1,0,1,0.20353734,0.0,0.7835213,0.012645975,0.0,2,geopolitical_risk
2010-12-20,The_Wall_Street_Journal,0,0,0,0,0,1,0.69572836,0.0,0.27933115,0.0,0.024471385,0,natural_factor
2007-07-12,The_Wall_Street_Journal,0,0,0,0,0,1,0.0,0.030049149,0.81205,0.0,0.1576039,2,natural_factor
2011-09-11,Financial_Times,0,0,0,0,0,1,0.2223089,0.015666755,0.6156151,0.14611107,0.0,2,natural_factor
2016-10-13,The_Jakarta_Post,0,0,0,0,0,1,0.15758476,0.0,0.17501028,0.20594425,0.46135187,4,natural_factor
2005-06-13,The_Wall_Street_Journal,0,0,0,0,0,1,0.18893671,0.0,0.80011374,0.0,0.010346383,2,natural_factor
1998-09-16,The_Wall_Street_Journal,0,0,0,0,0,1,0.023145707,0.0,0.8979274,0.0,0.07852653,2,natural_factor
2018-09-10,The_Jakarta_Post,0,0,0,0,1,2,0.7556687,0.0,0.112689935,0.0,0.13138779,0,natural_factor
2013-02-26,Thomson_Reuters,0,0,0,0,0,3,0.0,0.0,0.8094099,0.18991712,0.0,2,natural_factor
2012-03-21,Thomson_Reuters,0,0,0,0,1,1,0.09349336,0.0,0.37088835,0.015390747,0.520043,4,esg_regulation
2019-10-02,Thomson_Reuters,0,0,0,0,0,1,0.0,0.0,0.5695929,0.42782688,0.0,2,natural_factor
2019-09-20,The_Wall_Street_Journal,1,1,2,0,0,2,0.0,0.0,0.23738346,0.7617796,0.0,3,financial_risk
2016-04-19,The_Jakarta_Post,0,0,0,0,0,1,0.26412737,0.0805126,0.5730226,0.0,0.0813998,2,natural_factor
2001-07-20,The_Wall_Street_Journal,0,0,0,0,0,1,0.119149454,0.0,0.64115846,0.0,0.23914482,2,natural_factor
2019-11-13,New_Strait_Times,0,0,0,0,1,1,0.8702525,0.0,0.0,0.0,0.12859596,0,esg_regulation
2013-03-07,Channel_News_Asia,0,0,0,0,0,1,0.46040362,0.07911637,0.3726704,0.0,0.08755756,0,natural_factor
2018-04-05,The_Jakarta_Post,0,0,0,0,0,1,0.30200195,0.0,0.09738242,0.0,0.59968907,4,natural_factor
2007-09-14,The_Wall_Street_Journal,0,0,0,0,0,1,0.0,0.02854925,0.8342414,0.0,0.13691352,2,natural_factor
2018-06-28,The_Jakarta_Post,0,0,0,0,0,1,0.28517833,0.0,0.6144307,0.0,0.09950888,2,natural_factor
2012-03-02,Thomson_Reuters,0,0,0,0,1,2,0.0,0.0,0.43324387,0.05601557,0.5092582,4,natural_factor
2012-02-29,The_Wall_Street_Journal,0,0,0,0,0,1,0.0,0.0,0.93709165,0.06243488,0.0,2,natural_factor
2023-06-26,Manila_Bulletin,0,1,0,0,0,1,0.0,0.0,0.28818026,0.23453976,0.47657725,4,demand_side
2023-07-1,Bangkok_Post,0,0,1,0,0,1,0.11088448,0.0,0.10080624,0.6209923,0.1671343,3,financial_risk
2023-10-07,Nikkei_Asia,0,0,0,0,0,1,0.6470966,0.0,0.112703286,0.0,0.23986608,0,natural_factor
2024-01-6,Bangkok_Post,0,0,0,0,0,1,0.49508786,0.0,0.2739465,0.05740815,0.17335925,0,natural_factor
2023-09-26,Bangkok_Post,0,0,0,0,0,1,0.47277698,0.0,0.06816739,0.037527364,0.4214471,0,natural_factor
2023-10-31,New_Strait_Times,0,0,0,0,0,1,0.7455336,0.0,0.18826897,0.06578269,0.0,0,natural_factor
2023-07-4,Bangkok_Post,0,0,0,0,0,1,0.92832917,0.0,0.0,0.0,0.07093073,0,natural_factor
2024-01-5,Bangkok_Post,0,1,0,0,0,1,0.3736328,0.0,0.13211685,0.18759912,0.30658805,0,demand_side
2024-03-27,Bangkok_Post,0,0,0,0,0,1,0.762283,0.0,0.0,0.024172055,0.21291772,0,natural_factor
2024-07-23,Bangkok_Post,0,0,0,0,1,1,0.08783058,0.0,0.25366783,0.28025177,0.37814584,4,esg_regulation
2024-09-09,Financial_Times,0,0,0,0,0,1,0.20317887,0.0,0.78112227,0.0,0.015358297,2,natural_factor
2024-02-21,Bangkok_Post,0,0,0,0,0,1,0.40689135,0.0,0.58632386,0.0,0.0,2,natural_factor
2024-12-22,API_NEWS_en,0,0,0,0,0,1,0.8941941,0.0,0.10526636,0.0,0.0,0,natural_factor
2024-12-09,API_NEWS_en,0,0,1,0,0,1,0.045091394,0.0,0.15025267,0.79304415,0.011554951,3,financial_risk
2024-11-27,API_NEWS_en,0,0,0,0,0,1,0.0,0.0,0.0,0.99912715,0.0,3,natural_factor
2024-12-20,API_NEWS_en,0,1,0,0,0,1,0.62529707,0.020131957,0.0547102,0.2228706,0.07699021,0,demand_side
2022-12-05,Thomson_Reuters,0,0,0,0,0,1,0.16853297,0.0,0.39253286,0.37792665,0.060818244,2,natural_factor
2022-12-08,Thomson_Reuters,0,0,0,0,0,1,0.24771021,0.0,0.46467352,0.21820971,0.06914673,2,natural_factor
2022-12-23,Nikkei_Asia,0,0,0,0,0,1,0.5622561,0.0,0.34591794,0.09139075,0.0,0,natural_factor
2022-07-25,The_Wall_Street_Journal,0,0,3,0,0,1,0.07185347,0.0,0.013905378,0.9139845,0.0,3,financial_risk
2021-06-22,Thomson_Reuters,0,0,0,0,0,2,0.7186463,0.013649945,0.2554516,0.0,0.012003421,0,natural_factor
2021-03-15,Channel_News_Asia,0,1,0,0,0,1,0.41734,0.0,0.4660817,0.0,0.11571365,2,demand_side
2021-06-28,Thomson_Reuters,0,0,0,0,0,1,0.68968105,0.0,0.21992561,0.048049454,0.042256214,0,natural_factor
2021-03-31,Thomson_Reuters,0,1,0,0,0,1,0.39642662,0.0,0.5631469,0.027648166,0.012589086,2,demand_side
2020-10-18,The_Phnom_Penh_Post,0,0,0,0,0,1,0.7415525,0.0,0.031429883,0.0,0.22669815,0,natural_factor
2020-07-02,Viet_Nam_News,1,0,0,0,0,1,0.6771599,0.0,0.011512977,0.0,0.31097314,0,supply_side
2021-03-15,The_Business_Times,0,1,0,0,0,1,0.40373996,0.0,0.4761071,0.0,0.119270466,2,demand_side
2021-01-28,Thomson_Reuters,0,0,0,0,0,1,0.6374221,0.0,0.18819281,0.13937972,0.03455924,0,natural_factor
2021-03-30,Manila_Bulletin,1,0,0,0,0,1,0.6709658,0.0,0.1169689,0.026261374,0.18568839,0,supply_side
2021-05-10,Thomson_Reuters,0,0,0,0,0,1,0.10870488,0.0,0.6632276,0.22711268,0.0,2,natural_factor
2021-06-08,Thomson_Reuters,0,0,0,0,0,1,0.09712488,0.0,0.9015652,0.0,0.0,2,natural_factor
2020-03-24,New_Strait_Times,0,0,0,0,0,1,0.16297255,0.022343978,0.5454931,0.06555828,0.20363204,2,natural_factor
2021-04-23,Thomson_Reuters,0,1,1,0,0,1,0.0,0.0,0.68815166,0.3011745,0.0,2,demand_side
2021-08-22,The_Phnom_Penh_Post,0,0,0,0,0,1,0.5443581,0.0,0.4395744,0.0,0.015509831,0,natural_factor
2006-04-05,Financial_Times,0,0,0,0,0,1,0.22439349,0.0,0.7751257,0.0,0.0,2,natural_factor
2010-07-14,The_Wall_Street_Journal,0,0,0,0,0,1,0.0,0.0,0.71160567,0.28751174,0.0,2,natural_factor
2000-07-26,The_Wall_Street_Journal,0,0,0,0,0,1,0.5229884,0.0,0.4762008,0.0,0.0,0,natural_factor
2017-05-16,The_Wall_Street_Journal,0,0,0,0,0,1,0.47865686,0.0,0.51949173,0.0,0.0,2,natural_factor
2006-03-29,The_Wall_Street_Journal,0,0,0,0,0,1,0.41425085,0.0,0.58541644,0.0,0.0,2,natural_factor
2006-04-10,The_Wall_Street_Journal,1,0,0,0,0,1,0.032384694,0.0,0.50281984,0.4643688,0.0,2,supply_side
2019-09-09,The_Wall_Street_Journal,0,0,0,0,0,1,0.0,0.0,0.2633376,0.7352864,0.0,3,natural_factor
2006-04-11,The_Wall_Street_Journal,0,0,1,0,0,1,0.40684304,0.0,0.34781808,0.21812557,0.027149944,0,financial_risk
2019-03-12,Thomson_Reuters,0,0,1,0,0,1,0.07623929,0.0,0.015590146,0.90765065,0.0,3,financial_risk
2019-07-15,The_Wall_Street_Journal,0,0,0,0,0,1,0.11473426,0.0,0.6777283,0.2070419,0.0,2,natural_factor
2005-02-02,The_Wall_Street_Journal,0,0,0,0,0,1,0.39400557,0.0,0.5225332,0.08327993,0.0,2,natural_factor
2010-06-21,The_Wall_Street_Journal,0,0,0,0,0,1,0.15571457,0.0,0.84369254,0.0,0.0,2,natural_factor
1998-08-07,The_Wall_Street_Journal,0,0,0,0,0,1,0.0,0.0,0.85960895,0.12187794,0.017703954,2,natural_factor
2000-03-21,The_Wall_Street_Journal,0,0,0,0,0,2,0.17643072,0.0,0.3406578,0.4470079,0.035817523,3,natural_factor
2013-04-09,Channel_News_Asia,0,0,0,0,0,1,0.68899393,0.0,0.2173366,0.0,0.093080394,0,natural_factor
2016-04-20,The_Wall_Street_Journal,0,0,0,0,0,1,0.56910104,0.0,0.31599134,0.11447705,0.0,0,natural_factor
2002-03-18,The_Wall_Street_Journal,0,0,2,0,0,1,0.2631326,0.0,0.13676813,0.5998742,0.0,3,financial_risk
2012-01-13,The_Wall_Street_Journal,0,0,0,0,0,1,0.20724915,0.0,0.6680529,0.123777226,0.0,2,natural_factor
2006-03-28,The_Wall_Street_Journal,0,0,1,0,0,1,0.54124343,0.0,0.38982084,0.06865037,0.0,0,financial_risk
2010-04-13,The_Wall_Street_Journal,0,0,0,0,0,1,0.0,0.0,0.10075183,0.89338183,0.0,3,natural_factor
2023-08-21,The_Business_Times,0,0,0,0,0,1,0.0,0.0,0.9975157,0.0,0.0,2,natural_factor
2024-03-20,Financial_Times,0,1,2,0,0,1,0.24946973,0.0,0.062069103,0.68825406,0.0,3,financial_risk
2024-04-18,Nikkei_Asia,1,0,0,1,0,1,0.78309053,0.0,0.12307711,0.0,0.09350985,0,supply_side
2018-11-26,The_Business_Times,0,0,1,0,0,1,0.7543632,0.0,0.12958777,0.0,0.10822774,0,financial_risk
2024-10-22,Financial_Times,0,0,0,0,0,1,0.210005,0.015317504,0.74588877,0.02870167,0.0,2,natural_factor
2020-01-10,The_Wall_Street_Journal,0,0,0,0,0,1,0.4675823,0.0,0.5316735,0.0,0.0,2,natural_factor
2009-04-16,The_Wall_Street_Journal,0,0,0,0,0,1,0.26316324,0.0,0.4329148,0.15253478,0.15131924,2,natural_factor
2023-06-15,Channel_News_Asia,1,0,0,0,0,1,0.64726263,0.0,0.27814338,0.042153154,0.03235532,0,supply_side
2023-06-14,Thomson_Reuters,1,0,0,0,0,1,0.6139892,0.0,0.303868,0.048444543,0.03362228,0,supply_side
2009-02-20,The_Wall_Street_Journal,0,0,1,0,0,1,0.11179008,0.0,0.8033261,0.08442531,0.0,2,financial_risk
2011-10-12,The_Wall_Street_Journal,0,0,2,0,0,1,0.053705644,0.0,0.8991273,0.046643868,0.0,2,financial_risk
2014-06-01,Thomson_Reuters,0,1,0,0,0,2,0.509958,0.0,0.47451615,0.0,0.015312519,0,natural_factor
2012-08-03,The_Wall_Street_Journal,0,0,0,0,0,1,0.18347645,0.0,0.7454727,0.0,0.07080391,2,natural_factor
2019-02-28,Thomson_Reuters,0,0,0,0,0,1,0.24051745,0.0,0.75802827,0.0,0.0,2,natural_factor
2010-04-26,Thomson_Reuters,0,0,0,0,0,1,0.69768775,0.0,0.2789913,0.0,0.022675207,0,natural_factor
2012-08-04,The_Wall_Street_Journal,0,0,0,0,0,1,0.096025266,0.0,0.90252066,0.0,0.0,2,natural_factor
2002-10-27,The_Wall_Street_Journal,0,0,1,0,0,1,0.10045023,0.0,0.104851104,0.78056103,0.014063196,3,financial_risk
2023-08-28,Nikkei_Asia,1,0,0,0,0,1,0.86275864,0.0,0.11821242,0.0,0.018798456,0,supply_side
2024-11-28,API_NEWS_en,0,0,0,0,0,1,0.0,0.010918002,0.0,0.98861665,0.0,3,natural_factor
2008-03-17,The_Wall_Street_Journal,0,0,0,0,0,2,0.75233173,0.0,0.0,0.24095781,0.0,0,natural_factor
2020-09-23,Thomson_Reuters,0,0,1,0,0,1,0.0,0.0,0.44166383,0.55700576,0.0,3,financial_risk
2017-03-20,Thomson_Reuters,0,0,0,0,0,1,0.0,0.0,0.0,0.98572785,0.0,3,natural_factor
2017-11-27,Thomson_Reuters,1,0,1,0,0,1,0.0,0.0,0.5279598,0.47094575,0.0,2,supply_side
2017-07-03,Thomson_Reuters,0,0,0,0,0,1,0.0,0.0,0.6209015,0.3783815,0.0,2,natural_factor
2010-05-26,The_Wall_Street_Journal,2,0,0,0,0,1,0.13199264,0.0,0.1522002,0.6745778,0.04114807,3,supply_side
2017-10-16,Thomson_Reuters,0,0,0,0,0,1,0.0,0.0,0.54071265,0.45155188,0.0,2,natural_factor
2023-05-05,Thomson_Reuters,4,0,0,0,0,1,0.0,0.0,0.0,0.9984564,0.0,3,supply_side
2023-02-24,Thomson_Reuters,0,0,0,0,0,1,0.2673796,0.0,0.64254314,0.07521331,0.014770066,2,natural_factor
2021-03-26,Thomson_Reuters,0,0,0,0,0,1,0.110502504,0.0,0.582866,0.055656716,0.2506437,2,natural_factor
2020-08-31,Channel_News_Asia,1,1,2,0,0,1,0.015490172,0.0,0.16020438,0.8241027,0.0,3,financial_risk
2021-03-24,Thomson_Reuters,0,1,0,0,0,1,0.19360968,0.0,0.02026353,0.78561705,0.0,3,demand_side
2021-03-26,Thomson_Reuters,1,1,0,0,0,1,0.17691901,0.0,0.37970543,0.23936766,0.20395033,2,supply_side
2021-05-04,The_Phnom_Penh_Post,0,0,0,0,0,1,0.66550887,0.0,0.014379597,0.0,0.3195284,0,natural_factor
2021-03-25,Thomson_Reuters,0,0,0,0,0,1,0.29622087,0.0,0.42694837,0.12427857,0.15247577,2,natural_factor
2021-04-15,Thomson_Reuters,2,0,0,0,0,1,0.046483975,0.0,0.28747147,0.5923448,0.07353491,3,supply_side
2021-03-27,The_Strait_Times,1,1,0,0,0,1,0.18696423,0.0,0.34910488,0.26996484,0.19391733,2,supply_side
2020-10-14,The_Jakarta_Post,0,0,0,0,0,1,0.030539555,0.0,0.26365498,0.11599011,0.58974165,4,natural_factor
2020-10-22,The_Jakarta_Post,0,0,0,0,0,1,0.060070932,0.0,0.29555872,0.19048612,0.45375973,4,natural_factor
2021-03-27,The_Business_Times,1,1,0,0,0,1,0.17648873,0.0,0.35865608,0.2575013,0.207296,2,supply_side
2020-12-18,The_Jakarta_Post,0,0,0,0,0,1,0.11860996,0.0,0.31271806,0.033085495,0.53551394,4,natural_factor
2021-03-28,Thomson_Reuters,1,0,0,0,0,1,0.25401473,0.0,0.52735513,0.08255021,0.13600902,2,supply_side
2021-11-17,The_Strait_Times,0,0,0,0,0,1,0.69792897,0.0,0.29173857,0.0,0.0,0,natural_factor
2020-10-23,The_Jakarta_Post,0,0,2,0,0,1,0.0,0.0,0.268115,0.35701966,0.3745331,4,financial_risk
2021-03-26,Financial_Times,1,0,0,0,0,1,0.39265376,0.0,0.46897542,0.04569463,0.09261894,2,supply_side
2021-03-27,Thomson_Reuters,1,1,0,0,0,1,0.16710497,0.0,0.3700205,0.2520601,0.21075448,2,supply_side
2021-03-25,The_Business_Times,0,0,0,0,0,1,0.2669298,0.0,0.4699911,0.15688369,0.10607887,2,natural_factor
2020-12-03,The_Jakarta_Post,0,0,1,0,0,1,0.21889655,0.0,0.31587112,0.0,0.46493506,4,financial_risk
2016-03-04,The_Jakarta_Post,0,0,0,0,0,1,0.26467487,0.0,0.037045892,0.26637557,0.43178347,4,natural_factor
2017-04-11,The_Jakarta_Post,0,0,0,0,0,1,0.0,0.0,0.23297879,0.21059257,0.5555295,4,natural_factor
2017-03-14,The_Jakarta_Post,0,0,1,0,0,1,0.0,0.0,0.08110598,0.17301817,0.74510777,4,financial_risk
2015-11-07,The_Jakarta_Post,0,0,0,0,0,1,0.13342838,0.0,0.55311024,0.0,0.31288862,2,natural_factor
2016-08-04,The_Jakarta_Post,0,1,1,0,0,1,0.24866395,0.0,0.15653814,0.22991262,0.36482367,4,demand_side
2015-10-21,The_Jakarta_Post,0,0,0,0,0,1,0.0,0.0,0.3559318,0.16660003,0.47701728,4,natural_factor
2019-05-23,Thomson_Reuters,1,0,1,1,0,1,0.027991265,0.0,0.64772767,0.19648989,0.1277052,2,supply_side
2016-03-21,The_Jakarta_Post,0,1,0,0,0,1,0.116807885,0.0,0.26523674,0.17929836,0.43831927,4,demand_side
2009-01-20,The_Wall_Street_Journal,0,0,0,2,0,1,0.58470786,0.0,0.39983648,0.0151715595,0.0,0,geopolitical_risk
2023-08-14,Thomson_Reuters,0,0,0,0,0,1,0.26916584,0.0,0.6991319,0.0,0.031280495,2,natural_factor
2023-12-04,Channel_News_Asia,0,0,0,0,0,1,0.115139835,0.0,0.8116319,0.0,0.07282002,2,natural_factor
2022-01-13,Thomson_Reuters,0,0,0,0,0,1,0.073464066,0.0,0.5911685,0.0,0.33455038,2,natural_factor
2022-04-02,Thomson_Reuters,0,0,0,0,0,1,0.03829643,0.0,0.5894911,0.0,0.37151682,2,natural_factor
2022-04-16,Thomson_Reuters,0,0,0,0,0,1,0.0,0.0,0.6645285,0.0,0.33400527,2,natural_factor
2022-04-17,Thomson_Reuters,0,0,0,0,0,1,0.0,0.0,0.66024655,0.0,0.3383603,2,natural_factor
2023-01-30,New_Strait_Times,0,0,0,0,0,1,0.17430219,0.0,0.41971895,0.0,0.40561554,2,natural_factor
2023-03-10,Bangkok_Post,0,0,0,0,0,2,0.46667963,0.0,0.3067508,0.0,0.22635432,0,natural_factor
2022-08-29,Bangkok_Post,0,0,0,0,0,1,0.36379385,0.0,0.45214215,0.0,0.18375449,2,natural_factor
2022-11-18,Bangkok_Post,0,0,0,0,0,1,0.4443488,0.0,0.4479237,0.0,0.10751506,2,natural_factor
2023-02-09,Thomson_Reuters,0,0,0,0,0,1,0.030505095,0.0,0.40889242,0.017219331,0.54314995,4,natural_factor
2023-05-26,Thomson_Reuters,0,0,0,0,0,1,0.025306396,0.0,0.6277554,0.0,0.34627166,2,natural_factor
2023-02-05,Nikkei_Asia,0,0,0,0,0,1,0.5949472,0.0,0.0,0.3562094,0.048388243,0,natural_factor
2023-03-30,Nikkei_Asia,0,0,0,0,0,1,0.20855191,0.0,0.45450434,0.0,0.33668777,2,natural_factor
2023-05-26,The_Jakarta_Post,0,0,0,0,0,1,0.0,0.0,0.64411193,0.0,0.3545476,2,natural_factor
2020-01-31,Thomson_Reuters,0,0,0,0,0,1,0.14003998,0.0,0.6352283,0.22430658,0.0,2,natural_factor
2020-03-17,Thomson_Reuters,0,0,0,0,0,1,0.103260495,0.015041038,0.55890316,0.0,0.3221886,2,natural_factor
2020-01-22,The_Jakarta_Post,0,0,0,0,0,1,0.03780046,0.0,0.6526591,0.0,0.30894062,2,natural_factor
2020-03-04,Thomson_Reuters,0,0,0,0,0,1,0.0,0.0,0.56941634,0.0,0.42870677,2,natural_factor
2020-01-21,Thomson_Reuters,4,0,1,0,0,1,0.0,0.0,0.07113514,0.9280069,0.0,3,supply_side
2021-02-04,Channel_News_Asia,0,0,0,0,0,1,0.5869114,0.0,0.41180307,0.0,0.0,0,natural_factor
2020-02-27,New_Strait_Times,0,0,0,0,0,1,0.14777084,0.0,0.56364626,0.0,0.28783458,2,natural_factor
2018-10-24,Channel_News_Asia,0,0,0,0,0,1,0.14745545,0.0,0.55276984,0.0,0.29939532,2,natural_factor
2017-09-14,The_Jakarta_Post,0,0,0,0,0,1,0.08767506,0.0,0.70430267,0.0,0.2071192,2,natural_factor
2013-02-28,The_Wall_Street_Journal,0,0,0,0,0,1,0.8223404,0.051675618,0.12568608,0.0,0.0,0,natural_factor
2019-11-08,Thomson_Reuters,0,0,0,0,0,1,0.0,0.0,0.6202228,0.0,0.3780612,2,natural_factor
2017-05-07,The_Jakarta_Post,0,0,0,0,0,1,0.13049589,0.0,0.86879206,0.0,0.0,2,natural_factor
2013-03-28,The_Wall_Street_Journal,0,0,0,0,0,1,0.11652138,0.0,0.58503896,0.0,0.29778722,2,natural_factor
2016-06-10,The_Jakarta_Post,0,0,0,1,0,1,0.0,0.13176435,0.8321359,0.0,0.034354035,2,geopolitical_risk
2016-08-21,The_Wall_Street_Journal,0,0,0,0,0,1,0.22088791,0.0,0.5344975,0.0,0.24433163,2,natural_factor
2016-08-25,The_Wall_Street_Journal,1,0,0,0,0,1,0.12408137,0.0,0.20576689,0.66731024,0.0,3,supply_side
2019-01-19,The_Jakarta_Post,0,0,0,0,0,1,0.23183335,0.0,0.58538365,0.0,0.18226539,2,natural_factor
2016-06-09,The_Jakarta_Post,0,0,0,0,0,1,0.15486328,0.19062982,0.5765716,0.0,0.077500425,2,natural_factor
2019-08-17,Thomson_Reuters,0,0,0,0,0,1,0.07093214,0.0,0.65200645,0.0,0.27658662,2,natural_factor
2016-06-15,The_Jakarta_Post,0,0,0,0,0,1,0.03726572,0.21311131,0.70807904,0.014500888,0.027043018,2,natural_factor
2018-01-22,The_Jakarta_Post,0,0,0,0,0,1,0.19289449,0.0,0.6055491,0.0,0.20115572,2,natural_factor
2014-06-17,Thomson_Reuters,0,0,0,1,0,1,0.1674696,0.0,0.67648494,0.0,0.15582962,2,geopolitical_risk
2013-11-03,The_Myanmar_Times,0,0,0,0,0,1,0.24002786,0.0,0.37028667,0.0,0.37977764,4,natural_factor
2015-08-27,The_Jakarta_Post,0,0,0,0,0,1,0.10108247,0.0,0.65116096,0.0,0.24729837,2,natural_factor
2019-08-19,Thomson_Reuters,0,0,0,0,0,1,0.0,0.0,0.55727977,0.0,0.44100365,2,natural_factor
2018-11-01,Channel_News_Asia,0,0,0,0,0,1,0.13021195,0.0,0.56581044,0.0,0.30370623,2,natural_factor
2024-01-19,Bangkok_Post,0,0,0,0,0,2,0.29096028,0.0,0.50439066,0.0,0.19932796,2,natural_factor
2024-09-11,Channel_News_Asia,0,2,0,0,0,1,0.49850962,0.0,0.17524296,0.21442898,0.11166216,0,demand_side
2024-04-03,Channel_News_Asia,0,0,0,1,0,2,0.24119408,0.0,0.54994196,0.0,0.20730136,2,natural_factor
2024-02-20,Nikkei_Asia,0,0,0,1,0,1,0.2357502,0.0,0.51273197,0.0,0.25126013,2,geopolitical_risk
2024-03-5,Bangkok_Post,0,0,0,1,0,1,0.24586922,0.0,0.44562075,0.0,0.30829272,2,geopolitical_risk
2020-11-02,New_Strait_Times,0,0,0,0,0,1,0.23754561,0.31859684,0.4425323,0.0,0.0,2,natural_factor
2021-01-28,New_Strait_Times,0,1,0,0,0,1,0.28871498,0.22811145,0.4817915,0.0,0.0,2,demand_side
2020-09-06,New_Strait_Times,0,1,0,0,0,1,0.0,0.41493472,0.57925415,0.0,0.0,2,demand_side
2021-03-07,New_Strait_Times,0,1,0,0,0,1,0.11204108,0.3638458,0.5229634,0.0,0.0,2,demand_side
2021-04-17,New_Strait_Times,0,1,0,0,0,1,0.36772463,0.40278366,0.22844073,0.0,0.0,1,demand_side
2021-04-22,New_Strait_Times,0,1,0,0,0,1,0.28862318,0.43835774,0.2720126,0.0,0.0,1,demand_side
2021-04-15,New_Strait_Times,0,1,0,0,0,1,0.24142958,0.39462438,0.36259082,0.0,0.0,1,demand_side
2021-02-15,New_Strait_Times,0,1,0,0,0,1,0.4148418,0.3017819,0.28227177,0.0,0.0,0,demand_side
2020-08-15,New_Strait_Times,0,0,0,0,0,1,0.40373382,0.20612721,0.30399722,0.0,0.084667005,0,natural_factor
2019-07-10,The_Jakarta_Post,0,0,0,0,0,1,0.47537887,0.037697542,0.2734907,0.0,0.21274024,0,natural_factor
2016-03-22,The_Jakarta_Post,0,0,0,0,0,1,0.32459542,0.039232347,0.22196735,0.0,0.413543,4,natural_factor
2017-08-15,Thomson_Reuters,1,0,0,0,0,1,0.0,0.0,0.3031329,0.6960615,0.0,3,supply_side
2017-03-28,Thomson_Reuters,0,0,0,0,0,1,0.0,0.0,0.44623005,0.54971814,0.0,3,natural_factor
2018-10-28,New_Strait_Times,0,0,0,0,0,1,0.09744303,0.27385125,0.6273588,0.0,0.0,2,natural_factor
2013-09-02,The_Wall_Street_Journal,0,0,0,0,0,1,0.7996983,0.09270347,0.10726834,0.0,0.0,0,natural_factor
2018-12-04,The_Wall_Street_Journal,0,0,0,0,0,1,0.91244835,0.019701969,0.06754355,0.0,0.0,0,natural_factor
2015-09-18,Thomson_Reuters,2,0,0,0,0,1,0.0,0.0,0.112511784,0.8856279,0.0,3,supply_side
2019-11-18,Thomson_Reuters,0,0,1,0,0,1,0.12921822,0.0,0.17872684,0.6916049,0.0,3,financial_risk
2019-02-11,Thomson_Reuters,0,0,0,0,0,1,0.028563952,0.0,0.82958764,0.14121282,0.0,2,natural_factor
2013-10-10,The_Wall_Street_Journal,2,0,1,0,0,1,0.17411508,0.0,0.0,0.82531154,0.0,3,supply_side
2017-05-04,Thomson_Reuters,0,0,0,0,0,1,0.0,0.0,0.16875477,0.83045906,0.0,3,natural_factor
2022-03-25,Thomson_Reuters,0,0,0,0,0,1,0.0,0.0,0.5261647,0.4715907,0.0,2,natural_factor
2022-10-21,The_Business_Times,0,0,0,0,0,2,0.93863016,0.0,0.052466743,0.0,0.0,0,natural_factor
2023-03-23,The_Business_Times,0,0,2,0,0,1,0.999156,0.0,0.0,0.0,0.0,0,financial_risk
2023-06-06,Thomson_Reuters,0,0,0,0,0,1,0.6756696,0.0,0.32262185,0.0,0.0,0,natural_factor
2023-04-19,Thomson_Reuters,1,0,1,0,0,1,0.0,0.0,0.0,0.998379,0.0,3,supply_side
2023-03-23,Thomson_Reuters,0,0,1,0,0,1,0.9697561,0.0,0.0,0.029093117,0.0,0,financial_risk
2023-02-24,Financial_Times,0,0,0,0,0,2,0.99559563,0.0,0.0,0.0,0.0,0,natural_factor
2022-10-25,JoongAng_Daily,0,0,0,0,0,1,0.7562233,0.015490417,0.10897684,0.0,0.11897832,0,natural_factor
2023-06-05,Financial_Times,0,0,0,0,0,1,0.99911034,0.0,0.0,0.0,0.0,0,natural_factor
2023-06-03,Financial_Times,0,0,0,0,0,1,0.95772433,0.0,0.0,0.041751657,0.0,0,natural_factor
2022-09-05,The_Business_Times,0,0,0,0,0,2,0.99400634,0.0,0.0,0.0,0.0,0,natural_factor
2022-04-28,The_Business_Times,1,0,0,0,0,2,0.65019834,0.0,0.0,0.34934783,0.0,0,natural_factor
2022-05-12,The_Business_Times,0,0,0,0,0,1,0.9963443,0.0,0.0,0.0,0.0,0,natural_factor
2022-05-31,Financial_Times,1,1,1,2,0,1,0.31855872,0.0,0.4307954,0.24008714,0.010515993,2,geopolitical_risk
2023-01-18,The_Business_Times,0,0,0,0,0,1,0.9992818,0.0,0.0,0.0,0.0,0,natural_factor
2023-05-21,Financial_Times,1,0,0,0,0,1,0.9359435,0.0,0.06350878,0.0,0.0,0,supply_side
2022-04-29,The_Business_Times,0,0,0,0,0,1,0.99906206,0.0,0.0,0.0,0.0,0,natural_factor
2022-12-16,Financial_Times,0,0,0,0,0,2,0.9998218,0.0,0.0,0.0,0.0,0,natural_factor
2022-02-18,Thomson_Reuters,0,0,0,0,0,1,0.99881697,0.0,0.0,0.0,0.0,0,natural_factor
2022-01-11,JoongAng_Daily,0,0,0,0,0,1,0.9912772,0.0,0.0,0.0,0.0,0,natural_factor
2023-02-23,Financial_Times,0,0,0,0,0,1,0.9508477,0.0,0.0,0.048088916,0.0,0,natural_factor
2023-02-17,The_Business_Times,0,0,1,0,0,1,0.44813362,0.0,0.0,0.5505474,0.0,3,financial_risk
2022-10-03,Financial_Times,0,0,0,0,0,2,0.9941072,0.0,0.0,0.0,0.0,0,natural_factor
2023-06-07,The_Business_Times,0,0,0,0,0,1,0.89670694,0.0,0.0,0.10258196,0.0,0,natural_factor
2022-08-02,New_Strait_Times,0,0,0,0,0,1,0.8236143,0.0,0.16968367,0.0,0.0,0,natural_factor
2022-06-21,Financial_Times,0,0,0,0,0,1,0.8524337,0.0,0.14706925,0.0,0.0,0,natural_factor
2023-06-07,Channel_News_Asia,0,0,0,0,0,1,0.67097706,0.0,0.32716843,0.0,0.0,0,natural_factor
2022-01-11,The_Strait_Times,0,0,0,0,0,2,0.9996391,0.0,0.0,0.0,0.0,0,natural_factor
2023-06-01,The_Wall_Street_Journal,0,0,0,0,0,1,0.9898371,0.0,0.0,0.0,0.0,0,natural_factor
2023-02-03,Nikkei_Asia,0,1,0,0,0,1,0.99882144,0.0,0.0,0.0,0.0,0,demand_side
2022-06-14,The_Wall_Street_Journal,0,0,0,0,0,2,0.98759884,0.0,0.0,0.011933408,0.0,0,natural_factor
2022-06-29,The_Wall_Street_Journal,0,0,0,0,0,1,0.16237846,0.0,0.83660066,0.0,0.0,2,natural_factor
2022-01-12,The_Wall_Street_Journal,0,0,0,0,0,1,0.72045004,0.0,0.044031855,0.2353046,0.0,0,natural_factor
2023-05-25,Channel_News_Asia,0,0,0,0,0,1,0.9982941,0.0,0.0,0.0,0.0,0,natural_factor
2023-05-29,The_Strait_Times,0,0,2,0,0,2,0.9842534,0.0,0.011137408,0.0,0.0,0,financial_risk
2022-03-03,The_Wall_Street_Journal,0,0,0,0,0,1,0.84706825,0.021014206,0.08497292,0.020845007,0.026099645,0,natural_factor
2022-06-14,The_Strait_Times,0,0,0,0,0,1,0.88045144,0.0,0.0,0.0,0.11885337,0,natural_factor
2022-01-10,The_Wall_Street_Journal,0,0,0,0,0,1,0.9995069,0.0,0.0,0.0,0.0,0,natural_factor
2023-04-23,The_Wall_Street_Journal,0,0,1,0,0,1,0.8882918,0.0,0.0821221,0.0,0.029346833,0,financial_risk
2023-04-20,Channel_News_Asia,0,0,0,0,0,1,0.9891821,0.0,0.0,0.0,0.0,0,natural_factor
2023-04-05,The_Strait_Times,0,0,0,0,0,1,0.9992412,0.0,0.0,0.0,0.0,0,natural_factor
2023-02-23,Nikkei_Asia,1,1,0,0,0,2,0.9992963,0.0,0.0,0.0,0.0,0,natural_factor
2022-01-04,The_Wall_Street_Journal,0,0,0,0,0,1,0.8992249,0.0,0.0962602,0.0,0.0,0,natural_factor
2020-11-03,The_Wall_Street_Journal,0,0,0,0,0,1,0.9739027,0.0,0.025692942,0.0,0.0,0,natural_factor
2020-06-09,The_Jakarta_Post,0,0,0,0,0,1,0.16398236,0.12173652,0.63375896,0.0,0.08015673,2,natural_factor
2020-06-01,Financial_Times,0,0,0,0,0,1,0.98324496,0.0,0.0,0.0,0.0,0,natural_factor
2021-11-22,Thomson_Reuters,0,0,0,0,0,1,0.0,0.0,0.9130676,0.082797654,0.0,2,natural_factor
2020-03-12,Financial_Times,0,0,0,0,0,1,0.8074253,0.0,0.19198886,0.0,0.0,0,natural_factor
2021-04-01,Financial_Times,0,0,0,0,0,1,0.8697528,0.0,0.082217984,0.047712326,0.0,0,natural_factor
2021-11-09,The_Wall_Street_Journal,0,0,1,0,0,1,0.9726136,0.0,0.0,0.02703346,0.0,0,financial_risk
2021-10-29,Thomson_Reuters,0,0,0,0,0,1,0.79258615,0.0,0.18243423,0.024764962,0.0,0,natural_factor
2021-12-01,JoongAng_Daily,0,0,0,0,0,1,0.9208266,0.033148527,0.0,0.0,0.045707863,0,natural_factor
2020-01-19,JoongAng_Daily,0,0,0,0,0,1,0.9717749,0.019800251,0.0,0.0,0.0,0,natural_factor
2021-02-14,Financial_Times,0,0,1,0,0,2,0.99922067,0.0,0.0,0.0,0.0,0,natural_factor
2020-10-20,JoongAng_Daily,0,0,0,0,0,1,0.89690167,0.0,0.0,0.0,0.10200923,0,natural_factor
2020-08-26,JoongAng_Daily,0,0,0,0,0,1,0.990188,0.0,0.0,0.0,0.0,0,natural_factor
2021-01-26,The_Business_Times,0,0,0,0,0,1,0.8877123,0.0,0.093531944,0.0,0.018367536,0,natural_factor
2021-10-20,The_Strait_Times,0,0,0,0,0,1,0.9630735,0.0,0.0,0.027260354,0.0,0,natural_factor
2021-01-22,South_China_Morning_Post,0,0,0,0,0,1,0.9970148,0.0,0.0,0.0,0.0,0,natural_factor
2020-10-29,The_Wall_Street_Journal,0,0,0,0,0,1,0.6373318,0.0,0.08119433,0.27251682,0.0,0,natural_factor
2020-07-07,The_Wall_Street_Journal,0,0,0,0,0,1,0.8654556,0.0,0.13355458,0.0,0.0,0,natural_factor
2021-07-29,Financial_Times,1,0,0,0,0,1,0.7964187,0.0,0.05642331,0.14698917,0.0,0,supply_side
2021-07-27,JoongAng_Daily,0,0,0,0,0,1,0.99775547,0.0,0.0,0.0,0.0,0,natural_factor
2020-06-04,JoongAng_Daily,0,0,0,0,0,1,0.9781963,0.0,0.020818463,0.0,0.0,0,natural_factor
2021-10-19,Thomson_Reuters,3,1,1,1,0,2,0.057625055,0.0,0.032872807,0.9092358,0.0,3,supply_side
2021-07-23,Financial_Times,0,1,0,0,0,1,0.7771316,0.0,0.06609399,0.15020639,0.0,0,demand_side
2021-09-08,Thomson_Reuters,0,0,0,0,0,1,0.5969638,0.0,0.19827946,0.20416015,0.0,0,natural_factor
2020-05-16,The_Jakarta_Post,0,0,0,0,0,1,0.79236466,0.13554102,0.07073654,0.0,0.0,0,natural_factor
2021-10-18,Thomson_Reuters,1,0,0,1,0,1,0.0721241,0.0,0.0,0.9269065,0.0,3,supply_side
2021-11-23,The_Business_Times,0,0,0,0,0,1,0.8449373,0.0,0.0,0.15359488,0.0,0,natural_factor
2021-09-22,Financial_Times,0,0,0,0,0,1,0.7109965,0.0,0.28821474,0.0,0.0,0,natural_factor
2020-05-03,JoongAng_Daily,0,0,0,0,0,1,0.9993534,0.0,0.0,0.0,0.0,0,natural_factor
2021-11-08,Financial_Times,0,0,0,0,0,1,0.99234045,0.0,0.0,0.0,0.0,0,natural_factor
2020-07-14,Financial_Times,0,0,0,0,0,2,0.96904135,0.0,0.021616442,0.0,0.0,0,natural_factor
2021-02-01,JoongAng_Daily,0,0,0,0,0,1,0.9582241,0.0,0.0,0.0,0.04038069,0,natural_factor
2021-10-28,Thomson_Reuters,0,0,0,0,0,1,0.0,0.0,0.77699876,0.221437,0.0,2,natural_factor
2021-09-09,JoongAng_Daily,0,0,0,0,0,1,0.8725614,0.03317041,0.0,0.0,0.093034156,0,natural_factor
2020-05-08,The_Jakarta_Post,0,0,0,0,0,1,0.34456232,0.072909355,0.44031423,0.0,0.14196809,2,natural_factor
2020-02-18,JoongAng_Daily,0,0,0,0,0,1,0.97548866,0.0,0.0,0.0,0.024003532,0,natural_factor
2021-01-22,The_Strait_Times,0,0,0,0,0,1,0.9969828,0.0,0.0,0.0,0.0,0,natural_factor
2021-01-28,The_Wall_Street_Journal,0,0,0,0,0,1,0.97279626,0.0,0.015757779,0.0,0.011139308,0,natural_factor
2020-06-09,JoongAng_Daily,0,0,0,0,0,1,0.9984319,0.0,0.0,0.0,0.0,0,natural_factor
2021-09-09,Financial_Times,0,0,0,0,0,1,0.99116397,0.0,0.0,0.0,0.0,0,natural_factor
2021-08-20,Thomson_Reuters,0,0,0,0,0,1,0.85483205,0.0,0.1442385,0.0,0.0,0,natural_factor
2020-10-05,The_Wall_Street_Journal,0,0,0,0,0,1,0.99374664,0.0,0.0,0.0,0.0,0,natural_factor
2020-09-01,JoongAng_Daily,0,0,0,0,0,1,0.8598568,0.0,0.13212144,0.0,0.0,0,natural_factor
2020-06-10,The_Wall_Street_Journal,0,0,0,0,0,2,0.96786356,0.0,0.0,0.0,0.014974224,0,natural_factor
2020-10-11,JoongAng_Daily,0,0,0,0,0,1,0.999364,0.0,0.0,0.0,0.0,0,natural_factor
2021-12-04,The_Wall_Street_Journal,0,0,0,0,0,1,0.9962704,0.0,0.0,0.0,0.0,0,natural_factor
2020-05-12,Financial_Times,0,0,0,0,0,2,0.84297025,0.0,0.0,0.14184958,0.014926844,0,natural_factor
2021-09-14,The_Strait_Times,0,0,0,0,0,2,0.92459816,0.0,0.07482181,0.0,0.0,0,natural_factor
2021-11-08,JoongAng_Daily,0,0,0,0,0,1,0.99768364,0.0,0.0,0.0,0.0,0,natural_factor
2021-11-9,Financial_Times,0,0,0,0,0,1,0.9925379,0.0,0.0,0.0,0.0,0,natural_factor
2021-11-10,Financial_Times,0,0,0,0,0,1,0.9905744,0.0,0.0,0.0,0.0,0,natural_factor
2020-05-29,Financial_Times,0,0,0,0,0,1,0.67058665,0.0,0.3284026,0.0,0.0,0,natural_factor
2021-03-08,Manila_Bulletin,0,0,0,0,0,1,0.1946294,0.09355424,0.4342381,0.2771772,0.0,2,natural_factor
2021-12-20,Thomson_Reuters,2,0,0,0,2,1,0.30466354,0.0,0.071667954,0.43250266,0.19109635,3,supply_side
2021-03-31,The_Wall_Street_Journal,0,0,0,0,0,1,0.85489,0.0,0.14434494,0.0,0.0,0,natural_factor
2020-03-27,Financial_Times,0,0,0,0,0,1,0.9771435,0.0,0.01720028,0.0,0.0,0,natural_factor
2020-04-08,JoongAng_Daily,0,0,0,0,0,1,0.9318904,0.045890033,0.0,0.0,0.02129849,0,natural_factor
2021-01-24,Thomson_Reuters,0,0,1,1,0,3,0.32588106,0.0,0.5929446,0.051743075,0.028073717,2,natural_factor
2020-10-07,JoongAng_Daily,0,1,0,0,0,2,0.8946464,0.0,0.0,0.0,0.104180746,0,natural_factor
2021-02-22,The_Strait_Times,1,0,0,0,0,1,0.9740665,0.0,0.0,0.0,0.022632858,0,supply_side
2021-02-05,The_Wall_Street_Journal,0,0,1,0,0,1,0.74240583,0.0,0.017511345,0.23974916,0.0,0,financial_risk
2021-03-09,Financial_Times,0,0,0,0,0,2,0.98879594,0.0,0.010699372,0.0,0.0,0,natural_factor
2017-05-17,Financial_Times,0,0,0,0,0,2,0.7970496,0.0,0.095108785,0.020796487,0.08696446,0,natural_factor
2019-10-04,Financial_Times,0,0,0,0,0,1,0.8306944,0.0,0.0,0.16823502,0.0,0,natural_factor
2017-08-04,Financial_Times,0,0,0,0,0,1,0.95150614,0.0,0.0,0.038824026,0.0,0,natural_factor
2018-03-20,Thomson_Reuters,0,0,0,0,0,1,0.0,0.0,0.0,0.98639446,0.0,3,natural_factor
2017-08-25,Thomson_Reuters,0,0,0,0,0,1,0.8449804,0.0,0.0,0.15377289,0.0,0,natural_factor
2016-03-14,The_Wall_Street_Journal,0,0,1,0,0,1,0.376093,0.0,0.5790675,0.03551215,0.0,2,financial_risk
2018-01-21,The_Jakarta_Post,0,0,0,0,0,1,0.3036814,0.175038,0.49895892,0.0,0.021475611,2,natural_factor
2018-08-08,The_Wall_Street_Journal,0,0,0,0,0,2,0.99963504,0.0,0.0,0.0,0.0,0,natural_factor
2009-10-29,The_Wall_Street_Journal,0,1,0,0,0,1,0.98998934,0.0,0.0,0.0,0.0,0,demand_side
2016-09-05,The_Jakarta_Post,0,0,0,0,0,1,0.23092507,0.08175997,0.5205984,0.0,0.16601987,2,natural_factor
2017-09-13,The_Wall_Street_Journal,0,0,0,0,0,2,0.9933043,0.0,0.0,0.0,0.0,0,natural_factor
2017-01-13,The_Wall_Street_Journal,0,0,0,0,0,1,0.99873906,0.0,0.0,0.0,0.0,0,natural_factor
2005-09-14,The_Wall_Street_Journal,1,0,0,0,0,1,0.9912108,0.0,0.0,0.0,0.0,0,supply_side
2019-08-13,Thomson_Reuters,0,0,0,0,0,1,0.8644298,0.0,0.0,0.13423805,0.0,0,natural_factor
2005-11-01,The_Wall_Street_Journal,0,1,0,0,0,1,0.75366795,0.0,0.03370615,0.07968083,0.132808,0,demand_side
2018-12-10,Financial_Times,0,0,0,0,0,1,0.9992567,0.0,0.0,0.0,0.0,0,natural_factor
2011-06-29,The_Wall_Street_Journal,0,0,0,0,0,1,0.9475569,0.0,0.051597234,0.0,0.0,0,natural_factor
2019-01-08,The_Wall_Street_Journal,0,0,0,0,0,1,0.99922794,0.0,0.0,0.0,0.0,0,natural_factor
2018-05-17,The_Jakarta_Post,0,0,0,0,0,1,0.362649,0.24120729,0.3574751,0.0,0.038321164,0,natural_factor
2016-07-13,The_Wall_Street_Journal,0,0,0,0,0,1,0.8998775,0.0,0.09901528,0.0,0.0,0,natural_factor
2019-06-14,The_Phnom_Penh_Post,0,0,0,0,0,1,0.98492074,0.014626796,0.0,0.0,0.0,0,natural_factor
2017-08-24,Thomson_Reuters,0,0,0,0,0,1,0.83816034,0.0,0.0,0.16046193,0.0,0,natural_factor
2019-02-20,South_China_Morning_Post,0,0,0,0,0,1,0.9965942,0.0,0.0,0.0,0.0,0,natural_factor
2017-09-05,The_Jakarta_Post,0,0,0,0,0,1,0.15452719,0.0,0.12817867,0.28735414,0.42963552,4,natural_factor
2016-09-02,The_Jakarta_Post,0,0,0,0,0,1,0.22598885,0.07202274,0.5995432,0.0,0.10172459,2,natural_factor
2016-03-14,The_Wall_Street_Journal,0,0,0,0,0,1,0.97141206,0.0,0.028100166,0.0,0.0,0,natural_factor
2009-05-26,The_Wall_Street_Journal,0,0,0,0,0,1,0.9550793,0.0,0.0,0.03670917,0.0,0,natural_factor
2017-01-06,Thomson_Reuters,0,0,0,0,0,1,0.9442176,0.0,0.0,0.054878708,0.0,0,natural_factor
2005-11-19,The_Wall_Street_Journal,0,0,0,0,0,1,0.8776937,0.07677525,0.041762143,0.0,0.0,0,natural_factor
2014-01-07,The_Wall_Street_Journal,0,0,0,0,0,1,0.6735537,0.0,0.32597613,0.0,0.0,0,natural_factor
2016-09-04,The_Jakarta_Post,0,0,0,0,0,1,0.329728,0.20389311,0.44249895,0.0,0.023558656,2,natural_factor
2018-09-06,The_Wall_Street_Journal,0,0,0,0,0,1,0.9994297,0.0,0.0,0.0,0.0,0,natural_factor
2016-01-30,The_Jakarta_Post,0,0,0,0,0,1,0.18292367,0.03656826,0.65530896,0.0,0.1248447,2,natural_factor
2017-08-09,The_Jakarta_Post,0,0,0,0,0,1,0.1756628,0.0,0.7573744,0.039281815,0.027354073,2,natural_factor
2018-05-29,The_Jakarta_Post,0,0,0,0,0,1,0.040102907,0.0,0.8908492,0.0,0.067864634,2,natural_factor
2018-08-30,The_Wall_Street_Journal,0,0,1,0,0,2,0.51766485,0.0,0.44217783,0.040033326,0.0,0,natural_factor
2017-09-29,The_Myanmar_Times,0,0,1,0,0,2,0.9424686,0.048637357,0.0,0.0,0.0,0,natural_factor
2018-02-11,The_Jakarta_Post,0,0,0,0,0,1,0.34565285,0.036996394,0.5121674,0.0,0.1044354,2,natural_factor
2017-03-24,The_Jakarta_Post,0,0,0,0,0,1,0.33183953,0.15849358,0.39584956,0.0,0.11359696,2,natural_factor
2011-03-02,The_Wall_Street_Journal,0,0,0,0,0,1,0.11337407,0.0,0.52442086,0.36162275,0.0,2,natural_factor
2016-08-04,The_Wall_Street_Journal,0,0,0,0,0,1,0.9986995,0.0,0.0,0.0,0.0,0,natural_factor
2016-01-21,The_Jakarta_Post,0,0,0,0,0,1,0.22145732,0.0,0.7623997,0.0,0.014606292,2,natural_factor
2017-01-16,Thomson_Reuters,0,0,0,0,0,1,0.81736445,0.0,0.06450406,0.11768835,0.0,0,natural_factor
2016-07-18,Thomson_Reuters,0,0,0,0,0,1,0.0,0.0,0.96681416,0.0,0.025799615,2,natural_factor
2011-05-03,The_Wall_Street_Journal,0,0,0,0,0,1,0.9961212,0.0,0.0,0.0,0.0,0,natural_factor
2019-03-11,Viet_Nam_News,0,0,0,0,0,1,0.8006778,0.0,0.0,0.041844673,0.15679313,0,natural_factor
2018-05-13,The_Jakarta_Post,0,0,0,0,0,1,0.20246767,0.275684,0.52011997,0.0,0.0,2,natural_factor
2017-06-27,The_Jakarta_Post,0,0,0,0,0,1,0.17209606,0.045221925,0.75433844,0.0,0.027550073,2,natural_factor
2019-02-26,Thomson_Reuters,0,0,1,0,0,1,0.11750544,0.0,0.6169316,0.26503393,0.0,2,financial_risk
2017-10-17,The_Wall_Street_Journal,0,0,0,0,0,1,0.9992713,0.0,0.0,0.0,0.0,0,natural_factor
2018-05-13,The_Jakarta_Post,0,0,0,0,0,1,0.030508995,0.34056067,0.5502393,0.0,0.07801975,2,natural_factor
2017-07-07,Financial_Times,0,0,0,1,0,1,0.015034853,0.0,0.9847093,0.0,0.0,2,geopolitical_risk
2019-06-21,Financial_Times,0,0,0,0,0,2,0.9994777,0.0,0.0,0.0,0.0,0,natural_factor
2019-08-27,The_Jakarta_Post,0,0,0,0,0,1,0.04079721,0.0,0.9209124,0.0,0.03700281,2,natural_factor
2016-09-01,The_Jakarta_Post,0,0,0,0,0,1,0.12813856,0.0,0.7732668,0.0,0.09754204,2,natural_factor
2019-07-23,Thomson_Reuters,0,0,0,0,0,1,0.619866,0.0,0.010786226,0.3690307,0.0,0,natural_factor
2019-11-21,JoongAng_Daily,0,0,0,0,0,1,0.99862504,0.0,0.0,0.0,0.0,0,natural_factor
2019-06-30,The_Wall_Street_Journal,0,0,0,0,0,1,0.9816123,0.0,0.0,0.0,0.0,0,natural_factor
2018-11-03,The_Wall_Street_Journal,0,0,1,0,0,1,0.85081655,0.014227638,0.13481823,0.0,0.0,0,financial_risk
2016-05-23,Thomson_Reuters,0,0,0,0,0,1,0.98266006,0.0,0.016974127,0.0,0.0,0,natural_factor
2018-04-18,Financial_Times,0,0,0,0,0,1,0.5787524,0.020413836,0.3447942,0.05585474,0.0,0,natural_factor
2019-05-07,The_Jakarta_Post,0,0,0,0,0,1,0.22480975,0.03767075,0.6889657,0.0,0.048234563,2,natural_factor
2019-09-18,The_Wall_Street_Journal,0,0,0,0,0,1,0.9438595,0.030356267,0.017501537,0.0,0.0,0,natural_factor
2019-02-17,The_Jakarta_Post,0,0,0,0,0,1,0.26694596,0.13351946,0.4827743,0.0,0.11535421,2,natural_factor
2017-04-19,The_Wall_Street_Journal,0,0,0,0,0,1,0.799813,0.0,0.16838855,0.031642493,0.0,0,natural_factor
2016-06-13,The_Wall_Street_Journal,0,0,0,0,0,2,0.99914384,0.0,0.0,0.0,0.0,0,natural_factor
2019-06-17,The_Jakarta_Post,0,0,0,0,0,1,0.43166107,0.15731107,0.38157737,0.0,0.028492292,0,natural_factor
2017-01-23,Thomson_Reuters,0,0,0,0,0,1,0.0,0.0,0.9118937,0.079169184,0.0,2,natural_factor
2018-07-19,Channel_News_Asia,0,0,0,0,0,1,0.1561933,0.0,0.8430333,0.0,0.0,2,natural_factor
2019-11-15,Financial_Times,0,0,0,0,0,1,0.905576,0.026568538,0.057264004,0.0,0.010474452,0,natural_factor
2019-02-10,The_Wall_Street_Journal,0,0,0,0,0,1,0.82930934,0.04070826,0.12961112,0.0,0.0,0,natural_factor
2017-09-19,Thomson_Reuters,0,0,0,0,0,1,0.93426055,0.0,0.0,0.0648066,0.0,0,natural_factor
2017-08-30,Thomson_Reuters,0,0,0,0,0,1,0.96422726,0.0,0.0,0.035161033,0.0,0,natural_factor
2018-07-10,Thomson_Reuters,0,0,0,0,0,1,0.0,0.0,0.20948637,0.78309035,0.0,3,natural_factor
2019-07-31,The_Jakarta_Post,0,0,0,0,0,1,0.12304116,0.0,0.84146756,0.0,0.033895113,2,natural_factor
2007-07-17,The_Wall_Street_Journal,0,0,0,0,0,2,0.98306054,0.0,0.014840578,0.0,0.0,0,natural_factor
2011-06-17,The_Wall_Street_Journal,0,0,0,0,0,1,0.15330288,0.0,0.76330584,0.08294008,0.0,2,natural_factor
2018-12-28,The_Jakarta_Post,0,0,0,0,0,1,0.5599023,0.0,0.19033076,0.051708978,0.19794372,0,natural_factor
2019-03-11,The_Wall_Street_Journal,0,0,0,0,0,2,0.9992577,0.0,0.0,0.0,0.0,0,natural_factor
2023-07-27,The_Strait_Times,0,0,0,0,0,1,0.34993607,0.0,0.6210278,0.0,0.028658096,2,natural_factor
2023-09-02,Financial_Times,1,0,0,0,0,1,0.9695536,0.0,0.026207814,0.0,0.0,0,supply_side
2023-11-07,Financial_Times,1,1,0,0,0,1,0.971919,0.0,0.0,0.022450155,0.0,0,supply_side
2023-12-30,Financial_Times,0,0,0,0,0,1,0.99916583,0.0,0.0,0.0,0.0,0,natural_factor
2023-11-18,Channel_News_Asia,0,0,0,0,0,2,0.998831,0.0,0.0,0.0,0.0,0,natural_factor
2023-06-26,The_Jakarta_Post,0,0,0,0,0,2,0.8260898,0.0,0.0,0.0,0.17336373,0,natural_factor
2023-11-18,Taipei_Times,0,0,0,0,0,1,0.9201009,0.0,0.0,0.07915055,0.0,0,natural_factor
2023-11-17,Thomson_Reuters,0,0,0,0,0,2,0.942986,0.0,0.056314874,0.0,0.0,0,natural_factor
2024-09-26,The_Business_Times,0,1,0,0,0,1,0.99572796,0.0,0.0,0.0,0.0,0,demand_side
2024-05-14,The_Wall_Street_Journal,0,0,0,0,0,1,0.19908637,0.0,0.3832016,0.41681907,0.0,3,natural_factor
2024-01-30,The_Business_Times,1,0,0,0,0,1,0.99892694,0.0,0.0,0.0,0.0,0,supply_side
2024-09-25,Financial_Times,0,0,0,0,0,1,0.9991916,0.0,0.0,0.0,0.0,0,natural_factor
2023-11-30,The_Business_Times,0,0,0,1,0,1,0.17387345,0.0,0.81096417,0.0,0.0,2,geopolitical_risk
2024-05-31,Channel_News_Asia,0,0,0,0,0,1,0.9620275,0.0,0.037308875,0.0,0.0,0,natural_factor
2024-07-20,Thomson_Reuters,0,1,1,0,0,1,0.14160419,0.0,0.0,0.8578868,0.0,3,demand_side
2024-10-28,Financial_Times,0,0,0,0,0,2,0.89443946,0.0,0.0151811,0.09023156,0.0,0,natural_factor
2024-10-13,The_Wall_Street_Journal,1,0,0,0,0,1,0.9995266,0.0,0.0,0.0,0.0,0,supply_side
2024-12-11,Channel_News_Asia,0,0,0,0,0,2,0.96557724,0.0,0.03365275,0.0,0.0,0,natural_factor
2024-11-28,API_NEWS_en,1,0,0,0,0,1,0.0,0.0,0.0,0.9994386,0.0,3,supply_side
2023-02-22,Thomson_Reuters,2,0,0,0,0,2,0.0,0.0,0.041926175,0.9568881,0.0,3,supply_side
2023-02-08,Thomson_Reuters,1,0,0,0,0,1,0.0,0.0,0.3424445,0.6547676,0.0,3,supply_side
2023-05-03,Thomson_Reuters,0,0,1,0,0,2,0.030687291,0.0,0.77340615,0.19536918,0.0,2,natural_factor
2022-06-29,Thomson_Reuters,1,0,0,0,0,1,0.06451358,0.0,0.30521718,0.59413433,0.035950273,3,supply_side
2022-08-31,Thomson_Reuters,3,0,0,0,0,1,0.083039835,0.0,0.0,0.8432677,0.07337674,3,supply_side
2022-05-05,Thomson_Reuters,2,0,0,0,0,1,0.0,0.0,0.0,0.9985097,0.0,3,supply_side
2022-06-21,Thomson_Reuters,1,0,0,0,0,1,0.0,0.0,0.3397858,0.65647185,0.0,3,supply_side
2022-08-23,Thomson_Reuters,1,0,0,0,0,1,0.0,0.0,0.42415223,0.5735191,0.0,3,supply_side
2022-01-06,Thomson_Reuters,0,0,0,0,0,1,0.0,0.0,0.20687246,0.7824751,0.0,3,natural_factor
2023-06-09,Thomson_Reuters,0,0,0,0,0,1,0.0,0.0,0.32362768,0.56628865,0.109005824,3,natural_factor
2023-02-23,Thomson_Reuters,1,0,0,0,0,1,0.0,0.0,0.24261238,0.755982,0.0,3,supply_side
2022-05-04,Thomson_Reuters,1,0,1,0,0,1,0.0,0.0,0.12209526,0.86787635,0.0,3,supply_side
2022-06-13,Thomson_Reuters,0,0,0,0,0,1,0.0,0.0,0.30612028,0.69180226,0.0,3,natural_factor
2022-11-10,Thomson_Reuters,1,0,1,1,0,1,0.0,0.0,0.21617912,0.7657724,0.017330673,3,supply_side
2022-11-28,Thomson_Reuters,0,0,0,0,0,1,0.0,0.0,0.34718278,0.6499849,0.0,3,natural_factor
2021-10-11,Thomson_Reuters,0,0,0,0,0,1,0.0,0.0,0.88402325,0.09242867,0.022544201,2,natural_factor
2021-01-04,Thomson_Reuters,0,0,0,0,0,1,0.0,0.0,0.49038824,0.50641954,0.0,3,natural_factor
2021-09-29,Thomson_Reuters,1,0,0,0,0,1,0.0,0.0,0.40387127,0.5921973,0.0,3,supply_side
2021-10-21,Thomson_Reuters,1,0,1,0,0,1,0.0,0.0,0.6467585,0.35217473,0.0,2,supply_side
2021-07-06,Thomson_Reuters,0,0,0,0,0,1,0.10698886,0.0,0.044973154,0.8475766,0.0,3,natural_factor
2021-10-07,Thomson_Reuters,1,2,0,0,0,1,0.32351533,0.0,0.32906672,0.19792718,0.14942306,2,demand_side
2021-08-18,Thomson_Reuters,0,1,0,0,0,1,0.055990588,0.0,0.0,0.94307834,0.0,3,demand_side
2023-09-06,Thomson_Reuters,1,0,0,0,0,1,0.0,0.0,0.0,0.9972386,0.0,3,supply_side
2023-09-19,Thomson_Reuters,2,1,0,0,0,1,0.08496747,0.0,0.53717357,0.3691478,0.0,2,supply_side
2023-08-02,Thomson_Reuters,2,0,1,0,0,1,0.0,0.0,0.0,0.99870926,0.0,3,supply_side
2023-11-01,Thomson_Reuters,1,0,0,0,0,1,0.0,0.0,0.06272101,0.9359496,0.0,3,supply_side
2023-08-02,Thomson_Reuters,1,0,0,0,0,1,0.0,0.0,0.0,0.9939907,0.0,3,supply_side
2024-07-18,Thomson_Reuters,1,0,0,0,0,1,0.0,0.0,0.21297008,0.7858138,0.0,3,supply_side
2023-02-19,Manila_Bulletin,0,0,0,0,0,1,0.16538256,0.0,0.65968364,0.0,0.17437977,2,natural_factor
2023-05-21,The_Business_Times,0,1,0,0,0,1,0.07043462,0.0,0.6505475,0.27855062,0.0,2,demand_side
2022-06-08,Thomson_Reuters,0,0,0,0,1,1,0.0,0.0,0.6834665,0.08746531,0.22324991,2,esg_regulation
2022-07-22,Thomson_Reuters,1,1,0,1,0,1,0.0,0.0,0.0,0.9987747,0.0,3,supply_side
2022-07-20,Thomson_Reuters,1,1,1,1,0,1,0.0,0.0,0.0,0.99834067,0.0,3,supply_side
2022-04-14,Thomson_Reuters,0,0,0,2,0,1,0.0,0.0,0.8307804,0.16099393,0.0,2,geopolitical_risk
2023-01-10,Thomson_Reuters,0,0,0,0,0,1,0.0,0.0,0.9984719,0.0,0.0,2,natural_factor
2022-03-04,Thomson_Reuters,0,0,0,0,0,1,0.0,0.0,0.95832294,0.0,0.0380363,2,natural_factor
2023-04-03,Thomson_Reuters,1,0,0,0,0,2,0.0,0.0,0.0,0.9309074,0.0683303,3,natural_factor
2023-06-05,Thomson_Reuters,0,0,0,0,0,1,0.30606744,0.0,0.59257036,0.10100805,0.0,2,natural_factor
2022-04-14,Thomson_Reuters,0,0,0,2,0,1,0.0,0.0,0.7552766,0.20144215,0.042875905,2,geopolitical_risk
2023-05-31,Thomson_Reuters,0,0,0,0,0,1,0.5187402,0.0,0.24727607,0.14639369,0.08741037,0,natural_factor
2022-12-25,Thomson_Reuters,0,0,0,0,0,1,0.1896691,0.31987002,0.48908213,0.0,0.0,2,natural_factor
2022-10-09,Thomson_Reuters,0,0,0,0,0,1,0.0,0.0,0.9230852,0.0,0.07588127,2,natural_factor
2023-05-01,Thomson_Reuters,0,0,0,0,0,1,0.017142532,0.06358908,0.8939744,0.025006339,0.0,2,natural_factor
2022-05-09,Thomson_Reuters,0,0,0,0,0,1,0.0,0.0,0.98814934,0.0,0.0,2,natural_factor
2023-01-24,Thomson_Reuters,2,1,0,1,0,1,0.0,0.0,0.0,0.95564276,0.043489736,3,supply_side
2022-07-30,The_Business_Times,0,0,0,0,0,1,0.19643289,0.027875338,0.7207103,0.0,0.05448898,2,natural_factor
2022-11-13,Viet_Nam_News,1,1,0,0,1,2,0.3740526,0.0,0.30106828,0.0,0.32450727,0,natural_factor
2023-01-06,Thomson_Reuters,0,0,0,0,0,1,0.28687897,0.0,0.6566424,0.0,0.055383112,2,natural_factor
2022-12-11,Manila_Bulletin,0,1,0,0,0,1,0.28875604,0.0,0.60700554,0.0,0.103870384,2,demand_side
2023-05-23,Bangkok_Post,0,0,0,0,0,1,0.45139185,0.0,0.53426117,0.0,0.013917741,2,natural_factor
2023-01-13,The_Business_Times,2,0,0,0,0,1,0.0,0.0,0.3800552,0.55483216,0.06440559,3,supply_side
2023-04-10,Financial_Times,0,0,0,0,0,1,0.28083286,0.0,0.70334023,0.0,0.0154298935,2,natural_factor
2023-05-19,Thomson_Reuters,0,0,0,0,0,1,0.051351346,0.070092745,0.83771014,0.04059681,0.0,2,natural_factor
2022-11-29,Thomson_Reuters,1,1,0,0,0,2,0.0,0.0,0.5089397,0.22822735,0.26225123,2,natural_factor
2023-03-21,Thomson_Reuters,0,0,0,0,0,1,0.0,0.0,0.8999716,0.024776908,0.073908776,2,natural_factor
2022-07-29,Thomson_Reuters,0,0,0,0,0,1,0.17984487,0.028231438,0.732662,0.0,0.058776967,2,natural_factor
2023-02-03,Thomson_Reuters,0,0,1,0,0,1,0.0,0.034880783,0.7895426,0.17485471,0.0,2,financial_risk
2022-12-26,Thomson_Reuters,0,0,0,0,0,1,0.1112623,0.2606,0.62603176,0.0,0.0,2,natural_factor
2022-09-07,Thomson_Reuters,0,0,0,0,0,1,0.12696454,0.0,0.35352668,0.14632405,0.37298185,4,natural_factor
2022-08-13,New_Strait_Times,0,0,0,0,0,1,0.2176325,0.0,0.76128215,0.0,0.020042568,2,natural_factor
2022-11-02,Thomson_Reuters,0,0,0,0,0,1,0.0,0.0,0.9963125,0.0,0.0,2,natural_factor
2023-03-09,Thomson_Reuters,0,0,0,0,0,1,0.0,0.0,0.89140785,0.10733117,0.0,2,natural_factor
2022-04-10,Thomson_Reuters,0,0,0,0,0,1,0.04109346,0.0,0.92078626,0.0,0.03763514,2,natural_factor
2022-07-11,Thomson_Reuters,0,0,0,0,0,1,0.0,0.0,0.570294,0.4259648,0.0,2,natural_factor
2023-03-24,Manila_Bulletin,0,0,0,0,0,2,0.29332846,0.0,0.2599314,0.0,0.4460944,4,natural_factor
2022-09-05,The_Strait_Times,0,0,1,0,0,2,0.7490286,0.0,0.10825675,0.0,0.1422224,0,natural_factor
2022-10-06,The_Wall_Street_Journal,0,0,0,0,0,1,0.05771403,0.0,0.9166937,0.0,0.025116067,2,natural_factor
2023-01-11,Channel_News_Asia,0,0,0,0,0,1,0.0,0.0,0.9983593,0.0,0.0,2,natural_factor
2022-08-24,The_Wall_Street_Journal,0,0,0,0,0,1,0.98975277,0.0,0.0,0.0,0.0,0,natural_factor
2022-12-05,The_Jakarta_Post,0,0,0,0,1,1,0.7456085,0.060521267,0.0,0.0,0.19338773,0,esg_regulation
2022-12-19,The_Jakarta_Post,0,0,1,0,0,2,0.7491258,0.15445256,0.05286793,0.0,0.043249857,0,natural_factor
2022-08-02,The_Wall_Street_Journal,0,0,0,0,0,1,0.8647952,0.08760509,0.0,0.047185384,0.0,0,natural_factor
2022-12-26,The_Strait_Times,0,0,0,0,0,1,0.18704988,0.32023233,0.49133906,0.0,0.0,2,natural_factor
2022-08-23,The_Wall_Street_Journal,0,0,0,0,2,1,0.11619318,0.0,0.82045215,0.0,0.063127406,2,esg_regulation
2022-02-03,The_Wall_Street_Journal,1,0,3,0,0,1,0.18890807,0.0,0.023855567,0.7869299,0.0,3,financial_risk
2023-04-27,Channel_News_Asia,0,0,0,0,0,1,0.3726756,0.0,0.62624955,0.0,0.0,2,natural_factor
2022-12-13,The_Jakarta_Post,0,0,1,0,0,2,0.6966561,0.16199318,0.07063116,0.0,0.07047847,0,natural_factor
2023-04-10,The_Wall_Street_Journal,0,0,0,0,0,1,0.049759656,0.028441984,0.9024642,0.0,0.019033985,2,natural_factor
2022-01-05,The_Wall_Street_Journal,0,0,0,0,0,1,0.12750779,0.0,0.8565843,0.0,0.015365669,2,natural_factor
2022-12-26,Channel_News_Asia,0,0,0,0,0,1,0.2970381,0.25728476,0.44332406,0.0,0.0,2,natural_factor
2022-10-10,The_Strait_Times,0,0,0,0,0,1,0.020012338,0.0,0.8459091,0.05360234,0.08032455,2,natural_factor
2023-04-09,The_Wall_Street_Journal,0,0,0,0,0,1,0.12817317,0.0,0.8713197,0.0,0.0,2,natural_factor
2023-05-01,The_Wall_Street_Journal,0,0,1,0,0,1,0.21932748,0.054861978,0.7253534,0.0,0.0,2,financial_risk
2023-05-13,The_Wall_Street_Journal,0,0,0,0,0,1,0.9198868,0.036859725,0.042989064,0.0,0.0,0,natural_factor
2022-04-07,The_Wall_Street_Journal,0,0,0,0,0,1,0.27410886,0.0,0.08871154,0.63681495,0.0,3,natural_factor
2022-03-25,The_Wall_Street_Journal,0,0,0,0,0,1,0.9209311,0.03705701,0.025695264,0.016137822,0.0,0,natural_factor
2023-01-06,The_Strait_Times,0,0,0,0,0,1,0.0,0.0,0.9395209,0.0,0.057059746,2,natural_factor
2022-02-23,The_Wall_Street_Journal,0,0,0,0,0,1,0.0,0.0,0.97242004,0.0,0.02707716,2,natural_factor
2022-12-26,Channel_News_Asia,0,0,0,0,0,1,0.23844686,0.33123532,0.42881292,0.0,0.0,2,natural_factor
2022-09-22,The_Wall_Street_Journal,0,0,0,0,0,1,0.13454826,0.0,0.8413485,0.0,0.023504224,2,natural_factor
2022-03-13,The_Wall_Street_Journal,0,0,0,0,0,1,0.09346347,0.0,0.8897859,0.0,0.016531158,2,natural_factor
2020-03-08,Channel_News_Asia,0,0,0,0,0,1,0.059310954,0.24782935,0.6910151,0.0,0.0,2,natural_factor
2021-11-22,The_Business_Times,0,0,0,0,1,1,0.07592709,0.0,0.62596637,0.0781168,0.21979363,2,esg_regulation
2021-08-26,The_Strait_Times,0,0,0,0,0,1,0.7293422,0.0,0.23307581,0.037063815,0.0,0,natural_factor
2020-05-19,Thomson_Reuters,0,0,1,0,0,1,0.0,0.0,0.494699,0.50453436,0.0,3,financial_risk
2021-07-17,Thomson_Reuters,0,0,0,0,0,1,0.022982875,0.0,0.9764464,0.0,0.0,2,natural_factor
2020-07-14,South_China_Morning_Post,0,0,0,0,0,1,0.4208312,0.0,0.5788266,0.0,0.0,2,natural_factor
2021-08-26,The_Jakarta_Post,0,0,0,0,0,1,0.6366415,0.0,0.22221586,0.07044231,0.07052699,0,natural_factor
2020-01-16,Thomson_Reuters,1,0,0,0,0,1,0.022674153,0.0,0.30835506,0.66847813,0.0,3,supply_side
2020-11-30,Channel_News_Asia,2,0,0,0,0,1,0.0,0.0,0.0,0.9992119,0.0,3,supply_side
2021-08-25,The_Wall_Street_Journal,0,0,0,0,0,1,0.0,0.0,0.9990234,0.0,0.0,2,natural_factor
2021-10-15,Thomson_Reuters,0,0,0,0,0,1,0.0,0.0,0.8922453,0.0,0.105747454,2,natural_factor
2020-10-08,The_Wall_Street_Journal,0,0,0,0,0,1,0.08895705,0.0,0.89122033,0.010184712,0.0,2,natural_factor
2021-02-25,Thomson_Reuters,0,1,0,0,0,1,0.66680586,0.0,0.0,0.32413086,0.0,0,demand_side
2020-02-04,Thomson_Reuters,0,0,0,0,0,1,0.5389288,0.0,0.46060443,0.0,0.0,0,natural_factor
2021-02-22,Thomson_Reuters,3,0,0,0,0,2,0.0,0.0,0.0,0.9986429,0.0,3,supply_side
2020-01-30,Thomson_Reuters,0,0,0,0,0,1,0.5365643,0.0,0.46296337,0.0,0.0,0,natural_factor
2021-01-16,New_Strait_Times,0,0,0,0,0,1,0.9607642,0.0,0.025603529,0.0,0.013295609,0,natural_factor
2021-09-13,The_Wall_Street_Journal,0,0,0,0,0,1,0.05205566,0.0,0.07582826,0.87167525,0.0,3,natural_factor
2020-06-24,Channel_News_Asia,0,1,0,0,0,1,0.5242512,0.0,0.42220113,0.052556712,0.0,0,demand_side
2021-11-01,Thomson_Reuters,0,0,0,0,0,1,0.0,0.0,0.7869359,0.13557798,0.07649325,2,natural_factor
2020-10-19,Thomson_Reuters,1,0,0,0,0,1,0.0,0.0,0.0,0.9985618,0.0,3,supply_side
2021-03-01,Thomson_Reuters,1,0,0,0,0,1,0.38220915,0.01812726,0.47441953,0.11841701,0.0,2,supply_side
2021-08-15,Thomson_Reuters,0,0,0,0,0,1,0.058185544,0.0,0.84046775,0.0,0.10027807,2,natural_factor
2020-01-31,Thomson_Reuters,0,0,0,0,0,1,0.13560577,0.0,0.61149156,0.0,0.25178984,2,natural_factor
2021-06-24,Financial_Times,0,0,0,0,0,1,0.5480813,0.03119127,0.32899532,0.07336595,0.018366156,0,natural_factor
2020-06-18,The_Wall_Street_Journal,0,0,0,0,0,1,0.0,0.0,0.99916583,0.0,0.0,2,natural_factor
2020-04-15,Thomson_Reuters,0,0,0,0,0,1,0.7809281,0.038678132,0.17979765,0.0,0.0,0,natural_factor
2021-08-27,Thomson_Reuters,2,0,0,0,0,1,0.49255896,0.0,0.15469302,0.35206407,0.0,0,supply_side
2020-11-03,Thomson_Reuters,0,0,0,0,0,1,0.0,0.0,0.99134225,0.0,0.0,2,natural_factor
2020-06-25,Thomson_Reuters,0,1,0,0,0,1,0.47156498,0.0,0.41606548,0.11138191,0.0,0,demand_side
2020-10-07,Manila_Bulletin,0,0,0,0,0,1,0.0,0.0,0.8939967,0.0,0.10491039,2,natural_factor
2020-11-09,Thomson_Reuters,0,0,0,0,0,1,0.12885967,0.0,0.82056224,0.0,0.049935065,2,natural_factor
2020-08-12,The_Wall_Street_Journal,0,0,0,0,0,1,0.0,0.0,0.99832034,0.0,0.0,2,natural_factor
2021-09-23,Thomson_Reuters,0,0,0,0,0,1,0.0,0.026621155,0.75452554,0.092863865,0.12533443,2,natural_factor
2021-01-04,Thomson_Reuters,0,0,0,0,0,1,0.4492865,0.0,0.5248084,0.0,0.024331208,2,natural_factor
2021-07-17,Thomson_Reuters,0,0,0,0,0,1,0.17753962,0.0,0.82117796,0.0,0.0,2,natural_factor
2021-06-30,Thomson_Reuters,0,0,0,0,0,1,0.26789182,0.0,0.729115,0.0,0.0,2,natural_factor
2020-06-02,Thomson_Reuters,1,0,0,0,0,1,0.0,0.0,0.0,0.9880748,0.0,3,supply_side
2020-06-08,The_Wall_Street_Journal,0,0,0,0,0,1,0.35497683,0.027476728,0.61713827,0.0,0.0,2,natural_factor
2020-11-06,Thomson_Reuters,3,0,0,0,0,1,0.05250901,0.0,0.0,0.9468434,0.0,3,supply_side
2021-01-19,Thomson_Reuters,0,0,0,0,0,1,0.011924014,0.0,0.12144562,0.86627865,0.0,3,natural_factor
2020-03-15,Thomson_Reuters,0,0,0,0,0,1,0.32482886,0.0,0.6159718,0.0,0.049189728,2,natural_factor
2020-10-27,New_Strait_Times,0,0,0,0,0,3,0.5720286,0.0,0.4273506,0.0,0.0,0,natural_factor
2021-06-29,Manila_Bulletin,0,0,0,0,0,1,0.0,0.0,0.8145922,0.0,0.18450332,2,natural_factor
2021-07-17,The_Strait_Times,0,0,0,0,0,1,0.04193527,0.0,0.95739114,0.0,0.0,2,natural_factor
2021-01-10,Thomson_Reuters,0,0,0,0,0,1,0.1393217,0.0,0.85886043,0.0,0.0,2,natural_factor
2021-11-01,The_Business_Times,0,0,0,0,0,1,0.0,0.0,0.78560686,0.13597636,0.07730127,2,natural_factor
2020-06-24,Thomson_Reuters,3,0,4,0,0,1,0.08699187,0.0,0.27827173,0.63453716,0.0,3,financial_risk
2021-05-05,Thomson_Reuters,1,0,0,0,0,2,0.08560515,0.0,0.37879863,0.37453276,0.16085361,2,natural_factor
2020-11-19,The_Myanmar_Times,0,0,0,0,0,2,0.82676065,0.0,0.15276514,0.0,0.020104846,0,natural_factor
2021-01-24,Channel_News_Asia,1,0,0,0,0,1,0.30136326,0.0,0.44609314,0.23029569,0.022091577,2,supply_side
2020-05-16,Thomson_Reuters,0,0,0,0,1,1,0.45803067,0.0,0.3310441,0.0,0.21002088,0,esg_regulation
2020-11-03,The_Jakarta_Post,0,1,0,1,0,1,0.19300221,0.0,0.7984946,0.0,0.0,2,demand_side
2020-11-03,Channel_News_Asia,0,1,0,1,0,1,0.14702727,0.0,0.84986544,0.0,0.0,2,demand_side
2020-04-26,Financial_Times,2,0,1,1,0,1,0.56220305,0.0,0.34554777,0.034577463,0.057665903,0,supply_side
2020-02-26,The_Wall_Street_Journal,0,0,0,0,0,1,0.0,0.0,0.9883793,0.0,0.010855889,2,natural_factor
2020-02-03,Thomson_Reuters,0,0,0,0,1,1,0.0,0.015232631,0.70250404,0.043391097,0.23833938,2,esg_regulation
2021-04-04,Financial_Times,0,1,0,0,1,4,0.16385822,0.0,0.44503084,0.05949456,0.32409573,2,natural_factor
2020-10-28,Thomson_Reuters,0,0,0,0,0,1,0.067802675,0.0,0.9313193,0.0,0.0,2,natural_factor
2020-11-02,Thomson_Reuters,0,0,1,0,0,1,0.0,0.0,0.0,0.98993564,0.0,3,financial_risk
2021-12-09,Thomson_Reuters,1,0,0,0,0,1,0.0,0.0,0.5307609,0.3692335,0.09580318,2,supply_side
2021-09-15,Thomson_Reuters,1,0,0,0,0,1,0.0,0.0,0.13909048,0.6097116,0.24797717,3,supply_side
2021-10-16,Thomson_Reuters,0,0,0,0,0,1,0.14747372,0.10177886,0.7483202,0.0,0.0,2,natural_factor
2021-02-22,The_Business_Times,0,0,0,0,2,1,0.20179008,0.0,0.1690106,0.20126756,0.4278466,4,esg_regulation
2020-09-20,Manila_Bulletin,1,0,0,0,0,1,0.103077866,0.0,0.44758737,0.0,0.44867066,4,supply_side
2018-09-28,Thomson_Reuters,0,0,0,0,0,1,0.0,0.0,0.25755188,0.72779894,0.0,3,natural_factor
2007-04-13,The_Wall_Street_Journal,0,0,1,0,0,1,0.0,0.0,0.8711164,0.12811688,0.0,2,financial_risk
2019-05-19,Thomson_Reuters,0,0,0,0,0,1,0.14968137,0.0,0.8422767,0.0,0.0,2,natural_factor
2012-06-28,The_Wall_Street_Journal,1,0,0,0,0,1,0.037683114,0.0,0.24214317,0.6174418,0.10263928,3,supply_side
2018-06-12,The_Wall_Street_Journal,0,0,0,0,0,1,0.030350477,0.0,0.85238886,0.0,0.116747074,2,natural_factor
2000-04-24,The_Wall_Street_Journal,0,0,0,0,0,1,0.07153723,0.100077614,0.8273704,0.0,0.0,2,natural_factor
2018-11-28,Channel_News_Asia,0,0,0,0,0,1,0.46407074,0.061485842,0.41295156,0.0,0.061270457,0,natural_factor
2008-04-30,The_Wall_Street_Journal,0,0,0,0,0,1,0.5254862,0.025258025,0.43406883,0.0,0.0149301365,0,natural_factor
2010-07-21,The_Wall_Street_Journal,0,0,0,0,0,1,0.026128748,0.0,0.20888992,0.7548284,0.010019129,3,natural_factor
2015-04-08,The_Wall_Street_Journal,1,0,0,0,0,1,0.0,0.0,0.320283,0.6777464,0.0,3,supply_side
2017-05-10,Thomson_Reuters,0,0,0,0,0,1,0.0,0.0,0.9208171,0.0,0.07842767,2,natural_factor
2017-07-15,Thomson_Reuters,0,0,0,0,0,1,0.10701505,0.0,0.58394754,0.023736756,0.2851376,2,natural_factor
2010-10-01,The_Wall_Street_Journal,2,0,0,0,0,1,0.019377792,0.0,0.7457739,0.1407006,0.09401174,2,supply_side
2019-05-18,Thomson_Reuters,0,0,0,0,0,1,0.0,0.0,0.9298299,0.0,0.061845068,2,natural_factor
2012-04-09,The_Wall_Street_Journal,2,0,0,0,0,1,0.1702166,0.0,0.03337272,0.7961588,0.0,3,supply_side
2001-02-20,The_Wall_Street_Journal,0,0,0,0,0,1,0.1045733,0.0,0.8144439,0.08067567,0.0,2,natural_factor
2010-09-09,The_Wall_Street_Journal,1,0,0,0,0,1,0.07396264,0.0,0.15088624,0.6232725,0.15175413,3,supply_side
2014-11-23,The_Wall_Street_Journal,0,0,1,0,0,1,0.040163558,0.0,0.938369,0.015376211,0.0,2,financial_risk
2006-03-27,The_Wall_Street_Journal,0,0,0,0,0,2,0.52392507,0.016234387,0.4564224,0.0,0.0,0,natural_factor
2012-02-17,The_Wall_Street_Journal,0,0,1,0,0,1,0.26766637,0.0,0.7046219,0.027607972,0.0,2,financial_risk
2010-07-12,The_Wall_Street_Journal,0,0,0,0,0,1,0.0,0.0,0.41919038,0.5504414,0.02972023,3,natural_factor
2001-08-21,The_Wall_Street_Journal,0,0,0,0,0,3,0.6673471,0.17512909,0.15099971,0.0,0.0,0,natural_factor
2010-04-12,The_Wall_Street_Journal,0,0,0,0,0,1,0.18234943,0.0,0.0,0.8126472,0.0,3,natural_factor
2019-09-30,The_Wall_Street_Journal,0,0,0,0,0,1,0.015359255,0.0,0.93757874,0.0,0.04686485,2,natural_factor
2018-03-09,The_Wall_Street_Journal,0,0,0,0,0,1,0.8508469,0.026801486,0.122043915,0.0,0.0,0,natural_factor
2006-05-26,The_Wall_Street_Journal,1,0,0,0,0,2,0.0,0.0,0.23147088,0.76760185,0.0,3,natural_factor
2017-10-04,The_Jakarta_Post,0,0,0,0,0,1,0.0,0.0,0.22554262,0.18483451,0.5884753,4,natural_factor
2012-09-23,The_Wall_Street_Journal,0,0,1,1,0,1,0.25187942,0.06530942,0.68234235,0.0,0.0,2,financial_risk
1999-08-18,The_Wall_Street_Journal,0,0,0,0,0,1,0.0,0.0,0.8174235,0.18176366,0.0,2,natural_factor
2012-12-21,The_Wall_Street_Journal,0,0,0,0,0,1,0.42278326,0.0,0.4944794,0.07671475,0.0,2,natural_factor
1999-02-12,The_Wall_Street_Journal,0,0,0,0,0,1,0.41723672,0.14155416,0.4204589,0.020646285,0.0,2,natural_factor
2019-05-18,Thomson_Reuters,0,0,0,0,0,1,0.055048216,0.0,0.94115347,0.0,0.0,2,natural_factor
2019-03-23,Thomson_Reuters,0,0,0,0,0,1,0.39855945,0.07815747,0.5144568,0.0,0.0,2,natural_factor
2001-03-28,The_Wall_Street_Journal,0,0,0,0,0,1,0.0,0.11675237,0.8824484,0.0,0.0,2,natural_factor
2018-05-24,Thomson_Reuters,0,0,0,2,0,1,0.28624275,0.0,0.6456347,0.044020332,0.02401401,2,geopolitical_risk
2006-09-20,The_Wall_Street_Journal,0,0,0,0,0,1,0.81973004,0.0,0.12618802,0.053843282,0.0,0,natural_factor
1999-02-09,The_Wall_Street_Journal,0,0,0,0,0,1,0.21731348,0.13646209,0.6080549,0.038023956,0.0,2,natural_factor
2016-11-11,The_Wall_Street_Journal,0,0,0,0,0,1,0.5474597,0.061375592,0.37466443,0.0,0.016263207,0,natural_factor
2007-02-05,The_Wall_Street_Journal,0,0,0,0,0,1,0.0,0.0,0.9439297,0.037711095,0.017873688,2,natural_factor
2010-01-22,The_Wall_Street_Journal,0,0,0,0,0,1,0.6984045,0.067301475,0.23413844,0.0,0.0,0,natural_factor
2018-06-29,Thomson_Reuters,1,0,0,0,0,1,0.0,0.0,0.8051256,0.19270739,0.0,2,supply_side
2015-01-22,The_Wall_Street_Journal,1,0,0,0,0,1,0.0,0.0,0.5048858,0.45401242,0.03974517,2,supply_side
2003-04-14,The_Wall_Street_Journal,0,0,2,0,0,1,0.0,0.013146154,0.939102,0.047405507,0.0,2,financial_risk
2015-09-13,Thomson_Reuters,0,0,0,0,0,1,0.2131171,0.0,0.7667934,0.01958663,0.0,2,natural_factor
2018-04-05,Thomson_Reuters,0,0,0,0,0,1,0.0,0.0,0.706671,0.29141515,0.0,2,natural_factor
2011-12-13,The_Wall_Street_Journal,1,0,0,0,1,2,0.0,0.0,0.5160211,0.31883916,0.16451082,2,natural_factor
2017-02-01,Thomson_Reuters,0,0,0,0,0,1,0.040679794,0.0,0.857915,0.100883976,0.0,2,natural_factor
2012-06-07,The_Wall_Street_Journal,0,0,0,0,0,1,0.0,0.0,0.4385693,0.5459142,0.015237314,3,natural_factor
2007-05-07,The_Wall_Street_Journal,0,0,0,0,0,1,0.054532636,0.0,0.82381684,0.09388328,0.02767322,2,natural_factor
2010-12-16,The_Wall_Street_Journal,1,0,0,0,0,1,0.0,0.0,0.3714819,0.6199962,0.0,3,supply_side
1999-08-12,The_Wall_Street_Journal,0,0,0,0,0,1,0.029122164,0.0,0.74594855,0.22462066,0.0,2,natural_factor
2015-01-04,Thomson_Reuters,0,0,0,0,0,1,0.03187949,0.0,0.92824775,0.039369684,0.0,2,natural_factor
2011-10-13,The_Wall_Street_Journal,1,0,1,0,0,1,0.1874345,0.0,0.18263549,0.45050988,0.17934807,3,supply_side
2019-04-01,The_Wall_Street_Journal,0,0,0,0,0,1,0.3470722,0.0,0.65225554,0.0,0.0,2,natural_factor
2019-01-16,The_Wall_Street_Journal,0,0,0,0,0,1,0.7425138,0.13065577,0.1262866,0.0,0.0,0,natural_factor
2002-03-07,The_Wall_Street_Journal,0,0,1,0,0,2,0.06070255,0.0,0.7165874,0.22249243,0.0,2,natural_factor
2007-05-04,The_Wall_Street_Journal,0,0,0,0,0,2,0.053276263,0.0,0.87592995,0.07035546,0.0,2,natural_factor
2008-10-31,The_Wall_Street_Journal,0,0,2,0,0,3,0.05848052,0.0,0.0,0.935005,0.0,3,natural_factor
1999-03-22,The_Wall_Street_Journal,0,0,0,0,0,1,0.105402246,0.09668617,0.7972956,0.0,0.0,2,natural_factor
2005-09-30,The_Wall_Street_Journal,1,0,0,0,0,2,0.27338776,0.0,0.22291905,0.46671,0.03690801,3,natural_factor
2016-12-02,The_Wall_Street_Journal,0,0,0,0,0,1,0.905077,0.01772095,0.06950141,0.0,0.0,0,natural_factor
2008-03-05,The_Wall_Street_Journal,0,0,0,0,0,1,0.44080567,0.0,0.5416688,0.0,0.0,2,natural_factor
2012-09-25,The_Wall_Street_Journal,0,0,1,0,0,1,0.23950711,0.025960622,0.734249,0.0,0.0,2,financial_risk
2011-09-27,The_Wall_Street_Journal,2,1,0,0,0,1,0.043532144,0.0,0.28972307,0.43401346,0.23266608,3,supply_side
2018-06-13,Financial_Times,1,0,1,0,0,1,0.09651405,0.0,0.4587755,0.31489325,0.1296554,2,supply_side
2017-01-26,Thomson_Reuters,0,0,0,0,0,1,0.4450528,0.058163147,0.4961979,0.0,0.0,2,natural_factor
2017-12-01,Thomson_Reuters,0,0,0,0,0,1,0.0,0.0,0.8631685,0.0,0.1349914,2,natural_factor
2018-11-15,The_Jakarta_Post,0,0,0,0,0,1,0.41965896,0.07044299,0.48085305,0.0,0.028696565,2,natural_factor
2003-04-02,The_Wall_Street_Journal,0,0,1,0,0,1,0.1639119,0.0,0.6790074,0.15684925,0.0,2,financial_risk
1999-08-12,The_Wall_Street_Journal,0,0,0,0,0,1,0.06175075,0.114316665,0.82340044,0.0,0.0,2,natural_factor
2007-04-23,The_Wall_Street_Journal,0,0,0,0,0,1,0.0,0.0,0.8935075,0.10538179,0.0,2,natural_factor
2013-02-14,The_Wall_Street_Journal,0,0,1,0,0,1,0.11078608,0.0,0.0,0.8887264,0.0,3,financial_risk
2018-01-12,Thomson_Reuters,1,0,0,0,0,1,0.0,0.0,0.28586748,0.7132448,0.0,3,supply_side
1999-02-11,The_Wall_Street_Journal,0,0,0,0,0,1,0.1682962,0.11959658,0.6982297,0.013730721,0.0,2,natural_factor
2010-04-16,The_Wall_Street_Journal,1,0,0,1,0,2,0.316634,0.0,0.36858615,0.30987057,0.0,2,natural_factor
2003-02-25,The_Wall_Street_Journal,0,0,1,0,0,1,0.2939866,0.0628746,0.5634293,0.079655,0.0,2,financial_risk
2017-11-29,Financial_Times,0,1,0,0,0,1,0.13217014,0.0,0.7314417,0.13540016,0.0,2,demand_side
2016-08-04,Thomson_Reuters,0,0,0,0,0,1,0.0,0.0,0.9673633,0.0,0.031789273,2,natural_factor
2010-07-22,The_Wall_Street_Journal,0,0,0,0,0,1,0.09020196,0.0,0.24517666,0.6374967,0.02695322,3,natural_factor
2002-03-16,The_Wall_Street_Journal,1,0,1,0,0,1,0.1748503,0.0,0.045631927,0.779347,0.0,3,supply_side
2018-09-05,The_Phnom_Penh_Post,0,0,0,0,0,1,0.46498367,0.0,0.510993,0.0,0.02357572,2,natural_factor
2018-10-04,Thomson_Reuters,0,1,0,0,0,1,0.0,0.0,0.98739684,0.0,0.012301538,2,demand_side
1998-11-18,The_Wall_Street_Journal,0,0,0,0,0,1,0.65489644,0.025819927,0.3190666,0.0,0.0,0,natural_factor
2019-05-27,Thomson_Reuters,0,0,0,0,0,1,0.07671336,0.0,0.9213387,0.0,0.0,2,natural_factor
2017-02-21,The_Wall_Street_Journal,0,0,1,0,0,1,0.0,0.0,0.12522371,0.7866832,0.087487735,3,financial_risk
2017-11-30,Thomson_Reuters,0,0,0,0,0,1,0.0,0.0,0.96707076,0.032014605,0.0,2,natural_factor
2007-05-14,The_Wall_Street_Journal,0,0,0,0,0,1,0.73875403,0.0,0.26078296,0.0,0.0,0,natural_factor
2009-08-28,The_Wall_Street_Journal,0,0,0,0,0,1,0.18010323,0.0,0.06908408,0.75020623,0.0,3,natural_factor
2012-07-02,The_Wall_Street_Journal,1,0,0,0,0,1,0.0,0.0,0.26904345,0.66378915,0.066148676,3,supply_side
2004-08-27,The_Wall_Street_Journal,0,0,1,0,0,1,0.18095304,0.0,0.09269941,0.726198,0.0,3,financial_risk
2000-12-19,The_Wall_Street_Journal,0,0,0,0,0,1,0.19422545,0.14593175,0.5894187,0.0,0.07017303,2,natural_factor
2017-12-01,Thomson_Reuters,0,0,0,0,0,1,0.0,0.0,0.74878067,0.25002745,0.0,2,natural_factor
2007-04-19,The_Wall_Street_Journal,0,0,0,0,0,1,0.0,0.0,0.69614923,0.30303594,0.0,2,natural_factor
2002-05-28,The_Wall_Street_Journal,0,0,0,0,0,1,0.32341024,0.046409696,0.62945694,0.0,0.0,2,natural_factor
2002-10-29,The_Wall_Street_Journal,0,0,1,0,0,1,0.4864475,0.12466954,0.3885929,0.0,0.0,0,financial_risk
2006-06-25,The_Wall_Street_Journal,0,0,0,0,0,1,0.22508913,0.0,0.12392696,0.65075606,0.0,3,natural_factor
2010-05-28,The_Wall_Street_Journal,0,0,0,0,0,1,0.79711896,0.041805595,0.16044219,0.0,0.0,0,natural_factor
2016-02-25,The_Wall_Street_Journal,1,0,2,0,0,1,0.0,0.0,0.0,0.9984307,0.0,3,financial_risk
2015-11-09,The_Wall_Street_Journal,0,0,0,0,0,1,0.15895359,0.0,0.18942775,0.6511622,0.0,3,natural_factor
2000-10-23,The_Wall_Street_Journal,0,0,0,0,0,1,0.0,0.053784594,0.94366086,0.0,0.0,2,natural_factor
2013-07-16,The_Wall_Street_Journal,0,0,0,0,0,1,0.0,0.0,0.49305448,0.2998741,0.20666079,2,natural_factor
2013-12-06,The_Wall_Street_Journal,0,0,0,0,0,1,0.86454105,0.07216459,0.062732436,0.0,0.0,0,natural_factor
2013-05-17,The_Wall_Street_Journal,0,0,0,0,0,1,0.68189174,0.1322015,0.1801972,0.0,0.0,0,natural_factor
1999-08-10,The_Wall_Street_Journal,0,0,0,0,0,1,0.053921163,0.12799437,0.7937251,0.0241426,0.0,2,natural_factor
2003-03-31,The_Wall_Street_Journal,0,0,1,1,0,1,0.105196975,0.0,0.83557576,0.059066515,0.0,2,financial_risk
2004-01-13,The_Wall_Street_Journal,0,0,0,0,0,1,0.24976477,0.0,0.029677778,0.72027504,0.0,3,natural_factor
2007-02-14,The_Wall_Street_Journal,0,0,0,0,0,1,0.7804733,0.092337176,0.12694447,0.0,0.0,0,natural_factor
2016-08-15,Thomson_Reuters,0,0,0,0,0,1,0.0,0.0354007,0.0,0.95541155,0.0,3,natural_factor
2010-12-08,The_Wall_Street_Journal,0,0,0,0,0,1,0.7875782,0.0,0.2119254,0.0,0.0,0,natural_factor
2012-12-29,The_Wall_Street_Journal,0,1,0,0,0,1,0.5555081,0.0,0.14159645,0.2823947,0.02043508,0,demand_side
2001-10-26,The_Wall_Street_Journal,0,0,0,1,0,1,0.83424777,0.034560062,0.13076508,0.0,0.0,0,geopolitical_risk
1999-02-08,The_Wall_Street_Journal,0,0,0,0,0,1,0.09887469,0.11998697,0.7799768,0.0,0.0,2,natural_factor
2016-04-02,The_Wall_Street_Journal,0,0,0,0,0,1,0.0,0.0,0.7794527,0.0,0.21897481,2,natural_factor
2018-01-09,Thomson_Reuters,0,0,0,0,0,1,0.0,0.0,0.6881664,0.20916855,0.09945396,2,natural_factor
2012-08-22,The_Wall_Street_Journal,0,0,1,0,0,1,0.0,0.0,0.99896663,0.0,0.0,2,financial_risk
2019-07-26,Channel_News_Asia,0,0,0,0,0,1,0.92567444,0.043645028,0.030388445,0.0,0.0,0,natural_factor
2012-09-18,The_Wall_Street_Journal,0,1,1,1,0,1,0.12320961,0.021868149,0.77735394,0.07741049,0.0,2,demand_side
2019-10-23,Thomson_Reuters,0,0,0,0,0,4,0.6669495,0.036096003,0.21051437,0.0,0.08620066,0,natural_factor
2014-06-04,The_Wall_Street_Journal,0,0,0,0,0,1,0.064096406,0.0,0.2722272,0.50665516,0.15683177,3,natural_factor
2013-08-18,The_Wall_Street_Journal,0,0,0,0,0,2,0.7828561,0.13232136,0.08439235,0.0,0.0,0,natural_factor
2016-10-26,Thomson_Reuters,0,0,0,0,0,1,0.0,0.0,0.93154484,0.059703708,0.0,2,natural_factor
2019-05-20,Thomson_Reuters,0,0,0,0,0,1,0.017545044,0.0,0.91581357,0.0,0.06620546,2,natural_factor
2012-05-03,Thomson_Reuters,0,0,1,0,0,1,0.0,0.0,0.99889797,0.0,0.0,2,financial_risk
2011-06-06,The_Wall_Street_Journal,0,0,0,0,0,1,0.45274323,0.0,0.54669124,0.0,0.0,2,natural_factor
2011-11-24,The_Wall_Street_Journal,2,0,1,0,0,1,0.0,0.0,0.5427976,0.45665267,0.0,2,supply_side
2015-09-13,Thomson_Reuters,0,0,0,0,0,2,0.11987924,0.0,0.83203447,0.0,0.04786589,2,natural_factor
2000-04-20,The_Wall_Street_Journal,0,0,0,0,0,1,0.31592768,0.087052114,0.5963635,0.0,0.0,2,natural_factor
2016-11-01,The_Wall_Street_Journal,0,0,0,0,0,1,0.8214776,0.024205085,0.15399617,0.0,0.0,0,natural_factor
2014-08-18,The_Wall_Street_Journal,0,0,0,0,0,1,0.20686659,0.0,0.12811495,0.6645848,0.0,3,natural_factor
1999-02-10,The_Wall_Street_Journal,0,1,0,0,0,1,0.3549361,0.077286765,0.54939747,0.018246265,0.0,2,demand_side
1999-11-01,The_Wall_Street_Journal,0,0,0,0,0,1,0.02440156,0.08004688,0.8948619,0.0,0.0,2,natural_factor
2018-08-13,The_Wall_Street_Journal,0,0,0,0,0,1,0.023960074,0.0,0.7669799,0.04952246,0.15942973,2,natural_factor
2018-02-01,Thomson_Reuters,0,0,0,0,0,1,0.0,0.0,0.9242847,0.015616345,0.059177168,2,natural_factor
2011-09-20,The_Wall_Street_Journal,0,1,0,0,0,1,0.65447396,0.0,0.0,0.20240155,0.1425396,0,demand_side
2014-11-16,The_Wall_Street_Journal,0,0,0,0,0,1,0.045319084,0.0,0.87772363,0.067171656,0.0,2,natural_factor
2003-01-14,The_Wall_Street_Journal,3,0,0,0,0,1,0.0,0.0,0.09361198,0.8699965,0.035940573,3,supply_side
2017-08-25,The_Jakarta_Post,0,0,0,0,1,1,0.3336899,0.0,0.59175944,0.0,0.0737379,2,esg_regulation
2004-04-20,The_Wall_Street_Journal,0,0,0,1,0,1,0.05681837,0.0,0.94313276,0.0,0.0,2,geopolitical_risk
2012-12-01,The_Wall_Street_Journal,0,0,0,0,0,1,0.6864357,0.13523623,0.17171502,0.0,0.0,0,natural_factor
2002-10-08,The_Wall_Street_Journal,0,0,0,0,0,1,0.46030736,0.085975274,0.40534332,0.0,0.048162602,0,natural_factor
2018-12-07,Thomson_Reuters,0,0,0,0,0,1,0.41547996,0.1409317,0.38330323,0.0,0.059916764,0,natural_factor
2019-02-21,Channel_News_Asia,0,0,0,0,0,1,0.39486143,0.017194228,0.50160784,0.0,0.085977554,2,natural_factor
2008-03-22,The_Wall_Street_Journal,0,0,0,0,0,1,0.47704622,0.11967868,0.40314534,0.0,0.0,0,natural_factor
2015-08-27,The_Wall_Street_Journal,0,0,0,0,0,2,0.941666,0.018185822,0.03987529,0.0,0.0,0,natural_factor
2004-03-15,The_Wall_Street_Journal,0,0,0,0,0,2,0.71855253,0.04501181,0.23620123,0.0,0.0,0,natural_factor
2010-06-11,The_Wall_Street_Journal,0,0,0,0,0,1,0.4883572,0.010183038,0.47529277,0.0,0.025936808,0,natural_factor
1999-02-14,The_Wall_Street_Journal,0,0,0,0,0,1,0.10789306,0.1939367,0.6976212,0.0,0.0,2,natural_factor
2015-01-30,Thomson_Reuters,0,0,0,0,0,1,0.0,0.0,0.81271565,0.18643722,0.0,2,natural_factor
2019-12-29,Thomson_Reuters,0,0,0,0,0,1,0.0,0.0,0.9260714,0.0,0.07282456,2,natural_factor
2018-09-12,Financial_Times,0,0,0,0,0,1,0.0,0.0,0.88715625,0.0,0.11121861,2,natural_factor
2012-09-27,The_Wall_Street_Journal,0,0,1,1,0,1,0.11097194,0.014230755,0.8744196,0.0,0.0,2,financial_risk
2017-12-16,Thomson_Reuters,0,0,0,1,0,1,0.06696162,0.0,0.84811926,0.0,0.08461609,2,geopolitical_risk
2016-06-08,Thomson_Reuters,0,0,0,0,0,1,0.14629519,0.0,0.7103638,0.0,0.14287291,2,natural_factor
2017-11-18,Thomson_Reuters,0,0,0,0,0,1,0.27609506,0.032557145,0.6076822,0.0834496,0.0,2,natural_factor
2013-03-21,The_Wall_Street_Journal,0,0,0,0,0,1,0.58529997,0.0,0.0,0.3013104,0.11302833,0,natural_factor
2015-01-05,Thomson_Reuters,0,0,0,0,0,1,0.0,0.0,0.90049416,0.09867236,0.0,2,natural_factor
2015-10-07,The_Wall_Street_Journal,0,0,1,0,0,1,0.0,0.0,0.5802806,0.20898408,0.21025401,2,financial_risk
2012-02-13,The_Wall_Street_Journal,2,0,1,0,0,1,0.12949947,0.0,0.32907218,0.5411976,0.0,3,supply_side
2019-05-27,Thomson_Reuters,0,0,0,0,0,1,0.0,0.0,0.99495935,0.0,0.0,2,natural_factor
2007-04-16,The_Wall_Street_Journal,0,0,0,0,0,1,0.0,0.0,0.8311525,0.16729686,0.0,2,natural_factor
2009-10-26,Thomson_Reuters,0,0,1,0,0,2,0.38997397,0.0,0.0,0.6093243,0.0,3,natural_factor
1999-02-11,The_Wall_Street_Journal,0,0,0,0,0,1,0.14755732,0.123900294,0.7253892,0.0,0.0,2,natural_factor
2017-01-04,The_Jakarta_Post,1,0,0,0,0,1,0.15625113,0.0,0.6252015,0.0,0.21826512,2,supply_side
2019-02-07,The_Wall_Street_Journal,0,0,0,0,0,1,0.51698506,0.109363616,0.37293795,0.0,0.0,0,natural_factor
2001-05-11,The_Wall_Street_Journal,0,0,0,0,0,1,0.5351439,0.06157994,0.38727948,0.0,0.015644524,0,natural_factor
2016-05-01,Thomson_Reuters,0,0,0,0,0,1,0.08845438,0.0,0.8494598,0.061660685,0.0,2,natural_factor
2010-04-16,The_Wall_Street_Journal,0,0,0,0,0,1,0.0,0.0,0.9995551,0.0,0.0,2,natural_factor
2010-07-30,The_Wall_Street_Journal,1,0,0,0,0,1,0.0,0.0,0.66154915,0.3040953,0.033756,2,supply_side
2019-04-23,Thomson_Reuters,0,0,0,0,0,1,0.13269278,0.048504345,0.81722546,0.0,0.0,2,natural_factor
2018-04-19,The_Wall_Street_Journal,0,0,0,0,0,1,0.22110535,0.0,0.68892604,0.0,0.08295123,2,natural_factor
2017-04-03,Thomson_Reuters,0,0,1,0,0,1,0.0,0.0,0.94143015,0.056375198,0.0,2,financial_risk
2014-11-14,The_Wall_Street_Journal,3,0,0,0,0,1,0.029211944,0.0,0.38555548,0.58502704,0.0,3,supply_side
2018-11-23,Channel_News_Asia,0,0,0,0,0,1,0.454628,0.027893074,0.45190203,0.0,0.065091945,0,natural_factor
2001-01-23,The_Wall_Street_Journal,0,0,0,0,0,2,0.29420504,0.04578618,0.6596378,0.0,0.0,2,natural_factor
2012-08-30,The_Wall_Street_Journal,0,0,0,0,0,1,0.3544065,0.11009663,0.5348622,0.0,0.0,2,natural_factor
2012-10-03,The_Wall_Street_Journal,0,1,0,0,0,1,0.19096309,0.0,0.07282367,0.5813312,0.15468128,3,demand_side
2016-03-24,The_Jakarta_Post,0,0,0,0,0,1,0.32010388,0.13239475,0.39570436,0.0,0.15144993,2,natural_factor
1999-06-30,The_Wall_Street_Journal,0,0,1,0,0,2,0.07838467,0.0,0.8184043,0.04271876,0.060416643,2,natural_factor
2012-03-06,The_Wall_Street_Journal,0,0,0,0,0,1,0.0,0.0,0.5900206,0.4089838,0.0,2,natural_factor
2018-10-03,Thomson_Reuters,0,0,0,0,0,1,0.0,0.0,0.9731984,0.026533728,0.0,2,natural_factor
1999-02-24,The_Wall_Street_Journal,0,0,0,0,0,1,0.17749335,0.0,0.7735831,0.0,0.04875411,2,natural_factor
2019-04-28,Thomson_Reuters,0,0,0,0,0,1,0.34155506,0.12838112,0.52948725,0.0,0.0,2,natural_factor
2018-10-05,Thomson_Reuters,0,1,0,0,0,1,0.10358951,0.0,0.8885541,0.0,0.0,2,demand_side
2001-03-26,The_Wall_Street_Journal,0,0,2,0,0,1,0.0,0.14699577,0.8319015,0.020602625,0.0,2,financial_risk
2017-12-11,The_Wall_Street_Journal,0,0,0,0,0,1,0.23752922,0.0,0.7177238,0.013180309,0.031459104,2,natural_factor
2011-10-31,Thomson_Reuters,0,0,0,0,0,1,0.24596529,0.0,0.7020201,0.0,0.051606398,2,natural_factor
2009-08-06,The_Wall_Street_Journal,0,0,0,0,0,2,0.32363448,0.028002305,0.64806485,0.0,0.0,2,natural_factor
2014-12-15,The_Wall_Street_Journal,0,0,1,0,0,1,0.0,0.0,0.24000399,0.6708846,0.08812335,3,financial_risk
2016-04-18,Thomson_Reuters,0,0,0,0,0,1,0.0,0.0,0.99907094,0.0,0.0,2,natural_factor
2015-05-15,Thomson_Reuters,0,0,0,1,1,2,0.16847946,0.0,0.59528536,0.0,0.23583664,2,natural_factor
2007-03-19,The_Wall_Street_Journal,0,0,1,0,0,1,0.11762257,0.0,0.6508989,0.23122557,0.0,2,financial_risk
2013-05-24,The_Wall_Street_Journal,0,0,0,0,0,1,0.019349817,0.0,0.6013229,0.32416034,0.055039465,2,natural_factor
2014-08-07,The_Wall_Street_Journal,1,0,0,0,0,1,0.0,0.0,0.70476776,0.10240732,0.19250222,2,supply_side
2017-01-18,The_Wall_Street_Journal,0,0,1,0,0,1,0.11646155,0.0,0.86045545,0.02284602,0.0,2,financial_risk
2003-04-11,The_Wall_Street_Journal,0,0,2,0,0,1,0.0,0.0,0.9990276,0.0,0.0,2,financial_risk
2017-01-18,The_Wall_Street_Journal,0,0,0,0,0,1,0.5531741,0.018435994,0.4279607,0.0,0.0,0,natural_factor
2014-05-08,The_Wall_Street_Journal,0,0,0,0,0,2,0.0,0.0,0.63807434,0.13622934,0.22525991,2,natural_factor
2013-10-16,The_Wall_Street_Journal,0,0,0,0,0,1,0.061295774,0.0,0.93771666,0.0,0.0,2,natural_factor
2012-11-09,The_Wall_Street_Journal,0,0,1,0,0,1,0.0,0.0,0.9624898,0.036648426,0.0,2,financial_risk
2011-03-20,The_Wall_Street_Journal,1,0,0,0,0,1,0.12868118,0.0,0.43891248,0.4321676,0.0,2,supply_side
2000-08-11,The_Wall_Street_Journal,0,0,0,0,0,1,0.1922282,0.0,0.8056481,0.0,0.0,2,natural_factor
2013-05-09,The_Wall_Street_Journal,0,0,0,0,0,1,0.9773162,0.0,0.017435826,0.0,0.0,0,natural_factor
2002-07-25,The_Wall_Street_Journal,0,0,0,0,0,1,0.1323072,0.07182808,0.16369294,0.6320665,0.0,3,natural_factor
2012-10-18,The_Wall_Street_Journal,0,0,0,0,0,1,0.6780363,0.123076476,0.1815916,0.0,0.017211417,0,natural_factor
2000-12-20,The_Wall_Street_Journal,0,0,0,0,0,1,0.06390975,0.039786573,0.83339685,0.048119005,0.014787866,2,natural_factor
1999-02-18,The_Wall_Street_Journal,0,0,0,0,0,1,0.0,0.12761176,0.7155477,0.1564141,0.0,2,natural_factor
2013-11-29,Thomson_Reuters,0,0,1,0,0,1,0.0,0.0,0.9947257,0.0,0.0,2,financial_risk
2016-08-30,The_Phnom_Penh_Post,0,0,0,0,0,1,0.36985573,0.0,0.32500556,0.0,0.30440626,0,natural_factor
2018-03-29,The_Wall_Street_Journal,0,0,0,0,0,1,0.18643188,0.04562257,0.6479272,0.11982968,0.0,2,natural_factor
2014-08-28,The_Wall_Street_Journal,0,0,0,0,0,1,0.04387071,0.0,0.9548997,0.0,0.0,2,natural_factor
2012-08-09,The_Wall_Street_Journal,0,0,1,0,0,1,0.0,0.0,0.98150176,0.017886307,0.0,2,financial_risk
2003-04-09,The_Wall_Street_Journal,0,0,1,0,0,1,0.2156157,0.11178595,0.6723071,0.0,0.0,2,financial_risk
2016-01-22,The_Wall_Street_Journal,0,0,1,0,0,1,0.053640183,0.0,0.87823105,0.06753451,0.0,2,financial_risk
2007-03-14,The_Wall_Street_Journal,0,0,0,0,0,1,0.0,0.0,0.9480448,0.048749533,0.0,2,natural_factor
2018-05-07,Thomson_Reuters,0,0,0,0,0,1,0.56828994,0.0,0.23088165,0.20040783,0.0,0,natural_factor
2014-11-25,The_Wall_Street_Journal,0,0,0,1,0,1,0.08328659,0.0,0.916254,0.0,0.0,2,geopolitical_risk
2014-05-28,The_Wall_Street_Journal,0,0,0,0,0,1,0.6720225,0.13211143,0.19016843,0.0,0.0,0,natural_factor
2011-03-17,The_Wall_Street_Journal,0,0,0,0,0,3,0.50524765,0.07386987,0.4205652,0.0,0.0,0,natural_factor
2017-10-12,The_Wall_Street_Journal,0,0,2,0,0,1,0.398703,0.0,0.07838348,0.5222012,0.0,3,financial_risk
2019-01-16,Thomson_Reuters,0,0,0,0,0,1,0.09170523,0.0,0.90733844,0.0,0.0,2,natural_factor
2007-05-17,The_Wall_Street_Journal,0,0,0,0,0,1,0.0,0.0,0.99402815,0.0,0.0,2,natural_factor
2005-01-18,The_Wall_Street_Journal,0,0,0,0,0,1,0.18064088,0.03068385,0.4041305,0.37839356,0.0,2,natural_factor
2012-10-11,The_Wall_Street_Journal,0,1,1,0,0,1,0.26009014,0.0,0.5989992,0.14050682,0.0,2,demand_side
2014-05-30,The_Wall_Street_Journal,0,0,0,0,0,1,0.0,0.0,0.83961064,0.14682923,0.013142617,2,natural_factor
2012-05-04,Thomson_Reuters,0,0,1,0,0,1,0.0,0.0,0.99922127,0.0,0.0,2,financial_risk
2019-03-26,The_Wall_Street_Journal,0,0,0,0,0,1,0.031849917,0.030226823,0.881902,0.0,0.055777922,2,natural_factor
2019-01-25,The_Wall_Street_Journal,0,0,0,0,0,1,0.62502843,0.16014253,0.21373206,0.0,0.0,0,natural_factor
1999-08-23,The_Wall_Street_Journal,0,0,0,0,0,1,0.18139282,0.0,0.8182059,0.0,0.0,2,natural_factor
2018-11-13,The_Jakarta_Post,0,0,0,0,0,1,0.4587506,0.06213798,0.43669736,0.0,0.042218905,0,natural_factor
2019-03-04,The_Jakarta_Post,0,1,0,0,0,2,0.56934977,0.0,0.3249266,0.0,0.10542196,0,natural_factor
2019-02-20,Thomson_Reuters,1,0,0,0,0,1,0.08462147,0.0,0.5212659,0.32052332,0.073386565,2,supply_side
2012-08-30,The_Wall_Street_Journal,0,0,1,0,0,1,0.048927974,0.02030324,0.93028885,0.0,0.0,2,financial_risk
2018-11-13,The_Jakarta_Post,0,0,0,0,0,1,0.6188339,0.11321243,0.14634587,0.0,0.12122579,0,natural_factor
2011-07-26,The_Wall_Street_Journal,0,0,0,0,0,1,0.21546489,0.0,0.0,0.7838562,0.0,3,natural_factor
2012-10-21,The_Wall_Street_Journal,3,0,0,0,0,1,0.13780503,0.0,0.180449,0.5802832,0.10136781,3,supply_side
2019-10-06,Thomson_Reuters,0,0,0,0,0,1,0.0,0.029649952,0.9664813,0.0,0.0,2,natural_factor
2016-12-16,The_Myanmar_Times,0,0,0,0,0,1,0.5292656,0.012397658,0.32793033,0.0,0.12968977,0,natural_factor
2017-03-24,The_Wall_Street_Journal,0,0,0,0,0,1,0.79435235,0.0,0.109854035,0.09570797,0.0,0,natural_factor
2002-10-01,The_Wall_Street_Journal,1,0,0,0,0,3,0.08222624,0.018350365,0.027345108,0.871797,0.0,3,natural_factor
2015-12-01,The_Wall_Street_Journal,0,0,1,0,0,1,0.114292905,0.0,0.0,0.88179594,0.0,3,financial_risk
2012-12-13,The_Wall_Street_Journal,0,0,1,0,0,1,0.0,0.0,0.9923966,0.0,0.0,2,financial_risk
1998-11-06,The_Wall_Street_Journal,0,0,1,0,0,1,0.89154756,0.0,0.101657294,0.0,0.0,0,financial_risk
2012-08-06,Thomson_Reuters,0,0,0,0,0,1,0.5223217,0.0,0.0,0.17206246,0.3047639,0,natural_factor
2003-04-15,The_Wall_Street_Journal,0,0,1,0,0,1,0.0,0.0,0.9233539,0.075682744,0.0,2,financial_risk
2007-05-09,The_Wall_Street_Journal,0,0,0,0,0,1,0.0,0.0,0.8319441,0.16673708,0.0,2,natural_factor
2018-08-29,Thomson_Reuters,0,1,0,0,0,1,0.03990114,0.030464387,0.044336006,0.8850498,0.0,3,demand_side
2018-04-01,Thomson_Reuters,0,0,0,0,0,1,0.17553607,0.0,0.68782616,0.050462086,0.08608838,2,natural_factor
2010-07-23,The_Wall_Street_Journal,0,0,0,0,0,1,0.23185481,0.0,0.0,0.7671086,0.0,3,natural_factor
1998-10-29,The_Wall_Street_Journal,0,0,0,0,0,1,0.50457746,0.13241473,0.24677406,0.1160967,0.0,0,natural_factor
2019-10-01,Thomson_Reuters,0,0,0,0,0,1,0.0,0.0,0.99787766,0.0,0.0,2,natural_factor
2010-11-26,The_Wall_Street_Journal,0,0,0,0,0,1,0.05289836,0.0,0.0,0.9025186,0.04419712,3,natural_factor
2007-12-28,The_Wall_Street_Journal,0,0,0,0,0,1,0.66999865,0.079360865,0.25032368,0.0,0.0,0,natural_factor
2010-08-06,The_Wall_Street_Journal,0,0,1,0,0,1,0.09326997,0.0,0.5221674,0.38405246,0.0,2,financial_risk
2011-05-12,The_Wall_Street_Journal,1,0,0,0,0,2,0.13138208,0.0,0.22128697,0.6468336,0.0,3,natural_factor
2007-05-18,The_Wall_Street_Journal,1,0,0,0,0,1,0.0,0.0,0.77958846,0.21973865,0.0,2,supply_side
2002-05-02,The_Wall_Street_Journal,0,0,0,0,0,2,0.96731913,0.0,0.032331143,0.0,0.0,0,natural_factor
2014-08-13,The_Wall_Street_Journal,0,0,0,0,0,1,0.9300458,0.0,0.0,0.069493145,0.0,0,natural_factor
2018-11-08,Thomson_Reuters,0,0,0,0,0,1,0.2746115,0.0,0.5689542,0.043661144,0.112670295,2,natural_factor
2000-03-16,The_Wall_Street_Journal,0,0,0,0,0,1,0.0,0.0,0.57143444,0.42672157,0.0,2,natural_factor
2011-07-27,The_Wall_Street_Journal,1,0,0,0,0,4,0.0,0.0,0.31476188,0.4013124,0.28351942,3,natural_factor
2002-10-01,The_Wall_Street_Journal,0,0,0,0,0,1,0.4350991,0.059984397,0.5044911,0.0,0.0,2,natural_factor
2014-09-16,The_Wall_Street_Journal,3,0,1,0,0,1,0.0,0.0,0.24065605,0.75825673,0.0,3,supply_side
2002-03-26,The_Wall_Street_Journal,0,0,0,0,0,1,0.0,0.0,0.8801802,0.11895922,0.0,2,natural_factor
2019-08-08,The_Wall_Street_Journal,0,0,0,0,0,1,0.7267563,0.05368114,0.21914476,0.0,0.0,0,natural_factor
2006-12-14,The_Wall_Street_Journal,0,0,0,0,0,1,0.66569096,0.10011597,0.23360983,0.0,0.0,0,natural_factor
2018-06-16,Thomson_Reuters,1,0,0,0,0,1,0.0,0.0,0.91996247,0.033989094,0.045330696,2,supply_side
2010-02-19,The_Wall_Street_Journal,0,1,0,0,0,1,0.14635408,0.0,0.41651222,0.43688458,0.0,3,demand_side
2011-10-18,The_Wall_Street_Journal,2,0,0,0,0,1,0.23430082,0.0,0.12886037,0.62985176,0.0,3,supply_side
2016-04-03,The_Wall_Street_Journal,0,0,0,0,0,1,0.9204335,0.0,0.0,0.0789857,0.0,0,natural_factor
2017-11-01,The_Jakarta_Post,0,0,0,1,0,2,0.4804429,0.0,0.31488234,0.16677873,0.037812945,0,natural_factor
2012-07-24,The_Wall_Street_Journal,0,0,0,0,2,1,0.0,0.0,0.536715,0.30453107,0.15829663,2,esg_regulation
2018-10-01,Thomson_Reuters,0,0,0,0,0,1,0.0,0.0,0.97779566,0.021926561,0.0,2,natural_factor
2007-05-08,The_Wall_Street_Journal,1,0,0,0,0,1,0.0,0.0,0.94386286,0.047853135,0.0,2,supply_side
2011-04-11,The_Wall_Street_Journal,0,0,0,0,0,3,0.10307288,0.0,0.24641313,0.42890194,0.22150366,3,natural_factor
2010-06-23,The_Wall_Street_Journal,0,0,1,0,0,1,0.0,0.0,0.6665749,0.1780256,0.15422806,2,financial_risk
2019-10-31,Thomson_Reuters,1,0,0,0,0,1,0.0,0.0,0.7376053,0.2614587,0.0,2,supply_side
2015-01-04,The_Wall_Street_Journal,0,0,0,0,0,1,0.0,0.0,0.9759087,0.014803932,0.0,2,natural_factor
2007-05-05,The_Wall_Street_Journal,0,0,0,0,0,1,0.061480474,0.0,0.79258686,0.14568073,0.0,2,natural_factor
2001-11-23,The_Wall_Street_Journal,0,0,0,0,0,1,0.5761279,0.0,0.39787716,0.0,0.025626035,0,natural_factor
2002-10-28,The_Wall_Street_Journal,0,0,0,0,0,1,0.2870551,0.102515966,0.609329,0.0,0.0,2,natural_factor
2007-05-04,The_Wall_Street_Journal,0,0,0,0,0,1,0.0,0.0,0.95776343,0.040539313,0.0,2,natural_factor
2019-05-18,Channel_News_Asia,0,0,0,0,0,1,0.092174925,0.0,0.90732104,0.0,0.0,2,natural_factor
2014-06-20,The_Wall_Street_Journal,0,0,0,0,0,1,0.52551156,0.0,0.09119377,0.29355955,0.08965675,0,natural_factor
2018-02-13,Thomson_Reuters,0,0,0,0,0,1,0.038324997,0.014922761,0.9295132,0.0,0.016639039,2,natural_factor
2013-08-30,The_Wall_Street_Journal,0,0,0,0,0,1,0.9029346,0.0,0.0826754,0.0,0.014097074,0,natural_factor
2023-08-21,Thomson_Reuters,0,0,0,0,0,1,0.037362322,0.055689584,0.71446466,0.1443426,0.04814079,2,natural_factor
2023-11-09,The_Strait_Times,1,1,0,0,0,1,0.11841476,0.0,0.657534,0.0,0.22363487,2,supply_side
2023-10-27,Channel_News_Asia,0,0,0,0,0,1,0.4207061,0.0,0.39933333,0.023336433,0.1564985,0,natural_factor
2023-07-13,South_China_Morning_Post,0,0,0,0,0,1,0.7462706,0.0,0.24568205,0.0,0.0,0,natural_factor
2023-10-03,Thomson_Reuters,0,0,0,0,0,1,0.10928608,0.0,0.81246907,0.021618072,0.056487657,2,natural_factor
2023-09-08,Thomson_Reuters,0,0,0,0,1,1,0.0,0.0,0.70704865,0.025970234,0.2663268,2,esg_regulation
2023-10-04,Thomson_Reuters,0,0,0,0,0,1,0.026148327,0.0,0.8374133,0.0,0.13612695,2,natural_factor
2023-09-07,Thomson_Reuters,0,0,0,0,0,1,0.0,0.0,0.6742957,0.13263324,0.19239315,2,natural_factor
2023-09-13,Thomson_Reuters,0,1,0,0,1,2,0.18419221,0.0,0.65941155,0.0,0.15619066,2,natural_factor
2023-09-12,Channel_News_Asia,0,0,0,0,0,1,0.40883517,0.14510706,0.40897974,0.0,0.035994947,2,natural_factor
2023-07-21,Thomson_Reuters,0,0,0,0,0,1,0.21280956,0.0,0.06633074,0.7204066,0.0,3,natural_factor
2023-07-19,Thomson_Reuters,4,0,0,0,0,1,0.01476418,0.0,0.0,0.9844295,0.0,3,supply_side
2023-08-03,The_Wall_Street_Journal,0,0,0,0,0,1,0.5774194,0.0,0.4219367,0.0,0.0,0,natural_factor
2023-11-08,Thomson_Reuters,1,1,0,0,0,1,0.045866843,0.0,0.7239814,0.0,0.22971411,2,supply_side
2023-09-06,Thomson_Reuters,1,0,0,0,0,1,0.12083902,0.0,0.24773532,0.5061459,0.12511615,3,supply_side
2023-11-02,Thomson_Reuters,0,0,0,0,0,1,0.19369172,0.03574754,0.69792414,0.07223531,0.0,2,natural_factor
2023-11-07,Thomson_Reuters,0,1,1,0,0,1,0.0,0.0,0.83232355,0.040306304,0.12711029,2,demand_side
2023-11-07,New_Strait_Times,0,0,0,0,0,1,0.05955636,0.0,0.8298172,0.0,0.10343366,2,natural_factor
2023-11-08,Thomson_Reuters,0,0,0,0,1,1,0.0,0.0,0.8381728,0.0,0.16122049,2,esg_regulation
2023-11-02,Thomson_Reuters,1,0,0,0,0,1,0.12880015,0.0,0.19093712,0.6794955,0.0,3,supply_side
2023-10-31,Thomson_Reuters,0,0,0,0,1,1,0.19314557,0.0,0.6220159,0.15903017,0.025630329,2,esg_regulation
2023-08-23,Thomson_Reuters,1,0,0,1,1,2,0.08952965,0.0,0.45577803,0.21137655,0.24318632,2,natural_factor
2023-07-19,Thomson_Reuters,0,0,0,0,0,1,0.025992146,0.05477882,0.91835904,0.0,0.0,2,natural_factor
2023-09-12,Thomson_Reuters,0,1,0,0,0,1,0.024211612,0.0,0.8489754,0.11780296,0.0,2,demand_side
2023-08-04,Thomson_Reuters,0,0,0,0,0,1,0.079710364,0.0,0.9189886,0.0,0.0,2,natural_factor
2023-11-09,Thomson_Reuters,0,0,0,0,0,1,0.0,0.0,0.8084395,0.0,0.19066325,2,natural_factor
2023-07-27,Thomson_Reuters,0,0,0,0,0,1,0.0,0.0,0.84728086,0.13231307,0.01981791,2,natural_factor
2023-10-13,The_Wall_Street_Journal,0,0,0,1,0,1,0.0909366,0.0,0.13312261,0.7756743,0.0,3,geopolitical_risk
2023-08-29,Thomson_Reuters,1,0,0,0,0,1,0.35250208,0.0,0.0,0.64604187,0.0,3,supply_side
2023-09-07,The_Strait_Times,0,0,0,0,0,1,0.099662334,0.0,0.54984516,0.14924401,0.20109384,2,natural_factor
2023-11-08,The_Strait_Times,0,0,0,0,0,1,0.054191962,0.0,0.76562804,0.0,0.17976001,2,natural_factor
2023-11-13,Thomson_Reuters,0,0,0,0,0,1,0.37771067,0.0,0.6216907,0.0,0.0,2,natural_factor
2024-03-21,Financial_Times,1,1,1,0,0,1,0.1507805,0.0,0.7019642,0.11044828,0.036753196,2,supply_side
2024-03-11,JoongAng_Daily,0,0,0,0,0,1,0.33783928,0.0,0.49496,0.0,0.16663383,2,natural_factor
2024-06-09,The_Strait_Times,0,0,0,1,0,1,0.14101194,0.017367695,0.7981374,0.0,0.04308983,2,geopolitical_risk
2024-07-22,Thomson_Reuters,1,0,0,0,0,1,0.0,0.0,0.20207404,0.75683117,0.039519317,3,supply_side
2024-08-10,Financial_Times,1,0,0,0,0,1,0.045022417,0.0,0.89376426,0.051862374,0.0,2,supply_side
2024-01-04,The_Wall_Street_Journal,0,0,0,0,0,1,0.028179849,0.0,0.067139916,0.9037423,0.0,3,natural_factor
2024-03-25,The_Wall_Street_Journal,0,0,0,0,0,1,0.27225265,0.0,0.7272799,0.0,0.0,2,natural_factor
2023-12-28,Thomson_Reuters,0,0,0,0,0,1,0.3507264,0.051359985,0.5972503,0.0,0.0,2,natural_factor
2024-02-19,The_Wall_Street_Journal,0,0,0,0,0,1,0.062680595,0.015694654,0.8292089,0.031274125,0.061141744,2,natural_factor
2024-01-05,The_Strait_Times,0,0,1,0,0,1,0.2158717,0.0,0.06579505,0.7176209,0.0,3,financial_risk
2023-11-30,Viet_Nam_News,0,0,0,0,0,1,0.232339,0.0,0.42040122,0.0,0.34660983,2,natural_factor
2023-12-12,Thomson_Reuters,1,0,0,0,0,1,0.0,0.0,0.12024802,0.878675,0.0,3,supply_side
2024-03-01,The_Strait_Times,0,0,0,0,0,1,0.38354704,0.083219506,0.53225,0.0,0.0,2,natural_factor
2024-07-04,The_Wall_Street_Journal,0,0,0,0,0,1,0.019580385,0.0,0.97941643,0.0,0.0,2,natural_factor
2024-02-12,The_Wall_Street_Journal,0,0,1,0,0,1,0.14303687,0.0,0.24529247,0.61142755,0.0,3,financial_risk
2024-11-15,The_Strait_Times,0,0,0,0,0,1,0.080387585,0.0,0.9185414,0.0,0.0,2,natural_factor
2024-09-25,The_Strait_Times,0,0,0,1,0,1,0.16147433,0.0,0.7845314,0.0,0.04129253,2,geopolitical_risk
2024-10-04,Financial_Times,0,1,0,0,0,1,0.21637674,0.0,0.7228926,0.045799747,0.014876196,2,demand_side
2024-11-03,The_Strait_Times,0,0,0,0,0,1,0.09063091,0.0,0.6475617,0.0,0.2604309,2,natural_factor
2023-02-28,Thomson_Reuters,1,0,0,1,0,1,0.32155854,0.0,0.0,0.6772638,0.0,3,supply_side
2023-02-01,Thomson_Reuters,0,0,0,0,0,1,0.0,0.0,0.0,0.9992857,0.0,3,natural_factor
2022-09-28,The_Jakarta_Post,0,1,1,0,1,1,0.0,0.0,0.0,0.0,0.9992924,4,demand_side
2022-02-16,The_Jakarta_Post,0,0,0,0,0,1,0.0,0.1582521,0.0,0.0,0.840774,4,natural_factor
2023-03-08,The_Jakarta_Post,0,1,0,0,1,2,0.0,0.03970657,0.0,0.0,0.95959824,4,natural_factor
2022-02-05,The_Jakarta_Post,0,0,0,0,1,2,0.0,0.11755021,0.0,0.0,0.8818212,4,natural_factor
2020-11-30,The_Jakarta_Post,0,0,0,0,1,1,0.0,0.0,0.0,0.0,0.99903065,4,esg_regulation
2021-10-26,The_Strait_Times,0,0,0,0,1,1,0.0,0.0,0.0,0.0,0.9984982,4,esg_regulation
2021-08-05,The_Jakarta_Post,0,0,0,0,1,1,0.0,0.0,0.0,0.0,0.99881065,4,esg_regulation
2021-08-21,The_Jakarta_Post,0,0,1,0,1,1,0.0,0.011852253,0.0,0.0,0.9874368,4,financial_risk
2021-11-25,The_Jakarta_Post,0,0,0,0,1,1,0.0,0.0,0.0,0.0,0.99921656,4,esg_regulation
2021-10-05,The_Jakarta_Post,0,3,1,0,2,2,0.0,0.0,0.0,0.0,0.99934405,4,demand_side
2021-08-07,The_Jakarta_Post,0,0,0,0,1,1,0.0,0.0,0.0,0.0,0.9988904,4,esg_regulation
2021-09-24,The_Jakarta_Post,1,0,1,0,1,1,0.0,0.0,0.0,0.0,0.9989497,4,supply_side
2021-10-31,The_Phnom_Penh_Post,0,2,0,0,1,2,0.0,0.0,0.0,0.0,0.99939346,4,demand_side
2020-06-19,The_Jakarta_Post,0,0,0,0,2,1,0.0,0.0,0.0,0.0,0.99922234,4,esg_regulation
2019-08-01,The_Jakarta_Post,0,0,0,0,1,1,0.0,0.0,0.0,0.0,0.99901235,4,esg_regulation
2024-03-04,The_Jakarta_Post,0,0,0,0,1,1,0.0,0.013547829,0.0,0.0,0.9846145,4,esg_regulation
2024-11-28,API_NEWS_en,0,0,0,0,0,1,0.0,0.0,0.0,0.9993906,0.0,3,natural_factor
2024-11-27,API_NEWS_en,1,0,0,0,0,1,0.0,0.0,0.0,0.9992568,0.0,3,supply_side
2023-03-10,The_Strait_Times,0,0,0,0,0,1,0.0,0.035173386,0.16337278,0.0,0.80050206,4,natural_factor
1999-03-18,The_Wall_Street_Journal,0,0,0,0,0,3,0.0,0.9996462,0.0,0.0,0.0,1,natural_factor
1999-03-18,The_Wall_Street_Journal,0,0,0,0,0,3,0.0,0.9996462,0.0,0.0,0.0,1,natural_factor
2015-07-13,The_Wall_Street_Journal,0,0,0,0,0,1,0.0,0.9992098,0.0,0.0,0.0,1,natural_factor
2009-12-22,The_Wall_Street_Journal,0,0,0,0,0,1,0.0,0.9992339,0.0,0.0,0.0,1,natural_factor
2024-05-06,The_Wall_Street_Journal,0,0,0,1,0,1,0.99931496,0.0,0.0,0.0,0.0,0,geopolitical_risk
2024-05-10,The_Business_Times,0,0,0,0,0,1,0.9993847,0.0,0.0,0.0,0.0,0,natural_factor
2014-12-09,Thomson_Reuters,0,0,0,0,0,1,0.0,0.0,0.74451214,0.17542623,0.078491,2,natural_factor
2019-05-08,The_Wall_Street_Journal,0,0,0,0,0,1,0.0715061,0.0,0.60142976,0.3264027,0.0,2,natural_factor
2016-06-29,Thomson_Reuters,0,0,0,0,0,1,0.0,0.0,0.8932196,0.10377519,0.0,2,natural_factor
2016-01-25,Thomson_Reuters,1,0,2,0,0,2,0.0,0.0,0.51323855,0.47095078,0.015546492,2,financial_risk
2019-02-11,Thomson_Reuters,1,0,0,0,0,1,0.0,0.0,0.5281563,0.4684814,0.0,2,supply_side
2018-10-25,Thomson_Reuters,0,1,0,0,0,1,0.0,0.0,0.98969865,0.0,0.0,2,demand_side
2023-07-17,Thomson_Reuters,0,0,0,0,0,1,0.0,0.059228208,0.84677917,0.09347875,0.0,2,natural_factor
2023-09-18,Financial_Times,0,0,2,0,0,1,0.19530098,0.0,0.72962517,0.06891734,0.0,2,financial_risk
2023-07-25,Thomson_Reuters,1,0,0,0,0,1,0.16293514,0.0,0.088243075,0.74850374,0.0,3,supply_side
2023-08-22,Channel_News_Asia,0,0,0,0,0,1,0.1961576,0.0,0.7216109,0.08161743,0.0,2,natural_factor
2023-10-18,Financial_Times,0,0,3,0,1,2,0.18198298,0.0,0.7379198,0.07826107,0.0,2,financial_risk
2023-10-03,Thomson_Reuters,0,0,0,0,0,1,0.05845867,0.0,0.6859402,0.0,0.25463945,2,natural_factor
2023-08-23,The_Wall_Street_Journal,0,0,0,0,0,2,0.5208569,0.0,0.40749255,0.07128321,0.0,0,natural_factor
2023-07-31,Financial_Times,0,0,0,0,0,1,0.1541494,0.0,0.7929024,0.052403994,0.0,2,natural_factor
2023-09-15,Financial_Times,0,0,1,0,0,1,0.19209777,0.0,0.806628,0.0,0.0,2,financial_risk
2024-03-06,Financial_Times,0,0,0,0,0,1,0.2333096,0.0,0.556438,0.15028524,0.059789762,2,natural_factor
2024-04-04,Financial_Times,0,0,0,0,0,2,0.0,0.0,0.91588974,0.08343947,0.0,2,natural_factor
2024-04-16,Financial_Times,1,0,1,0,0,1,0.11542197,0.0,0.8412782,0.03665477,0.0,2,supply_side
2024-05-31,Financial_Times,0,0,1,0,0,1,0.579998,0.0,0.010940147,0.40881386,0.0,0,financial_risk
2024-09-06,Financial_Times,0,0,0,0,0,1,0.40143874,0.0,0.39038125,0.20769286,0.0,0,natural_factor
2024-05-14,The_Wall_Street_Journal,0,0,0,0,0,1,0.9994471,0.0,0.0,0.0,0.0,0,natural_factor
2024-04-02,The_Wall_Street_Journal,0,0,0,0,0,1,0.097593196,0.0,0.0,0.8724876,0.028780986,3,natural_factor
2024-07-20,Thomson_Reuters,0,0,0,0,0,2,0.028063638,0.016443994,0.0,0.9321846,0.023016138,3,natural_factor
2024-06-21,Financial_Times,0,0,0,0,1,2,0.75999415,0.0,0.23328526,0.0,0.0,0,natural_factor
2024-05-14,The_Business_Times,0,0,1,0,1,1,0.091130055,0.0,0.16810685,0.73202014,0.0,3,financial_risk
2024-01-11,The_Wall_Street_Journal,2,0,1,0,0,1,0.081437275,0.0,0.14561084,0.7663227,0.0,3,supply_side
2024-07-31,The_Wall_Street_Journal,0,0,0,0,0,1,0.7307336,0.0,0.14638723,0.11586421,0.0,0,natural_factor
2024-10-30,Financial_Times,0,0,0,0,0,1,0.13522531,0.0,0.6251922,0.22769706,0.011765458,2,natural_factor
2024-10-21,The_Wall_Street_Journal,0,0,0,0,0,1,0.7419106,0.061263293,0.19659156,0.0,0.0,0,natural_factor
2024-12-10,API_NEWS_en,0,0,1,0,0,1,0.6836897,0.0,0.01950754,0.073560596,0.22319631,0,financial_risk
2022-08-29,The_Strait_Times,0,0,0,0,0,1,0.7340528,0.0,0.11067245,0.0,0.15498938,0,natural_factor
2021-03-12,Thomson_Reuters,2,0,1,0,0,1,0.0,0.0,0.0,0.99874866,0.0,3,supply_side
2015-04-23,Financial_Times,0,0,1,0,0,1,0.09180511,0.0,0.330065,0.5612825,0.01673039,3,financial_risk
2023-02-02,Viet_Nam_News,1,0,0,0,3,2,0.14658283,0.0,0.23562539,0.08332555,0.53435296,4,esg_regulation
2022-04-07,The_Business_Times,0,1,0,0,0,1,0.8286029,0.0,0.0,0.0,0.17094946,0,demand_side
2020-02-13,Viet_Nam_News,0,0,0,0,1,2,0.15026903,0.0,0.35474807,0.0,0.49481302,4,natural_factor
2020-10-14,Financial_Times,0,0,1,1,0,1,0.11412794,0.0,0.7233609,0.03621703,0.12622523,2,financial_risk
2020-12-02,Financial_Times,0,0,0,0,0,1,0.24101578,0.0,0.7503121,0.0,0.0,2,natural_factor
2020-05-12,The_Jakarta_Post,0,0,0,0,0,1,0.31761143,0.116806634,0.44378403,0.0,0.12143818,2,natural_factor
2014-12-04,The_Wall_Street_Journal,1,0,2,0,0,1,0.03138666,0.0,0.30065212,0.6677695,0.0,3,financial_risk
2016-05-16,The_Jakarta_Post,0,0,0,0,0,1,0.23973194,0.1461721,0.5623472,0.0,0.051118992,2,natural_factor
2001-02-22,The_Wall_Street_Journal,0,0,2,0,0,1,0.02031428,0.0,0.8037562,0.015950503,0.15993093,2,financial_risk
2024-07-15,Thomson_Reuters,0,0,0,0,0,2,0.9478061,0.0,0.04173866,0.0,0.0,0,natural_factor
2024-05-15,The_Wall_Street_Journal,0,0,0,0,0,1,0.0,0.0,0.72946274,0.24031502,0.029520566,2,natural_factor
2020-04-02,Thomson_Reuters,0,0,1,0,0,1,0.0,0.0,0.18386036,0.8152264,0.0,3,financial_risk
2017-11-14,Thomson_Reuters,0,0,1,0,0,1,0.0,0.0,0.7174359,0.28162655,0.0,2,financial_risk
2020-04-28,Thomson_Reuters,0,0,1,0,0,1,0.3409098,0.0,0.42828616,0.23065814,0.0,2,financial_risk
2023-01-06,Thomson_Reuters,0,0,0,0,0,1,0.0,0.0,0.942407,0.0,0.05432584,2,natural_factor
2021-02-24,The_Wall_Street_Journal,0,0,0,0,0,3,0.39818707,0.0,0.49037558,0.10543298,0.0,2,natural_factor
2016-07-02,The_Wall_Street_Journal,1,0,2,0,0,1,0.20878619,0.0,0.04876465,0.6757344,0.06663851,3,financial_risk
2005-12-05,The_Wall_Street_Journal,0,0,0,0,0,1,0.21281679,0.0,0.11965955,0.66710037,0.0,3,natural_factor
2021-01-07,The_Business_Times,0,0,0,0,0,1,0.2995479,0.0,0.15379244,0.45110244,0.095412776,3,natural_factor
2018-08-14,Thomson_Reuters,0,0,0,0,0,1,0.092953995,0.0,0.66385204,0.24284999,0.0,2,natural_factor
2018-04-23,Thomson_Reuters,0,0,2,0,0,1,0.2293393,0.0,0.19256316,0.5778256,0.0,3,financial_risk
2005-02-04,The_Wall_Street_Journal,0,0,0,1,0,1,0.0,0.0,0.9305895,0.044436518,0.024752436,2,geopolitical_risk
2018-04-20,Thomson_Reuters,1,0,0,0,0,1,0.07174929,0.0,0.7638722,0.13880092,0.025527887,2,supply_side
2018-04-10,Thomson_Reuters,0,1,0,1,0,1,0.089967735,0.0,0.085693814,0.8239412,0.0,3,demand_side
2019-12-23,Thomson_Reuters,2,0,0,0,0,1,0.04875245,0.0,0.73058754,0.2203631,0.0,2,supply_side
2019-09-10,Thomson_Reuters,1,0,1,0,0,1,0.0,0.0,0.18567286,0.81316835,0.0,3,supply_side
2021-08-04,Thomson_Reuters,1,0,1,0,0,1,0.0,0.0,0.0,0.99767935,0.0,3,supply_side
2020-07-16,Thomson_Reuters,1,0,2,0,0,1,0.0,0.0,0.36421132,0.63467705,0.0,3,financial_risk
2018-04-09,Thomson_Reuters,0,0,0,0,0,1,0.12921299,0.0,0.06716768,0.80326694,0.0,3,natural_factor
2023-05-19,Manila_Bulletin,0,0,0,0,0,1,0.86373186,0.13338561,0.0,0.0,0.0,0,natural_factor
2021-09-02,Manila_Bulletin,0,0,0,0,0,1,0.83586085,0.07993992,0.08388995,0.0,0.0,0,natural_factor
2015-09-01,The_Wall_Street_Journal,0,0,0,0,0,1,0.751018,0.0,0.24404132,0.0,0.0,0,natural_factor
2006-08-15,The_Wall_Street_Journal,0,0,0,0,0,1,0.11960856,0.0,0.1497675,0.73010015,0.0,3,natural_factor
2023-04-25,Financial_Times,0,0,3,0,0,1,0.24450968,0.0,0.70538706,0.04049325,0.0,2,financial_risk
2023-02-18,Bangkok_Post,0,0,1,0,0,1,0.05390954,0.0,0.035329748,0.7849702,0.1256158,3,financial_risk
2023-06-5,Bangkok_Post,0,2,1,0,1,1,0.19038022,0.0,0.1228907,0.45644808,0.23023042,3,demand_side
2020-04-16,Thomson_Reuters,0,0,0,0,0,1,0.6721655,0.0,0.047418777,0.13909218,0.14114153,0,natural_factor
2020-12-15,New_Strait_Times,0,0,0,0,0,1,0.29201466,0.0,0.13502905,0.17452973,0.3982962,4,natural_factor
2021-03-15,Thomson_Reuters,0,0,0,0,0,1,0.3029598,0.0,0.6272951,0.0,0.06817367,2,natural_factor
2017-05-03,Thomson_Reuters,0,0,0,0,0,1,0.029152479,0.0,0.90582067,0.04958714,0.015237622,2,natural_factor
2018-09-25,The_Wall_Street_Journal,0,0,1,0,0,1,0.13525128,0.0,0.81354,0.040051263,0.011126327,2,financial_risk
2018-07-29,Financial_Times,0,0,0,0,0,1,0.67517006,0.0,0.324539,0.0,0.0,0,natural_factor
2013-02-26,Thomson_Reuters,1,0,0,0,0,2,0.022368712,0.0,0.8371001,0.1403441,0.0,2,natural_factor
2024-11-27,API_NEWS_en,1,0,0,0,0,1,0.0,0.0,0.0,0.9993394,0.0,3,supply_side
2024-12-20,API_NEWS_en,0,1,0,0,0,1,0.5898002,0.0,0.017520914,0.14066367,0.2518572,0,demand_side
2006-04-11,The_Wall_Street_Journal,0,0,1,0,0,2,0.35322413,0.0,0.64624894,0.0,0.0,2,natural_factor
2015-07-23,Thomson_Reuters,0,0,0,0,0,1,0.20341581,0.0,0.21478885,0.58133775,0.0,3,natural_factor
2015-06-07,Financial_Times,0,0,1,0,0,1,0.47063854,0.0,0.5291816,0.0,0.0,2,financial_risk
2017-11-27,Thomson_Reuters,0,0,0,0,0,1,0.0,0.0,0.74947715,0.2441092,0.0,2,natural_factor
2009-01-20,The_Wall_Street_Journal,0,0,0,0,0,1,0.522755,0.0,0.26768646,0.12934889,0.080084,0,natural_factor
2023-03-03,New_Strait_Times,0,0,0,0,0,1,0.20919105,0.0,0.41144747,0.02325545,0.3559766,2,natural_factor
2020-01-21,Thomson_Reuters,0,0,0,0,0,1,0.24378799,0.0,0.0,0.755369,0.0,3,natural_factor
2019-03-23,Channel_News_Asia,0,0,0,1,0,1,0.1600662,0.0,0.6639091,0.0,0.17586063,2,geopolitical_risk
2019-11-07,Thomson_Reuters,0,0,0,0,0,1,0.29121202,0.0,0.648357,0.059497505,0.0,2,natural_factor
2016-08-25,The_Wall_Street_Journal,0,0,0,0,0,1,0.17545013,0.0,0.61121196,0.0,0.2127855,2,natural_factor
2024-09-11,Channel_News_Asia,0,0,0,0,0,1,0.2867957,0.0,0.36360142,0.32612363,0.023340467,2,natural_factor
2021-05-01,New_Strait_Times,0,0,0,0,0,1,0.72429794,0.0,0.11183738,0.048894774,0.114798754,0,natural_factor
2020-12-02,Manila_Bulletin,0,0,2,0,0,2,0.6441183,0.0,0.246443,0.040443487,0.06890308,0,financial_risk
2020-05-12,Financial_Times,0,0,0,0,0,2,0.9993169,0.0,0.0,0.0,0.0,0,natural_factor
2021-12-20,Thomson_Reuters,0,0,0,0,0,1,0.7516245,0.0,0.0,0.24689336,0.0,0,natural_factor
2016-08-12,The_Wall_Street_Journal,0,0,0,0,0,1,0.8895181,0.0,0.10924782,0.0,0.0,0,natural_factor
2014-03-03,The_Wall_Street_Journal,0,0,0,0,0,1,0.99946016,0.0,0.0,0.0,0.0,0,natural_factor
2019-07-31,The_Jakarta_Post,0,0,0,0,1,1,0.0,0.0,0.0,0.0,0.99854696,4,esg_regulation
2024-11-28,API_NEWS_en,0,0,0,0,0,1,0.0,0.0,0.0,0.99932224,0.0,3,natural_factor
2023-02-22,Thomson_Reuters,1,0,0,1,0,1,0.0,0.0,0.0,0.997266,0.0,3,supply_side
2022-08-03,Thomson_Reuters,0,0,0,1,0,1,0.0,0.0,0.0,0.9971591,0.0,3,geopolitical_risk
2022-05-04,Thomson_Reuters,1,0,1,0,0,1,0.0,0.0,0.13695103,0.85308266,0.0,3,supply_side
2023-09-06,Thomson_Reuters,0,0,0,0,0,1,0.0,0.0,0.77586126,0.0,0.22269389,2,natural_factor
2022-07-22,Thomson_Reuters,3,0,1,1,0,1,0.0,0.0,0.0,0.9983033,0.0,3,supply_side
2022-07-20,Thomson_Reuters,0,0,0,0,0,4,0.483372,0.0,0.38238448,0.0,0.13389668,0,natural_factor
2023-06-05,Thomson_Reuters,0,0,1,0,0,1,0.0,0.0,0.50069577,0.49880412,0.0,2,financial_risk
2023-05-19,Thomson_Reuters,0,1,0,0,0,1,0.053858105,0.0,0.7317984,0.21384422,0.0,2,demand_side
2022-11-02,Thomson_Reuters,0,1,0,0,0,1,0.0,0.0,0.80436283,0.19296792,0.0,2,demand_side
2022-12-26,The_Strait_Times,0,0,0,0,0,1,0.1383425,0.2637335,0.5958186,0.0,0.0,2,natural_factor
2022-04-07,The_Wall_Street_Journal,0,0,1,0,0,1,0.7078811,0.0,0.0,0.29134354,0.0,0,financial_risk
2021-02-25,Thomson_Reuters,1,0,1,0,0,1,0.0,0.0,0.0,0.9982496,0.0,3,supply_side
2021-02-22,Thomson_Reuters,0,0,0,0,2,1,0.19855027,0.0,0.17906597,0.18864128,0.43365625,4,esg_regulation
2021-02-23,The_Business_Times,0,0,0,0,1,2,0.17199512,0.0,0.26008198,0.30190757,0.26580426,3,natural_factor
2020-08-07,Financial_Times,0,0,0,0,0,1,0.6828318,0.041610114,0.27541357,0.0,0.0,0,natural_factor
2020-06-08,The_Wall_Street_Journal,0,0,0,0,0,1,0.3068261,0.0,0.22860104,0.46434477,0.0,3,natural_factor
2021-01-19,Thomson_Reuters,1,0,1,0,0,1,0.0,0.0,0.0,0.9986371,0.0,3,supply_side
2020-11-03,Thomson_Reuters,0,0,0,0,0,1,0.0,0.0,0.8559598,0.0,0.13930586,2,natural_factor
2021-09-21,Thomson_Reuters,0,0,1,0,0,1,0.0,0.0,0.6913751,0.28059855,0.027242277,2,financial_risk
2020-11-02,Thomson_Reuters,0,0,0,0,0,1,0.0,0.0,0.9544678,0.0,0.040461168,2,natural_factor
2012-08-08,The_Wall_Street_Journal,0,0,1,0,0,1,0.0114194695,0.0,0.97746396,0.010921672,0.0,2,financial_risk
2018-08-13,Thomson_Reuters,0,1,0,0,0,1,0.0,0.0,0.65446985,0.22104947,0.124018066,2,demand_side
2014-07-21,The_Wall_Street_Journal,1,0,1,0,0,1,0.0,0.0,0.38392672,0.57444906,0.041081406,3,supply_side
2012-06-20,The_Wall_Street_Journal,0,0,1,0,0,1,0.058303818,0.0,0.9409459,0.0,0.0,2,financial_risk
2010-07-12,The_Wall_Street_Journal,1,0,0,0,0,2,0.027062122,0.0,0.5150469,0.4464477,0.011370602,2,natural_factor
2023-06-16,Thomson_Reuters,3,0,0,0,0,1,0.0,0.0,0.0,0.99840087,0.0,3,supply_side
2018-06-29,Thomson_Reuters,0,0,0,0,0,1,0.073345974,0.0,0.63956696,0.28584287,0.0,2,natural_factor
2012-12-30,The_Wall_Street_Journal,0,0,0,0,0,1,0.0581722,0.0,0.94122267,0.0,0.0,2,natural_factor
2018-01-12,Thomson_Reuters,0,0,0,0,0,1,0.0,0.0,0.70611376,0.29074335,0.0,2,natural_factor
2016-08-04,Thomson_Reuters,0,0,0,0,0,1,0.0,0.0,0.96961176,0.0,0.0204193,2,natural_factor
2015-01-14,The_Wall_Street_Journal,1,0,1,0,0,2,0.25797176,0.0,0.0,0.74098057,0.0,3,natural_factor
2013-05-17,The_Wall_Street_Journal,0,0,0,0,0,1,0.78224283,0.12013743,0.09734306,0.0,0.0,0,natural_factor
2011-12-30,The_Wall_Street_Journal,0,0,1,0,0,1,0.044480056,0.054762017,0.55347466,0.34715343,0.0,2,financial_risk
2016-08-15,Thomson_Reuters,0,0,0,1,0,1,0.0,0.0,0.9602612,0.0,0.028004905,2,geopolitical_risk
2015-01-20,The_Wall_Street_Journal,2,0,0,1,0,1,0.0,0.0,0.40659842,0.59286153,0.0,3,supply_side
2012-03-05,The_Wall_Street_Journal,0,0,0,0,0,1,0.5934172,0.0,0.121204235,0.26110068,0.024194987,0,natural_factor
2013-04-17,The_Wall_Street_Journal,2,0,0,0,0,1,0.0,0.0,0.2634941,0.73555076,0.0,3,supply_side
2012-08-10,The_Wall_Street_Journal,0,0,0,0,0,1,0.17459598,0.0,0.18896903,0.6361991,0.0,3,natural_factor
2009-08-06,The_Wall_Street_Journal,0,0,0,0,0,1,0.5570687,0.09033745,0.32727385,0.0,0.02515363,0,natural_factor
2017-01-24,Thomson_Reuters,0,0,0,0,0,1,0.0,0.0,0.9116018,0.083714664,0.0,2,natural_factor
2013-05-24,The_Wall_Street_Journal,0,0,1,0,0,1,0.7990171,0.0,0.0,0.19011052,0.0,0,financial_risk
1999-02-12,The_Wall_Street_Journal,0,1,0,0,0,1,0.22748145,0.1252713,0.6420489,0.0,0.0,2,demand_side
2014-05-08,The_Wall_Street_Journal,0,0,1,0,0,1,0.0,0.0,0.01339057,0.98478395,0.0,3,financial_risk
2000-08-11,The_Wall_Street_Journal,0,0,0,0,0,1,0.59851426,0.012494731,0.36001378,0.0,0.02879953,0,natural_factor
2018-03-29,The_Wall_Street_Journal,0,0,0,0,0,1,0.053771626,0.0,0.59554905,0.35037515,0.0,2,natural_factor
2018-05-07,Thomson_Reuters,0,0,0,0,0,1,0.26476178,0.0,0.5158707,0.21761012,0.0,2,natural_factor
2017-10-12,The_Wall_Street_Journal,0,0,0,1,0,2,0.4512393,0.070694044,0.47764573,0.0,0.0,2,natural_factor
2012-02-16,The_Wall_Street_Journal,1,0,1,0,0,1,0.044136304,0.0,0.0,0.9545524,0.0,3,supply_side
2014-05-30,The_Wall_Street_Journal,0,0,0,0,0,1,0.03817938,0.0,0.634012,0.16867688,0.15901498,2,natural_factor
2015-05-07,The_Wall_Street_Journal,2,0,1,0,0,1,0.0,0.0,0.0,0.99824125,0.0,3,supply_side
2010-07-23,The_Wall_Street_Journal,1,0,0,0,0,1,0.0,0.0,0.6037667,0.36893418,0.02670281,2,supply_side
2019-10-01,Thomson_Reuters,0,0,0,0,0,1,0.35999265,0.034458693,0.56744134,0.03775357,0.0,2,natural_factor
2012-01-06,The_Wall_Street_Journal,0,0,0,0,0,1,0.4496389,0.059541084,0.4906015,0.0,0.0,2,natural_factor
2012-02-27,The_Wall_Street_Journal,0,0,1,0,0,1,0.100111924,0.0,0.89931643,0.0,0.0,2,financial_risk
2010-07-21,Thomson_Reuters,0,0,0,0,0,1,0.059285443,0.0,0.048973877,0.89119256,0.0,3,natural_factor
2010-02-19,The_Wall_Street_Journal,0,0,0,0,0,1,0.7469812,0.13970912,0.10507979,0.0,0.0,0,natural_factor
2016-04-03,The_Wall_Street_Journal,0,0,0,0,0,1,0.0959299,0.0,0.74520266,0.0,0.15860347,2,natural_factor
2019-10-31,Thomson_Reuters,0,0,0,0,1,1,0.32053992,0.0,0.48861408,0.0,0.19023171,2,esg_regulation
2019-05-20,Thomson_Reuters,0,0,0,0,0,1,0.0,0.0,0.9931792,0.0,0.0,2,natural_factor
2023-11-21,Thomson_Reuters,0,0,0,0,0,2,0.046293203,0.0,0.91941905,0.034112547,0.0,2,natural_factor
2024-07-22,Thomson_Reuters,0,0,1,0,0,2,0.079090424,0.0,0.8974171,0.0,0.023345966,2,natural_factor
2023-12-12,Thomson_Reuters,0,0,0,0,0,1,0.5277989,0.0,0.13107182,0.34085098,0.0,0,natural_factor
2024-10-28,Financial_Times,0,0,0,0,0,2,0.5566941,0.06416511,0.37599888,0.0,0.0,0,natural_factor
2023-02-28,Thomson_Reuters,0,1,2,0,0,1,0.27540776,0.0,0.15412866,0.55175096,0.013163871,3,financial_risk
2023-02-01,Thomson_Reuters,2,0,0,1,0,1,0.0,0.0,0.0,0.99741316,0.0,3,supply_side
2024-11-27,API_NEWS_en,1,0,0,0,0,1,0.0,0.0,0.0,0.99923503,0.0,3,supply_side
2000-08-14,The_Wall_Street_Journal,0,0,0,0,0,1,0.0,0.0,0.99715036,0.0,0.0,2,natural_factor
2019-09-16,Thomson_Reuters,0,0,0,0,0,1,0.0656447,0.0,0.81684166,0.116910204,0.0,2,natural_factor
2019-10-28,Thomson_Reuters,0,0,0,0,0,1,0.0,0.0,0.0,0.9926088,0.0,3,natural_factor
2020-10-21,Thomson_Reuters,0,0,1,0,0,1,0.42130688,0.0,0.3765254,0.20199694,0.0,0,financial_risk
2015-09-30,The_Wall_Street_Journal,1,0,0,1,0,1,0.0,0.0,0.5176165,0.48132074,0.0,2,supply_side
2015-09-22,The_Wall_Street_Journal,0,0,0,0,0,1,0.95663226,0.0,0.03605717,0.0,0.0,0,natural_factor
2001-01-09,The_Wall_Street_Journal,0,0,0,0,0,1,0.03183869,0.0,0.88768995,0.016104449,0.06410505,2,natural_factor
2021-11-04,Thomson_Reuters,0,0,0,0,0,1,0.0,0.0,0.6857282,0.31313288,0.0,2,natural_factor
2021-09-08,Thomson_Reuters,0,0,0,0,0,1,0.31124055,0.0,0.4309685,0.24889392,0.0,2,natural_factor
2021-08-11,Thomson_Reuters,0,0,0,0,0,2,0.0,0.0,0.07863862,0.92024976,0.0,3,natural_factor
2016-03-14,Thomson_Reuters,0,0,1,0,0,1,0.09084443,0.0,0.042238813,0.8589351,0.0,3,financial_risk
2023-01-03,The_Wall_Street_Journal,0,1,1,0,0,1,0.7884036,0.0,0.0,0.20517287,0.0,0,demand_side
2021-12-10,The_Wall_Street_Journal,0,0,0,0,0,1,0.93193567,0.0,0.047711145,0.0,0.020172128,0,natural_factor
2021-07-06,The_Wall_Street_Journal,0,0,0,0,0,1,0.9993872,0.0,0.0,0.0,0.0,0,natural_factor
2018-06-05,Thomson_Reuters,0,0,0,0,0,1,0.21998534,0.0,0.23335877,0.5456686,0.0,3,natural_factor
2019-07-19,The_Wall_Street_Journal,0,0,0,0,0,1,0.67221963,0.0,0.3269326,0.0,0.0,0,natural_factor
2022-01-25,New_Strait_Times,0,0,0,0,0,1,0.5604304,0.0,0.43810406,0.0,0.0,0,natural_factor
2022-11-11,Financial_Times,0,1,2,0,0,2,0.34879237,0.0,0.6284049,0.0,0.022636667,2,financial_risk
2020-04-28,The_Jakarta_Post,0,0,0,0,0,1,0.20015322,0.0,0.60120976,0.0,0.19840154,2,natural_factor
2021-04-14,New_Strait_Times,0,0,0,0,0,1,0.72845244,0.0,0.24926655,0.0,0.021707147,0,natural_factor
2021-03-11,Thomson_Reuters,0,1,1,0,0,1,0.12114771,0.0,0.80630106,0.017088981,0.055271547,2,demand_side
2020-11-27,Financial_Times,1,0,0,0,1,1,0.8877086,0.010670792,0.09244552,0.0,0.0,0,supply_side
2020-08-15,The_Jakarta_Post,0,0,0,0,0,1,0.34600985,0.0,0.5602684,0.0,0.09341869,2,natural_factor
2021-05-27,New_Strait_Times,0,0,0,0,0,1,0.8862836,0.0,0.0,0.0,0.11273088,0,natural_factor
2021-11-30,The_Strait_Times,0,0,0,0,0,1,0.99456507,0.0,0.0,0.0,0.0,0,natural_factor
2020-03-02,The_Jakarta_Post,0,0,0,1,0,1,0.17934008,0.0,0.68058246,0.0,0.13989171,2,geopolitical_risk
2021-04-24,New_Strait_Times,0,0,0,0,0,1,0.6524862,0.0,0.31880233,0.0,0.028038954,0,natural_factor
2020-07-18,The_Jakarta_Post,0,0,0,0,0,1,0.22666138,0.0,0.58525294,0.0,0.18751206,2,natural_factor
2021-07-23,Thomson_Reuters,0,0,0,0,0,1,0.9008894,0.0,0.09847405,0.0,0.0,0,natural_factor
2021-08-28,The_Wall_Street_Journal,0,0,0,0,0,3,0.755955,0.0,0.16901968,0.0,0.06797712,0,natural_factor
2021-02-25,Financial_Times,1,0,0,1,0,2,0.43406534,0.0,0.52003103,0.0,0.045739856,2,natural_factor
2021-05-18,New_Strait_Times,0,0,0,0,0,1,0.7902123,0.0,0.15194792,0.0,0.057016667,0,natural_factor
2020-11-06,Viet_Nam_News,0,0,0,0,0,1,0.0,0.018548733,0.17716578,0.5690513,0.23471698,3,natural_factor
2021-12-21,New_Strait_Times,0,2,0,0,0,2,0.2744824,0.0,0.6709097,0.0,0.053406566,2,demand_side
2021-08-06,Thomson_Reuters,0,0,0,0,0,1,0.041047513,0.0,0.9525287,0.0,0.0,2,natural_factor
2021-05-24,New_Strait_Times,0,0,0,0,0,1,0.76844245,0.0,0.23030342,0.0,0.0,0,natural_factor
2021-04-27,New_Strait_Times,0,0,0,0,0,1,0.60139215,0.0,0.39709875,0.0,0.0,0,natural_factor
2021-12-15,Thomson_Reuters,0,0,0,0,0,1,0.70608735,0.0,0.20494713,0.0,0.08816769,0,natural_factor
2021-11-27,The_Strait_Times,0,0,0,0,0,1,0.83318007,0.0,0.12654917,0.039967727,0.0,0,natural_factor
2020-10-20,Channel_News_Asia,0,0,0,0,0,1,0.94582415,0.014990155,0.012960796,0.0,0.025918612,0,natural_factor
2021-05-25,New_Strait_Times,0,0,0,0,0,1,0.7327593,0.0,0.12667148,0.0,0.14022268,0,natural_factor
2013-11-24,The_Jakarta_Post,0,0,0,1,0,3,0.25749663,0.0,0.53576344,0.0,0.20646138,2,natural_factor
2001-12-26,The_Wall_Street_Journal,0,1,0,0,0,1,0.78656346,0.0,0.19401905,0.0,0.0,0,demand_side
2017-06-20,The_Jakarta_Post,0,0,0,0,0,1,0.08092986,0.051359057,0.7312333,0.0,0.13559812,2,natural_factor
2015-09-07,The_Jakarta_Post,0,0,0,0,0,2,0.62958395,0.0,0.28452238,0.0,0.085397825,0,natural_factor
2019-07-05,Channel_News_Asia,0,0,0,0,1,2,0.7591292,0.0,0.16475262,0.0,0.070182465,0,natural_factor
2018-11-03,Channel_News_Asia,1,0,0,0,0,1,0.92321676,0.0,0.0,0.0,0.075462915,0,supply_side
2019-03-20,Channel_News_Asia,0,0,0,0,0,2,0.45981583,0.0,0.3732501,0.0,0.16655092,0,natural_factor
2009-03-05,The_Wall_Street_Journal,0,0,0,0,1,1,0.8364458,0.0,0.03713347,0.02259152,0.103790365,0,esg_regulation
2019-01-28,The_Jakarta_Post,0,0,0,0,0,1,0.2122325,0.0,0.62884307,0.0,0.15842815,2,natural_factor
2005-05-12,The_Wall_Street_Journal,0,0,0,0,0,1,0.7229561,0.0,0.274806,0.0,0.0,0,natural_factor
2018-07-09,The_Jakarta_Post,0,0,0,0,0,1,0.43132654,0.0,0.42292362,0.0,0.14543153,0,natural_factor
2018-07-07,The_Jakarta_Post,0,0,0,0,0,1,0.608772,0.0,0.28914705,0.0,0.1016145,0,natural_factor
2018-07-18,Thomson_Reuters,0,0,0,0,0,1,0.5998663,0.0,0.10366003,0.17358327,0.12272513,0,natural_factor
2011-03-15,The_Wall_Street_Journal,0,0,0,0,1,1,0.82673365,0.0,0.025646193,0.0,0.14534606,0,esg_regulation
2015-05-05,The_Wall_Street_Journal,0,0,0,0,0,1,0.0,0.0,0.7774686,0.22164568,0.0,2,natural_factor
2018-04-25,Channel_News_Asia,0,0,0,0,0,1,0.5245707,0.0,0.41780624,0.0,0.057020586,0,natural_factor
2019-10-09,The_Jakarta_Post,0,0,0,0,0,2,0.75496465,0.0,0.12410305,0.0,0.1206263,0,natural_factor
2016-05-25,The_Jakarta_Post,0,0,0,0,1,1,0.48227376,0.0,0.37744927,0.0,0.1397298,0,esg_regulation
2018-06-09,Thomson_Reuters,0,0,0,0,0,1,0.57378644,0.0,0.109940164,0.13434581,0.18180068,0,natural_factor
2018-02-02,The_Jakarta_Post,0,0,0,0,0,1,0.47202364,0.09659169,0.21870776,0.0,0.21198942,0,natural_factor
2015-11-12,Thomson_Reuters,2,0,0,0,0,1,0.14836572,0.0,0.46547282,0.28365752,0.1024398,2,supply_side
2018-04-23,The_Wall_Street_Journal,0,0,0,0,0,1,0.5769584,0.037035152,0.12553164,0.067892976,0.19258183,0,natural_factor
1999-05-17,The_Wall_Street_Journal,0,0,0,0,0,1,0.56768453,0.0,0.39008725,0.0,0.04183125,0,natural_factor
2019-06-27,Channel_News_Asia,0,0,0,0,0,2,0.70562017,0.0,0.2509294,0.0,0.042836823,0,natural_factor
2018-08-23,The_Jakarta_Post,0,0,0,0,0,2,0.5334464,0.0,0.41299355,0.0,0.05325557,0,natural_factor
2017-11-15,The_Jakarta_Post,0,0,0,0,0,1,0.2727861,0.019299787,0.61215556,0.0,0.09554551,2,natural_factor
2018-01-10,The_Jakarta_Post,0,0,0,0,1,1,0.43691936,0.06627247,0.3660773,0.0,0.13052443,0,esg_regulation
2017-06-06,The_Wall_Street_Journal,0,0,1,0,0,1,0.029175252,0.0,0.74967074,0.18512306,0.035912782,2,financial_risk
2019-07-01,Channel_News_Asia,0,0,0,0,1,2,0.7095388,0.0,0.15633444,0.0,0.13357472,0,natural_factor
2018-08-31,The_Jakarta_Post,0,0,0,0,0,1,0.20015903,0.0,0.5950791,0.0,0.20451443,2,natural_factor
2015-10-05,The_Jakarta_Post,0,0,0,0,0,2,0.59225625,0.010769876,0.34792605,0.0,0.04886166,0,natural_factor
2017-07-21,Viet_Nam_News,0,0,0,0,0,3,0.5087722,0.0,0.17165269,0.059218965,0.26027438,0,natural_factor
2024-12-10,API_NEWS_en,0,0,0,0,0,1,0.96771294,0.0,0.0,0.0,0.031668734,0,natural_factor
2014-09-15,The_Wall_Street_Journal,0,0,0,0,0,1,0.0,0.0,0.13097087,0.8310175,0.036875144,3,natural_factor
2015-07-16,The_Wall_Street_Journal,0,0,0,0,0,1,0.9472046,0.0,0.05219796,0.0,0.0,0,natural_factor
2016-07-18,Thomson_Reuters,0,0,0,0,0,1,0.5331752,0.025949614,0.44039494,0.0,0.0,0,natural_factor
2016-05-11,Thomson_Reuters,0,0,1,0,0,1,0.029744318,0.0,0.6900447,0.2798294,0.0,2,financial_risk
2016-12-29,Thomson_Reuters,0,0,0,0,0,1,0.0,0.0,0.0,0.982246,0.0,3,natural_factor
2003-04-25,The_Wall_Street_Journal,0,0,1,0,0,1,0.08293228,0.0,0.0,0.8893915,0.022358542,3,financial_risk
2012-04-20,The_Wall_Street_Journal,0,0,0,0,0,1,0.9276258,0.0,0.06234111,0.0,0.0,0,natural_factor
2022-09-23,Thomson_Reuters,1,1,0,0,0,1,0.27737853,0.0,0.5778487,0.11387399,0.03082759,2,supply_side
2022-11-13,Taipei_Times,1,1,2,0,0,1,0.12494315,0.0,0.0,0.8738742,0.0,3,financial_risk
2020-03-03,Thomson_Reuters,0,0,0,0,0,1,0.0,0.0,0.06748129,0.9262763,0.0,3,natural_factor
2020-04-29,Thomson_Reuters,0,0,0,0,0,1,0.0,0.0,0.0,0.9943284,0.0,3,natural_factor
2020-03-09,The_Wall_Street_Journal,2,0,2,0,0,2,0.18170428,0.0,0.08417138,0.7153711,0.018606681,3,supply_side
2021-07-20,Thomson_Reuters,1,0,2,0,0,1,0.0,0.0,0.778883,0.22026251,0.0,2,financial_risk
2020-07-02,Thomson_Reuters,1,0,0,0,0,1,0.0,0.0,0.67329526,0.28221184,0.041642353,2,supply_side
2020-01-08,Thomson_Reuters,0,0,1,0,0,1,0.0,0.0,0.0,0.98756164,0.0,3,financial_risk
2020-02-14,Thomson_Reuters,0,0,0,0,0,1,0.0,0.0,0.0,0.9880734,0.0,3,natural_factor
2020-01-08,Thomson_Reuters,0,0,0,0,0,1,0.0,0.0,0.0,0.9893687,0.0,3,natural_factor
2020-02-17,Thomson_Reuters,0,0,0,0,0,1,0.0,0.0,0.0,0.99220604,0.0,3,natural_factor
2012-01-31,Thomson_Reuters,1,0,0,0,0,1,0.0,0.0,0.71771497,0.28140742,0.0,2,supply_side
2017-09-20,Thomson_Reuters,0,0,0,0,0,1,0.0,0.0,0.63704956,0.3612367,0.0,2,natural_factor
2019-07-29,Thomson_Reuters,0,0,0,0,0,1,0.0,0.0,0.42278913,0.5688117,0.0,3,natural_factor
2010-09-15,Thomson_Reuters,0,0,0,0,0,1,0.19744012,0.0,0.22346908,0.5787823,0.0,3,natural_factor
2010-09-08,Thomson_Reuters,0,0,0,0,0,1,0.028811565,0.0,0.069255136,0.90164226,0.0,3,natural_factor
2010-07-08,Thomson_Reuters,0,0,0,0,0,1,0.024002494,0.0,0.2343666,0.7411499,0.0,3,natural_factor
2013-12-16,Thomson_Reuters,1,0,0,0,0,1,0.0,0.0,0.8592166,0.13941552,0.0,2,supply_side
2015-05-21,Thomson_Reuters,1,0,0,0,0,1,0.0,0.015415606,0.5391452,0.41761896,0.018808836,2,supply_side
2018-09-04,Thomson_Reuters,1,0,0,0,0,1,0.0,0.0,0.0,0.996946,0.0,3,supply_side
2017-02-28,Thomson_Reuters,4,0,0,0,1,1,0.0,0.0,0.07334036,0.90232974,0.023946997,3,supply_side
2012-01-27,Thomson_Reuters,2,0,0,0,0,1,0.0,0.0,0.7283907,0.27130395,0.0,2,supply_side
2010-04-30,Thomson_Reuters,1,0,0,0,0,1,0.028813273,0.0,0.09101603,0.87987566,0.0,3,supply_side
2012-01-27,Thomson_Reuters,0,1,1,0,0,1,0.1010352,0.0,0.20458749,0.6940467,0.0,3,demand_side
2010-04-29,Thomson_Reuters,0,0,0,0,0,1,0.040309492,0.0,0.0,0.9587706,0.0,3,natural_factor
2017-11-01,Thomson_Reuters,0,0,0,0,0,1,0.16089858,0.0,0.27566394,0.56297064,0.0,3,natural_factor
2019-01-03,Thomson_Reuters,0,0,0,0,0,1,0.0,0.0,0.17635347,0.8159293,0.0,3,natural_factor
2013-01-14,Thomson_Reuters,1,0,0,0,0,1,0.15883175,0.0,0.05971256,0.781099,0.0,3,supply_side
2013-11-11,Thomson_Reuters,1,0,0,0,0,1,0.0,0.0,0.1033481,0.8957741,0.0,3,supply_side
2017-03-20,Thomson_Reuters,0,0,0,0,1,1,0.03899406,0.0,0.9128592,0.023373663,0.024728602,2,esg_regulation
2012-01-27,Thomson_Reuters,1,0,0,0,0,1,0.0,0.0,0.79610646,0.2032768,0.0,2,supply_side
2018-09-28,Thomson_Reuters,0,0,0,0,0,1,0.0,0.0,0.62061495,0.37312084,0.0,2,natural_factor
2010-08-02,Thomson_Reuters,0,0,0,0,0,1,0.0,0.0,0.0,0.9990969,0.0,3,natural_factor
2019-02-18,Thomson_Reuters,0,0,0,0,0,1,0.0,0.0,0.0,0.74922913,0.24493378,3,natural_factor
2010-10-12,Thomson_Reuters,1,0,0,0,0,2,0.017018283,0.0,0.01446107,0.9681613,0.0,3,natural_factor
2010-11-10,Thomson_Reuters,0,0,0,0,0,1,0.11599757,0.0,0.18755795,0.6961122,0.0,3,natural_factor
2016-11-02,Thomson_Reuters,0,0,0,0,0,1,0.0,0.0,0.0,0.99411094,0.0,3,natural_factor
2016-11-14,Thomson_Reuters,4,0,0,0,0,1,0.072050996,0.0,0.12850267,0.79132944,0.0,3,supply_side
2018-02-06,Thomson_Reuters,0,0,0,0,0,1,0.0,0.0,0.0,0.9841805,0.0,3,natural_factor
2010-01-08,Thomson_Reuters,0,0,0,0,0,1,0.16752823,0.0,0.16589038,0.6662413,0.0,3,natural_factor
2017-04-05,Thomson_Reuters,0,0,0,0,0,1,0.22844665,0.0,0.63862777,0.13240105,0.0,2,natural_factor
2013-02-28,Thomson_Reuters,0,0,1,0,0,1,0.0,0.0,0.76104474,0.23839992,0.0,2,financial_risk
2019-04-29,Thomson_Reuters,0,0,0,0,0,1,0.0,0.0,0.0,0.99073255,0.0,3,natural_factor
2013-02-21,Thomson_Reuters,1,0,0,0,0,1,0.0,0.0,0.7802695,0.21935244,0.0,2,supply_side
2019-03-28,Thomson_Reuters,1,0,0,0,0,1,0.0,0.0,0.75334555,0.2151381,0.02913067,2,supply_side
2017-05-30,Thomson_Reuters,0,0,1,0,0,1,0.0,0.0,0.22633506,0.7702385,0.0,3,financial_risk
2010-09-08,Thomson_Reuters,0,0,0,0,0,1,0.0,0.0,0.11282632,0.8711878,0.015361683,3,natural_factor
2014-09-04,Thomson_Reuters,1,0,0,0,0,1,0.0,0.0,0.7475973,0.25203288,0.0,2,supply_side
2019-04-17,Thomson_Reuters,0,0,0,0,1,1,0.110057555,0.0,0.59159935,0.050437193,0.24784644,2,esg_regulation
2012-11-05,Thomson_Reuters,0,0,2,0,0,2,0.0,0.0,0.23427367,0.76478064,0.0,3,financial_risk
2018-05-09,Thomson_Reuters,0,0,0,0,0,1,0.45725164,0.0,0.2720485,0.2700895,0.0,0,natural_factor
2013-03-04,Thomson_Reuters,0,0,0,0,0,1,0.0,0.0,0.8253621,0.17351924,0.0,2,natural_factor
2015-02-17,Thomson_Reuters,0,0,1,0,0,1,0.043670263,0.0,0.076276764,0.8689946,0.010944338,3,financial_risk
2014-12-31,Thomson_Reuters,1,0,1,0,0,1,0.0,0.0,0.0,0.99890304,0.0,3,supply_side
2018-10-16,Thomson_Reuters,0,0,2,0,0,1,0.27906206,0.011667645,0.0,0.7088428,0.0,3,financial_risk
2012-02-10,Thomson_Reuters,1,0,0,0,0,1,0.0,0.0,0.79851305,0.20063515,0.0,2,supply_side
2012-02-22,Thomson_Reuters,1,0,0,0,0,1,0.0,0.0,0.7225425,0.27568135,0.0,2,supply_side
2018-10-22,Thomson_Reuters,0,0,1,0,0,1,0.0,0.0,0.0,0.9880717,0.0,3,financial_risk
2012-10-19,Thomson_Reuters,1,0,0,0,0,1,0.07849805,0.0,0.55182415,0.36315978,0.0,2,supply_side
2013-10-01,Thomson_Reuters,2,0,0,0,0,1,0.0,0.0,0.6680731,0.33124688,0.0,2,supply_side
2015-02-17,Thomson_Reuters,0,0,1,0,0,1,0.053990886,0.0,0.13024682,0.81540376,0.0,3,financial_risk
2012-08-17,Thomson_Reuters,0,0,1,0,0,1,0.064480655,0.0,0.19478908,0.74037457,0.0,3,financial_risk
2013-02-26,Thomson_Reuters,0,0,0,0,0,2,0.8614006,0.0,0.12246894,0.0,0.015564471,0,natural_factor
2018-07-23,Thomson_Reuters,0,0,0,0,0,1,0.0,0.0,0.0,0.98852295,0.0,3,natural_factor
2013-01-04,Thomson_Reuters,1,0,0,0,0,1,0.0,0.0,0.7283797,0.27107868,0.0,2,supply_side
2019-10-17,Thomson_Reuters,0,0,0,0,0,1,0.0,0.0,0.0,0.98499763,0.0,3,natural_factor
2018-07-30,Thomson_Reuters,0,0,0,0,0,1,0.0,0.0,0.0,0.9924223,0.0,3,natural_factor
2019-12-12,Thomson_Reuters,0,0,0,0,0,1,0.0,0.0,0.10933244,0.8846085,0.0,3,natural_factor
2018-06-28,Thomson_Reuters,3,0,0,1,0,2,0.0,0.0,0.5006772,0.3970974,0.10195676,2,supply_side
2018-01-18,Thomson_Reuters,1,0,0,0,0,1,0.0,0.0,0.5219139,0.4711815,0.0,2,supply_side
2015-07-03,Thomson_Reuters,1,0,0,0,0,1,0.0,0.0,0.78220147,0.21707064,0.0,2,supply_side
2019-09-03,Thomson_Reuters,0,0,0,0,0,1,0.0,0.0,0.37223887,0.6206065,0.0,3,natural_factor
2013-03-19,Thomson_Reuters,1,0,0,0,0,1,0.0,0.0,0.8006456,0.1986222,0.0,2,supply_side
2010-06-08,Thomson_Reuters,0,0,1,0,0,1,0.0,0.0,0.097327985,0.9020601,0.0,3,financial_risk
2013-02-27,Thomson_Reuters,0,0,0,0,0,1,0.0,0.017965956,0.7267809,0.2547421,0.0,2,natural_factor
2019-09-17,Thomson_Reuters,0,0,2,0,0,1,0.18960232,0.0,0.099115886,0.7110108,0.0,3,financial_risk
2019-05-15,Thomson_Reuters,0,0,0,0,0,1,0.0,0.0,0.26418337,0.7245501,0.0,3,natural_factor
2012-03-04,Thomson_Reuters,1,0,0,0,0,1,0.0,0.0,0.9219743,0.07751637,0.0,2,supply_side
2019-10-02,Thomson_Reuters,0,0,1,0,0,1,0.0,0.0,0.92431694,0.07459428,0.0,2,financial_risk
2018-06-14,Thomson_Reuters,2,0,1,0,0,1,0.097152874,0.0,0.23225352,0.67038697,0.0,3,supply_side
2018-02-21,Thomson_Reuters,3,0,0,0,0,1,0.0,0.0,0.06759842,0.9312239,0.0,3,supply_side
2015-07-06,Financial_Times,0,0,1,0,0,1,0.021997135,0.0,0.061703615,0.91588473,0.0,3,financial_risk
2010-06-05,The_Wall_Street_Journal,1,0,1,0,0,1,0.0,0.0,0.544323,0.44888008,0.0,2,supply_side
2017-12-20,Thomson_Reuters,1,0,0,0,0,1,0.0,0.0,0.13133723,0.8641137,0.0,3,supply_side
2018-07-10,Thomson_Reuters,0,0,1,0,0,1,0.0,0.0,0.13635449,0.8573901,0.0,3,financial_risk
2018-06-04,Thomson_Reuters,0,0,0,0,0,1,0.0,0.0,0.308445,0.67661464,0.0,3,natural_factor
2015-07-02,Thomson_Reuters,1,0,0,0,0,1,0.0,0.0,0.7362152,0.23230548,0.03109305,2,supply_side
2012-02-27,Thomson_Reuters,1,0,0,0,0,1,0.0,0.0,0.80794805,0.18590468,0.0,2,supply_side
2013-02-22,Thomson_Reuters,0,0,0,0,0,1,0.0,0.0,0.0,0.99280185,0.0,3,natural_factor
2012-02-23,Thomson_Reuters,1,0,0,0,0,1,0.0,0.0,0.75168425,0.2476745,0.0,2,supply_side
2013-07-25,Thomson_Reuters,1,0,0,0,0,1,0.0,0.0,0.77581865,0.22297382,0.0,2,supply_side
2012-04-11,Thomson_Reuters,1,0,0,0,0,1,0.0,0.0,0.8421298,0.15677153,0.0,2,supply_side
2018-01-16,Thomson_Reuters,3,1,0,0,0,1,0.0,0.0,0.016280971,0.9488886,0.026607333,3,supply_side
2015-01-10,Thomson_Reuters,1,0,0,0,0,1,0.0,0.0,0.81007826,0.1397874,0.049314253,2,supply_side
2015-05-20,Thomson_Reuters,1,0,0,0,0,1,0.0,0.0,0.6995456,0.29923964,0.0,2,supply_side
2011-06-29,Thomson_Reuters,0,0,0,0,0,1,0.0,0.0,0.21560821,0.7836179,0.0,3,natural_factor
2010-06-08,Thomson_Reuters,0,0,0,0,0,1,0.6682105,0.0,0.19638789,0.11565783,0.019681325,0,natural_factor
2017-10-04,Thomson_Reuters,0,0,0,0,0,1,0.0,0.0,0.26764828,0.729487,0.0,3,natural_factor
2010-07-19,Thomson_Reuters,1,0,0,0,0,1,0.08165878,0.0,0.39446104,0.52364784,0.0,3,supply_side
2018-04-30,Thomson_Reuters,0,0,0,0,0,1,0.0,0.0,0.99831206,0.0,0.0,2,natural_factor
2018-04-18,Thomson_Reuters,0,0,0,0,0,1,0.0,0.0,0.0,0.9797835,0.0,3,natural_factor
2018-02-20,Thomson_Reuters,0,0,0,0,0,1,0.0,0.0,0.0,0.9934467,0.0,3,natural_factor
2013-02-05,Thomson_Reuters,1,0,0,0,0,1,0.0,0.0,0.8160572,0.18195501,0.0,2,supply_side
2019-07-25,Thomson_Reuters,0,0,0,0,0,1,0.0,0.0,0.0,0.9870095,0.0,3,natural_factor
2010-10-12,Thomson_Reuters,1,0,0,0,0,2,0.03354538,0.0,0.0,0.96590316,0.0,3,natural_factor
2010-08-02,Thomson_Reuters,0,0,0,0,0,1,0.0,0.0,0.0,0.99899024,0.0,3,natural_factor
2018-09-21,Thomson_Reuters,0,0,0,0,0,1,0.0,0.0,0.16729328,0.82991856,0.0,3,natural_factor
2018-06-27,Thomson_Reuters,0,0,0,0,0,1,0.0,0.0,0.26204962,0.7319849,0.0,3,natural_factor
2013-02-04,Thomson_Reuters,0,0,1,0,0,1,0.0,0.0,0.8226036,0.17137955,0.0,2,financial_risk
2017-06-13,Thomson_Reuters,0,0,0,0,0,1,0.0,0.0,0.5618499,0.4329102,0.0,2,natural_factor
2012-04-12,Thomson_Reuters,2,0,0,0,1,1,0.0,0.0,0.6341928,0.36517543,0.0,2,supply_side
2012-02-28,Thomson_Reuters,1,0,0,0,0,1,0.0,0.0,0.8260553,0.17345625,0.0,2,supply_side
2014-09-04,Thomson_Reuters,1,0,0,0,0,1,0.0,0.0,0.77488244,0.22433123,0.0,2,supply_side
2010-09-08,Thomson_Reuters,0,0,1,0,0,1,0.01702738,0.0,0.032162942,0.9502939,0.0,3,financial_risk
2012-09-05,Thomson_Reuters,0,0,0,0,0,1,0.0,0.0,0.86655855,0.13289824,0.0,2,natural_factor
2019-03-11,Thomson_Reuters,0,0,0,0,0,1,0.0,0.0,0.026544308,0.9687617,0.0,3,natural_factor
2018-10-22,Thomson_Reuters,0,0,0,0,0,1,0.0,0.0,0.0,0.98938024,0.0,3,natural_factor
2013-07-26,Thomson_Reuters,1,0,0,1,0,1,0.022043724,0.0,0.6860788,0.2916188,0.0,2,supply_side
2019-01-17,Thomson_Reuters,0,0,0,0,0,1,0.0,0.0,0.56602746,0.42923948,0.0,2,natural_factor
2012-02-23,Thomson_Reuters,1,0,0,0,0,1,0.0,0.0,0.81394506,0.18068305,0.0,2,supply_side
2014-09-05,Thomson_Reuters,1,0,0,0,0,1,0.0,0.0,0.7748797,0.22433391,0.0,2,supply_side
2017-02-23,Thomson_Reuters,0,0,0,0,0,1,0.0,0.0,0.0,0.9910208,0.0,3,natural_factor
2018-01-19,Thomson_Reuters,1,0,0,0,0,1,0.0,0.0,0.2885844,0.69944334,0.0,3,supply_side
2010-09-14,Thomson_Reuters,0,0,0,0,0,1,0.18058902,0.0,0.18046688,0.6384111,0.0,3,natural_factor
2018-07-16,Thomson_Reuters,0,0,0,1,0,1,0.23026825,0.0,0.0,0.7691534,0.0,3,geopolitical_risk
2018-03-08,Thomson_Reuters,0,0,0,0,0,1,0.0,0.0,0.0,0.98639435,0.0,3,natural_factor
2018-09-04,Thomson_Reuters,0,0,0,0,0,1,0.0,0.0,0.0,0.97977513,0.0,3,natural_factor
2010-09-15,Thomson_Reuters,0,0,1,0,0,1,0.0,0.0,0.0,0.9985163,0.0,3,financial_risk
2017-03-16,Thomson_Reuters,0,0,0,0,0,1,0.0,0.0,0.0,0.99128586,0.0,3,natural_factor
2017-08-16,Thomson_Reuters,1,0,0,0,0,1,0.11416094,0.0,0.055668846,0.829685,0.0,3,supply_side
2010-05-20,The_Wall_Street_Journal,2,0,0,0,0,1,0.13158463,0.0,0.59773827,0.25226998,0.018316777,2,supply_side
2019-07-15,Thomson_Reuters,1,0,1,0,0,1,0.0,0.0,0.12924682,0.8698779,0.0,3,supply_side
2009-11-02,Thomson_Reuters,0,0,0,0,0,1,0.18416676,0.0,0.0,0.8139774,0.0,3,natural_factor
2014-09-05,Thomson_Reuters,1,0,0,0,0,1,0.0,0.0,0.7475967,0.25203347,0.0,2,supply_side
2011-12-15,Thomson_Reuters,3,0,0,1,0,1,0.0,0.0,0.75631666,0.24328129,0.0,2,supply_side
2010-06-23,Thomson_Reuters,1,0,1,0,0,1,0.052202806,0.0,0.060661856,0.88676584,0.0,3,supply_side
2019-03-11,Thomson_Reuters,0,0,0,0,0,1,0.0,0.0,0.0,0.98499346,0.0,3,natural_factor
2018-02-07,Thomson_Reuters,1,0,0,0,0,1,0.0,0.0,0.32944727,0.6664125,0.0,3,supply_side
2018-09-12,Thomson_Reuters,0,0,0,0,0,1,0.24705333,0.0,0.0,0.7523049,0.0,3,natural_factor
2017-02-09,Thomson_Reuters,0,0,0,0,0,1,0.82750267,0.0,0.16037673,0.0,0.011842678,0,natural_factor
2013-10-01,Thomson_Reuters,1,0,1,0,0,1,0.0,0.0,0.7365318,0.26298597,0.0,2,supply_side
2012-08-28,Thomson_Reuters,2,0,0,0,1,1,0.0,0.0,0.86052674,0.1344556,0.0,2,supply_side
2019-01-23,Thomson_Reuters,0,0,1,0,0,1,0.0,0.0,0.0,0.9885288,0.0,3,financial_risk
2019-05-15,Thomson_Reuters,0,0,0,0,0,1,0.105338655,0.0,0.8889816,0.0,0.0,2,natural_factor
2012-09-12,Thomson_Reuters,1,0,0,0,0,1,0.0,0.0,0.6024562,0.39676026,0.0,2,supply_side
2012-02-13,Thomson_Reuters,1,0,0,0,0,1,0.0,0.0,0.8515447,0.14794557,0.0,2,supply_side
2018-07-31,Thomson_Reuters,0,0,0,0,0,1,0.07953566,0.0,0.32611838,0.59359795,0.0,3,natural_factor
2010-11-18,The_Wall_Street_Journal,1,0,0,0,0,1,0.0,0.0,0.8131109,0.12832573,0.048444215,2,supply_side
2017-10-17,Thomson_Reuters,0,0,0,0,0,1,0.0,0.0,0.70370644,0.2835638,0.0,2,natural_factor
2017-10-04,Thomson_Reuters,0,0,1,0,0,1,0.0,0.0,0.0,0.988964,0.0,3,financial_risk
2012-11-16,Thomson_Reuters,1,0,0,0,0,1,0.0,0.0,0.86793834,0.12332729,0.0,2,supply_side
2010-06-23,Thomson_Reuters,1,0,1,0,0,1,0.0,0.0,0.1254296,0.87343377,0.0,3,supply_side
2012-08-29,Thomson_Reuters,0,0,0,0,0,2,0.15325955,0.0,0.19332628,0.63398737,0.019334646,3,natural_factor
2018-02-15,Thomson_Reuters,0,0,0,0,0,1,0.0,0.0,0.36637825,0.63018525,0.0,3,natural_factor
2017-09-22,Thomson_Reuters,0,0,1,0,0,1,0.13985099,0.0,0.0,0.85319495,0.0,3,financial_risk
2018-07-17,Thomson_Reuters,0,0,0,0,0,1,0.0,0.0,0.0,0.99037945,0.0,3,natural_factor
2017-04-24,Thomson_Reuters,0,0,0,0,0,1,0.0,0.0,0.0,0.9797368,0.0,3,natural_factor
2018-09-04,Thomson_Reuters,1,0,0,0,0,1,0.0,0.0,0.07571766,0.90344954,0.020299373,3,supply_side
2013-03-05,Thomson_Reuters,0,0,0,0,0,2,0.0,0.0,0.7925515,0.20676555,0.0,2,natural_factor
2013-02-15,Thomson_Reuters,0,0,0,0,0,1,0.0684673,0.0,0.3314186,0.5996607,0.0,3,natural_factor
2018-10-22,Thomson_Reuters,0,1,0,0,0,1,0.0,0.0,0.9910476,0.0,0.0,2,demand_side
2017-10-26,Thomson_Reuters,0,0,0,0,0,1,0.0,0.0,0.65691036,0.33298835,0.0,2,natural_factor
2016-11-29,Thomson_Reuters,0,0,1,0,0,1,0.0,0.0,0.14125834,0.8547624,0.0,3,financial_risk
2018-07-31,Thomson_Reuters,1,0,0,0,0,1,0.08258603,0.0,0.0,0.91018504,0.0,3,supply_side
2015-07-02,Thomson_Reuters,1,0,0,0,0,1,0.0,0.0,0.7822046,0.21706745,0.0,2,supply_side
2018-10-29,Thomson_Reuters,0,0,0,0,0,1,0.18504998,0.0,0.0,0.81352496,0.0,3,natural_factor
2012-10-11,Thomson_Reuters,0,0,0,0,0,1,0.6868437,0.0,0.0,0.31260917,0.0,0,natural_factor
2017-08-02,Thomson_Reuters,0,0,0,0,0,1,0.0,0.0,0.98978335,0.0,0.0,2,natural_factor
2017-02-24,Thomson_Reuters,0,0,0,0,0,1,0.0,0.0,0.43416688,0.53772295,0.025862703,3,natural_factor
2018-03-08,Thomson_Reuters,1,0,0,0,0,1,0.0,0.0,0.34753513,0.64526886,0.0,3,supply_side
2018-10-08,Thomson_Reuters,0,1,0,0,0,1,0.0,0.0,0.98834234,0.0,0.011372893,2,demand_side
2018-07-16,Thomson_Reuters,0,0,0,0,0,1,0.025073703,0.0,0.0,0.97434497,0.0,3,natural_factor
2013-03-03,The_Wall_Street_Journal,1,0,0,0,0,1,0.077314,0.0,0.46604353,0.4560437,0.0,2,supply_side
2012-04-16,Thomson_Reuters,1,0,0,0,0,1,0.0,0.0,0.8485333,0.15007938,0.0,2,supply_side
2018-02-20,Thomson_Reuters,1,0,0,0,0,1,0.0,0.0,0.27374402,0.71901983,0.0,3,supply_side
2011-04-15,Thomson_Reuters,1,0,0,0,0,1,0.0,0.0,0.15752141,0.8416929,0.0,3,supply_side
2018-09-05,Thomson_Reuters,1,0,0,0,0,1,0.0,0.0,0.04529935,0.9530313,0.0,3,supply_side
2011-12-20,Thomson_Reuters,0,0,0,0,0,1,0.068451375,0.0,0.59741694,0.33350754,0.0,2,natural_factor
2019-02-18,Thomson_Reuters,0,0,0,0,0,1,0.0,0.0,0.0,0.9849988,0.0,3,natural_factor
2012-09-10,Thomson_Reuters,1,0,0,0,0,1,0.0,0.0,0.7676668,0.23138979,0.0,2,supply_side
2017-07-25,Thomson_Reuters,0,0,0,0,0,1,0.0,0.0,0.0,0.9797833,0.0,3,natural_factor
2010-06-23,Thomson_Reuters,1,0,1,0,0,1,0.061418872,0.0,0.07472952,0.86347175,0.0,3,supply_side
2013-04-22,Thomson_Reuters,1,0,0,1,0,1,0.0,0.0,0.8464517,0.15316994,0.0,2,supply_side
2015-05-15,Thomson_Reuters,0,0,0,1,0,1,0.13378268,0.0,0.8383523,0.0,0.027304215,2,geopolitical_risk
2018-09-28,Thomson_Reuters,0,0,0,0,0,1,0.0,0.0,0.9811706,0.0,0.0,2,natural_factor
2023-06-05,Thomson_Reuters,0,0,2,0,0,1,0.062593736,0.0,0.34524643,0.59199995,0.0,3,financial_risk
2022-11-07,New_Strait_Times,0,1,0,0,0,1,0.575417,0.11670749,0.30698973,0.0,0.0,0,demand_side
2023-02-25,Financial_Times,0,0,2,0,0,1,0.24533778,0.0,0.23409827,0.5203822,0.0,3,financial_risk
2022-10-25,Viet_Nam_News,1,0,0,0,1,1,0.77271974,0.0,0.0,0.0,0.22607104,0,supply_side
2020-09-24,Viet_Nam_News,1,0,0,0,1,1,0.7027834,0.0,0.0,0.0,0.29209977,0,supply_side
2020-03-12,The_Wall_Street_Journal,0,0,0,1,0,1,0.0,0.0,0.9033796,0.09541873,0.0,2,geopolitical_risk
2021-08-07,Financial_Times,1,0,0,1,0,1,0.15567875,0.0,0.027208863,0.81681645,0.0,3,supply_side
2020-02-02,The_Jakarta_Post,0,0,0,0,0,1,0.03985357,0.0,0.6452752,0.07549112,0.23930097,2,natural_factor
2021-09-30,The_Wall_Street_Journal,2,0,0,0,0,2,0.68314046,0.0,0.21353257,0.07935306,0.023883529,0,supply_side
2020-12-22,Thomson_Reuters,0,0,0,0,0,1,0.27152783,0.0,0.67389685,0.016809119,0.037661247,2,natural_factor
2020-12-11,Viet_Nam_News,1,1,0,0,0,1,0.71143526,0.0,0.0,0.0,0.2876765,0,supply_side
2021-04-02,Viet_Nam_News,1,0,0,0,0,1,0.76528776,0.0,0.0,0.0,0.2337774,0,supply_side
2020-01-03,The_Jakarta_Post,0,0,0,1,0,1,0.32974547,0.0,0.21146658,0.0,0.4585478,4,geopolitical_risk
2020-03-28,The_Wall_Street_Journal,0,0,0,2,0,1,0.0,0.0,0.78013206,0.15113842,0.06829027,2,geopolitical_risk
2020-12-22,Channel_News_Asia,0,0,0,0,0,1,0.24379253,0.0,0.7116811,0.02393204,0.020481585,2,natural_factor
2021-02-10,Viet_Nam_News,1,0,0,0,0,1,0.70888436,0.0,0.02274407,0.0,0.26788992,0,supply_side
2020-10-29,The_Jakarta_Post,0,0,0,0,0,1,0.034056026,0.0,0.8494709,0.012786555,0.10361386,2,natural_factor
2020-07-03,Viet_Nam_News,1,0,0,0,0,1,0.7369547,0.0,0.0,0.014467086,0.24797995,0,supply_side
2021-11-17,The_Wall_Street_Journal,0,0,0,0,0,1,0.0,0.0,0.9775836,0.0,0.021659687,2,natural_factor
2020-03-03,Financial_Times,4,3,7,2,0,2,0.5380823,0.0,0.22341655,0.21850166,0.01999496,0,financial_risk
2021-12-17,Thomson_Reuters,0,0,0,0,1,1,0.0,0.0,0.29652217,0.14302233,0.5596865,4,esg_regulation
2006-12-23,The_Wall_Street_Journal,0,0,0,0,0,1,0.35714066,0.0,0.010992092,0.6292692,0.0,3,natural_factor
2019-08-31,The_Jakarta_Post,0,0,0,0,0,1,0.39412424,0.0,0.18185656,0.0,0.42378205,4,natural_factor
2017-02-06,The_Jakarta_Post,0,0,0,0,0,1,0.515662,0.04652387,0.028056419,0.108937174,0.30082053,0,natural_factor
2011-02-26,The_Wall_Street_Journal,3,0,0,0,0,1,0.052121203,0.0,0.45095482,0.43665385,0.060141377,2,supply_side
2011-02-27,The_Wall_Street_Journal,0,0,0,0,0,1,0.34459826,0.0,0.10213587,0.5175053,0.035643306,3,natural_factor
2008-11-07,The_Wall_Street_Journal,0,0,1,0,0,1,0.18898536,0.0,0.0,0.8103289,0.0,3,financial_risk
2017-01-18,The_Wall_Street_Journal,0,0,0,0,0,2,0.49376616,0.061170414,0.43641406,0.0,0.0,0,natural_factor
2018-09-28,The_Wall_Street_Journal,0,0,0,0,0,1,0.9772684,0.022094853,0.0,0.0,0.0,0,natural_factor
2002-01-25,The_Wall_Street_Journal,0,0,1,0,0,1,0.5229981,0.0,0.20253405,0.27422822,0.0,0,financial_risk
2000-04-05,The_Wall_Street_Journal,0,0,0,0,0,1,0.7617813,0.052635998,0.17131917,0.0,0.0,0,natural_factor
2009-11-17,The_Wall_Street_Journal,0,0,1,0,0,1,0.23171203,0.0,0.10086616,0.6671071,0.0,3,financial_risk
2016-06-12,The_Jakarta_Post,1,0,0,0,0,1,0.59892964,0.0,0.0866966,0.119630344,0.19458841,0,supply_side
2016-11-03,The_Wall_Street_Journal,1,0,1,0,0,1,0.406416,0.0,0.5926875,0.0,0.0,2,supply_side
2009-03-21,The_Wall_Street_Journal,0,0,0,0,0,1,0.102770485,0.0,0.100956134,0.79556954,0.0,3,natural_factor
2017-10-05,Viet_Nam_News,0,0,0,0,0,1,0.1385905,0.0,0.2581534,0.4255926,0.17729653,3,natural_factor
2017-01-19,The_Wall_Street_Journal,0,0,1,0,0,1,0.16080597,0.0,0.7543384,0.08429101,0.0,2,financial_risk
2001-11-16,The_Wall_Street_Journal,0,0,0,1,0,1,0.6957229,0.0,0.0,0.2960971,0.0,0,geopolitical_risk
2010-06-04,The_Wall_Street_Journal,0,0,0,0,0,1,0.0,0.0,0.048363168,0.9281338,0.022972254,3,natural_factor
2009-08-20,The_Wall_Street_Journal,0,0,0,0,0,2,0.28249446,0.0,0.49271795,0.06639292,0.15830964,2,natural_factor
2000-05-12,The_Wall_Street_Journal,0,0,0,0,0,1,0.75427234,0.0,0.09111347,0.13560298,0.01889107,0,natural_factor
2008-05-28,The_Wall_Street_Journal,0,0,0,0,0,1,0.23414484,0.0,0.078670345,0.6695263,0.017540768,3,natural_factor
2017-02-14,The_Jakarta_Post,0,0,0,0,0,1,0.53100187,0.0,0.16298895,0.04018144,0.2654914,0,natural_factor
2009-08-27,The_Wall_Street_Journal,0,0,0,0,0,1,0.29290688,0.0,0.0,0.70633245,0.0,3,natural_factor
2010-03-17,The_Wall_Street_Journal,0,0,1,0,0,1,0.26313937,0.0,0.0,0.73628247,0.0,3,financial_risk
2009-07-16,The_Wall_Street_Journal,0,0,0,0,0,1,0.6827225,0.013677335,0.19336481,0.08279506,0.027440285,0,natural_factor
2019-08-03,Financial_Times,0,0,2,0,0,1,0.15788223,0.0,0.1389065,0.7029241,0.0,3,financial_risk
2004-03-10,The_Wall_Street_Journal,0,0,0,0,0,1,0.81864655,0.0,0.15280819,0.028270528,0.0,0,natural_factor
2010-11-06,The_Wall_Street_Journal,0,0,1,0,0,1,0.07302625,0.0,0.05285036,0.87386674,0.0,3,financial_risk
2009-12-09,The_Wall_Street_Journal,0,0,1,0,0,1,0.30296087,0.0,0.069253236,0.6274866,0.0,3,financial_risk
2002-02-20,The_Wall_Street_Journal,0,0,0,0,0,1,0.46205986,0.0,0.12059436,0.40733668,0.0,0,natural_factor
2007-07-05,The_Wall_Street_Journal,0,0,0,0,0,1,0.61978614,0.0,0.29470268,0.0440058,0.034155156,0,natural_factor
2017-02-01,Thomson_Reuters,0,0,0,0,0,1,0.50434166,0.08264948,0.41216317,0.0,0.0,0,natural_factor
2023-11-04,New_Strait_Times,0,0,0,0,0,2,0.6684169,0.0,0.17539564,0.0,0.1556715,0,natural_factor
2016-01-25,Thomson_Reuters,0,0,0,0,0,1,0.0,0.0,0.42707556,0.567223,0.0,3,natural_factor
2023-05-12,Thomson_Reuters,0,0,0,0,0,1,0.11467409,0.0,0.37640658,0.5081274,0.0,3,natural_factor
2023-02-14,Thomson_Reuters,0,0,1,0,0,1,0.058257133,0.0,0.03596827,0.9055116,0.0,3,financial_risk
2022-01-20,Thomson_Reuters,0,0,1,0,0,1,0.0,0.0,0.2981046,0.70080334,0.0,3,financial_risk
2023-03-31,Thomson_Reuters,2,0,0,0,0,1,0.0,0.0,0.0,0.99832326,0.0,3,supply_side
2020-11-30,Thomson_Reuters,2,0,0,0,0,1,0.0,0.0,0.0,0.9991246,0.0,3,supply_side
2021-02-26,Thomson_Reuters,2,0,0,0,1,1,0.0,0.0,0.0,0.9672011,0.0321418,3,supply_side
2020-12-01,The_Business_Times,2,0,0,0,0,1,0.0,0.0,0.0,0.9992249,0.0,3,supply_side
2020-11-30,Channel_News_Asia,0,1,0,0,0,1,0.86829317,0.0,0.12443517,0.0,0.0,0,demand_side
2021-02-04,Thomson_Reuters,1,0,0,0,0,1,0.0,0.0,0.37568772,0.622954,0.0,3,supply_side
2021-06-02,Thomson_Reuters,2,0,1,0,0,1,0.014712635,0.0,0.059311602,0.9253823,0.0,3,supply_side
2021-02-26,Thomson_Reuters,2,0,0,0,1,1,0.0,0.0,0.0,0.969848,0.02958352,3,supply_side
2021-11-19,Thomson_Reuters,0,0,0,0,0,1,0.0,0.0,0.8882262,0.11054213,0.0,2,natural_factor
2018-01-12,Thomson_Reuters,0,0,0,0,0,1,0.0,0.0,0.9952901,0.0,0.0,2,natural_factor
2017-08-14,Thomson_Reuters,0,0,0,0,0,1,0.06550068,0.0,0.079525195,0.8544227,0.0,3,natural_factor
2019-10-30,Thomson_Reuters,0,0,1,0,0,1,0.14829993,0.0,0.62015414,0.21716858,0.011050125,2,financial_risk
2015-06-29,Thomson_Reuters,1,0,0,0,1,2,0.0,0.0,0.6785823,0.28962412,0.03141565,2,natural_factor
2014-08-12,Thomson_Reuters,0,0,0,0,0,1,0.15361695,0.0,0.07701249,0.7570373,0.012227836,3,natural_factor
2023-06-16,Thomson_Reuters,0,0,0,0,0,1,0.84640336,0.0,0.012000945,0.14117478,0.0,0,natural_factor
2016-12-13,Thomson_Reuters,0,0,0,0,0,1,0.0,0.0,0.28252298,0.6463274,0.06877819,3,natural_factor
2017-01-23,Thomson_Reuters,1,0,0,0,0,1,0.05683362,0.0,0.8923771,0.018927153,0.031772893,2,supply_side
2016-12-15,Thomson_Reuters,0,0,0,0,0,1,0.0,0.0,0.19746943,0.8006895,0.0,3,natural_factor
2016-12-08,Thomson_Reuters,4,0,1,0,0,1,0.023554362,0.0,0.3343316,0.6418697,0.0,3,supply_side
2022-01-24,Thomson_Reuters,3,0,0,1,0,1,0.0,0.0,0.27830386,0.65992725,0.061225682,3,supply_side
2022-07-22,Thomson_Reuters,0,0,0,0,0,4,0.5015584,0.0,0.2736958,0.061382215,0.16317126,0,natural_factor
2022-04-22,Thomson_Reuters,0,0,2,0,0,1,0.12514278,0.0,0.0,0.8742113,0.0,3,financial_risk
2022-04-22,Thomson_Reuters,0,0,2,0,0,1,0.066585936,0.0,0.0,0.9325497,0.0,3,financial_risk
2022-03-01,Thomson_Reuters,0,0,0,1,0,1,0.0,0.0,0.26286286,0.7358255,0.0,3,geopolitical_risk
2022-04-20,Thomson_Reuters,1,0,1,0,0,1,0.0,0.0,0.0,0.9986916,0.0,3,supply_side
2022-04-25,Thomson_Reuters,0,0,2,0,0,1,0.1712932,0.0,0.0,0.8280327,0.0,3,financial_risk
2022-01-21,Thomson_Reuters,0,0,0,0,0,1,0.4717258,0.0,0.24049449,0.28721863,0.0,0,natural_factor
2022-04-25,Thomson_Reuters,0,0,1,0,0,1,0.17078103,0.0,0.0,0.82855844,0.0,3,financial_risk
2022-03-19,Thomson_Reuters,0,0,0,1,0,1,0.0,0.0,0.58250785,0.35300207,0.06091267,2,geopolitical_risk
2022-09-14,Thomson_Reuters,1,1,0,0,0,1,0.22998725,0.0,0.42131886,0.23439541,0.11415242,2,supply_side
2022-01-27,The_Wall_Street_Journal,7,1,0,1,0,2,0.15377274,0.0,0.0,0.81564003,0.030341504,3,supply_side
2022-03-07,The_Wall_Street_Journal,0,2,3,1,0,1,0.09581264,0.0,0.10304373,0.8009724,0.0,3,financial_risk
2022-07-23,The_Wall_Street_Journal,2,3,0,0,0,1,0.6495522,0.0,0.014440391,0.33585194,0.0,0,demand_side
2021-07-22,Thomson_Reuters,0,0,0,0,0,1,0.10618448,0.0,0.0,0.8928311,0.0,3,natural_factor
2021-07-21,Thomson_Reuters,0,0,0,0,0,1,0.018462135,0.0,0.0,0.98068845,0.0,3,natural_factor
2021-07-09,Thomson_Reuters,1,1,0,0,0,5,0.0,0.0,0.5057605,0.450761,0.043057226,2,natural_factor
2020-03-03,The_Wall_Street_Journal,1,0,1,0,0,1,0.09819737,0.0,0.0,0.90124446,0.0,3,supply_side
2020-07-24,Channel_News_Asia,1,0,1,0,0,1,0.0,0.0,0.0,0.9987516,0.0,3,supply_side
2020-01-17,Thomson_Reuters,0,1,0,1,0,1,0.033981096,0.0,0.0,0.9651703,0.0,3,demand_side
2021-06-21,Thomson_Reuters,0,0,1,0,0,1,0.0,0.0,0.06852004,0.9301595,0.0,3,financial_risk
2021-10-22,Thomson_Reuters,2,1,1,0,0,2,0.0,0.0,0.0,0.99849516,0.0,3,supply_side
2020-01-21,Thomson_Reuters,0,1,0,0,0,1,0.28563935,0.0,0.0,0.7134926,0.0,3,demand_side
2020-01-17,Thomson_Reuters,0,1,0,1,0,1,0.043408766,0.016740339,0.0,0.93911463,0.0,3,demand_side
2021-08-30,Thomson_Reuters,0,1,0,0,0,1,0.14554279,0.0,0.0,0.8532777,0.0,3,demand_side
2021-09-01,Thomson_Reuters,1,0,1,0,0,1,0.09017086,0.0,0.021381048,0.88784003,0.0,3,supply_side
2021-09-02,Thomson_Reuters,0,1,1,0,0,1,0.07246927,0.0,0.015939953,0.9110679,0.0,3,demand_side
2021-08-16,Thomson_Reuters,0,0,0,0,0,1,0.116502,0.0,0.0,0.88262343,0.0,3,natural_factor
2021-07-09,Thomson_Reuters,0,0,0,0,0,1,0.067705445,0.0,0.02140458,0.91044605,0.0,3,natural_factor
2020-10-17,Channel_News_Asia,0,0,0,0,0,1,0.11973345,0.0,0.09966348,0.77559406,0.0,3,natural_factor
2021-10-22,Thomson_Reuters,2,1,1,0,0,2,0.0,0.0,0.0,0.9983866,0.0,3,supply_side
2020-04-17,Thomson_Reuters,0,0,0,0,0,1,0.14571702,0.0,0.08259188,0.77129644,0.0,3,natural_factor
2021-07-07,Thomson_Reuters,0,1,0,0,0,1,0.052970085,0.0,0.03498236,0.9114872,0.0,3,demand_side
2021-08-26,Thomson_Reuters,0,0,0,0,0,1,0.035010677,0.0,0.0,0.9641178,0.0,3,natural_factor
2020-07-24,Thomson_Reuters,0,0,0,0,0,1,0.1505212,0.0,0.0,0.8487184,0.0,3,natural_factor
2021-06-29,Thomson_Reuters,0,1,0,0,0,1,0.022944396,0.0,0.0,0.9654048,0.010922843,3,demand_side
2021-08-27,Thomson_Reuters,0,0,0,0,0,1,0.10846211,0.0,0.041538253,0.84954816,0.0,3,natural_factor
2020-10-16,Thomson_Reuters,0,0,0,0,0,1,0.1619664,0.0,0.06473693,0.76421183,0.0,3,natural_factor
2020-04-26,Thomson_Reuters,0,0,2,0,0,1,0.0719861,0.0,0.061632846,0.8660472,0.0,3,financial_risk
2021-04-23,Thomson_Reuters,0,1,1,0,0,1,0.1513623,0.0,0.6066568,0.24168502,0.0,2,demand_side
2021-07-23,Thomson_Reuters,0,1,0,0,0,1,0.05359433,0.0,0.0,0.94559586,0.0,3,demand_side
2021-05-03,The_Business_Times,0,0,0,0,0,1,0.0,0.0,0.64620775,0.35257593,0.0,2,natural_factor
2020-10-27,Thomson_Reuters,1,0,0,0,0,1,0.0,0.0,0.19505611,0.80310225,0.0,3,supply_side
2021-08-11,Thomson_Reuters,0,0,0,0,0,2,0.042577464,0.0,0.062478095,0.8944832,0.0,3,natural_factor
2021-08-11,Thomson_Reuters,0,0,1,0,0,1,0.0,0.0,0.46604624,0.53278285,0.0,3,financial_risk
2020-08-28,Thomson_Reuters,0,1,0,0,0,1,0.34403244,0.0,0.27068397,0.38465402,0.0,3,demand_side
2021-07-20,Thomson_Reuters,1,0,2,0,0,1,0.0,0.0,0.7777999,0.22135301,0.0,2,financial_risk
2021-03-04,Thomson_Reuters,0,0,0,0,0,2,0.24543902,0.0,0.11155098,0.28185523,0.36083794,4,natural_factor
2020-01-22,Thomson_Reuters,1,0,1,0,0,1,0.021711648,0.0,0.0,0.9531887,0.024527278,3,supply_side
2021-02-04,Thomson_Reuters,3,0,0,0,0,1,0.0,0.0,0.0,0.9980915,0.0,3,supply_side
2020-04-22,Thomson_Reuters,4,0,1,1,0,1,0.0,0.0,0.65038323,0.31592277,0.03339565,2,supply_side
2021-07-16,Thomson_Reuters,0,0,0,0,0,1,0.06386252,0.0,0.027537761,0.9081092,0.0,3,natural_factor
2021-02-08,Thomson_Reuters,0,0,0,0,0,1,0.05242782,0.020745538,0.12394546,0.8025608,0.0,3,natural_factor
2021-01-22,Thomson_Reuters,0,1,1,0,0,1,0.018298432,0.0,0.0,0.98091304,0.0,3,demand_side
2021-07-08,Thomson_Reuters,0,0,0,0,0,1,0.15034862,0.0,0.7550736,0.093954325,0.0,2,natural_factor
2020-02-19,Thomson_Reuters,1,0,0,0,0,1,0.22467837,0.0,0.45800555,0.23596019,0.08130005,2,supply_side
2020-04-22,Thomson_Reuters,2,1,2,0,0,1,0.059303336,0.0,0.01285323,0.9041907,0.023511965,3,supply_side
2021-10-18,Thomson_Reuters,1,1,0,1,0,1,0.19538079,0.0,0.0,0.8038241,0.0,3,supply_side
2020-04-01,Thomson_Reuters,0,0,1,0,0,1,0.15733765,0.0,0.0,0.83693206,0.0,3,financial_risk
2021-07-23,Thomson_Reuters,0,0,1,0,0,1,0.08183903,0.0,0.0,0.9174726,0.0,3,financial_risk
2021-07-20,Thomson_Reuters,0,0,0,0,0,1,0.0,0.0,0.0,0.9984801,0.0,3,natural_factor
2020-03-17,The_Wall_Street_Journal,3,0,2,0,0,2,0.09899861,0.0,0.12161819,0.77912533,0.0,3,supply_side
2021-08-17,Thomson_Reuters,0,0,0,0,0,1,0.0735002,0.0,0.0,0.9255873,0.0,3,natural_factor
2020-04-21,Thomson_Reuters,1,0,2,0,0,1,0.0,0.0,0.4721676,0.5261137,0.0,3,financial_risk
2020-09-08,Thomson_Reuters,0,0,0,0,0,1,0.042901076,0.0,0.0,0.9537789,0.0,3,natural_factor
2020-07-24,Thomson_Reuters,0,0,0,0,0,1,0.25806108,0.0,0.022523222,0.71882623,0.0,3,natural_factor
2021-01-22,Thomson_Reuters,0,0,0,0,0,1,0.11707393,0.0,0.04894749,0.8335927,0.0,3,natural_factor
2020-10-19,Thomson_Reuters,0,0,0,0,0,1,0.026119793,0.0,0.2036888,0.76975757,0.0,3,natural_factor
2021-08-23,Thomson_Reuters,0,2,0,0,0,1,0.16827701,0.0,0.0,0.8308509,0.0,3,demand_side
2021-03-24,Thomson_Reuters,0,0,0,0,0,1,0.28251103,0.0,0.4407862,0.12676749,0.14986213,2,natural_factor
2021-08-18,Thomson_Reuters,1,0,0,0,0,1,0.14059612,0.0,0.0,0.72434324,0.1341948,3,supply_side
2021-08-13,Thomson_Reuters,1,0,0,0,0,1,0.59796345,0.0,0.11853739,0.2748037,0.0,0,supply_side
2020-07-29,Thomson_Reuters,1,1,0,0,0,1,0.12086288,0.0,0.4556218,0.34927428,0.074091166,2,supply_side
2021-08-09,Thomson_Reuters,0,0,0,0,0,1,0.0,0.0,0.1209397,0.8783731,0.0,3,natural_factor
2021-07-19,Thomson_Reuters,0,1,1,0,0,1,0.16873044,0.0,0.025981182,0.8049417,0.0,3,demand_side
2020-10-16,Thomson_Reuters,0,0,0,0,0,1,0.0,0.0,0.0,0.9920026,0.0,3,natural_factor
2021-07-20,Thomson_Reuters,0,0,0,0,0,1,0.0,0.0,0.022428703,0.9764595,0.0,3,natural_factor
2020-09-08,Thomson_Reuters,0,0,0,0,0,1,0.6151053,0.0,0.09959635,0.2846804,0.0,0,natural_factor
2020-09-10,Thomson_Reuters,0,0,0,0,0,1,0.25262716,0.0,0.62571263,0.120899804,0.0,2,natural_factor
2021-09-10,Thomson_Reuters,1,0,0,0,0,1,0.0,0.0,0.70988,0.28852278,0.0,2,supply_side
2021-10-07,Thomson_Reuters,1,0,0,0,0,1,0.0,0.0,0.1997323,0.79866505,0.0,3,supply_side
2021-04-26,Thomson_Reuters,0,0,0,0,0,1,0.18446001,0.0,0.6578653,0.15738362,0.0,2,natural_factor
2017-12-15,Thomson_Reuters,5,0,2,0,0,1,0.077670105,0.0,0.2438646,0.67828906,0.0,3,supply_side
2014-04-12,Thomson_Reuters,1,0,1,0,0,1,0.0,0.0,0.87204933,0.12750772,0.0,2,supply_side
2016-10-31,Thomson_Reuters,1,0,0,0,0,1,0.0,0.0,0.3196924,0.679884,0.0,3,supply_side
2019-09-04,Thomson_Reuters,0,0,1,0,0,1,0.0,0.0,0.87314594,0.11851026,0.0,2,financial_risk
2019-04-22,Thomson_Reuters,3,0,0,0,0,1,0.06244036,0.0,0.0,0.9368359,0.0,3,supply_side
2019-02-10,Thomson_Reuters,1,0,0,1,0,1,0.0,0.0,0.8022603,0.18014333,0.017194,2,supply_side
2019-12-31,Thomson_Reuters,0,0,0,0,0,1,0.16982791,0.0,0.044961706,0.78474015,0.0,3,natural_factor
2014-06-14,Thomson_Reuters,1,0,1,0,0,1,0.0,0.0,0.7325073,0.266297,0.0,2,supply_side
2019-04-16,The_Wall_Street_Journal,0,0,0,0,0,2,0.23489459,0.02991156,0.116192505,0.6186512,0.0,3,natural_factor
2019-04-18,Thomson_Reuters,2,0,1,0,0,1,0.0,0.0,0.0,0.9986778,0.0,3,supply_side
2016-05-02,Thomson_Reuters,1,0,0,0,0,1,0.0,0.0,0.57909137,0.42017847,0.0,2,supply_side
2015-04-16,Thomson_Reuters,0,0,0,0,0,1,0.17934443,0.0,0.59947026,0.22069477,0.0,2,natural_factor
2018-09-05,Thomson_Reuters,0,0,0,0,0,1,0.0,0.0,0.20676532,0.7925328,0.0,3,natural_factor
2017-06-28,Thomson_Reuters,1,0,0,0,0,1,0.019724473,0.030783253,0.63267493,0.31660834,0.0,2,supply_side
2017-07-20,Thomson_Reuters,0,0,0,0,0,1,0.6339671,0.0,0.10305894,0.2621531,0.0,0,natural_factor
2012-04-20,Thomson_Reuters,0,0,1,0,0,1,0.047949053,0.0,0.0,0.9512202,0.0,3,financial_risk
2018-04-20,Thomson_Reuters,0,1,1,1,0,1,0.32696426,0.0,0.045690708,0.6270639,0.0,3,demand_side
2012-05-31,Thomson_Reuters,0,1,0,0,0,1,0.04391857,0.0,0.058766585,0.89699167,0.0,3,demand_side
2014-04-11,Thomson_Reuters,1,0,1,0,0,1,0.0,0.0,0.85657823,0.14296637,0.0,2,supply_side
2019-01-18,Thomson_Reuters,0,0,0,0,0,1,0.011298882,0.0,0.038991477,0.9493326,0.0,3,natural_factor
2012-05-31,Thomson_Reuters,0,1,0,0,0,1,0.06330005,0.0,0.12391672,0.8125367,0.0,3,demand_side
2014-11-17,Thomson_Reuters,0,0,0,0,0,1,0.0,0.0,0.29204184,0.7073189,0.0,3,natural_factor
2014-11-21,Thomson_Reuters,3,0,0,0,0,1,0.113651544,0.0,0.2511577,0.63485587,0.0,3,supply_side
2019-03-27,Thomson_Reuters,0,0,0,0,0,1,0.060692452,0.0,0.9387504,0.0,0.0,2,natural_factor
2015-07-10,Thomson_Reuters,0,0,0,0,0,1,0.0,0.0,0.36211064,0.6364315,0.0,3,natural_factor
2019-04-22,Thomson_Reuters,0,0,0,0,0,1,0.12585135,0.0,0.064448774,0.80927956,0.0,3,natural_factor
2017-07-03,Thomson_Reuters,0,1,0,0,0,1,0.07041388,0.0,0.028563911,0.9005787,0.0,3,demand_side
2017-06-02,Thomson_Reuters,1,0,0,0,0,1,0.054748587,0.0,0.82409847,0.11247978,0.0,2,supply_side
2014-05-26,Thomson_Reuters,0,0,1,0,0,1,0.0,0.0,0.76424694,0.23490432,0.0,2,financial_risk
2019-07-21,Thomson_Reuters,0,0,4,0,0,1,0.21245344,0.0,0.0,0.7868243,0.0,3,financial_risk
2017-09-29,Thomson_Reuters,0,0,2,0,0,1,0.31818816,0.0,0.0,0.68133783,0.0,3,financial_risk
2017-04-21,Thomson_Reuters,1,0,0,0,0,1,0.0,0.0,0.045122243,0.9539782,0.0,3,supply_side
2015-07-22,Thomson_Reuters,0,0,0,0,0,1,0.0,0.0,0.5697518,0.42920166,0.0,2,natural_factor
2018-06-22,Thomson_Reuters,0,0,0,0,0,2,0.3714648,0.0,0.0554491,0.5727987,0.0,3,natural_factor
2015-03-27,Thomson_Reuters,0,0,0,0,0,1,0.0,0.0,0.51883894,0.4793541,0.0,2,natural_factor
2017-07-27,Thomson_Reuters,0,0,1,0,0,1,0.0,0.0,0.9908854,0.0,0.0,2,financial_risk
2014-11-14,Thomson_Reuters,1,0,0,0,0,1,0.0,0.0,0.33854166,0.6603878,0.0,3,supply_side
2019-10-21,Thomson_Reuters,0,0,0,1,0,1,0.05295664,0.0,0.0,0.9463619,0.0,3,geopolitical_risk
2014-02-08,Thomson_Reuters,0,0,1,0,0,1,0.0,0.0,0.9166808,0.08138219,0.0,2,financial_risk
2019-07-19,Thomson_Reuters,0,0,1,0,0,1,0.10213055,0.0,0.0,0.8970139,0.0,3,financial_risk
2014-06-04,Thomson_Reuters,1,0,1,0,0,1,0.0,0.0,0.77486455,0.22451472,0.0,2,supply_side
2017-10-23,Thomson_Reuters,0,0,1,0,0,1,0.0,0.0,0.0,0.9986875,0.0,3,financial_risk
2017-07-03,Thomson_Reuters,0,0,0,0,0,1,0.0,0.0,0.56303644,0.43030027,0.0,2,natural_factor
2019-01-31,Thomson_Reuters,1,0,2,1,0,1,0.0,0.0,0.0,0.97478944,0.0243843,3,financial_risk
2014-11-14,Thomson_Reuters,0,0,0,0,0,1,0.12555009,0.0,0.028416961,0.8454635,0.0,3,natural_factor
2019-03-13,Thomson_Reuters,1,0,0,2,0,1,0.0,0.0,0.70874894,0.26124144,0.029265044,2,geopolitical_risk
2017-10-01,Thomson_Reuters,0,0,2,0,0,1,0.3137243,0.0,0.0,0.6858128,0.0,3,financial_risk
2017-03-13,Thomson_Reuters,1,0,1,0,0,1,0.055645432,0.0,0.36584273,0.56490666,0.013515567,3,supply_side
2019-07-20,Thomson_Reuters,0,0,4,0,0,1,0.21759264,0.0,0.0,0.7817131,0.0,3,financial_risk
2015-10-23,Thomson_Reuters,0,0,0,0,0,1,0.0,0.0,0.69410455,0.3048203,0.0,2,natural_factor
2016-04-12,Thomson_Reuters,0,0,0,0,0,1,0.0,0.0,0.76392776,0.23410048,0.0,2,natural_factor
2019-01-09,Thomson_Reuters,1,0,2,1,0,1,0.1787894,0.0,0.0,0.8164396,0.0,3,financial_risk
2017-12-14,Thomson_Reuters,2,0,0,0,0,1,0.0,0.0,0.6038832,0.39524698,0.0,2,supply_side
2019-07-22,Thomson_Reuters,0,0,1,0,0,1,0.05419081,0.0,0.0,0.9450495,0.0,3,financial_risk
2017-04-07,Thomson_Reuters,0,0,2,0,0,1,0.019843012,0.0,0.3108439,0.66905546,0.0,3,financial_risk
2019-10-18,Thomson_Reuters,0,0,0,1,0,1,0.058045745,0.0235739,0.0,0.91771203,0.0,3,geopolitical_risk
2013-07-19,Thomson_Reuters,0,0,0,0,0,1,0.036258854,0.0,0.0,0.96299,0.0,3,natural_factor
2013-07-19,Thomson_Reuters,0,0,0,0,0,1,0.0547805,0.0,0.0,0.944598,0.0,3,natural_factor
2019-03-26,Thomson_Reuters,0,0,0,0,0,1,0.0,0.0,0.37072676,0.60513955,0.023581421,3,natural_factor
2013-07-22,Thomson_Reuters,0,0,1,0,0,1,0.0,0.0,0.0,0.99088305,0.0,3,financial_risk
2018-08-09,Thomson_Reuters,0,0,0,0,0,1,0.07776952,0.0,0.3671535,0.5545995,0.0,3,natural_factor
2019-10-18,Thomson_Reuters,0,0,0,1,0,1,0.046227794,0.011561575,0.0,0.94168895,0.0,3,geopolitical_risk
2016-04-20,Thomson_Reuters,0,0,0,0,0,1,0.0,0.0,0.7252639,0.2728771,0.0,2,natural_factor
2017-07-21,Thomson_Reuters,2,0,0,1,0,1,0.0,0.0,0.65872645,0.34037536,0.0,2,supply_side
2019-09-12,Thomson_Reuters,2,0,0,0,0,1,0.32033455,0.0,0.021735368,0.6331961,0.024678953,3,supply_side
2019-06-13,Thomson_Reuters,0,0,1,1,0,1,0.024934009,0.0,0.051796757,0.9227199,0.0,3,financial_risk
2018-12-20,The_Wall_Street_Journal,3,0,1,0,0,1,0.059349068,0.0,0.0,0.9399991,0.0,3,supply_side
2018-10-17,Thomson_Reuters,0,1,0,0,0,1,0.0,0.0,0.9924321,0.0,0.0,2,demand_side
2019-10-18,Thomson_Reuters,2,0,0,0,0,1,0.0,0.0,0.11149706,0.8876612,0.0,3,supply_side
2019-08-26,Thomson_Reuters,1,0,0,0,0,1,0.12186816,0.0,0.26478535,0.55518067,0.057978276,3,supply_side
2019-10-18,Thomson_Reuters,2,0,1,1,0,1,0.14822496,0.0,0.6103063,0.23421748,0.0,2,supply_side
2017-07-21,Thomson_Reuters,0,0,0,1,0,1,0.023185628,0.0,0.8367477,0.109505415,0.030483712,2,geopolitical_risk
2015-08-03,Thomson_Reuters,0,0,0,0,0,1,0.0,0.0,0.7516898,0.24651693,0.0,2,natural_factor
2019-04-22,Thomson_Reuters,0,0,0,0,0,1,0.106308565,0.0,0.059335053,0.8337766,0.0,3,natural_factor
2019-09-12,Thomson_Reuters,0,0,0,0,0,1,0.03580582,0.0,0.78953713,0.1717571,0.0,2,natural_factor
2019-10-18,Thomson_Reuters,0,0,0,1,0,1,0.0,0.0,0.0,0.99823076,0.0,3,geopolitical_risk
2018-06-26,Thomson_Reuters,0,1,0,0,0,1,0.0,0.0,0.08626747,0.9130986,0.0,3,demand_side
2019-12-31,Thomson_Reuters,0,0,0,0,0,1,0.0,0.0,0.9894727,0.0,0.0,2,natural_factor
2015-08-07,Thomson_Reuters,1,0,0,0,0,1,0.515743,0.0,0.0,0.41361108,0.070261225,0,supply_side
2017-10-20,Thomson_Reuters,1,0,0,0,0,1,0.0,0.0,0.0,0.99881935,0.0,3,supply_side
2017-12-30,Thomson_Reuters,2,0,0,0,0,1,0.0,0.0,0.28861406,0.71034896,0.0,3,supply_side
2019-04-15,Thomson_Reuters,0,0,0,0,1,1,0.061868258,0.0,0.0,0.9351778,0.0,3,esg_regulation
2014-05-22,Thomson_Reuters,1,0,0,0,0,1,0.05068065,0.0,0.6605682,0.24721037,0.04142296,2,supply_side
2019-02-09,Thomson_Reuters,1,0,0,1,0,1,0.0,0.0,0.8019554,0.18042944,0.017210213,2,supply_side
2019-12-10,Thomson_Reuters,0,0,0,0,0,1,0.011037652,0.0,0.35294992,0.63541454,0.0,3,natural_factor
2017-10-02,Thomson_Reuters,3,0,2,0,0,1,0.04654832,0.0,0.29397956,0.65929043,0.0,3,supply_side
2017-03-06,Thomson_Reuters,0,0,0,0,0,1,0.0,0.0,0.7082381,0.28996247,0.0,2,natural_factor
2013-07-22,Thomson_Reuters,0,0,1,0,0,1,0.03973963,0.0,0.0,0.9595954,0.0,3,financial_risk
2019-06-17,Thomson_Reuters,1,0,1,0,0,1,0.0,0.0,0.20327532,0.79584223,0.0,3,supply_side
2019-01-11,Thomson_Reuters,0,1,0,0,0,1,0.5426187,0.0,0.18901326,0.1991196,0.06915069,0,demand_side
2018-04-16,Thomson_Reuters,0,0,0,0,0,1,0.0,0.0,0.91629446,0.0,0.07822814,2,natural_factor
2017-09-08,Thomson_Reuters,4,0,1,0,0,1,0.07481277,0.0,0.3229914,0.55447054,0.047673598,3,supply_side
2019-01-18,Thomson_Reuters,0,0,0,0,0,1,0.024398126,0.0,0.039149996,0.93606085,0.0,3,natural_factor
2018-06-06,Thomson_Reuters,3,0,0,0,0,1,0.0,0.0,0.4466033,0.5206918,0.032317825,3,supply_side
2015-08-06,Thomson_Reuters,1,0,0,0,0,1,0.5157443,0.0,0.0,0.41361088,0.0702601,0,supply_side
2019-07-31,Thomson_Reuters,0,1,1,0,0,1,0.15758182,0.0,0.0,0.834659,0.0,3,demand_side
2018-12-20,Thomson_Reuters,1,0,2,0,0,1,0.012499569,0.0,0.17230403,0.81486696,0.0,3,financial_risk
2017-12-14,Thomson_Reuters,5,0,2,0,0,1,0.08228612,0.0,0.2250639,0.6924674,0.0,3,supply_side
2019-03-19,Thomson_Reuters,0,0,0,0,0,1,0.0,0.0,0.6712361,0.32799143,0.0,2,natural_factor
2016-01-12,Thomson_Reuters,0,0,0,0,0,1,0.0,0.0,0.47425044,0.52277,0.0,3,natural_factor
2017-06-24,Thomson_Reuters,0,0,0,0,0,1,0.0,0.0,0.8775385,0.120712675,0.0,2,natural_factor
2018-06-08,Thomson_Reuters,1,0,0,0,0,1,0.0,0.0,0.7141639,0.28495684,0.0,2,supply_side
2018-12-19,Thomson_Reuters,1,0,2,0,0,1,0.0,0.0,0.2600735,0.7389514,0.0,3,financial_risk
2018-10-02,Thomson_Reuters,0,0,0,0,0,1,0.0,0.0,0.10771539,0.891434,0.0,3,natural_factor
2019-04-30,Thomson_Reuters,1,0,3,0,0,1,0.016792199,0.0,0.0,0.9822995,0.0,3,financial_risk
2018-11-29,Thomson_Reuters,0,0,0,0,0,1,0.0,0.0,0.85320395,0.13790269,0.0,2,natural_factor
2016-04-06,Thomson_Reuters,0,1,0,0,0,1,0.0,0.0,0.06047535,0.93882555,0.0,3,demand_side
2023-07-21,Thomson_Reuters,1,0,1,0,0,1,0.10294797,0.0,0.0,0.8962077,0.0,3,supply_side
2018-01-18,Thomson_Reuters,1,0,1,0,0,1,0.0,0.0,0.7763551,0.22283882,0.0,2,supply_side
2016-05-16,Thomson_Reuters,0,0,1,0,0,1,0.0,0.0,0.26430106,0.72903556,0.0,3,financial_risk
2009-09-23,Thomson_Reuters,0,0,1,0,0,1,0.15995799,0.0,0.24459217,0.5951576,0.0,3,financial_risk
2017-12-11,Thomson_Reuters,0,0,0,0,0,1,0.0,0.0,0.6948955,0.3021968,0.0,2,natural_factor
2018-06-15,Thomson_Reuters,1,0,0,0,0,1,0.0,0.0,0.675242,0.3239415,0.0,2,supply_side
2018-04-09,Thomson_Reuters,0,0,0,0,0,1,0.13699393,0.0,0.08978507,0.77288705,0.0,3,natural_factor
2018-06-15,Thomson_Reuters,0,0,0,0,0,1,0.0,0.0,0.6711677,0.32688046,0.0,2,natural_factor
2017-11-15,Thomson_Reuters,0,0,1,0,0,1,0.0,0.0,0.17910065,0.8203594,0.0,3,financial_risk
2018-01-17,Thomson_Reuters,1,0,1,0,0,1,0.0,0.0,0.7723984,0.22678214,0.0,2,supply_side
2017-12-01,Thomson_Reuters,0,0,0,0,0,1,0.10603,0.021390863,0.7209226,0.15124494,0.0,2,natural_factor
2018-09-21,Thomson_Reuters,0,0,0,0,0,1,0.0,0.0,0.7908263,0.20635045,0.0,2,natural_factor
2013-03-14,Thomson_Reuters,0,0,0,0,0,1,0.19255851,0.0,0.045281388,0.7615957,0.0,3,natural_factor
2018-01-17,Thomson_Reuters,1,0,1,0,0,1,0.0,0.0,0.81586105,0.18308136,0.0,2,supply_side
2017-12-15,Thomson_Reuters,0,0,0,0,0,1,0.0,0.0,0.46677327,0.5291768,0.0,3,natural_factor
2018-04-05,Thomson_Reuters,0,0,0,0,0,1,0.06422624,0.0,0.9344282,0.0,0.0,2,natural_factor
2016-09-09,Thomson_Reuters,0,0,1,0,0,1,0.0,0.0,0.6104987,0.38146728,0.0,2,financial_risk
2018-01-09,Thomson_Reuters,1,0,1,0,0,1,0.0,0.0,0.7737724,0.22526883,0.0,2,supply_side
2016-09-09,Thomson_Reuters,0,0,2,0,0,1,0.0,0.0,0.6745208,0.3244565,0.0,2,financial_risk
2018-04-25,Thomson_Reuters,0,0,0,0,0,1,0.0,0.04878322,0.28661728,0.65984786,0.0,3,natural_factor
2018-02-06,Thomson_Reuters,0,0,0,0,0,1,0.0,0.0,0.0,0.98573595,0.0,3,natural_factor
2017-02-14,Thomson_Reuters,0,0,0,0,0,1,0.0,0.0,0.035892904,0.95535594,0.0,3,natural_factor
2016-02-16,Thomson_Reuters,0,0,1,0,0,1,0.0,0.0,0.14691062,0.8504822,0.0,3,financial_risk
2018-02-06,Thomson_Reuters,1,0,2,0,0,2,0.0,0.0,0.647858,0.35133398,0.0,2,financial_risk
2015-09-11,Thomson_Reuters,1,0,1,0,0,2,0.06778395,0.0,0.27141714,0.66056085,0.0,3,natural_factor
2017-11-27,Thomson_Reuters,0,0,0,0,0,1,0.0,0.0,0.4777919,0.5085945,0.0,3,natural_factor
2016-03-16,Thomson_Reuters,1,0,3,0,0,1,0.0,0.0,0.53707856,0.46167383,0.0,2,financial_risk
2018-01-23,Thomson_Reuters,0,0,0,0,0,1,0.18880278,0.0,0.026160872,0.78439367,0.0,3,natural_factor
2018-03-20,Thomson_Reuters,0,0,0,0,0,1,0.0,0.0,0.5874778,0.41056854,0.0,2,natural_factor
2016-05-11,Thomson_Reuters,0,0,1,0,0,1,0.0,0.0,0.2614794,0.73537743,0.0,3,financial_risk
2017-11-15,Thomson_Reuters,0,0,0,0,0,1,0.26544872,0.0,0.12610212,0.60786676,0.0,3,natural_factor
2018-04-09,Thomson_Reuters,0,1,0,0,0,1,0.08973998,0.0,0.05904629,0.8508475,0.0,3,demand_side
2016-03-30,Thomson_Reuters,2,0,3,0,0,1,0.0,0.0,0.34703282,0.65209126,0.0,3,financial_risk
2017-11-27,Thomson_Reuters,0,0,0,0,0,1,0.0,0.0,0.68283963,0.19987087,0.11532741,2,natural_factor
2018-03-19,Thomson_Reuters,0,0,0,0,0,1,0.0,0.0,0.5377248,0.45689118,0.0,2,natural_factor
2017-11-20,Thomson_Reuters,1,0,0,0,0,1,0.06464945,0.0,0.43147266,0.45136726,0.052409124,3,supply_side
2018-05-11,Thomson_Reuters,1,0,0,0,0,1,0.0,0.0,0.82241225,0.17528605,0.0,2,supply_side
2016-03-22,Thomson_Reuters,1,0,1,0,0,1,0.094041005,0.043913394,0.47284028,0.38909295,0.0,2,supply_side
2017-10-02,Thomson_Reuters,3,0,2,0,0,1,0.04626516,0.0,0.3024088,0.6511436,0.0,3,supply_side
2018-02-09,Thomson_Reuters,0,0,0,0,0,1,0.22848342,0.0,0.5723452,0.19846565,0.0,2,natural_factor
2018-09-11,Thomson_Reuters,1,0,1,0,0,1,0.0,0.0,0.58908886,0.4095031,0.0,2,supply_side
2017-11-22,Thomson_Reuters,0,0,0,1,0,1,0.7726348,0.013073461,0.18565764,0.028325824,0.0,0,geopolitical_risk
2017-11-30,Thomson_Reuters,0,0,0,0,0,1,0.37244037,0.07265503,0.53114027,0.023422536,0.0,2,natural_factor
2017-12-11,Thomson_Reuters,0,0,1,0,0,1,0.0,0.0,0.70045173,0.29852352,0.0,2,financial_risk
2016-01-25,Thomson_Reuters,0,0,0,0,0,1,0.14692968,0.0,0.5818759,0.0,0.27027607,2,natural_factor
2018-04-24,Thomson_Reuters,0,0,0,0,0,1,0.0,0.0,0.85195315,0.0,0.13823538,2,natural_factor
2018-04-16,Thomson_Reuters,1,0,0,0,0,1,0.0,0.0,0.7852059,0.21388479,0.0,2,supply_side
2017-12-28,Thomson_Reuters,0,1,2,0,0,1,0.043551773,0.0,0.02349898,0.932442,0.0,3,financial_risk
2018-09-11,Thomson_Reuters,0,0,0,0,0,1,0.23987122,0.0,0.56689554,0.19252416,0.0,2,natural_factor
2018-04-16,Thomson_Reuters,0,0,1,0,0,1,0.14629762,0.0,0.0,0.8445109,0.0,3,financial_risk
2016-03-30,Thomson_Reuters,0,0,0,0,0,1,0.0,0.0,0.6980892,0.29230243,0.0,2,natural_factor
2018-01-09,Thomson_Reuters,0,0,0,0,0,1,0.0,0.0,0.5124838,0.4852707,0.0,2,natural_factor
2016-09-01,Thomson_Reuters,0,0,0,0,0,1,0.0,0.0,0.765693,0.23242322,0.0,2,natural_factor
2018-05-29,Thomson_Reuters,1,0,0,0,1,1,0.051714666,0.0,0.79204744,0.0,0.15282388,2,supply_side
2022-03-26,The_Wall_Street_Journal,1,0,0,0,2,2,0.07724052,0.0,0.30434543,0.42168337,0.19666852,3,esg_regulation
2005-08-26,The_Wall_Street_Journal,3,0,1,0,0,1,0.27391988,0.015508863,0.0,0.68472016,0.0256465,3,supply_side
2023-01-17,Bangkok_Post,0,0,0,0,0,2,0.802438,0.0,0.04438559,0.100313835,0.05273187,0,natural_factor
2022-07-06,The_Business_Times,0,0,0,0,0,1,0.8474169,0.0,0.12449145,0.0,0.027376106,0,natural_factor
2023-06-01,The_Business_Times,0,1,0,0,0,1,0.67200696,0.0,0.0,0.32736352,0.0,0,demand_side
2023-04-28,The_Business_Times,0,0,0,0,0,1,0.59414476,0.0,0.0,0.38449252,0.02093958,0,natural_factor
2022-08-26,New_Strait_Times,0,0,0,0,0,1,0.41968387,0.0,0.5114944,0.0,0.058871746,2,natural_factor
2022-02-07,Financial_Times,0,0,0,1,0,1,0.79753864,0.0,0.20178083,0.0,0.0,0,geopolitical_risk
2023-05-2,Bangkok_Post,0,0,0,0,0,1,0.7215402,0.0,0.0,0.12247511,0.15535368,0,natural_factor
2022-06-09,Financial_Times,0,0,0,1,0,1,0.062186867,0.0,0.8834167,0.053961813,0.0,2,geopolitical_risk
2023-06-10,Financial_Times,0,0,0,0,0,1,0.92404383,0.0,0.038210783,0.03753337,0.0,0,natural_factor
2022-08-09,Thomson_Reuters,0,1,1,0,0,1,0.29396608,0.08652272,0.06363734,0.55564034,0.0,3,demand_side
2022-06-05,The_Business_Times,0,0,0,0,0,1,0.9853608,0.0,0.0,0.0,0.0,0,natural_factor
2023-05-30,Manila_Bulletin,1,0,0,0,0,1,0.02497146,0.0,0.889097,0.0,0.0855485,2,supply_side
2023-05-22,Thomson_Reuters,1,0,2,0,0,1,0.0,0.0,0.049336884,0.9500395,0.0,3,financial_risk
2022-08-12,Financial_Times,0,0,1,0,0,2,0.51715744,0.0,0.04719139,0.43554932,0.0,0,natural_factor
2022-02-02,Thomson_Reuters,0,0,0,0,0,1,0.5780062,0.0,0.27549967,0.09703151,0.049364574,0,natural_factor
2023-06-07,Thomson_Reuters,0,0,0,0,0,1,0.7346094,0.0,0.0,0.26439598,0.0,0,natural_factor
2023-03-10,The_Business_Times,0,0,0,0,0,1,0.76453114,0.0,0.0,0.16244581,0.072534055,0,natural_factor
2022-07-30,The_Wall_Street_Journal,0,1,0,0,0,1,0.6948628,0.0,0.29723603,0.0,0.0,0,demand_side
2022-06-1,South_China_Morning_Post,0,0,0,0,0,1,0.86806375,0.0,0.0,0.1314832,0.0,0,natural_factor
2022-05-29,The_Wall_Street_Journal,0,0,0,0,0,1,0.7378136,0.0,0.0,0.25465345,0.0,0,natural_factor
2023-04-30,South_China_Morning_Post,0,0,1,0,0,1,0.71035075,0.0,0.124510266,0.16090876,0.0,0,financial_risk
2022-07-05,The_Wall_Street_Journal,0,2,1,0,0,1,0.5550536,0.0,0.30527353,0.13940546,0.0,0,demand_side
2022-06-06,The_Wall_Street_Journal,0,0,0,0,0,1,0.7513148,0.0,0.10128489,0.14700781,0.0,0,natural_factor
2022-08-01,Nikkei_Asia,0,1,1,0,0,1,0.7894738,0.0,0.016126314,0.12606728,0.06819532,0,demand_side
2023-01-24,Nikkei_Asia,0,0,0,0,0,1,0.96954745,0.0,0.015766967,0.01439299,0.0,0,natural_factor
2022-08-10,The_Wall_Street_Journal,0,0,0,0,0,1,0.9581674,0.014514542,0.026990168,0.0,0.0,0,natural_factor
2022-10-25,The_Wall_Street_Journal,0,0,0,0,0,1,0.91827595,0.0,0.0,0.08131729,0.0,0,natural_factor
2023-04-22,Nikkei_Asia,0,0,0,0,0,1,0.75873184,0.0,0.0,0.24055824,0.0,0,natural_factor
2022-07-13,The_Wall_Street_Journal,0,0,0,0,0,1,0.7776266,0.0,0.0,0.22196387,0.0,0,natural_factor
2023-05-14,South_China_Morning_Post,0,0,0,0,0,1,0.86381924,0.0,0.052149218,0.04039738,0.04355658,0,natural_factor
2022-04-19,The_Wall_Street_Journal,0,0,1,0,0,1,0.7090775,0.0,0.0,0.29023018,0.0,0,financial_risk
2022-08-05,The_Wall_Street_Journal,0,0,0,0,0,1,0.8204013,0.0,0.0,0.17910011,0.0,0,natural_factor
2022-07-18,The_Wall_Street_Journal,0,0,0,0,0,1,0.6604154,0.033511423,0.17576528,0.13017528,0.0,0,natural_factor
2023-02-06,The_Strait_Times,0,0,0,0,0,1,0.59031564,0.0,0.0,0.37693188,0.032329194,0,natural_factor
2022-01-21,The_Wall_Street_Journal,0,0,0,0,0,1,0.81843495,0.0,0.18093109,0.0,0.0,0,natural_factor
2022-02-11,The_Wall_Street_Journal,0,0,0,0,0,2,0.8884747,0.025423568,0.08585686,0.0,0.0,0,natural_factor
2022-05-03,The_Wall_Street_Journal,0,0,0,0,0,1,0.57979226,0.010549606,0.0,0.40911692,0.0,0,natural_factor
2022-07-11,The_Wall_Street_Journal,0,0,0,0,0,2,0.8545759,0.0,0.07745425,0.06778815,0.0,0,natural_factor
2022-07-17,South_China_Morning_Post,0,0,0,0,0,1,0.792023,0.0,0.081669964,0.10269841,0.023520555,0,natural_factor
2022-09-30,South_China_Morning_Post,0,0,0,0,0,1,0.8615385,0.0,0.13783066,0.0,0.0,0,natural_factor
2022-01-11,The_Wall_Street_Journal,1,0,0,0,0,1,0.9629822,0.030922322,0.0,0.0,0.0,0,supply_side
2022-07-14,The_Wall_Street_Journal,0,1,0,0,0,1,0.73930365,0.0,0.14351404,0.11698575,0.0,0,demand_side
2022-08-24,The_Wall_Street_Journal,0,0,1,0,0,1,0.14519447,0.0,0.0,0.8540726,0.0,3,financial_risk
2022-07-26,The_Wall_Street_Journal,0,0,0,0,0,1,0.9444195,0.0,0.035925884,0.019466313,0.0,0,natural_factor
2022-09-27,The_Wall_Street_Journal,0,0,0,0,0,1,0.84293514,0.0,0.063303076,0.08639378,0.0,0,natural_factor
2022-11-3,South_China_Morning_Post,0,0,3,0,0,1,0.880383,0.0,0.0,0.11922033,0.0,0,financial_risk
2022-02-08,The_Wall_Street_Journal,0,0,0,0,0,1,0.97389174,0.0,0.0,0.025580097,0.0,0,natural_factor
2022-03-14,The_Wall_Street_Journal,0,0,0,0,0,1,0.74620646,0.0,0.023822004,0.22628307,0.0,0,natural_factor
2023-02-05,Nikkei_Asia,0,0,0,0,0,1,0.09155121,0.0,0.5026837,0.0,0.40548533,2,natural_factor
2022-11-08,The_Wall_Street_Journal,0,0,0,0,0,1,0.9154489,0.0,0.048129477,0.036165483,0.0,0,natural_factor
2022-01-24,The_Wall_Street_Journal,0,0,0,0,0,1,0.85339844,0.0,0.0108845085,0.12982798,0.0,0,natural_factor
2022-09-12,The_Wall_Street_Journal,0,0,0,0,0,1,0.9992857,0.0,0.0,0.0,0.0,0,natural_factor
2022-04-27,The_Wall_Street_Journal,0,0,0,0,0,1,0.52734876,0.0,0.47200716,0.0,0.0,0,natural_factor
2022-09-11,The_Wall_Street_Journal,0,1,1,0,0,1,0.5278654,0.0,0.036420934,0.43553415,0.0,0,demand_side
2023-03-03,Nikkei_Asia,0,0,0,0,0,1,0.81329894,0.0,0.0,0.14372696,0.042395543,0,natural_factor
2022-09-20,The_Wall_Street_Journal,0,0,0,0,1,1,0.93064433,0.0,0.0,0.068761885,0.0,0,esg_regulation
2022-11-1,South_China_Morning_Post,0,0,0,0,0,1,0.81723887,0.0,0.15297008,0.0,0.02340608,0,natural_factor
2021-12-09,Financial_Times,0,0,0,0,0,2,0.7200392,0.0,0.23880756,0.01704436,0.0154929655,0,natural_factor
2021-02-26,The_Wall_Street_Journal,0,0,0,0,0,1,0.79714376,0.0,0.0,0.20225142,0.0,0,natural_factor
2020-07-26,Financial_Times,0,0,0,0,0,1,0.57608384,0.0,0.32528746,0.098267935,0.0,0,natural_factor
2021-03-19,The_Wall_Street_Journal,0,0,2,0,0,1,0.7856223,0.07523427,0.13874778,0.0,0.0,0,financial_risk
2021-09-24,Financial_Times,0,0,1,0,0,1,0.73451376,0.013518315,0.1446431,0.107166834,0.0,0,financial_risk
2020-08-31,Financial_Times,0,0,0,0,0,1,0.8347123,0.0,0.0,0.16428119,0.0,0,natural_factor
2021-06-14,The_Wall_Street_Journal,0,0,0,0,0,1,0.7059575,0.0,0.28905612,0.0,0.0,0,natural_factor
2021-04-21,The_Wall_Street_Journal,0,0,0,0,0,1,0.9695053,0.0,0.029722476,0.0,0.0,0,natural_factor
2021-05-07,Financial_Times,0,0,0,0,0,1,0.62254316,0.0,0.0,0.37661526,0.0,0,natural_factor
2021-02-16,The_Wall_Street_Journal,0,0,0,0,0,1,0.77336985,0.0,0.041055765,0.18521063,0.0,0,natural_factor
2021-06-10,The_Wall_Street_Journal,0,0,0,0,0,1,0.75947845,0.015092624,0.17736112,0.0,0.047952093,0,natural_factor
2020-02-14,Channel_News_Asia,0,0,0,0,1,1,0.6125871,0.0,0.21526374,0.0,0.17174798,0,esg_regulation
2021-05-19,Financial_Times,0,0,0,0,0,1,0.50229067,0.0,0.08910536,0.4083428,0.0,0,natural_factor
2023-06-13,Thomson_Reuters,0,0,0,0,0,1,0.47211152,0.0,0.52707857,0.0,0.0,2,natural_factor
2020-09-25,The_Wall_Street_Journal,0,1,0,0,0,1,0.8571801,0.0,0.0,0.14237887,0.0,0,demand_side
2021-02-26,Channel_News_Asia,0,1,0,0,0,1,0.65021104,0.0,0.0,0.34231305,0.0,0,demand_side
2020-09-22,The_Wall_Street_Journal,0,0,1,0,0,1,0.62300086,0.0,0.25297302,0.12380694,0.0,0,financial_risk
2020-04-24,Thomson_Reuters,0,0,0,0,0,1,0.89910716,0.0,0.0,0.07419106,0.025998825,0,natural_factor
2021-08-31,The_Wall_Street_Journal,0,0,0,0,0,1,0.64671314,0.0,0.0,0.35284704,0.0,0,natural_factor
2021-07-09,The_Business_Times,0,0,0,0,1,1,0.15206079,0.02653757,0.80094844,0.020336045,0.0,2,esg_regulation
2021-01-08,Financial_Times,0,0,1,0,0,2,0.6870439,0.0,0.12934788,0.13523197,0.0483046,0,natural_factor
2020-03-16,Financial_Times,1,0,1,0,0,1,0.80763805,0.0,0.093395784,0.09280011,0.0,0,supply_side
2021-09-06,The_Wall_Street_Journal,0,0,0,0,0,1,0.78419787,0.0,0.14486934,0.07075052,0.0,0,natural_factor
2021-03-21,The_Wall_Street_Journal,0,0,0,0,0,1,0.9103517,0.0,0.07826467,0.011242032,0.0,0,natural_factor
2020-06-07,Financial_Times,0,1,0,0,0,1,0.57030797,0.0,0.093945436,0.33549756,0.0,0,demand_side
2021-01-25,Financial_Times,0,0,0,0,0,1,0.62369466,0.0,0.24242432,0.13359936,0.0,0,natural_factor
2020-09-22,Channel_News_Asia,0,0,0,1,0,1,0.24821848,0.0,0.7261481,0.0,0.025341114,2,geopolitical_risk
2020-07-21,The_Wall_Street_Journal,0,0,0,0,0,1,0.7185445,0.011606124,0.045336757,0.22431928,0.0,0,natural_factor
2020-11-06,The_Wall_Street_Journal,0,0,3,0,0,1,0.52332443,0.0,0.0,0.47610512,0.0,0,financial_risk
2020-10-26,Financial_Times,0,0,0,0,0,1,0.62458426,0.0,0.33952606,0.0,0.035473842,0,natural_factor
2020-03-14,The_Wall_Street_Journal,0,0,0,0,0,1,0.89223105,0.0,0.107417196,0.0,0.0,0,natural_factor
2020-02-10,Thomson_Reuters,0,0,0,0,0,1,0.055901583,0.0,0.73848,0.20497411,0.0,2,natural_factor
2020-11-30,Financial_Times,0,0,0,0,0,1,0.7494108,0.0,0.13480915,0.11547886,0.0,0,natural_factor
2021-05-04,The_Wall_Street_Journal,0,0,0,0,0,1,0.945351,0.0,0.0,0.0540686,0.0,0,natural_factor
2020-09-16,The_Wall_Street_Journal,0,0,0,0,0,2,0.6312549,0.018564854,0.34966996,0.0,0.0,0,natural_factor
2021-06-23,The_Wall_Street_Journal,0,0,0,0,0,1,0.9587805,0.029196324,0.0,0.0,0.0,0,natural_factor
2020-07-11,The_Wall_Street_Journal,3,0,0,0,0,3,0.6418428,0.0,0.0,0.33911043,0.013579943,0,supply_side
2020-07-22,The_Wall_Street_Journal,0,1,0,0,0,1,0.9048803,0.022883685,0.05765481,0.014448833,0.0,0,demand_side
2020-03-13,The_Wall_Street_Journal,0,0,0,0,0,1,0.2611729,0.0,0.6129702,0.12535718,0.0,2,natural_factor
2020-07-28,The_Wall_Street_Journal,0,0,0,0,0,1,0.51104957,0.0,0.3200955,0.16858177,0.0,0,natural_factor
2021-03-03,New_Strait_Times,0,0,0,0,0,1,0.07945686,0.02080544,0.84464663,0.0,0.054558154,2,natural_factor
2020-10-23,Financial_Times,0,0,0,0,0,1,0.62590384,0.0,0.02532359,0.34837693,0.0,0,natural_factor
2020-04-10,Thomson_Reuters,0,0,0,0,0,3,0.7387385,0.0,0.0,0.25988367,0.0,0,natural_factor
2021-02-24,Thomson_Reuters,0,0,1,0,0,1,0.8032998,0.0,0.05157868,0.14440778,0.0,0,financial_risk
2020-11-23,Financial_Times,0,0,0,0,0,1,0.7659463,0.0,0.15495755,0.0,0.07867346,0,natural_factor
2021-02-21,The_Wall_Street_Journal,0,0,0,0,0,1,0.8394267,0.0,0.07402912,0.049501825,0.036990866,0,natural_factor
2020-04-27,Financial_Times,0,0,0,0,0,1,0.88329905,0.0,0.0,0.115978554,0.0,0,natural_factor
2020-09-18,Manila_Bulletin,0,0,0,0,0,2,0.4563776,0.0,0.18777981,0.018327575,0.33738905,0,natural_factor
2020-09-16,Manila_Bulletin,0,0,0,1,0,1,0.40307054,0.0,0.5853586,0.0,0.011279847,2,geopolitical_risk
2020-08-17,Financial_Times,0,0,0,0,0,1,0.83742,0.0,0.16163874,0.0,0.0,0,natural_factor
2021-12-23,The_Wall_Street_Journal,1,1,0,0,0,1,0.6553108,0.0,0.0,0.34438905,0.0,0,supply_side
2020-03-24,Financial_Times,0,1,1,0,0,1,0.38425305,0.0,0.31152302,0.26341593,0.04074001,0,demand_side
2021-02-11,Thomson_Reuters,0,0,0,0,0,1,0.4129231,0.0,0.057692967,0.48191342,0.04728992,3,natural_factor
2021-06-30,Thomson_Reuters,3,0,0,0,1,2,0.06819387,0.0,0.14524792,0.5726386,0.20559204,3,supply_side
2021-09-29,The_Wall_Street_Journal,0,2,0,0,0,1,0.53878206,0.0,0.0,0.43307903,0.022472644,0,demand_side
2020-02-18,Channel_News_Asia,0,0,0,0,0,1,0.7320541,0.0,0.20660672,0.0,0.060906522,0,natural_factor
2020-04-15,The_Wall_Street_Journal,0,0,0,1,0,1,0.84099174,0.026438713,0.088285804,0.029694375,0.0145893805,0,geopolitical_risk
2020-02-18,The_Jakarta_Post,0,0,0,0,0,1,0.5249558,0.0,0.35737097,0.0,0.116996095,0,natural_factor
2020-03-24,The_Wall_Street_Journal,0,0,1,0,0,1,0.6934705,0.03077426,0.0,0.2754801,0.0,0,financial_risk
2021-08-17,The_Wall_Street_Journal,0,0,0,0,0,1,0.87395644,0.0,0.103677064,0.0,0.022098443,0,natural_factor
2020-06-14,Financial_Times,0,0,0,0,0,1,0.8686251,0.0,0.0,0.08441053,0.046737865,0,natural_factor
2021-03-09,New_Strait_Times,0,0,2,0,0,1,0.5336487,0.0,0.46572405,0.0,0.0,0,financial_risk
2020-11-30,The_Wall_Street_Journal,0,0,2,0,0,2,0.6895937,0.0,0.31021708,0.0,0.0,0,financial_risk
2021-07-19,New_Strait_Times,0,0,0,0,0,2,0.47950888,0.0,0.28237367,0.0,0.23761676,0,natural_factor
2021-12-02,The_Wall_Street_Journal,0,0,0,0,0,1,0.9825343,0.0,0.0,0.017011933,0.0,0,natural_factor
2020-12-15,The_Wall_Street_Journal,0,0,0,0,0,1,0.94410336,0.0,0.055283003,0.0,0.0,0,natural_factor
2021-08-17,The_Wall_Street_Journal,0,0,0,0,0,1,0.790995,0.0,0.057704575,0.15099822,0.0,0,natural_factor
2020-04-23,Financial_Times,0,1,0,0,0,1,0.73230374,0.0,0.11251594,0.0792371,0.075835325,0,demand_side
2021-03-16,The_Wall_Street_Journal,0,0,0,0,0,1,0.79278016,0.0,0.0,0.2067509,0.0,0,natural_factor
2021-10-09,Financial_Times,0,0,1,0,0,1,0.5582823,0.0,0.24143706,0.19991967,0.0,0,financial_risk
2020-04-02,The_Wall_Street_Journal,0,0,1,0,0,1,0.49837473,0.0,0.48108235,0.020425599,0.0,0,financial_risk
2020-03-26,The_Wall_Street_Journal,0,0,0,0,0,1,0.8023867,0.0,0.10181097,0.08513397,0.010587484,0,natural_factor
2021-02-11,The_Wall_Street_Journal,0,0,0,0,0,2,0.74370354,0.0,0.098815575,0.15719277,0.0,0,natural_factor
2021-12-10,Financial_Times,0,0,0,0,0,1,0.8190324,0.0,0.076320484,0.10442158,0.0,0,natural_factor
2021-02-18,The_Wall_Street_Journal,0,0,1,0,0,1,0.6863449,0.0,0.0,0.3131262,0.0,0,financial_risk
2021-02-03,Channel_News_Asia,0,0,0,0,0,1,0.27697185,0.0,0.6921087,0.0,0.030666785,2,natural_factor
2020-10-27,Financial_Times,0,0,1,0,0,1,0.5968703,0.0,0.12358707,0.2791474,0.0,0,financial_risk
2021-11-15,The_Wall_Street_Journal,0,0,0,0,0,1,0.77354413,0.0,0.0,0.22581743,0.0,0,natural_factor
2021-10-28,The_Wall_Street_Journal,1,1,0,0,0,2,0.646742,0.0,0.0,0.35292196,0.0,0,natural_factor
2021-12-07,The_Wall_Street_Journal,0,0,0,0,0,2,0.80432975,0.0,0.10738496,0.08803453,0.0,0,natural_factor
2021-07-09,The_Strait_Times,0,0,0,0,1,1,0.13897069,0.023068823,0.8108983,0.02479212,0.0,2,esg_regulation
2020-02-05,Financial_Times,2,2,0,0,0,2,0.6387589,0.0,0.075514145,0.27056092,0.0151548395,0,supply_side
2021-03-17,The_Business_Times,0,0,1,0,0,1,0.44856155,0.0,0.2524699,0.29846704,0.0,0,financial_risk
2020-03-10,The_Wall_Street_Journal,1,0,3,1,0,1,0.47539458,0.0,0.13232338,0.3920456,0.0,0,financial_risk
2020-05-13,The_Wall_Street_Journal,0,0,0,0,0,1,0.96793103,0.03164337,0.0,0.0,0.0,0,natural_factor
2020-06-29,The_Wall_Street_Journal,0,0,0,0,0,1,0.3735048,0.0,0.62608933,0.0,0.0,2,natural_factor
2020-07-23,Thomson_Reuters,0,0,0,0,0,1,0.80421734,0.0,0.13167082,0.06336706,0.0,0,natural_factor
2020-04-24,Financial_Times,0,0,0,0,0,1,0.68037814,0.0,0.23984295,0.079587765,0.0,0,natural_factor
2021-08-15,Financial_Times,0,0,0,0,0,1,0.7608709,0.0,0.22704646,0.01176153,0.0,0,natural_factor
2020-05-22,The_Wall_Street_Journal,0,0,0,0,0,1,0.8589282,0.0,0.065900005,0.07492085,0.0,0,natural_factor
2021-05-11,The_Wall_Street_Journal,0,0,0,0,0,1,0.9492873,0.0,0.0,0.050203267,0.0,0,natural_factor
2020-03-19,Thomson_Reuters,0,0,0,0,0,1,0.804894,0.0,0.19469921,0.0,0.0,0,natural_factor
2021-05-19,The_Wall_Street_Journal,0,0,0,0,0,1,0.70977545,0.026619548,0.15131536,0.11218198,0.0,0,natural_factor
2020-03-21,The_Wall_Street_Journal,0,0,0,0,0,1,0.9473376,0.051853582,0.0,0.0,0.0,0,natural_factor
2020-06-16,The_Wall_Street_Journal,0,0,0,0,0,1,0.8751923,0.0,0.019030228,0.10553813,0.0,0,natural_factor
2020-07-21,Financial_Times,1,0,2,0,0,1,0.28020787,0.0,0.58983195,0.12981395,0.0,2,financial_risk
2020-08-17,New_Strait_Times,0,0,1,0,0,1,0.8613218,0.0,0.046074055,0.092439614,0.0,0,financial_risk
2020-03-19,The_Wall_Street_Journal,0,0,0,0,0,1,0.9994119,0.0,0.0,0.0,0.0,0,natural_factor
2020-12-21,The_Wall_Street_Journal,0,0,0,0,0,1,0.7002257,0.0,0.0,0.29905388,0.0,0,natural_factor
2020-05-06,Financial_Times,0,0,0,0,0,1,0.086017534,0.0,0.567919,0.3456134,0.0,2,natural_factor
2021-09-17,Financial_Times,0,0,0,0,0,1,0.8747164,0.0,0.0,0.12496019,0.0,0,natural_factor
2020-08-11,The_Wall_Street_Journal,0,0,0,0,0,1,0.8008496,0.0,0.0,0.19130324,0.0,0,natural_factor
2021-10-05,The_Wall_Street_Journal,0,0,0,0,0,1,0.8061427,0.0,0.0,0.19335616,0.0,0,natural_factor
2020-01-03,Channel_News_Asia,0,0,0,1,0,1,0.3427677,0.0,0.5905758,0.0,0.06592775,2,geopolitical_risk
2020-02-27,Financial_Times,0,0,0,0,0,1,0.6594018,0.0,0.25640875,0.08390927,0.0,0,natural_factor
2021-07-08,Financial_Times,0,0,0,0,0,1,0.9296216,0.041554783,0.027265828,0.0,0.0,0,natural_factor
2020-05-01,The_Wall_Street_Journal,0,0,0,0,0,3,0.05759442,0.0,0.0,0.9250485,0.017035762,3,natural_factor
2021-04-27,The_Wall_Street_Journal,0,0,0,0,0,1,0.9196304,0.0,0.039166957,0.04081374,0.0,0,natural_factor
2020-01-28,The_Wall_Street_Journal,0,0,0,0,0,1,0.90516865,0.019815698,0.0,0.07448819,0.0,0,natural_factor
2021-09-12,The_Wall_Street_Journal,0,1,0,0,0,1,0.7882373,0.0,0.0,0.21126305,0.0,0,demand_side
2021-12-31,Manila_Bulletin,0,0,0,0,0,1,0.1429469,0.0,0.85600615,0.0,0.0,2,natural_factor
2021-11-23,The_Wall_Street_Journal,0,0,0,0,0,1,0.8732635,0.0,0.015648982,0.11082022,0.0,0,natural_factor
2020-10-06,Channel_News_Asia,0,0,0,0,0,1,0.18756942,0.0,0.7860316,0.0,0.026252573,2,natural_factor
2021-07-29,Thomson_Reuters,0,0,1,0,0,1,0.0,0.0,0.5089194,0.48888597,0.0,2,financial_risk
2021-12-29,The_Wall_Street_Journal,0,0,0,0,0,1,0.93054855,0.0,0.0,0.06896384,0.0,0,natural_factor
2021-02-22,The_Wall_Street_Journal,0,1,0,0,0,1,0.85620326,0.0,0.0,0.14327106,0.0,0,demand_side
2021-11-25,Financial_Times,0,0,0,0,0,1,0.62742156,0.0,0.23154174,0.13379762,0.0,0,natural_factor
2021-09-08,The_Wall_Street_Journal,0,0,0,0,0,2,0.6807968,0.0,0.24045551,0.078486584,0.0,0,natural_factor
2021-07-13,The_Strait_Times,0,0,0,0,0,1,0.55586386,0.0,0.058722913,0.23845568,0.14668533,0,natural_factor
2021-03-22,Manila_Bulletin,0,0,0,0,0,1,0.0903916,0.0,0.80332404,0.10595331,0.0,2,natural_factor
2020-05-13,Financial_Times,0,0,0,0,0,2,0.6235188,0.0,0.047587495,0.32837728,0.0,0,natural_factor
2020-11-04,The_Wall_Street_Journal,0,0,0,1,0,1,0.75351906,0.0,0.0,0.22382082,0.022469647,0,geopolitical_risk
2021-11-02,The_Wall_Street_Journal,0,0,0,0,0,2,0.7277678,0.0,0.0,0.26350573,0.0,0,natural_factor
2020-03-03,The_Wall_Street_Journal,0,1,0,1,0,1,0.7424888,0.0,0.0,0.23636325,0.012055759,0,demand_side
2020-03-27,New_Strait_Times,0,1,1,0,0,1,0.6898002,0.0,0.21495163,0.051594947,0.043562673,0,demand_side
2020-02-18,The_Wall_Street_Journal,0,0,0,0,0,1,0.36437163,0.0,0.33065143,0.29696122,0.0,0,natural_factor
2020-02-07,Channel_News_Asia,0,0,0,0,0,1,0.8179171,0.0,0.11565458,0.06614758,0.0,0,natural_factor
2021-05-12,The_Wall_Street_Journal,0,0,0,0,0,1,0.7015457,0.0,0.29783863,0.0,0.0,0,natural_factor
2021-03-18,The_Wall_Street_Journal,0,0,0,0,0,1,0.9552283,0.0,0.0,0.044237673,0.0,0,natural_factor
2020-03-17,The_Wall_Street_Journal,0,0,0,1,0,1,0.82725966,0.0,0.12129276,0.051356155,0.0,0,geopolitical_risk
2021-03-15,The_Wall_Street_Journal,0,0,1,0,0,1,0.5970482,0.0,0.24268173,0.16002165,0.0,0,financial_risk
2020-09-27,Financial_Times,0,1,0,0,0,1,0.59855473,0.0,0.12979236,0.271439,0.0,0,demand_side
2021-08-11,The_Wall_Street_Journal,0,1,0,0,0,1,0.8519729,0.0,0.06467704,0.08314111,0.0,0,demand_side
2020-04-24,The_Asahi_Shimbun,0,0,0,0,0,1,0.84951437,0.0,0.0,0.104205325,0.045584913,0,natural_factor
2021-01-12,The_Wall_Street_Journal,0,0,0,0,0,1,0.9222594,0.0,0.0,0.076964565,0.0,0,natural_factor
2020-08-05,The_Wall_Street_Journal,0,0,0,0,0,1,0.99923253,0.0,0.0,0.0,0.0,0,natural_factor
2020-04-13,New_Strait_Times,0,0,0,0,0,1,0.75342536,0.0,0.0,0.24415188,0.0,0,natural_factor
2020-04-21,The_Wall_Street_Journal,0,0,1,0,0,1,0.6515216,0.0,0.21274243,0.1354294,0.0,0,financial_risk
2020-11-18,The_Wall_Street_Journal,0,0,1,0,0,1,0.5481135,0.0,0.41602245,0.025447933,0.010333863,0,financial_risk
2020-11-22,Manila_Bulletin,0,0,0,0,0,1,0.12095132,0.0,0.70201284,0.17674862,0.0,2,natural_factor
2020-06-13,The_Wall_Street_Journal,0,0,0,0,0,2,0.95821035,0.022833187,0.014311032,0.0,0.0,0,natural_factor
2020-05-26,The_Wall_Street_Journal,0,0,0,0,0,1,0.7961511,0.0,0.0,0.20325384,0.0,0,natural_factor
2021-03-19,The_Wall_Street_Journal,0,0,0,0,0,1,0.071598515,0.0,0.46756324,0.46053305,0.0,2,natural_factor
2020-09-15,The_Wall_Street_Journal,0,0,0,0,0,1,0.9469973,0.0,0.04753867,0.0,0.0,0,natural_factor
2020-11-12,Financial_Times,0,0,0,0,0,1,0.7044606,0.0,0.09181414,0.20006445,0.0,0,natural_factor
2021-04-20,The_Wall_Street_Journal,0,0,0,0,0,1,0.76185596,0.0,0.23767076,0.0,0.0,0,natural_factor
2021-07-07,New_Strait_Times,0,0,0,0,0,2,0.7457664,0.0,0.0,0.25279355,0.0,0,natural_factor
2020-10-01,The_Wall_Street_Journal,0,1,0,0,0,1,0.86647654,0.0,0.0,0.1328674,0.0,0,demand_side
2020-09-02,The_Wall_Street_Journal,0,0,0,0,0,1,0.6950509,0.0,0.07128494,0.23321684,0.0,0,natural_factor
2020-02-28,Financial_Times,0,1,0,0,0,1,0.6898517,0.0,0.22628185,0.08370339,0.0,0,demand_side
2020-02-18,New_Strait_Times,0,0,0,0,0,1,0.54840463,0.0,0.32676908,0.0,0.12440447,0,natural_factor
2020-06-16,Financial_Times,0,0,0,0,0,1,0.88491714,0.0,0.1053938,0.0,0.0,0,natural_factor
2021-03-17,The_Wall_Street_Journal,0,0,0,0,0,2,0.83380324,0.0,0.019088304,0.14681567,0.0,0,natural_factor
2020-08-06,Thomson_Reuters,0,0,0,0,0,1,0.46348178,0.0,0.0,0.53523356,0.0,3,natural_factor
2017-08-22,The_Wall_Street_Journal,0,0,0,0,0,1,0.92573094,0.042716376,0.031147676,0.0,0.0,0,natural_factor
2018-01-03,The_Wall_Street_Journal,0,0,0,0,0,1,0.33641252,0.0,0.66319513,0.0,0.0,2,natural_factor
2019-12-15,The_Wall_Street_Journal,2,0,0,0,0,1,0.35844404,0.0,0.0,0.6411866,0.0,3,supply_side
2016-08-02,The_Wall_Street_Journal,0,0,0,0,0,1,0.6214423,0.0,0.2689867,0.10934204,0.0,0,natural_factor
2019-06-23,The_Wall_Street_Journal,0,0,0,0,0,2,0.96771014,0.0,0.029286316,0.0,0.0,0,natural_factor
2014-01-22,The_Wall_Street_Journal,0,0,2,0,0,1,0.61372626,0.0,0.057216726,0.32877067,0.0,0,financial_risk
2015-11-25,The_Wall_Street_Journal,0,0,0,1,0,1,0.02376058,0.0,0.92325723,0.026520533,0.026354196,2,geopolitical_risk
2018-11-10,Channel_News_Asia,0,0,0,0,0,1,0.31022474,0.0,0.5957237,0.0,0.093670055,2,natural_factor
2019-11-19,The_Wall_Street_Journal,0,0,0,0,0,1,0.775057,0.0,0.10268866,0.08957744,0.032534912,0,natural_factor
2019-05-01,The_Wall_Street_Journal,0,0,0,0,0,1,0.73124325,0.0,0.22779697,0.04075069,0.0,0,natural_factor
2019-07-15,The_Wall_Street_Journal,0,0,0,0,0,2,0.0,0.0,0.128443,0.87004083,0.0,3,natural_factor
2012-07-29,Financial_Times,0,0,0,0,0,1,0.17619942,0.0,0.7437153,0.07959164,0.0,2,natural_factor
2016-07-24,The_Wall_Street_Journal,0,1,1,1,0,1,0.42328498,0.0,0.3333998,0.24307859,0.0,0,demand_side
2014-12-08,The_Wall_Street_Journal,0,0,1,0,0,1,0.0,0.0,0.7734337,0.17746238,0.048768938,2,financial_risk
2016-02-16,The_Wall_Street_Journal,0,1,3,0,0,1,0.5349797,0.0,0.0,0.46461686,0.0,0,financial_risk
2015-07-12,The_Wall_Street_Journal,0,0,0,0,0,1,0.20862581,0.0,0.7909274,0.0,0.0,2,natural_factor
2018-08-21,The_Wall_Street_Journal,0,0,0,0,0,1,0.31255105,0.0,0.5661527,0.021019982,0.10016074,2,natural_factor
2010-08-19,The_Wall_Street_Journal,0,0,1,0,0,1,0.77005345,0.0,0.18599963,0.0,0.03565771,0,financial_risk
1999-07-13,The_Wall_Street_Journal,0,0,0,0,0,1,0.46542472,0.0,0.26902726,0.25755426,0.0,0,natural_factor
2019-05-09,Channel_News_Asia,0,0,0,0,0,1,0.4902277,0.0,0.35947588,0.0,0.15002488,0,natural_factor
2014-12-14,The_Wall_Street_Journal,0,0,0,0,0,1,0.0,0.0,0.80845416,0.19089724,0.0,2,natural_factor
2004-11-26,The_Wall_Street_Journal,0,0,0,0,0,1,0.83459467,0.011039506,0.1517198,0.0,0.0,0,natural_factor
2017-08-07,The_Wall_Street_Journal,0,0,0,0,0,1,0.9389959,0.0,0.06043701,0.0,0.0,0,natural_factor
2014-04-11,The_Wall_Street_Journal,0,0,0,0,0,2,0.16597429,0.0,0.78926617,0.044406407,0.0,2,natural_factor
2015-02-11,Thomson_Reuters,0,1,0,0,0,1,0.6738674,0.0,0.16940849,0.15634893,0.0,0,demand_side
2016-07-26,The_Wall_Street_Journal,1,0,0,1,0,1,0.17387608,0.0,0.7694319,0.0,0.05642956,2,supply_side
2019-08-06,The_Wall_Street_Journal,0,0,1,0,0,2,0.60200596,0.0,0.26326832,0.10743033,0.02719335,0,natural_factor
2019-10-13,Financial_Times,0,1,0,0,0,1,0.87144506,0.0,0.11489315,0.013215061,0.0,0,demand_side
2015-09-01,The_Wall_Street_Journal,2,0,0,0,0,2,0.2531913,0.0,0.031198299,0.65743166,0.058108628,3,supply_side
2011-08-15,The_Wall_Street_Journal,0,0,0,1,0,1,0.57162714,0.0,0.08731239,0.34053075,0.0,0,geopolitical_risk
2019-05-14,The_Wall_Street_Journal,0,0,0,0,0,1,0.90949935,0.03405436,0.04951026,0.0,0.0,0,natural_factor
2023-06-16,Thomson_Reuters,0,0,1,0,0,1,0.26117888,0.0,0.6745373,0.0,0.06382041,2,financial_risk
2015-07-04,The_Wall_Street_Journal,0,0,0,0,0,1,0.16097282,0.0,0.8385945,0.0,0.0,2,natural_factor
2014-08-14,The_Wall_Street_Journal,0,0,1,0,0,1,0.73739564,0.0,0.17940651,0.055773634,0.027342185,0,financial_risk
2009-12-17,The_Wall_Street_Journal,0,0,0,0,0,1,0.8602558,0.0,0.0,0.13860968,0.0,0,natural_factor
2018-01-21,The_Wall_Street_Journal,0,0,0,0,0,1,0.8382208,0.039195534,0.034613717,0.08067835,0.0,0,natural_factor
2015-01-02,The_Wall_Street_Journal,0,0,0,0,0,1,0.070458144,0.0,0.92900604,0.0,0.0,2,natural_factor
2008-10-12,The_Wall_Street_Journal,0,0,0,0,0,1,0.41987526,0.0,0.24631643,0.32505774,0.0,0,natural_factor
2019-01-29,The_Wall_Street_Journal,0,0,0,0,0,1,0.8887733,0.021530077,0.0,0.08871281,0.0,0,natural_factor
2013-09-29,The_Wall_Street_Journal,0,0,1,0,0,1,0.12443461,0.0,0.8752895,0.0,0.0,2,financial_risk
2015-01-07,The_Wall_Street_Journal,0,0,0,0,0,1,0.0,0.0,0.8836148,0.11565327,0.0,2,natural_factor
2019-09-10,The_Wall_Street_Journal,0,0,0,0,0,1,0.6002146,0.0,0.028376065,0.37114096,0.0,0,natural_factor
2019-10-15,The_Wall_Street_Journal,1,1,0,0,0,1,0.9427203,0.0,0.0,0.056742787,0.0,0,supply_side
2015-07-05,The_Wall_Street_Journal,0,0,0,0,0,1,0.09197014,0.0,0.90743107,0.0,0.0,2,natural_factor
2019-01-24,The_Wall_Street_Journal,0,0,0,0,0,1,0.7198851,0.0,0.2248871,0.054921664,0.0,0,natural_factor
2017-08-01,The_Wall_Street_Journal,0,0,0,0,0,1,0.52938324,0.0,0.2923362,0.1780524,0.0,0,natural_factor
2015-04-22,The_Wall_Street_Journal,0,0,0,0,0,1,0.029606726,0.0,0.925321,0.0,0.03693786,2,natural_factor
2015-01-21,The_Wall_Street_Journal,0,0,0,0,0,1,0.13541257,0.0,0.86412567,0.0,0.0,2,natural_factor
2017-08-29,The_Wall_Street_Journal,0,0,0,0,0,2,0.7056789,0.0,0.0,0.2938747,0.0,0,natural_factor
2015-10-02,The_Wall_Street_Journal,0,0,0,0,0,1,0.09594795,0.0,0.9035142,0.0,0.0,2,natural_factor
2013-09-10,The_Wall_Street_Journal,0,0,0,0,0,1,0.88687444,0.038655475,0.074122556,0.0,0.0,0,natural_factor
2016-09-16,The_Jakarta_Post,0,0,0,0,0,1,0.13983057,0.0,0.6304296,0.0,0.22944264,2,natural_factor
2019-05-28,The_Wall_Street_Journal,0,0,0,0,0,1,0.91849154,0.0,0.057353348,0.023905544,0.0,0,natural_factor
2019-10-22,The_Strait_Times,0,0,0,0,0,1,0.9154516,0.0,0.08400567,0.0,0.0,0,natural_factor
2019-08-22,Financial_Times,1,2,0,0,0,1,0.83788794,0.0,0.05270186,0.0,0.10641313,0,demand_side
2016-03-12,The_Jakarta_Post,0,0,0,1,0,1,0.37585035,0.0,0.4736334,0.0,0.15013707,2,geopolitical_risk
2019-06-25,The_Wall_Street_Journal,0,0,1,0,0,1,0.6984769,0.028573116,0.24422114,0.028560875,0.0,0,financial_risk
2006-11-27,The_Wall_Street_Journal,0,0,0,0,0,1,0.9945118,0.0,0.0,0.0,0.0,0,natural_factor
2012-12-10,The_Wall_Street_Journal,1,0,0,0,0,1,0.5549094,0.0,0.43204632,0.0,0.010171359,0,supply_side
2016-03-04,The_Wall_Street_Journal,0,0,1,0,0,1,0.15164688,0.0,0.6066082,0.11965901,0.1220106,2,financial_risk
2009-11-09,The_Wall_Street_Journal,0,0,0,0,0,1,0.32551438,0.0,0.04128619,0.51975656,0.113314144,3,natural_factor
2018-04-15,The_Wall_Street_Journal,0,0,1,0,0,1,0.7729047,0.0,0.1578057,0.059867688,0.0,0,financial_risk
2014-12-23,The_Wall_Street_Journal,0,0,2,0,0,1,0.52770305,0.0,0.0,0.463775,0.0,0,financial_risk
2013-08-23,The_Wall_Street_Journal,0,0,0,1,0,3,0.9296762,0.0,0.06499098,0.0,0.0,0,natural_factor
2009-04-09,The_Wall_Street_Journal,0,0,0,0,0,2,0.94258636,0.0,0.04115603,0.015956463,0.0,0,natural_factor
2019-10-25,The_Wall_Street_Journal,0,0,0,0,0,1,0.34724545,0.0,0.6469132,0.0,0.0,2,natural_factor
2013-04-30,The_Wall_Street_Journal,1,0,0,0,0,1,0.0,0.0,0.7857739,0.13136552,0.08227713,2,supply_side
2018-10-01,Channel_News_Asia,0,0,0,0,0,1,0.0,0.0,0.94578075,0.0,0.053218238,2,natural_factor
2016-03-28,The_Wall_Street_Journal,0,0,0,1,0,1,0.5733874,0.015572193,0.3298713,0.08101449,0.0,0,geopolitical_risk
2019-08-12,The_Wall_Street_Journal,0,0,0,0,0,1,0.57762825,0.0,0.40817535,0.0,0.013845091,0,natural_factor
2013-11-11,The_Wall_Street_Journal,0,0,0,0,0,1,0.0,0.0,0.99922276,0.0,0.0,2,natural_factor
2019-12-27,Financial_Times,0,0,1,1,0,3,0.8218426,0.0,0.16282575,0.0,0.015100553,0,natural_factor
2015-05-01,The_Wall_Street_Journal,0,0,0,0,0,1,0.17088127,0.0,0.104010224,0.72393847,0.0,3,natural_factor
2016-09-26,The_Wall_Street_Journal,0,0,0,0,0,1,0.9763613,0.0,0.0,0.023186669,0.0,0,natural_factor
2015-02-06,The_Wall_Street_Journal,0,0,1,0,0,1,0.66523755,0.0,0.18008658,0.1544846,0.0,0,financial_risk
2018-02-06,The_Wall_Street_Journal,0,3,0,0,0,2,0.83597165,0.0,0.04209903,0.06754968,0.05431885,0,demand_side
2019-02-12,The_Wall_Street_Journal,0,1,0,0,0,1,0.5814216,0.0,0.0,0.41771007,0.0,0,demand_side
2010-05-09,The_Wall_Street_Journal,0,1,0,0,0,2,0.82865185,0.0,0.11437828,0.04627098,0.010646178,0,natural_factor
2013-03-18,The_Wall_Street_Journal,0,0,0,0,0,1,0.13851117,0.0,0.7930861,0.035508912,0.03283316,2,natural_factor
2013-07-18,The_Wall_Street_Journal,0,1,0,0,0,1,0.16135679,0.0,0.8061738,0.0,0.032177668,2,demand_side
2013-08-30,The_Wall_Street_Journal,0,0,0,0,0,1,0.044330407,0.0,0.37453666,0.5463704,0.03462557,3,natural_factor
2015-01-26,The_Wall_Street_Journal,0,0,0,0,0,1,0.0,0.0,0.9468429,0.033283483,0.01955607,2,natural_factor
2019-08-27,The_Wall_Street_Journal,0,0,1,0,0,1,0.9412406,0.0,0.026326858,0.032143954,0.0,0,financial_risk
2016-05-03,The_Wall_Street_Journal,0,0,0,1,0,1,0.74776417,0.014734666,0.21555763,0.021787781,0.0,0,geopolitical_risk
2018-05-23,The_Wall_Street_Journal,0,0,0,0,0,2,0.9395168,0.03957188,0.020618688,0.0,0.0,0,natural_factor
2015-06-28,The_Wall_Street_Journal,0,0,1,0,0,1,0.06369932,0.0,0.9286657,0.0,0.0,2,financial_risk
2018-12-25,The_Wall_Street_Journal,0,0,1,0,0,1,0.90935254,0.0,0.01778365,0.072569214,0.0,0,financial_risk
2015-07-16,The_Wall_Street_Journal,0,0,0,0,0,1,0.04666079,0.0,0.95275974,0.0,0.0,2,natural_factor
2019-05-08,New_Strait_Times,0,0,0,0,0,1,0.16331175,0.024627896,0.7899596,0.0,0.021722736,2,natural_factor
2015-03-22,Financial_Times,0,0,0,0,0,1,0.13415758,0.011444549,0.697744,0.15636072,0.0,2,natural_factor
2013-03-19,The_Wall_Street_Journal,0,0,1,0,0,1,0.07633126,0.0,0.88189775,0.0,0.04156766,2,financial_risk
2019-01-28,The_Wall_Street_Journal,0,0,0,0,0,1,0.3223585,0.0,0.31392634,0.36333698,0.0,3,natural_factor
2018-08-14,The_Wall_Street_Journal,0,0,0,0,0,1,0.51246536,0.0,0.33211857,0.15514392,0.0,0,natural_factor
2017-03-10,The_Wall_Street_Journal,0,0,0,0,0,1,0.7722228,0.0,0.22702089,0.0,0.0,0,natural_factor
2015-08-26,The_Wall_Street_Journal,0,0,0,0,0,1,0.087621525,0.0,0.9043372,0.0,0.0,2,natural_factor
2015-03-31,The_Wall_Street_Journal,0,0,0,0,0,1,0.9401744,0.0,0.050804175,0.0,0.0,0,natural_factor
2015-04-27,The_Wall_Street_Journal,0,0,0,0,0,1,0.036287617,0.0,0.87597823,0.0632101,0.024462823,2,natural_factor
2010-04-20,The_Wall_Street_Journal,0,1,0,0,0,1,0.8116061,0.0,0.11345216,0.07466243,0.0,0,demand_side
2017-03-22,The_Jakarta_Post,0,0,0,0,0,1,0.5692225,0.043358322,0.27900952,0.020178167,0.08823147,0,natural_factor
2018-12-16,Channel_News_Asia,0,0,0,0,0,1,0.59119517,0.0,0.3394623,0.0,0.06849682,0,natural_factor
2019-01-30,The_Wall_Street_Journal,0,1,1,0,0,1,0.33009312,0.0,0.05861086,0.61106056,0.0,3,demand_side
2016-12-31,The_Wall_Street_Journal,0,0,0,0,0,1,0.99922276,0.0,0.0,0.0,0.0,0,natural_factor
2015-07-22,The_Wall_Street_Journal,0,0,0,0,0,1,0.034231823,0.0,0.9059479,0.059619218,0.0,2,natural_factor
2010-04-08,The_Wall_Street_Journal,0,0,0,0,0,1,0.67684454,0.0,0.034409814,0.28831077,0.0,0,natural_factor
2010-08-21,The_Wall_Street_Journal,0,0,0,0,0,1,0.3524478,0.0,0.6469815,0.0,0.0,2,natural_factor
2023-07-11,The_Strait_Times,0,0,0,0,0,1,0.5016198,0.0,0.28944463,0.0,0.20859149,0,natural_factor
2023-07-17,South_China_Morning_Post,0,0,1,0,0,1,0.5903039,0.0,0.026066221,0.38332573,0.0,0,financial_risk
2023-07-07,Financial_Times,0,0,1,0,0,1,0.70645624,0.0,0.04183531,0.25152448,0.0,0,financial_risk
2023-07-12,The_Business_Times,0,0,0,0,0,1,0.88818336,0.0,0.0,0.0773496,0.03421098,0,natural_factor
2023-07-31,South_China_Morning_Post,0,0,1,0,0,1,0.6952451,0.0,0.054599028,0.24991651,0.0,0,financial_risk
2024-01-12,New_Strait_Times,1,0,0,0,0,1,0.6866041,0.024823183,0.28756067,0.0,0.0,0,supply_side
2023-09-05,Financial_Times,0,0,0,0,0,2,0.775325,0.0,0.13679695,0.08768,0.0,0,natural_factor
2023-11-13,Thomson_Reuters,0,0,0,0,0,1,0.039762937,0.0,0.9121837,0.011345133,0.036584742,2,natural_factor
2023-11-13,The_Strait_Times,0,0,0,0,0,1,0.46206284,0.0,0.537089,0.0,0.0,2,natural_factor
2023-10-12,Channel_News_Asia,0,0,0,0,0,1,0.27827072,0.0,0.6881413,0.0,0.027183156,2,natural_factor
2023-12-05,New_Strait_Times,0,0,0,0,0,1,0.3647051,0.0,0.30854025,0.096390076,0.23012091,0,natural_factor
2024-01-16,Bangkok_Post,0,0,0,0,0,1,0.6340455,0.0,0.0,0.21581791,0.14955899,0,natural_factor
2023-09-26,The_Jakarta_Post,0,0,0,0,0,1,0.50119776,0.0,0.0456105,0.0,0.4528389,0,natural_factor
2023-10-08,The_Strait_Times,0,0,0,0,0,1,0.16253752,0.0,0.8187002,0.0,0.018343499,2,natural_factor
2023-08-26,Nikkei_Asia,0,0,0,0,0,1,0.97425634,0.0,0.0,0.0,0.025144292,0,natural_factor
2023-08-16,Manila_Bulletin,0,0,0,0,0,1,0.25663292,0.0,0.22940604,0.06182816,0.45199406,4,natural_factor
2023-09-04,Nikkei_Asia,0,0,0,0,0,1,0.760555,0.0,0.0,0.19921266,0.03984328,0,natural_factor
2023-10-24,Financial_Times,0,0,0,0,0,1,0.22918591,0.0,0.72296476,0.028167248,0.01951612,2,natural_factor
2023-07-28,South_China_Morning_Post,0,0,1,0,0,1,0.55825216,0.0,0.16201924,0.27938104,0.0,0,financial_risk
2024-04-21,Financial_Times,0,0,0,0,0,1,0.8230941,0.0,0.114511855,0.062079802,0.0,0,natural_factor
2024-05-10,Financial_Times,0,0,0,0,0,1,0.8555258,0.0,0.13041855,0.013962314,0.0,0,natural_factor
2024-07-23,Financial_Times,0,0,1,0,0,1,0.51763725,0.0,0.100864306,0.3748465,0.0,0,financial_risk
2024-06-13,Financial_Times,0,0,0,0,0,1,0.23832346,0.0,0.76131755,0.0,0.0,2,natural_factor
2024-09-20,The_Business_Times,0,0,0,0,0,1,0.9304597,0.0,0.0,0.059199497,0.01007757,0,natural_factor
2023-12-30,The_Business_Times,0,0,0,0,0,1,0.853783,0.0,0.0,0.059187792,0.08683911,0,natural_factor
2024-02-06,South_China_Morning_Post,0,0,1,0,0,1,0.87995034,0.05349667,0.047426578,0.0,0.018041102,0,financial_risk
2023-08-24,The_Business_Times,0,2,0,0,0,1,0.729755,0.0,0.0,0.19304629,0.07389103,0,demand_side
2024-01-26,The_Business_Times,0,0,0,0,0,1,0.90626246,0.0,0.0,0.0,0.091998,0,natural_factor
2024-06-12,Channel_News_Asia,0,2,0,0,0,1,0.3187954,0.0,0.1932827,0.0960026,0.39181146,4,demand_side
2024-04-05,Nikkei_Asia,0,0,0,0,0,2,0.88404155,0.0,0.0,0.10953813,0.0,0,natural_factor
2024-03-1,The_Business_Times,0,0,0,0,0,1,0.9256244,0.0,0.0,0.0,0.07418072,0,natural_factor
2024-10-04,The_Strait_Times,0,1,0,0,0,1,0.2982425,0.0,0.6512082,0.0,0.05039635,2,demand_side
2019-08-26,Thomson_Reuters,0,0,1,0,0,1,0.030377828,0.0,0.50969577,0.44970036,0.010065428,2,financial_risk
2021-12-21,Manila_Bulletin,0,0,0,0,0,1,0.9460342,0.0,0.0,0.03463718,0.019166606,0,natural_factor
2017-08-30,The_Jakarta_Post,0,0,0,0,0,1,0.28541523,0.0,0.5919797,0.0,0.120873414,2,natural_factor
2022-09-13,The_Business_Times,0,0,1,0,3,1,0.23488761,0.0,0.41210854,0.22164874,0.1312811,2,esg_regulation
2023-01-25,Financial_Times,2,2,1,0,0,1,0.48659322,0.0,0.20704593,0.28734952,0.018966777,0,supply_side
2023-05-01,The_Business_Times,0,0,1,0,3,2,0.27748665,0.0,0.1241757,0.24610737,0.35217077,4,esg_regulation
2023-01-11,JoongAng_Daily,0,0,3,0,0,1,0.27122048,0.0,0.0,0.57154596,0.1543853,3,financial_risk
2023-05-25,Thomson_Reuters,2,0,0,0,0,1,0.3104822,0.0,0.0,0.67808324,0.011113547,3,supply_side
2022-11-14,Thomson_Reuters,0,1,0,0,2,1,0.14222907,0.0,0.2987477,0.23376329,0.32513765,4,esg_regulation
2023-04-21,Thomson_Reuters,2,0,2,0,0,1,0.0,0.0,0.0,0.97069323,0.028259216,3,supply_side
2023-01-20,Financial_Times,0,1,0,0,0,1,0.19070375,0.0,0.0,0.8081774,0.0,3,demand_side
2022-05-17,The_Business_Times,0,1,3,0,4,1,0.131126,0.0,0.04693679,0.6049484,0.21692888,3,esg_regulation
2022-06-13,The_Business_Times,0,0,0,0,2,1,0.14909922,0.0,0.15953156,0.62347186,0.06779325,3,esg_regulation
2023-01-20,Thomson_Reuters,2,0,0,0,0,1,0.0,0.0,0.0,0.99864346,0.0,3,supply_side
2023-02-14,Financial_Times,2,1,4,0,0,1,0.30496258,0.0,0.2699529,0.3489363,0.07050317,3,financial_risk
2023-04-21,Financial_Times,0,0,0,0,0,1,0.0,0.0,0.99871194,0.0,0.0,2,natural_factor
2022-12-02,Thomson_Reuters,3,0,1,0,0,1,0.23296995,0.0,0.034290332,0.7245555,0.0,3,supply_side
2022-10-01,The_Business_Times,0,0,0,0,3,2,0.38805485,0.0,0.08944953,0.26108152,0.26136294,0,esg_regulation
2023-04-24,Financial_Times,0,1,0,0,3,3,0.3165384,0.0,0.3607357,0.074092455,0.23976499,2,esg_regulation
2022-11-03,Thomson_Reuters,0,0,1,0,0,1,0.57361174,0.0,0.0,0.4256953,0.0,0,financial_risk
2023-01-19,Thomson_Reuters,0,0,0,1,0,1,0.0,0.0,0.54725736,0.42371005,0.028812194,2,geopolitical_risk
2022-12-06,Thomson_Reuters,1,0,1,0,0,1,0.07114888,0.0,0.0253287,0.8915549,0.0118672205,3,supply_side
2023-05-13,Thomson_Reuters,0,0,0,1,0,1,0.0,0.0,0.8796009,0.060686678,0.05931488,2,geopolitical_risk
2022-02-02,Financial_Times,0,0,1,0,1,1,0.30817407,0.0,0.6217029,0.070005834,0.0,2,financial_risk
2022-09-23,The_Business_Times,0,0,1,0,1,1,0.19315243,0.0,0.116230205,0.48516986,0.20535831,3,financial_risk
2022-12-04,Thomson_Reuters,3,0,1,0,0,1,0.23297705,0.0,0.034277212,0.72455424,0.0,3,supply_side
2022-11-03,The_Business_Times,0,0,0,0,1,1,0.090417996,0.0,0.0,0.787686,0.121545255,3,esg_regulation
2022-04-20,The_Business_Times,0,0,1,0,0,1,0.367992,0.0,0.0,0.47307304,0.1578017,3,financial_risk
2023-01-24,Financial_Times,4,0,2,0,0,1,0.20500544,0.0,0.0,0.7943925,0.0,3,supply_side
2022-09-20,The_Business_Times,0,0,0,0,0,1,0.41882586,0.0,0.50767404,0.039246093,0.03408983,2,natural_factor
2023-04-19,Thomson_Reuters,0,0,0,0,0,1,0.9831906,0.0,0.0,0.0,0.0,0,natural_factor
2022-11-09,Thomson_Reuters,0,0,1,0,4,3,0.23483889,0.0,0.23128182,0.24123354,0.29258513,4,esg_regulation
2023-02-14,Thomson_Reuters,1,0,1,0,0,1,0.06346794,0.0,0.43664047,0.49939814,0.0,3,supply_side
2023-01-19,The_Business_Times,1,0,1,0,0,1,0.2040487,0.0,0.07074188,0.7248659,0.0,3,supply_side
2022-10-24,Thomson_Reuters,0,0,1,0,0,1,0.45126048,0.0,0.0,0.34957507,0.1983038,0,financial_risk
2023-04-22,The_Business_Times,3,1,2,0,0,1,0.059622932,0.0,0.0,0.9397159,0.0,3,supply_side
2023-05-11,Thomson_Reuters,0,0,0,1,0,1,0.041339118,0.0,0.81720865,0.06494652,0.07634961,2,geopolitical_risk
2022-09-19,The_Business_Times,0,0,0,0,2,1,0.25564808,0.0,0.26787436,0.2289678,0.24744824,2,esg_regulation
2022-03-16,Thomson_Reuters,0,0,2,0,0,1,0.101355255,0.0,0.20841599,0.68098485,0.0,3,financial_risk
2023-05-29,The_Business_Times,1,2,2,0,3,1,0.4278914,0.0,0.16264813,0.20834796,0.20104015,0,esg_regulation
2023-03-06,The_Business_Times,0,0,0,0,0,1,0.13908534,0.0,0.47824103,0.36049563,0.021964569,2,natural_factor
2022-06-29,The_Business_Times,1,0,0,0,4,2,0.30907583,0.0,0.19974728,0.13642262,0.35469416,4,esg_regulation
2023-04-03,The_Business_Times,0,0,0,0,0,1,0.16895632,0.0,0.17534532,0.4151652,0.24014139,3,natural_factor
2022-05-12,Thomson_Reuters,0,0,0,0,2,1,0.17959893,0.0,0.2542619,0.27471465,0.29136696,4,esg_regulation
2022-08-02,The_Business_Times,0,1,0,1,1,1,0.12599422,0.0,0.0,0.60395795,0.26153105,3,demand_side
2022-10-25,The_Wall_Street_Journal,3,0,1,0,0,1,0.23023468,0.0,0.0,0.76325774,0.0,3,supply_side
2022-07-22,The_Wall_Street_Journal,3,0,2,0,0,1,0.099201165,0.0,0.0,0.8882542,0.012096913,3,supply_side
2023-04-04,The_Wall_Street_Journal,2,0,0,0,1,2,0.3791298,0.0,0.027679736,0.28428993,0.30881968,0,supply_side
2023-04-24,The_Wall_Street_Journal,1,0,0,0,0,1,0.38669065,0.0,0.0,0.611383,0.0,3,supply_side
2023-01-24,The_Wall_Street_Journal,0,0,0,0,0,1,0.2392849,0.0,0.0,0.7575568,0.0,3,natural_factor
2022-09-21,The_Strait_Times,0,0,0,0,0,1,0.43617117,0.0,0.5315544,0.0,0.031167038,2,natural_factor
2023-02-22,The_Wall_Street_Journal,1,1,0,0,0,1,0.11649251,0.027536234,0.55975455,0.20491178,0.09130488,2,supply_side
2022-11-13,The_Wall_Street_Journal,1,0,0,0,1,1,0.53937405,0.02182533,0.03244939,0.29542914,0.11092207,0,supply_side
2020-12-14,The_Business_Times,0,0,0,0,0,1,0.0,0.0,0.592616,0.4064135,0.0,2,natural_factor
2021-06-29,Thomson_Reuters,0,0,0,0,0,1,0.058813833,0.0,0.14948334,0.54790777,0.24345537,3,natural_factor
2021-04-28,The_Business_Times,0,0,1,0,1,1,0.3865305,0.0,0.23041484,0.21744563,0.16553998,0,financial_risk
2020-07-24,The_Wall_Street_Journal,1,0,0,0,0,1,0.24800573,0.0,0.0,0.7510897,0.0,3,supply_side
2020-09-11,Thomson_Reuters,0,0,0,0,0,1,0.0,0.0,0.46774518,0.3761645,0.15530638,2,natural_factor
2021-03-22,Channel_News_Asia,0,0,0,0,1,1,0.3427953,0.0,0.23001538,0.2786048,0.14848673,0,esg_regulation
2021-10-28,The_Business_Times,0,1,0,0,2,1,0.41120094,0.0,0.0,0.34935844,0.23904276,0,esg_regulation
2021-03-22,Thomson_Reuters,1,0,0,0,0,1,0.0,0.0,0.4771136,0.52150494,0.0,3,supply_side
2021-05-29,The_Business_Times,0,0,0,0,0,1,0.4092493,0.0,0.41669545,0.12097236,0.05297759,2,natural_factor
2021-06-02,The_Wall_Street_Journal,1,1,2,0,0,1,0.17807925,0.0,0.0,0.8213141,0.0,3,financial_risk
2021-03-22,Thomson_Reuters,0,1,0,0,0,1,0.27768394,0.0,0.16780663,0.2627294,0.2916026,4,demand_side
2021-01-14,The_Business_Times,0,0,1,0,0,1,0.20590553,0.0,0.0,0.6597497,0.13319309,3,financial_risk
2021-01-13,Thomson_Reuters,0,0,0,0,3,1,0.3493175,0.0,0.34354502,0.16550314,0.14149497,0,esg_regulation
2021-12-15,Thomson_Reuters,0,0,1,0,3,1,0.2645066,0.0,0.25636443,0.24599491,0.23308513,0,esg_regulation
2020-09-22,Thomson_Reuters,2,0,0,0,0,1,0.0,0.0,0.04450103,0.95352703,0.0,3,supply_side
2020-11-20,The_Jakarta_Post,0,0,0,0,0,1,0.6043601,0.0,0.23496276,0.0,0.16037366,0,natural_factor
2020-10-22,The_Wall_Street_Journal,1,0,1,0,0,1,0.28314772,0.0,0.010948464,0.6416477,0.064133294,3,supply_side
2021-11-29,Financial_Times,0,0,0,0,2,1,0.31258708,0.0,0.21488519,0.27183455,0.20054291,0,esg_regulation
2020-09-01,Thomson_Reuters,2,0,0,0,0,1,0.0,0.0,0.106278054,0.8843736,0.0,3,supply_side
2021-05-31,The_Business_Times,0,0,1,0,0,1,0.1587074,0.0,0.16055189,0.6110463,0.069592655,3,financial_risk
2020-12-18,The_Business_Times,0,0,0,0,0,1,0.34588912,0.0,0.19435424,0.45935202,0.0,3,natural_factor
2020-10-29,Thomson_Reuters,0,0,0,0,0,1,0.08693893,0.0,0.72675407,0.17794113,0.0,2,natural_factor
2020-12-18,The_Business_Times,0,0,0,0,0,1,0.51941544,0.0,0.06956655,0.36515474,0.045673035,0,natural_factor
2011-10-18,The_Wall_Street_Journal,0,0,0,0,0,1,0.7609158,0.16495556,0.07379319,0.0,0.0,0,natural_factor
2013-01-14,The_Wall_Street_Journal,1,0,1,0,0,2,0.21626386,0.0,0.0840744,0.69918674,0.0,3,natural_factor
2017-01-20,The_Wall_Street_Journal,2,0,0,0,0,1,0.08033516,0.0,0.0,0.9192117,0.0,3,supply_side
2004-08-23,The_Wall_Street_Journal,0,1,1,0,0,1,0.21563959,0.052220367,0.0,0.73178416,0.0,3,demand_side
2019-09-12,The_Wall_Street_Journal,4,0,3,0,0,1,0.18727781,0.0,0.0,0.8120626,0.0,3,supply_side
2014-08-23,The_Wall_Street_Journal,2,0,0,0,0,1,0.35321105,0.0,0.0,0.6337026,0.012549774,3,supply_side
2015-12-02,The_Jakarta_Post,0,0,0,0,0,1,0.82643914,0.0,0.056076963,0.0,0.11705691,0,natural_factor
2012-05-13,The_Wall_Street_Journal,1,0,1,0,0,1,0.18998617,0.0,0.10604737,0.70365417,0.0,3,supply_side
2015-08-10,The_Wall_Street_Journal,0,0,1,0,0,1,0.0,0.0,0.65515304,0.3442269,0.0,2,financial_risk
2015-11-04,The_Wall_Street_Journal,2,0,0,0,0,1,0.30612054,0.0,0.309113,0.38436672,0.0,3,supply_side
2015-03-30,The_Wall_Street_Journal,1,0,0,1,0,1,0.0,0.0,0.5618023,0.43734083,0.0,2,supply_side
2009-01-08,The_Wall_Street_Journal,1,0,1,0,0,1,0.21134862,0.0,0.0,0.78801817,0.0,3,supply_side
2007-10-12,The_Wall_Street_Journal,0,0,0,0,0,1,0.27532002,0.025687117,0.07127637,0.6274958,0.0,3,natural_factor
2010-03-31,The_Wall_Street_Journal,2,0,0,1,0,1,0.12852757,0.0,0.2894706,0.5340238,0.047913607,3,supply_side
2012-07-20,The_Wall_Street_Journal,1,1,0,0,0,1,0.044825975,0.0,0.0,0.9545071,0.0,3,supply_side
2015-03-02,The_Wall_Street_Journal,0,0,0,0,0,1,0.026920391,0.0,0.0,0.9286614,0.04386824,3,natural_factor
2014-11-30,The_Wall_Street_Journal,2,0,2,0,0,1,0.04078116,0.0,0.10408536,0.85497725,0.0,3,supply_side
2003-07-22,The_Wall_Street_Journal,0,0,0,0,0,1,0.071158245,0.0,0.0,0.9276618,0.0,3,natural_factor
2010-09-27,The_Wall_Street_Journal,0,0,0,0,0,1,0.05441786,0.0,0.85988754,0.08548325,0.0,2,natural_factor
2009-08-26,The_Wall_Street_Journal,0,0,0,0,0,1,0.15699778,0.020601872,0.029996578,0.79223084,0.0,3,natural_factor
2007-10-10,The_Wall_Street_Journal,0,0,0,0,0,1,0.06728037,0.0,0.098786004,0.83357817,0.0,3,natural_factor
2019-07-26,The_Jakarta_Post,0,0,0,0,0,1,0.8167981,0.0,0.027662499,0.02464613,0.13079299,0,natural_factor
2009-04-22,The_Wall_Street_Journal,0,0,0,0,0,1,0.10506649,0.05435835,0.0,0.8397499,0.0,3,natural_factor
2003-10-23,The_Wall_Street_Journal,2,0,2,0,0,1,0.13507299,0.0,0.05903332,0.7943678,0.011366276,3,supply_side
2013-06-21,The_Wall_Street_Journal,0,1,1,0,0,1,0.20868357,0.0,0.014704844,0.7682882,0.0,3,demand_side
2018-12-05,Thomson_Reuters,0,0,0,0,0,1,0.0,0.0,0.7204372,0.27563742,0.0,2,natural_factor
2023-06-16,Channel_News_Asia,2,2,1,0,0,1,0.3801223,0.0,0.3384205,0.20154232,0.076027274,0,supply_side
2011-01-26,The_Wall_Street_Journal,0,0,0,0,0,1,0.08938697,0.0,0.0,0.91006446,0.0,3,natural_factor
2013-05-24,The_Wall_Street_Journal,0,0,1,0,0,1,0.8766681,0.089546666,0.033363644,0.0,0.0,0,financial_risk
2015-09-25,The_Wall_Street_Journal,1,0,0,1,0,1,0.0,0.0,0.49379325,0.505468,0.0,3,supply_side
2005-11-06,The_Wall_Street_Journal,1,0,1,0,0,1,0.33609352,0.0,0.06998048,0.5937112,0.0,3,supply_side
2015-10-19,The_Wall_Street_Journal,1,0,0,0,0,1,0.0,0.0,0.0,0.9977699,0.0,3,supply_side
2016-05-31,The_Wall_Street_Journal,3,0,0,1,0,1,0.3454246,0.0,0.0,0.6537604,0.0,3,supply_side
2015-01-20,The_Wall_Street_Journal,1,0,1,0,0,2,0.0,0.0,0.3565036,0.6423719,0.0,3,natural_factor
2012-04-15,The_Wall_Street_Journal,1,1,1,0,0,1,0.26041362,0.0,0.057945844,0.6603103,0.0212684,3,supply_side
2009-05-20,The_Wall_Street_Journal,3,0,0,0,0,1,0.08482438,0.0,0.0,0.895742,0.019048132,3,supply_side
2009-02-25,The_Wall_Street_Journal,0,0,0,0,0,1,0.0,0.18712184,0.1717804,0.64042044,0.0,3,natural_factor
2005-03-11,The_Wall_Street_Journal,0,0,0,0,0,1,0.4113639,0.0,0.28855208,0.29984334,0.0,0,natural_factor
2010-02-22,The_Wall_Street_Journal,0,0,0,0,0,1,0.033049922,0.0,0.4404715,0.52626044,0.0,3,natural_factor
2016-07-22,The_Wall_Street_Journal,4,0,0,0,0,1,0.32788593,0.0,0.026000539,0.6457932,0.0,3,supply_side
2016-07-28,The_Wall_Street_Journal,1,0,1,0,0,1,0.0,0.0,0.0,0.9985757,0.0,3,supply_side
2013-07-19,The_Wall_Street_Journal,3,0,0,0,0,1,0.035437636,0.0,0.0,0.96374476,0.0,3,supply_side
2007-07-20,The_Wall_Street_Journal,0,0,0,0,0,1,0.19780669,0.0,0.0,0.8014229,0.0,3,natural_factor
2010-12-14,The_Wall_Street_Journal,1,0,0,0,0,1,0.072757,0.0,0.31563243,0.58021605,0.031318024,3,supply_side
2009-01-24,The_Wall_Street_Journal,1,0,0,0,0,2,0.06760204,0.0,0.012539698,0.91945326,0.0,3,natural_factor
2000-04-11,The_Wall_Street_Journal,0,0,2,0,0,1,0.5844709,0.034802523,0.022262923,0.35840365,0.0,0,financial_risk
2010-11-18,The_Wall_Street_Journal,1,0,0,0,0,1,0.106309876,0.0,0.7155407,0.16511811,0.012967493,2,supply_side
2006-04-15,The_Wall_Street_Journal,0,0,0,0,0,1,0.01064191,0.0,0.63869613,0.30203173,0.04857433,2,natural_factor
2016-06-09,The_Wall_Street_Journal,0,0,0,0,0,1,0.043388624,0.0,0.6010242,0.3550799,0.0,2,natural_factor
2010-10-15,The_Wall_Street_Journal,0,0,0,1,0,1,0.029717555,0.0,0.8556538,0.114397444,0.0,2,geopolitical_risk
2018-03-01,Thomson_Reuters,0,0,0,0,0,1,0.0,0.016920198,0.31729832,0.5976104,0.06732178,3,natural_factor
2002-05-19,The_Wall_Street_Journal,0,0,1,0,0,1,0.092824265,0.0,0.088927545,0.81026065,0.0,3,financial_risk
2015-01-15,The_Wall_Street_Journal,0,0,0,1,0,1,0.064802885,0.0,0.0,0.9341979,0.0,3,geopolitical_risk
2011-04-18,The_Wall_Street_Journal,0,0,1,0,0,1,0.17152701,0.0,0.22159222,0.6066743,0.0,3,financial_risk
2011-01-21,The_Wall_Street_Journal,2,0,0,0,0,1,0.0,0.0,0.7768892,0.2225641,0.0,2,supply_side
2011-05-24,The_Wall_Street_Journal,3,0,0,0,0,2,0.3774186,0.0,0.08544998,0.46044254,0.076654606,3,supply_side
2010-10-08,The_Wall_Street_Journal,0,0,0,0,0,1,0.039504413,0.0,0.789385,0.14750983,0.023531877,2,natural_factor
2013-10-18,The_Wall_Street_Journal,0,0,0,0,0,1,0.17404741,0.0,0.0,0.8250275,0.0,3,natural_factor
2005-07-25,The_Wall_Street_Journal,0,0,1,0,0,2,0.024377283,0.0,0.0,0.9750561,0.0,3,natural_factor
2006-02-09,The_Wall_Street_Journal,0,0,0,0,0,1,0.28858602,0.046991736,0.0,0.66362727,0.0,3,natural_factor
2016-04-22,The_Wall_Street_Journal,0,0,0,0,0,2,0.98101944,0.0,0.018737512,0.0,0.0,0,natural_factor
2004-01-29,The_Wall_Street_Journal,1,0,2,0,0,1,0.21860097,0.0,0.03646784,0.74442726,0.0,3,financial_risk
2011-09-07,The_Wall_Street_Journal,0,0,3,0,0,1,0.09883858,0.0,0.28512573,0.61568874,0.0,3,financial_risk
2016-02-05,The_Wall_Street_Journal,1,0,0,0,0,1,0.0,0.0,0.47847262,0.52047324,0.0,3,supply_side
2009-07-20,The_Wall_Street_Journal,1,0,0,0,0,1,0.07146238,0.0,0.0,0.9275954,0.0,3,supply_side
2004-02-11,The_Wall_Street_Journal,1,0,1,0,0,1,0.16563222,0.0,0.0,0.8330009,0.0,3,supply_side
2008-12-05,The_Wall_Street_Journal,6,2,0,0,0,1,0.25112885,0.0,0.025148666,0.69599944,0.027671447,3,supply_side
2017-10-23,Thomson_Reuters,0,0,0,0,0,1,0.0,0.0,0.87160504,0.12366131,0.0,2,natural_factor
2016-05-01,The_Wall_Street_Journal,2,0,0,0,0,1,0.069851965,0.0,0.5667185,0.36324733,0.0,2,supply_side
2004-01-25,The_Wall_Street_Journal,0,0,0,0,0,1,0.11327534,0.027694162,0.069115765,0.7894829,0.0,3,natural_factor
2014-05-09,The_Wall_Street_Journal,1,0,0,0,0,1,0.28904083,0.0,0.22413972,0.4860544,0.0,3,supply_side
2015-08-26,The_Wall_Street_Journal,2,0,1,0,0,1,0.11389788,0.0,0.22660178,0.6593028,0.0,3,supply_side
2017-07-21,The_Wall_Street_Journal,3,0,1,0,0,2,0.0,0.0,0.10490257,0.8926665,0.0,3,supply_side
2012-11-30,The_Wall_Street_Journal,2,1,0,0,0,1,0.1641726,0.0,0.17713657,0.65841156,0.0,3,supply_side
2002-05-10,The_Wall_Street_Journal,0,0,1,0,0,1,0.06560906,0.0,0.17359194,0.7606367,0.0,3,financial_risk
2012-12-14,The_Wall_Street_Journal,2,0,1,0,0,2,0.0,0.0,0.03239108,0.96625406,0.0,3,supply_side
2009-05-08,The_Wall_Street_Journal,0,0,0,0,0,1,0.06708707,0.0,0.5752614,0.32481575,0.032711234,2,natural_factor
2018-07-20,The_Wall_Street_Journal,3,0,1,1,0,1,0.050178573,0.0,0.066586666,0.8471714,0.035957973,3,supply_side
2016-01-22,The_Wall_Street_Journal,0,0,1,0,0,1,0.7893937,0.08822797,0.12222104,0.0,0.0,0,financial_risk
2015-01-01,The_Wall_Street_Journal,1,0,0,0,0,1,0.22121973,0.0,0.0,0.7550098,0.023340138,3,supply_side
2012-07-10,The_Wall_Street_Journal,2,0,0,0,0,1,0.5653804,0.0,0.082803264,0.35096693,0.0,0,supply_side
2015-09-13,The_Wall_Street_Journal,0,0,0,0,0,2,0.5057498,0.023049248,0.47105357,0.0,0.0,0,natural_factor
2013-07-09,The_Wall_Street_Journal,2,0,0,0,0,1,0.40662822,0.0,0.028193494,0.56492025,0.0,3,supply_side
2013-02-11,The_Wall_Street_Journal,0,0,0,0,0,1,0.0,0.0,0.40338695,0.5956388,0.0,3,natural_factor
2015-10-08,The_Wall_Street_Journal,3,0,0,1,0,1,0.020575862,0.0,0.52218586,0.45689714,0.0,2,supply_side
2007-09-24,The_Wall_Street_Journal,1,0,0,0,0,1,0.25280508,0.0,0.26488945,0.48201895,0.0,3,supply_side
2011-07-22,The_Wall_Street_Journal,3,0,0,0,0,1,0.09717417,0.010273683,0.0,0.8918994,0.0,3,supply_side
2008-10-17,The_Wall_Street_Journal,0,0,0,0,0,1,0.21488118,0.0,0.0,0.77589506,0.0,3,natural_factor
2006-01-24,The_Wall_Street_Journal,0,0,0,0,0,1,0.13620509,0.025288992,0.0,0.8330052,0.0,3,natural_factor
2015-08-26,Thomson_Reuters,0,0,0,0,0,1,0.024068963,0.0,0.42725202,0.54836476,0.0,3,natural_factor
2013-11-01,The_Wall_Street_Journal,0,0,0,0,0,1,0.0,0.0,0.39470777,0.6040857,0.0,3,natural_factor
2012-04-20,The_Wall_Street_Journal,1,0,0,0,0,1,0.06275462,0.0,0.0,0.93573457,0.0,3,supply_side
2015-08-26,The_Wall_Street_Journal,0,0,0,0,0,1,0.30699128,0.0,0.20120127,0.4910782,0.0,3,natural_factor
2019-10-18,The_Wall_Street_Journal,3,2,2,1,0,1,0.038212072,0.0,0.036436178,0.9102895,0.014932585,3,supply_side
2003-02-12,The_Wall_Street_Journal,0,0,0,0,0,1,0.23455401,0.0,0.0,0.7631881,0.0,3,natural_factor
2016-10-12,The_Jakarta_Post,0,0,0,0,0,1,0.12806512,0.0,0.6801894,0.0,0.1906409,2,natural_factor
2004-08-12,The_Wall_Street_Journal,1,0,3,0,0,1,0.1126949,0.0,0.50740325,0.37973642,0.0,2,financial_risk
2008-10-18,The_Wall_Street_Journal,1,0,1,0,0,1,0.19456118,0.0,0.0,0.7979965,0.0,3,supply_side
2004-09-30,The_Wall_Street_Journal,0,0,1,0,0,1,0.08737144,0.0,0.51122046,0.39131215,0.010028363,2,financial_risk
2010-10-22,The_Wall_Street_Journal,3,0,0,0,0,1,0.055586208,0.0,0.09658731,0.8326223,0.015111124,3,supply_side
2004-11-12,The_Wall_Street_Journal,0,0,0,0,0,1,0.25298488,0.0,0.5525252,0.19418062,0.0,2,natural_factor
2016-06-14,Thomson_Reuters,3,0,0,1,0,1,0.03781811,0.0,0.63665915,0.3009972,0.024405478,2,supply_side
2023-06-21,Thomson_Reuters,2,0,0,0,0,1,0.0481573,0.0,0.09692883,0.73995143,0.114699215,3,supply_side
2018-12-26,The_Jakarta_Post,0,0,0,0,0,1,0.69980264,0.0,0.2636087,0.0,0.03508614,0,natural_factor
2010-11-11,The_Wall_Street_Journal,2,0,0,0,0,1,0.30504134,0.0,0.3316945,0.32931703,0.033912294,2,supply_side
2007-04-08,The_Wall_Street_Journal,0,0,0,0,0,1,0.5276171,0.0,0.19110516,0.27547526,0.0,0,natural_factor
2016-07-08,The_Wall_Street_Journal,1,0,0,0,0,1,0.20684429,0.0,0.52615297,0.21979043,0.04713913,2,supply_side
2012-11-20,The_Wall_Street_Journal,0,0,0,0,0,1,0.0,0.0,0.950592,0.04835628,0.0,2,natural_factor
2012-10-19,The_Wall_Street_Journal,2,0,0,0,0,2,0.044721223,0.0,0.0,0.95443296,0.0,3,supply_side
2023-06-22,Thomson_Reuters,0,0,0,0,0,2,0.5371436,0.0,0.35078195,0.0,0.11164965,0,natural_factor
2023-10-20,Thomson_Reuters,2,0,0,1,0,1,0.018410861,0.0,0.3899525,0.5913007,0.0,3,supply_side
2023-10-20,Thomson_Reuters,2,0,0,1,0,1,0.0,0.0,0.5387375,0.43151227,0.029310603,2,supply_side
2023-10-25,Thomson_Reuters,0,0,0,0,0,2,0.0,0.0,0.067357145,0.93089956,0.0,3,natural_factor
2023-11-16,Thomson_Reuters,0,0,0,1,0,1,0.0,0.0,0.54600054,0.41598997,0.037022978,2,geopolitical_risk
2023-10-16,Financial_Times,0,0,0,0,3,2,0.24667685,0.0,0.4910355,0.13063978,0.13157986,2,esg_regulation
2023-07-03,Channel_News_Asia,2,1,0,0,1,1,0.06585176,0.0,0.08481234,0.76440316,0.08485689,3,supply_side
2023-12-03,Financial_Times,1,1,0,0,2,1,0.62475204,0.0,0.16024375,0.05718702,0.15773267,0,esg_regulation
2023-08-15,Thomson_Reuters,0,0,0,0,0,1,0.095542006,0.0,0.8555068,0.048610255,0.0,2,natural_factor
2023-07-21,Financial_Times,0,0,2,0,0,1,0.42645422,0.0,0.25119513,0.322149,0.0,0,financial_risk
2023-07-22,The_Business_Times,1,0,1,0,0,1,0.062434763,0.0,0.0,0.93671703,0.0,3,supply_side
2023-07-17,Financial_Times,0,1,1,0,3,2,0.38616166,0.0,0.36441538,0.17003606,0.07932706,0,esg_regulation
2023-07-20,The_Business_Times,0,0,0,0,0,1,0.2473297,0.0,0.0,0.6473919,0.10393815,3,natural_factor
2023-11-06,Thomson_Reuters,0,0,0,1,0,1,0.0,0.0,0.6745153,0.3091348,0.016061686,2,geopolitical_risk
2023-07-21,The_Business_Times,0,1,0,0,2,1,0.4709118,0.0,0.07982525,0.14611489,0.30307698,0,esg_regulation
2023-07-22,Financial_Times,4,0,1,0,0,1,0.14371534,0.0,0.082197875,0.7738277,0.0,3,supply_side
2023-07-21,Thomson_Reuters,2,0,0,0,0,1,0.0,0.0,0.0,0.99843115,0.0,3,supply_side
2023-08-01,The_Business_Times,0,1,0,0,0,1,0.2986032,0.0,0.33863467,0.28040367,0.08223378,2,demand_side
2023-07-21,Thomson_Reuters,2,0,0,0,0,1,0.0,0.0,0.0,0.98568887,0.013227585,3,supply_side
2023-11-07,The_Business_Times,0,0,1,0,1,1,0.23216675,0.0,0.1528247,0.39656898,0.21837027,3,financial_risk
2023-07-14,Thomson_Reuters,0,0,0,1,0,1,0.0,0.0,0.6645996,0.33408874,0.0,2,geopolitical_risk
2023-11-13,The_Business_Times,0,2,0,0,0,1,0.26862785,0.0,0.24183966,0.39092702,0.098444894,3,demand_side
2023-07-17,The_Business_Times,1,0,3,0,1,1,0.1956493,0.0,0.14394233,0.5469709,0.11338706,3,financial_risk
2023-11-13,Financial_Times,0,0,0,1,1,1,0.16102377,0.0,0.17830765,0.54634684,0.114242665,3,geopolitical_risk
2023-10-26,Channel_News_Asia,0,0,1,0,0,1,0.0,0.0,0.0,0.94662213,0.05191376,3,financial_risk
2023-07-25,The_Business_Times,0,0,0,0,2,1,0.43337807,0.0,0.0441586,0.23094329,0.2913931,0,esg_regulation
2023-07-21,Thomson_Reuters,0,0,1,0,0,1,0.0,0.049222335,0.9046098,0.04464209,0.0,2,financial_risk
2023-10-24,Thomson_Reuters,2,0,1,0,0,1,0.06962746,0.0,0.0,0.9293419,0.0,3,supply_side
2023-07-03,Thomson_Reuters,0,0,1,0,0,1,0.25697514,0.03084698,0.031516034,0.68040746,0.0,3,financial_risk
2023-11-10,Thomson_Reuters,5,0,0,0,0,1,0.06821876,0.0,0.02794664,0.9035381,0.0,3,supply_side
2024-05-03,Financial_Times,0,1,2,0,2,2,0.22408125,0.0,0.27482146,0.28188732,0.2191742,3,financial_risk
2024-04-03,Financial_Times,0,0,0,1,0,1,0.18586287,0.0,0.74476075,0.06661648,0.0,2,geopolitical_risk
2024-03-25,Financial_Times,3,0,5,0,2,1,0.32062772,0.0,0.55515414,0.10058593,0.023606734,2,financial_risk
2024-01-24,Thomson_Reuters,3,0,0,0,0,1,0.0,0.0,0.0,0.96988237,0.028539067,3,supply_side
2024-07-20,Thomson_Reuters,0,0,0,0,0,2,0.47863024,0.033857346,0.48710534,0.0,0.0,2,natural_factor
2023-12-16,Thomson_Reuters,0,0,0,0,0,1,0.0,0.0,0.5854667,0.35043496,0.06364738,2,natural_factor
2024-07-02,The_Wall_Street_Journal,1,0,1,0,0,1,0.17505613,0.0,0.4016834,0.42299837,0.0,3,supply_side
2024-08-16,Financial_Times,1,0,0,0,1,3,0.46562523,0.0,0.33890963,0.10546693,0.08644635,0,natural_factor
2024-04-23,Thomson_Reuters,1,0,1,0,0,1,0.0,0.0,0.0,0.9984552,0.0,3,supply_side
2024-05-29,The_Business_Times,0,0,0,0,0,1,0.11019043,0.0,0.15259337,0.31056517,0.4263902,4,natural_factor
2024-04-19,Thomson_Reuters,0,0,1,0,0,1,0.021830434,0.0,0.0,0.97740334,0.0,3,financial_risk
2024-05-31,The_Business_Times,0,0,1,0,2,2,0.1683805,0.0,0.28320122,0.27996662,0.26839358,2,esg_regulation
2024-07-19,Thomson_Reuters,2,0,0,0,0,1,0.0,0.0,0.0,0.99896574,0.0,3,supply_side
2024-07-20,The_Wall_Street_Journal,1,1,0,0,0,1,0.9073672,0.028464958,0.06393626,0.0,0.0,0,supply_side
2024-06-10,The_Business_Times,0,0,2,0,3,2,0.34405306,0.0,0.20095496,0.29892907,0.15284482,0,esg_regulation
2024-09-11,The_Business_Times,2,0,0,0,0,3,0.0,0.0,0.010748802,0.9665228,0.02239645,3,natural_factor
2024-07-27,Thomson_Reuters,1,0,0,0,0,1,0.04536934,0.0,0.0,0.9291143,0.024788516,3,supply_side
2024-01-15,The_Wall_Street_Journal,0,0,2,0,0,2,0.4360038,0.0,0.0,0.5635123,0.0,3,financial_risk
2024-07-03,The_Strait_Times,0,0,0,0,0,1,0.10072748,0.0,0.50272286,0.118044265,0.27840924,2,natural_factor
2022-11-3,The_Business_Times,0,0,1,0,0,1,0.37822753,0.0,0.0,0.6205206,0.0,3,financial_risk
2023-09-4,The_Business_Times,1,1,0,0,0,2,0.46372452,0.0,0.25627023,0.10455786,0.175383,0,natural_factor
2024-08-16,Financial_Times,0,0,0,1,0,1,0.15334196,0.0,0.44026962,0.3436789,0.06262616,2,geopolitical_risk
2024-06-19,Financial_Times,0,0,2,0,1,1,0.1524387,0.0,0.16323993,0.43638015,0.24786898,3,financial_risk
2024-07-27,Thomson_Reuters,1,0,0,0,0,1,0.0,0.0,0.0,0.99856335,0.0,3,supply_side
2024-02-28,Bangkok_Post,1,0,1,0,3,2,0.2857829,0.0,0.32208467,0.03162716,0.36046004,4,esg_regulation
2024-04-02,The_Wall_Street_Journal,1,0,0,0,0,1,0.41069117,0.0,0.5886369,0.0,0.0,2,supply_side
2024-03-19,The_Wall_Street_Journal,0,0,0,0,0,2,0.935482,0.0,0.0,0.06395069,0.0,0,natural_factor
2024-01-14,Thomson_Reuters,1,0,0,1,0,1,0.051164277,0.0,0.04231263,0.9062392,0.0,3,supply_side
2024-10-19,Financial_Times,1,0,0,1,0,1,0.03821259,0.0,0.6246799,0.31738916,0.019654755,2,supply_side
2024-12-17,Channel_News_Asia,1,0,0,0,0,1,0.4337316,0.0,0.1771702,0.1427341,0.2461816,0,supply_side
2024-10-18,Financial_Times,5,2,0,0,0,7,0.59521455,0.0,0.19141021,0.13986973,0.0734908,0,natural_factor
2024-07-19,The_Strait_Times,0,0,1,0,0,1,0.19492106,0.0,0.0,0.80458033,0.0,3,financial_risk
2024-10-10,Channel_News_Asia,0,1,0,0,0,1,0.40659958,0.0,0.47981784,0.080506235,0.032984752,2,demand_side
2024-10-21,The_Wall_Street_Journal,0,0,0,0,0,1,0.0,0.0,0.9978333,0.0,0.0,2,natural_factor
2020-02-25,Channel_News_Asia,0,0,0,0,0,1,0.13845176,0.0,0.7092639,0.0,0.15179195,2,natural_factor
2020-04-29,Financial_Times,0,0,0,0,0,1,0.688291,0.0,0.3058147,0.0,0.0,0,natural_factor
2002-03-29,The_Wall_Street_Journal,0,0,0,0,0,1,0.69561553,0.01722153,0.28682455,0.0,0.0,0,natural_factor
2021-05-05,New_Strait_Times,0,0,0,0,0,2,0.7354,0.15284763,0.06023167,0.0,0.051227972,0,natural_factor
2017-09-20,Thomson_Reuters,0,0,0,0,0,1,0.0,0.0,0.65317774,0.34509394,0.0,2,natural_factor
2018-12-19,Thomson_Reuters,0,0,0,0,0,1,0.13257891,0.0,0.7211828,0.14512591,0.0,2,natural_factor
2017-09-14,Thomson_Reuters,0,0,0,0,0,1,0.0,0.0,0.7379703,0.26091188,0.0,2,natural_factor
2018-12-16,Thomson_Reuters,0,0,1,0,0,1,0.0,0.0,0.7223523,0.2766694,0.0,2,financial_risk
2017-07-10,Thomson_Reuters,1,0,0,0,0,1,0.0,0.0,0.3254057,0.6259858,0.047851093,3,supply_side
2017-02-03,Thomson_Reuters,1,0,0,0,0,1,0.0,0.0,0.36126256,0.5426367,0.09556266,3,supply_side
2018-01-19,Thomson_Reuters,0,0,0,0,0,1,0.0,0.0,0.6843054,0.31462345,0.0,2,natural_factor
2016-06-09,Thomson_Reuters,0,0,2,0,0,1,0.0,0.0,0.2997803,0.6963235,0.0,3,financial_risk
2009-07-29,The_Wall_Street_Journal,2,0,0,0,0,3,0.2012569,0.0,0.08799592,0.6413724,0.06927849,3,natural_factor
2021-07-20,Thomson_Reuters,0,0,0,0,0,1,0.011461023,0.0,0.014059365,0.9740794,0.0,3,natural_factor
2021-08-04,Thomson_Reuters,1,0,1,0,0,1,0.0,0.0,0.0,0.99764174,0.0,3,supply_side
2020-02-11,Thomson_Reuters,6,0,0,0,0,1,0.03236438,0.0,0.024318699,0.9064223,0.03680185,3,supply_side
2020-01-31,Thomson_Reuters,0,0,0,0,0,1,0.12372766,0.0,0.8752412,0.0,0.0,2,natural_factor
2019-07-26,The_Wall_Street_Journal,2,0,1,0,0,3,0.07525091,0.0,0.06522632,0.8060116,0.05343222,3,natural_factor
2019-01-31,Thomson_Reuters,1,0,0,0,0,1,0.0,0.0,0.28669864,0.62029207,0.092253216,3,supply_side
2016-08-24,Thomson_Reuters,0,0,0,0,0,1,0.16180265,0.0,0.0,0.83712894,0.0,3,natural_factor
2016-10-18,Thomson_Reuters,2,0,1,0,0,1,0.27227974,0.0,0.23061919,0.47792011,0.019128166,3,supply_side
2017-06-17,Thomson_Reuters,4,0,0,0,0,1,0.030706823,0.0,0.012863459,0.9562046,0.0,3,supply_side
2017-06-16,Thomson_Reuters,4,0,0,0,0,1,0.0300178,0.0,0.014804289,0.95495427,0.0,3,supply_side
2022-04-28,The_Wall_Street_Journal,0,0,1,0,0,2,0.06386498,0.0,0.02773361,0.8991159,0.0,3,natural_factor
2019-10-08,The_Wall_Street_Journal,1,0,0,0,0,3,0.08162335,0.0,0.0,0.90551674,0.0,3,natural_factor
2011-08-14,The_Wall_Street_Journal,1,0,4,0,0,1,0.22750218,0.0258603,0.14922605,0.5972713,0.0,3,financial_risk
2011-06-20,The_Wall_Street_Journal,1,1,0,0,0,1,0.076158755,0.0,0.6100853,0.27631494,0.037358567,2,supply_side
2022-03-07,Thomson_Reuters,1,0,1,0,0,1,0.0,0.0,0.30259186,0.69617087,0.0,3,supply_side
2022-01-24,Thomson_Reuters,3,0,0,0,0,1,0.0,0.0,0.0,0.9986486,0.0,3,supply_side
2023-05-16,New_Strait_Times,0,0,0,0,0,1,0.68492526,0.0,0.27587745,0.0,0.038530625,0,natural_factor
2021-08-17,Thomson_Reuters,0,0,0,0,0,1,0.11826561,0.0,0.0,0.8809912,0.0,3,natural_factor
2021-02-05,Thomson_Reuters,2,2,0,0,0,1,0.054425444,0.0,0.0,0.94484156,0.0,3,supply_side
2020-02-21,Thomson_Reuters,2,0,0,0,0,1,0.08782712,0.0,0.13585979,0.77588004,0.0,3,supply_side
2021-06-14,Thomson_Reuters,1,1,0,0,0,1,0.15851207,0.0,0.060577422,0.75042033,0.0303352,3,supply_side
2020-12-02,Thomson_Reuters,2,1,0,0,0,1,0.022976803,0.0,0.0,0.9461879,0.030262964,3,supply_side
2020-01-24,Thomson_Reuters,2,1,0,0,0,1,0.18499781,0.0,0.034490183,0.78009564,0.0,3,supply_side
2020-10-02,Thomson_Reuters,2,0,0,0,0,1,0.06665612,0.0,0.06821634,0.86464447,0.0,3,supply_side
2020-08-21,Thomson_Reuters,1,0,0,0,0,1,0.0,0.0,0.13074948,0.8222829,0.046375435,3,supply_side
2021-04-19,Thomson_Reuters,0,0,0,0,0,1,0.31648204,0.0,0.0,0.6822065,0.0,3,natural_factor
2021-10-11,Thomson_Reuters,0,0,0,0,0,1,0.0,0.0,0.88410574,0.09290488,0.021993449,2,natural_factor
2020-05-29,Thomson_Reuters,1,0,0,0,0,1,0.111176886,0.0,0.07420382,0.8140427,0.0,3,supply_side
2020-12-08,Thomson_Reuters,0,0,0,0,0,1,0.04972902,0.0,0.6120507,0.3372487,0.0,2,natural_factor
2020-10-23,Thomson_Reuters,1,0,0,0,0,1,0.03090465,0.0,0.11948019,0.84908235,0.0,3,supply_side
2020-12-04,Thomson_Reuters,0,0,1,0,0,1,0.0,0.0,0.0,0.99894226,0.0,3,financial_risk
2021-02-01,Thomson_Reuters,1,1,0,0,0,2,0.046810515,0.0,0.0,0.95237803,0.0,3,natural_factor
2020-10-13,Thomson_Reuters,2,0,0,0,0,1,0.0,0.0,0.0,0.9981643,0.0,3,supply_side
2015-08-03,Thomson_Reuters,1,0,0,0,0,1,0.11691205,0.0,0.0,0.8823197,0.0,3,supply_side
2019-04-01,Thomson_Reuters,0,0,0,0,0,1,0.10250804,0.0,0.8967951,0.0,0.0,2,natural_factor
2016-12-02,Thomson_Reuters,1,0,0,0,0,1,0.0,0.0,0.09341622,0.90581876,0.0,3,supply_side
2018-05-11,Thomson_Reuters,4,0,0,1,0,1,0.0,0.0,0.1887525,0.77765596,0.033084627,3,supply_side
2016-06-17,Thomson_Reuters,0,0,0,0,0,1,0.0,0.0,0.28769055,0.71149606,0.0,3,natural_factor
2018-06-08,Thomson_Reuters,4,0,0,0,0,1,0.0,0.0,0.053957846,0.92700744,0.010970211,3,supply_side
2016-03-11,Thomson_Reuters,5,1,0,0,0,1,0.0,0.0,0.11062184,0.8415554,0.047231834,3,supply_side
2018-08-10,Thomson_Reuters,0,1,0,1,0,1,0.034944907,0.0,0.114945486,0.8497492,0.0,3,demand_side
2013-04-09,The_Wall_Street_Journal,1,0,0,0,0,1,0.0,0.0,0.5744487,0.42462632,0.0,2,supply_side
2018-01-16,Thomson_Reuters,0,1,0,0,0,1,0.76446676,0.0,0.2338785,0.0,0.0,0,demand_side
2018-01-08,Thomson_Reuters,3,0,0,0,0,1,0.055002972,0.0,0.09906456,0.8454989,0.0,3,supply_side
2019-11-14,Thomson_Reuters,0,0,0,0,0,1,0.029041383,0.0,0.7754561,0.19495493,0.0,2,natural_factor
2008-08-03,The_Wall_Street_Journal,0,0,0,0,0,1,0.14756554,0.0,0.03020105,0.81641597,0.0,3,natural_factor
2017-02-03,Thomson_Reuters,3,0,0,1,0,1,0.0,0.0,0.0994493,0.87361157,0.018668758,3,supply_side
2011-05-02,The_Wall_Street_Journal,1,0,0,0,0,1,0.0,0.0,0.75253177,0.1791504,0.06775365,2,supply_side
2015-10-23,Thomson_Reuters,2,0,0,0,0,1,0.060591016,0.0,0.0,0.92889357,0.010020061,3,supply_side
2018-08-06,Thomson_Reuters,1,0,0,2,0,1,0.0,0.0,0.29723263,0.6691423,0.03313629,3,geopolitical_risk
2018-08-17,Thomson_Reuters,0,0,0,0,0,1,0.14955303,0.0,0.015149283,0.83494544,0.0,3,natural_factor
2019-11-27,Thomson_Reuters,0,1,0,1,0,1,0.070917346,0.0,0.0,0.92824084,0.0,3,demand_side
2016-01-09,Thomson_Reuters,1,0,1,0,0,1,0.10269171,0.0,0.0,0.8967123,0.0,3,supply_side
2017-02-28,Thomson_Reuters,0,0,2,0,0,1,0.058188163,0.0,0.7446736,0.15282969,0.04423479,2,financial_risk
2007-07-23,The_Wall_Street_Journal,1,0,0,0,0,1,0.06267914,0.024860112,0.49160844,0.42067614,0.0,2,supply_side
2017-11-29,Thomson_Reuters,3,0,0,0,0,1,0.0,0.0,0.19989583,0.79940146,0.0,3,supply_side
2016-06-24,Thomson_Reuters,1,0,0,0,0,1,0.061815474,0.0,0.24894461,0.6888085,0.0,3,supply_side
2019-06-21,Thomson_Reuters,2,1,0,2,0,1,0.037710965,0.0,0.27413622,0.6878709,0.0,3,supply_side
2015-07-06,Thomson_Reuters,2,1,0,2,0,2,0.0,0.0,0.25615978,0.7187913,0.02456026,3,supply_side
2017-11-10,Thomson_Reuters,4,0,0,0,0,1,0.0,0.0,0.09959175,0.858141,0.041786607,3,supply_side
2000-04-26,The_Wall_Street_Journal,0,0,1,0,0,1,0.048565943,0.0,0.8091027,0.14207302,0.0,2,financial_risk
2019-09-13,Thomson_Reuters,2,1,0,0,0,1,0.0,0.0,0.13930075,0.85988355,0.0,3,supply_side
2015-06-12,Thomson_Reuters,4,0,0,0,0,1,0.0,0.0,0.04501736,0.9344866,0.019987276,3,supply_side
2018-06-11,Thomson_Reuters,2,0,0,1,0,1,0.0,0.0,0.23068713,0.72732246,0.041482933,3,supply_side
2017-06-30,Thomson_Reuters,2,0,0,0,0,1,0.0,0.0,0.0,0.9927289,0.0,3,supply_side
2019-02-22,Thomson_Reuters,3,0,0,0,0,1,0.0,0.0,0.0,0.9672526,0.026833612,3,supply_side
2017-11-17,Thomson_Reuters,2,0,0,0,0,1,0.0,0.0,0.058253743,0.94098127,0.0,3,supply_side
2016-06-16,Thomson_Reuters,0,0,0,0,1,1,0.0,0.0,0.7692776,0.22885734,0.0,2,esg_regulation
2018-06-01,Thomson_Reuters,0,0,0,0,0,1,0.0,0.0,0.9988631,0.0,0.0,2,natural_factor
2019-04-05,Thomson_Reuters,1,0,0,2,0,1,0.0,0.0,0.10423829,0.8622657,0.03305295,3,geopolitical_risk
2019-11-15,Thomson_Reuters,4,1,0,0,0,1,0.07673063,0.0,0.0,0.92248213,0.0,3,supply_side
2013-01-03,The_Wall_Street_Journal,1,0,0,0,0,1,0.030545045,0.0,0.22409423,0.74492216,0.0,3,supply_side
2004-09-02,The_Wall_Street_Journal,1,0,1,0,0,1,0.10730241,0.0,0.050535962,0.841953,0.0,3,supply_side
2016-09-30,Thomson_Reuters,0,0,0,0,0,1,0.0,0.0,0.99756396,0.0,0.0,2,natural_factor
2023-10-19,The_Business_Times,1,0,0,0,0,1,0.32986876,0.0,0.072054915,0.5977325,0.0,3,supply_side
2024-04-25,The_Wall_Street_Journal,1,0,0,0,0,1,0.3213614,0.0,0.0,0.67799133,0.0,3,supply_side
2024-07-25,The_Wall_Street_Journal,0,0,1,0,0,1,0.322107,0.0,0.0,0.6772427,0.0,3,financial_risk
2024-11-28,API_NEWS_en,0,0,0,0,0,1,0.0,0.0,0.0,0.99949175,0.0,3,natural_factor
2013-08-27,Financial_Times,1,0,0,0,0,2,0.12800749,0.0,0.5105281,0.05309459,0.30827132,2,natural_factor
2016-06-27,Thomson_Reuters,0,0,0,0,0,1,0.0,0.0,0.8575228,0.14012194,0.0,2,natural_factor
2014-03-19,Financial_Times,2,1,0,0,2,1,0.11316136,0.0,0.2880372,0.16063492,0.43806836,4,supply_side
2004-04-15,The_Wall_Street_Journal,0,1,0,0,0,1,0.8409537,0.14874394,0.010045304,0.0,0.0,0,demand_side
2016-11-21,Thomson_Reuters,1,0,1,0,0,1,0.0,0.0,0.5174078,0.4804457,0.0,2,supply_side
2021-03-09,Thomson_Reuters,0,0,0,0,0,1,0.11368049,0.0,0.67525625,0.21038187,0.0,2,natural_factor
2019-01-07,Thomson_Reuters,4,1,0,0,0,1,0.0,0.0,0.3355666,0.6587005,0.0,3,supply_side
2020-12-21,Thomson_Reuters,1,0,1,0,0,1,0.0,0.0,0.0,0.99822885,0.0,3,supply_side
2020-12-21,Thomson_Reuters,1,0,1,0,0,1,0.0,0.0,0.091885336,0.9069961,0.0,3,supply_side
2022-01-12,Thomson_Reuters,3,0,0,0,0,1,0.08014467,0.0,0.0,0.8730242,0.046181493,3,supply_side
2020-06-02,Thomson_Reuters,0,0,0,0,0,1,0.0,0.0,0.99543625,0.0,0.0,2,natural_factor
2021-03-22,Thomson_Reuters,0,0,2,0,0,1,0.05668412,0.0,0.5442216,0.39761347,0.0,2,financial_risk
2020-03-16,Thomson_Reuters,2,0,0,0,0,1,0.0,0.0,0.8456144,0.15349956,0.0,2,supply_side
2021-04-27,Thomson_Reuters,2,0,0,0,0,1,0.0,0.0,0.0,0.9980519,0.0,3,supply_side
2021-07-27,Thomson_Reuters,0,0,0,0,0,1,0.0,0.0,0.9045135,0.09340677,0.0,2,natural_factor
2021-04-15,Thomson_Reuters,0,0,0,0,0,1,0.068767264,0.0,0.7670066,0.0,0.16354847,2,natural_factor
2020-04-03,Thomson_Reuters,2,0,1,0,0,1,0.0,0.0,0.46802926,0.53096133,0.0,3,supply_side
2021-07-12,Thomson_Reuters,1,0,1,0,0,1,0.0,0.0,0.07314303,0.9192934,0.0,3,supply_side
2021-02-01,Thomson_Reuters,1,0,0,0,0,1,0.0,0.0,0.50394803,0.4944626,0.0,2,supply_side
2020-11-06,Thomson_Reuters,0,0,0,0,0,1,0.0,0.0,0.97498345,0.0,0.023619127,2,natural_factor
2021-08-12,Thomson_Reuters,2,0,0,0,0,1,0.0,0.0,0.4160411,0.58248836,0.0,3,supply_side
2020-05-26,Thomson_Reuters,2,0,0,0,0,1,0.34961537,0.0,0.21032017,0.4397404,0.0,3,supply_side
2021-11-22,Thomson_Reuters,0,0,0,0,0,1,0.0,0.0,0.8786244,0.11147025,0.0,2,natural_factor
2019-10-18,Thomson_Reuters,0,0,0,1,0,1,0.084208176,0.026877468,0.0,0.88839424,0.0,3,geopolitical_risk
2019-10-09,Thomson_Reuters,0,0,0,0,0,1,0.0,0.0,0.8900306,0.10362314,0.0,2,natural_factor
2019-10-14,Thomson_Reuters,0,0,0,0,0,1,0.0,0.0,0.37150666,0.62181497,0.0,3,natural_factor
2019-11-13,Thomson_Reuters,0,0,1,0,0,1,0.0,0.0,0.6606836,0.33833754,0.0,2,financial_risk
2017-05-17,Thomson_Reuters,4,0,0,0,0,1,0.119816996,0.0,0.11416206,0.76583576,0.0,3,supply_side
2017-05-17,Thomson_Reuters,4,0,0,0,0,1,0.117763944,0.0,0.11411357,0.7679386,0.0,3,supply_side
2022-05-13,Thomson_Reuters,0,1,1,0,0,1,0.0,0.0,0.09915656,0.8998382,0.0,3,demand_side
2022-05-13,Thomson_Reuters,0,0,1,0,0,1,0.068059996,0.0,0.64183825,0.27091002,0.019038202,2,financial_risk
2022-05-12,Thomson_Reuters,0,0,0,0,0,1,0.0,0.0,0.07954377,0.91866744,0.0,3,natural_factor
2023-04-26,Thomson_Reuters,0,0,1,0,0,2,0.23312035,0.0,0.20031968,0.5662954,0.0,3,natural_factor
2022-09-02,Thomson_Reuters,1,0,1,0,0,1,0.0,0.0,0.57516223,0.41676965,0.0,2,supply_side
2021-10-19,Thomson_Reuters,0,0,0,0,0,1,0.0,0.0,0.0,0.98756856,0.0,3,natural_factor
2021-12-07,Thomson_Reuters,2,0,0,0,0,2,0.018688539,0.0,0.1901574,0.71206546,0.0789139,3,supply_side
2021-08-03,Thomson_Reuters,0,0,0,1,0,1,0.0,0.0,0.19529095,0.80389446,0.0,3,geopolitical_risk
2021-08-02,Thomson_Reuters,0,0,0,0,0,1,0.0,0.0,0.9973889,0.0,0.0,2,natural_factor
2021-04-01,Thomson_Reuters,1,0,0,0,0,1,0.0,0.0,0.2464893,0.7522496,0.0,3,supply_side
2021-06-10,Thomson_Reuters,0,0,0,0,1,1,0.11629755,0.0,0.2007535,0.41563502,0.26714745,3,esg_regulation
2020-07-21,Thomson_Reuters,1,1,1,0,0,2,0.1226526,0.0,0.20712112,0.6698665,0.0,3,natural_factor
2021-11-03,Thomson_Reuters,0,0,0,0,0,1,0.16387382,0.0,0.6906904,0.12752122,0.017759986,2,natural_factor
2021-05-17,Thomson_Reuters,0,0,0,0,0,1,0.11310176,0.0,0.5109455,0.37536252,0.0,2,natural_factor
2020-04-28,Thomson_Reuters,1,0,1,0,0,1,0.0,0.0,0.5533528,0.44552207,0.0,2,supply_side
2020-01-09,Thomson_Reuters,0,0,0,0,0,1,0.0,0.0,0.0,0.9920617,0.0,3,natural_factor
2016-03-26,Thomson_Reuters,0,0,0,0,0,2,0.13377078,0.0,0.0,0.86456585,0.0,3,natural_factor
2016-02-26,Thomson_Reuters,2,0,1,0,0,1,0.0144512,0.0,0.30521697,0.6800849,0.0,3,supply_side
2019-02-15,Thomson_Reuters,4,0,2,0,0,1,0.05319461,0.0,0.020342132,0.9260521,0.0,3,supply_side
2023-04-18,Thomson_Reuters,0,3,0,0,2,2,0.38880706,0.0,0.19471654,0.15966766,0.25675812,0,demand_side
2021-02-05,Thomson_Reuters,3,0,0,0,0,1,0.089856826,0.0,0.0,0.9088292,0.0,3,supply_side
2019-06-13,Thomson_Reuters,1,0,0,0,0,1,0.08209234,0.0,0.30560198,0.61184007,0.0,3,supply_side
2017-09-05,Thomson_Reuters,0,0,0,0,0,1,0.0,0.0,0.26807663,0.72831964,0.0,3,natural_factor
2020-03-10,Thomson_Reuters,3,0,0,0,0,1,0.058900215,0.0,0.031989504,0.9088431,0.0,3,supply_side
2020-03-12,Thomson_Reuters,4,0,1,0,0,1,0.055779416,0.0,0.017312659,0.9265617,0.0,3,supply_side
2020-03-09,Thomson_Reuters,5,0,3,0,0,1,0.04506812,0.0,0.08327086,0.8714401,0.0,3,supply_side
2020-03-09,Thomson_Reuters,3,0,2,0,0,1,0.03405699,0.0,0.076181404,0.88943297,0.0,3,supply_side
2019-05-04,Thomson_Reuters,2,0,2,1,0,1,0.14585485,0.0,0.024630101,0.82920766,0.0,3,supply_side
2019-05-05,Thomson_Reuters,0,0,0,0,0,1,0.0,0.0,0.8910728,0.10781436,0.0,2,natural_factor
2018-03-25,Thomson_Reuters,0,0,0,1,0,1,0.3803451,0.0,0.055078704,0.5555855,0.0,3,geopolitical_risk
2019-05-03,Thomson_Reuters,2,0,2,1,0,1,0.14595483,0.0,0.02451245,0.8292253,0.0,3,supply_side
2019-03-18,Thomson_Reuters,1,0,0,0,0,1,0.17571016,0.0,0.22697707,0.5971151,0.0,3,supply_side
2013-12-05,The_Wall_Street_Journal,0,0,0,0,0,1,0.93528503,0.0,0.05978043,0.0,0.0,0,natural_factor
2013-11-23,The_Wall_Street_Journal,2,0,1,0,0,1,0.31274834,0.0,0.014849714,0.6722106,0.0,3,supply_side
2022-06-23,New_Strait_Times,0,0,0,0,0,2,0.75579035,0.0,0.1477544,0.0,0.09590136,0,natural_factor
2020-03-19,Thomson_Reuters,2,0,0,0,0,1,0.04256616,0.0,0.754779,0.20250545,0.0,2,supply_side
2020-09-03,JoongAng_Daily,0,0,0,0,0,2,0.77591664,0.023895975,0.116180085,0.0,0.0837844,0,natural_factor
2021-11-24,Thomson_Reuters,0,0,0,0,0,2,0.19854487,0.0,0.047580514,0.75361866,0.0,3,natural_factor
2021-05-11,Thomson_Reuters,0,1,1,0,0,1,0.0,0.0,0.06798787,0.93057597,0.0,3,demand_side
2020-11-17,JoongAng_Daily,0,0,0,0,0,1,0.48252195,0.0,0.48925617,0.027833657,0.0,2,natural_factor
2014-09-19,Thomson_Reuters,1,0,0,0,0,1,0.33986104,0.0,0.34380415,0.28124362,0.034966294,2,supply_side
2024-11-28,API_NEWS_en,0,0,0,0,0,1,0.0,0.0,0.0,0.98971784,0.0,3,natural_factor
2022-02-06,New_Strait_Times,0,0,0,0,0,1,0.9300547,0.0,0.0,0.026349526,0.043276034,0,natural_factor
2020-06-19,Thomson_Reuters,0,0,0,0,0,1,0.8367639,0.0,0.057513893,0.08422401,0.021269832,0,natural_factor
2023-06-12,The_Wall_Street_Journal,1,0,0,0,0,1,0.22339417,0.0,0.0,0.7757924,0.0,3,supply_side
2004-05-08,The_Wall_Street_Journal,3,0,1,0,0,1,0.19069949,0.010579038,0.06658379,0.7320083,0.0,3,supply_side
2010-08-21,The_Wall_Street_Journal,0,1,0,0,0,1,0.14324582,0.0,0.041760016,0.814676,0.0,3,demand_side
2011-02-03,The_Wall_Street_Journal,0,0,0,0,0,1,0.9458303,0.0,0.05360809,0.0,0.0,0,natural_factor
2023-06-16,The_Wall_Street_Journal,2,0,0,0,0,1,0.16758987,0.0,0.0,0.8319337,0.0,3,supply_side
2003-10-24,The_Wall_Street_Journal,0,0,0,0,0,1,0.8661167,0.0,0.12842578,0.0,0.0,0,natural_factor
2015-04-20,The_Wall_Street_Journal,3,0,0,0,0,1,0.20439947,0.0,0.0,0.79481965,0.0,3,supply_side
2005-01-04,The_Wall_Street_Journal,1,0,1,0,0,1,0.3314066,0.028726362,0.0,0.639235,0.0,3,supply_side
2011-07-19,The_Wall_Street_Journal,5,0,0,0,0,2,0.115246475,0.0,0.0,0.8573045,0.027037134,3,supply_side
2019-07-29,The_Wall_Street_Journal,2,0,0,0,0,1,0.084298104,0.0,0.019613398,0.8957576,0.0,3,supply_side
2005-11-12,The_Wall_Street_Journal,0,0,0,0,0,1,0.0,0.0,0.14630163,0.85271883,0.0,3,natural_factor
2010-01-06,The_Wall_Street_Journal,0,1,0,0,0,1,0.22532001,0.092979655,0.03348012,0.64797956,0.0,3,demand_side
2005-11-12,The_Wall_Street_Journal,0,0,1,0,0,1,0.24191687,0.0,0.06729617,0.6847617,0.0,3,financial_risk
2009-07-07,The_Wall_Street_Journal,0,0,0,0,0,1,0.0,0.037494343,0.05016193,0.91152126,0.0,3,natural_factor
2023-06-15,The_Wall_Street_Journal,1,0,0,0,0,1,0.20399845,0.0,0.17357606,0.62202704,0.0,3,supply_side
2005-07-25,The_Wall_Street_Journal,0,0,0,0,0,1,0.35287112,0.0,0.25495398,0.39190733,0.0,3,natural_factor
2024-11-28,API_NEWS_en,0,0,0,0,0,1,0.0,0.0,0.0,0.99928033,0.0,3,natural_factor
2024-11-28,API_NEWS_en,0,1,1,0,0,1,0.27203068,0.0,0.37889493,0.27724102,0.07178526,2,demand_side
2022-03-02,Financial_Times,0,0,0,1,0,1,0.0,0.0,0.9586528,0.0,0.031498708,2,geopolitical_risk
2022-10-07,Manila_Bulletin,0,0,0,0,0,2,0.999335,0.0,0.0,0.0,0.0,0,natural_factor
2022-01-25,Financial_Times,3,0,2,0,0,1,0.1315535,0.0,0.12272261,0.7454251,0.0,3,supply_side
2023-05-05,Financial_Times,0,0,0,0,0,2,0.79767567,0.0,0.19164285,0.0,0.0,0,natural_factor
2022-10-08,Manila_Bulletin,0,0,0,0,0,2,0.99933356,0.0,0.0,0.0,0.0,0,natural_factor
2022-09-12,Financial_Times,0,0,0,0,0,1,0.5603246,0.0,0.38496584,0.054276224,0.0,0,natural_factor
2022-10-12,Manila_Bulletin,0,0,0,0,0,2,0.99719906,0.0,0.0,0.0,0.0,0,natural_factor
2022-04-26,The_Asahi_Shimbun,0,0,0,0,0,1,0.8016615,0.0,0.0,0.18506794,0.0,0,natural_factor
2022-09-25,Thomson_Reuters,0,0,0,0,0,1,0.080051914,0.029549843,0.81896913,0.0710561,0.0,2,natural_factor
2022-07-21,Thomson_Reuters,0,0,0,0,0,1,0.058567658,0.028994156,0.8366236,0.07546579,0.0,2,natural_factor
2022-09-22,Financial_Times,0,0,0,0,0,1,0.09848896,0.0,0.86979884,0.0,0.031366535,2,natural_factor
2022-02-10,Financial_Times,0,1,0,0,1,2,0.35164717,0.0,0.5955025,0.0,0.052555874,2,natural_factor
2022-03-06,Thomson_Reuters,0,0,0,0,0,1,0.46653163,0.13374892,0.39858454,0.0,0.0,0,natural_factor
2022-08-01,The_Wall_Street_Journal,0,0,0,0,0,1,0.34999615,0.0,0.6489916,0.0,0.0,2,natural_factor
2020-10-09,Financial_Times,0,1,0,0,5,3,0.3528361,0.0,0.4657378,0.045143537,0.1349172,2,esg_regulation
2020-11-04,The_Myanmar_Times,0,0,1,0,0,1,0.779512,0.0,0.16311301,0.0,0.057127267,0,financial_risk
2021-03-22,New_Strait_Times,1,0,0,0,0,2,0.8335879,0.0,0.0,0.0,0.15813644,0,natural_factor
2020-05-28,Thomson_Reuters,0,0,0,0,0,1,0.13016568,0.0,0.18682073,0.68248874,0.0,3,natural_factor
2020-11-23,Financial_Times,0,0,0,0,0,2,0.07639398,0.0,0.8127638,0.095196865,0.015543783,2,natural_factor
2021-03-17,Channel_News_Asia,0,0,0,0,0,1,0.05445254,0.013316948,0.93168163,0.0,0.0,2,natural_factor
2021-04-16,Thomson_Reuters,0,0,0,0,0,1,0.8641782,0.0,0.089958504,0.038090613,0.0,0,natural_factor
2020-07-18,Channel_News_Asia,0,0,1,0,0,2,0.72063816,0.034770314,0.2426395,0.0,0.0,0,natural_factor
2020-02-12,Financial_Times,0,0,0,0,0,2,0.8942129,0.012095898,0.07686677,0.0,0.016626142,0,natural_factor
2021-07-01,Financial_Times,0,0,1,0,1,1,0.26621026,0.012202613,0.7167475,0.0,0.0,2,financial_risk
2020-06-09,Financial_Times,0,0,0,0,0,2,0.32433453,0.0,0.6268508,0.048690658,0.0,2,natural_factor
2021-07-22,Thomson_Reuters,0,0,0,0,0,2,0.7645915,0.0,0.2349538,0.0,0.0,0,natural_factor
2021-09-22,Thomson_Reuters,0,0,0,0,0,1,0.60124695,0.0,0.38563967,0.0,0.012501814,0,natural_factor
2021-04-15,The_Business_Times,0,0,0,0,0,1,0.9078611,0.0,0.05060332,0.03405982,0.0,0,natural_factor
2020-03-15,The_Wall_Street_Journal,0,0,0,0,0,1,0.8005274,0.02741825,0.17169048,0.0,0.0,0,natural_factor
2020-06-01,The_Wall_Street_Journal,0,0,1,0,0,1,0.0,0.0,0.99868095,0.0,0.0,2,financial_risk
2020-09-06,Viet_Nam_News,0,0,0,0,0,1,0.63293856,0.0,0.14750043,0.0,0.21908547,0,natural_factor
2020-07-09,The_Jakarta_Post,0,0,0,0,0,1,0.29302952,0.0,0.67380345,0.0,0.032831907,2,natural_factor
2021-02-10,Financial_Times,1,0,2,0,0,1,0.30441815,0.0,0.1505334,0.54481274,0.0,3,financial_risk
2020-01-22,Financial_Times,0,0,0,0,0,1,0.77267045,0.0,0.22688372,0.0,0.0,0,natural_factor
2020-12-10,The_Myanmar_Times,0,0,0,0,0,1,0.7926172,0.0,0.07016133,0.0,0.13112576,0,natural_factor
2021-05-05,Financial_Times,0,0,1,0,0,1,0.0,0.0,0.93870974,0.06056392,0.0,2,financial_risk
2021-05-21,Financial_Times,0,0,0,0,0,1,0.15920791,0.0,0.8402156,0.0,0.0,2,natural_factor
2020-05-08,Financial_Times,0,0,0,0,0,2,0.63823473,0.0,0.33194092,0.0,0.029672008,0,natural_factor
2021-01-04,Financial_Times,0,0,0,0,0,1,0.91657346,0.0,0.07927653,0.0,0.0,0,natural_factor
2020-12-10,The_Wall_Street_Journal,0,0,0,0,0,1,0.8244798,0.0,0.109730825,0.0656013,0.0,0,natural_factor
2021-12-14,Thomson_Reuters,0,0,0,2,0,1,0.13751742,0.0,0.47722483,0.37753925,0.0,2,geopolitical_risk
2020-11-20,Financial_Times,0,0,0,0,0,1,0.18425475,0.0,0.7276879,0.08785836,0.0,2,natural_factor
2020-12-24,Financial_Times,0,0,0,0,0,1,0.873949,0.0,0.057562437,0.068263836,0.0,0,natural_factor
2020-01-07,Financial_Times,0,0,0,0,0,1,0.44237816,0.0,0.54201734,0.015504359,0.0,2,natural_factor
2020-02-07,Thomson_Reuters,0,0,0,0,0,1,0.6720745,0.0,0.32723245,0.0,0.0,0,natural_factor
2021-01-12,Financial_Times,0,0,0,0,0,1,0.2602118,0.0,0.73925984,0.0,0.0,2,natural_factor
2017-10-27,Financial_Times,0,0,0,0,0,2,0.77945095,0.0,0.21719196,0.0,0.0,0,natural_factor
2019-02-08,Financial_Times,1,0,0,0,0,1,0.32309335,0.0,0.56931955,0.107266724,0.0,2,supply_side
2017-09-28,Financial_Times,0,0,0,0,0,1,0.2517283,0.0,0.6244198,0.11382695,0.0,2,natural_factor
2017-09-04,Financial_Times,0,0,0,0,0,1,0.0,0.0,0.99924105,0.0,0.0,2,natural_factor
2017-07-06,Financial_Times,0,0,1,0,0,1,0.0,0.0,0.9901551,0.0,0.0,2,financial_risk
2014-09-25,Financial_Times,0,0,2,1,0,1,0.097859316,0.0,0.822594,0.0714353,0.0,2,financial_risk
2019-08-02,Financial_Times,0,0,1,0,1,1,0.5233351,0.0,0.31608737,0.15520711,0.0,0,financial_risk
2017-09-05,Financial_Times,0,0,0,1,0,1,0.06006188,0.010708101,0.91622204,0.0,0.012855095,2,geopolitical_risk
2002-07-19,The_Wall_Street_Journal,0,0,0,0,0,1,0.13769476,0.0,0.85479134,0.0,0.0,2,natural_factor
2002-12-23,The_Wall_Street_Journal,0,0,0,0,1,1,0.12708683,0.0,0.872756,0.0,0.0,2,esg_regulation
2012-08-23,The_Wall_Street_Journal,0,0,0,0,0,2,0.945703,0.0,0.044611737,0.0,0.0,0,natural_factor
2007-03-08,The_Wall_Street_Journal,1,0,0,0,0,3,0.19311944,0.0,0.8067209,0.0,0.0,2,natural_factor
2002-07-22,The_Wall_Street_Journal,0,0,0,0,0,1,0.35695982,0.0,0.6237648,0.019058531,0.0,2,natural_factor
2004-12-10,The_Wall_Street_Journal,0,0,0,0,0,1,0.21549568,0.0,0.7481862,0.0,0.036160354,2,natural_factor
2004-03-08,The_Wall_Street_Journal,0,0,0,0,0,1,0.94517106,0.0,0.05433916,0.0,0.0,0,natural_factor
2019-02-28,Financial_Times,0,0,2,0,0,1,0.18804552,0.0,0.71915776,0.0926952,0.0,2,financial_risk
1999-12-31,The_Wall_Street_Journal,0,0,1,0,0,1,0.29721376,0.0,0.6438264,0.05881641,0.0,2,financial_risk
2000-07-12,The_Wall_Street_Journal,0,0,0,0,0,1,0.7566124,0.0,0.23154284,0.0,0.011233089,0,natural_factor
2016-07-20,Financial_Times,0,0,0,0,0,3,0.28451556,0.0,0.6944819,0.015705157,0.0,2,natural_factor
2011-10-22,The_Wall_Street_Journal,0,0,0,0,0,1,0.6880999,0.0,0.3102582,0.0,0.0,0,natural_factor
2011-02-19,The_Wall_Street_Journal,0,0,0,0,0,1,0.98776233,0.0,0.0,0.0,0.0,0,natural_factor
2013-11-10,The_Myanmar_Times,0,0,0,0,0,1,0.9105701,0.0,0.026255922,0.0,0.062630504,0,natural_factor
2000-06-12,The_Wall_Street_Journal,0,0,0,0,0,1,0.75903195,0.059434563,0.18129314,0.0,0.0,0,natural_factor
2017-09-12,Financial_Times,0,0,0,0,0,1,0.0,0.0,0.9923727,0.0,0.0,2,natural_factor
2006-09-25,The_Wall_Street_Journal,0,0,0,0,0,1,0.89568466,0.034195915,0.06634108,0.0,0.0,0,natural_factor
2014-08-24,Thomson_Reuters,0,0,1,0,0,1,0.5514836,0.0,0.30992964,0.13278122,0.0,0,financial_risk
2018-05-15,The_Jakarta_Post,0,0,0,0,0,1,0.25702572,0.23730473,0.4715781,0.0,0.03374464,2,natural_factor
1998-12-29,The_Wall_Street_Journal,0,0,0,0,0,1,0.65959084,0.021015182,0.30686143,0.0,0.012432798,0,natural_factor
2000-08-29,The_Wall_Street_Journal,0,0,0,0,0,1,0.71172696,0.0,0.28774512,0.0,0.0,0,natural_factor
2013-07-14,Financial_Times,0,0,0,0,0,1,0.3253845,0.0,0.6254629,0.04905783,0.0,2,natural_factor
2018-08-01,Thomson_Reuters,0,0,0,0,0,1,0.7090829,0.0,0.2693594,0.0,0.020969933,0,natural_factor
2019-08-26,Financial_Times,0,0,0,1,0,1,0.310016,0.0,0.689114,0.0,0.0,2,geopolitical_risk
2006-09-13,The_Wall_Street_Journal,0,0,0,1,0,1,0.2343742,0.023775639,0.7414257,0.0,0.0,2,geopolitical_risk
2017-09-05,Thomson_Reuters,0,0,0,1,0,1,0.0,0.023844678,0.97546345,0.0,0.0,2,geopolitical_risk
2008-05-05,The_Wall_Street_Journal,0,0,0,0,0,1,0.2799676,0.014670221,0.69656914,0.0,0.0,2,natural_factor
2011-06-06,The_Wall_Street_Journal,0,0,0,0,0,1,0.0,0.0,0.93547094,0.06410919,0.0,2,natural_factor
2016-02-20,Thomson_Reuters,0,0,0,0,0,1,0.027576867,0.0,0.9533792,0.0,0.018825797,2,natural_factor
2017-08-18,Thomson_Reuters,0,0,0,0,0,1,0.0,0.0,0.9983283,0.0,0.0,2,natural_factor
2008-04-21,The_Wall_Street_Journal,0,0,0,0,0,2,0.6125314,0.0,0.34102485,0.046251982,0.0,0,natural_factor
2013-04-04,The_Phnom_Penh_Post,0,0,0,0,0,2,0.83674467,0.0,0.017374914,0.0,0.1451861,0,natural_factor
2007-06-11,The_Wall_Street_Journal,0,0,0,0,0,1,0.9290976,0.0,0.029242614,0.033622887,0.0,0,natural_factor
2016-03-01,The_Wall_Street_Journal,0,0,0,0,0,1,0.22067814,0.0,0.7562243,0.0,0.0221003,2,natural_factor
2018-11-20,Financial_Times,0,0,0,0,0,1,0.04413572,0.0,0.95502687,0.0,0.0,2,natural_factor
2007-09-15,The_Wall_Street_Journal,0,0,0,0,0,1,0.16727395,0.0,0.83236223,0.0,0.0,2,natural_factor
2019-08-23,Financial_Times,0,0,0,0,0,1,0.41525814,0.0,0.5842326,0.0,0.0,2,natural_factor
2006-07-15,The_Wall_Street_Journal,0,0,0,0,0,1,0.69042253,0.017517148,0.2918681,0.0,0.0,0,natural_factor
2015-12-18,The_Wall_Street_Journal,0,0,0,0,0,1,0.3596454,0.0,0.6390379,0.0,0.0,2,natural_factor
2017-09-18,Financial_Times,0,0,0,0,0,1,0.0,0.0,0.9982583,0.0,0.0,2,natural_factor
2004-09-06,The_Wall_Street_Journal,0,0,1,0,0,1,0.13197163,0.0,0.79088634,0.06795739,0.0,2,financial_risk
2006-05-04,The_Wall_Street_Journal,0,0,0,0,0,2,0.9703655,0.0,0.026027594,0.0,0.0,0,natural_factor
2006-05-17,The_Wall_Street_Journal,0,0,0,0,0,1,0.87883353,0.0,0.12072703,0.0,0.0,0,natural_factor
2007-05-14,The_Wall_Street_Journal,0,0,0,0,0,2,0.0,0.0,0.55474854,0.12421418,0.32045314,2,natural_factor
2002-09-05,The_Wall_Street_Journal,0,0,0,0,0,1,0.91113305,0.0,0.084947385,0.0,0.0,0,natural_factor
2004-07-01,The_Wall_Street_Journal,0,0,0,1,0,2,0.7735648,0.0,0.22602518,0.0,0.0,0,natural_factor
2001-03-29,The_Wall_Street_Journal,0,0,1,0,0,1,0.41567767,0.0,0.52345455,0.031141149,0.029675087,2,financial_risk
2019-10-16,The_Jakarta_Post,0,0,0,0,2,2,0.30409575,0.05791387,0.46557248,0.0,0.17224218,2,esg_regulation
2018-08-31,Financial_Times,0,0,0,1,0,1,0.41277543,0.0,0.58650297,0.0,0.0,2,geopolitical_risk
2018-11-16,Thomson_Reuters,0,0,0,0,0,1,0.43699157,0.0,0.46280232,0.06493955,0.035178144,2,natural_factor
2017-02-25,Financial_Times,0,0,1,0,0,1,0.4358537,0.019866593,0.42667937,0.117469676,0.0,0,financial_risk
2004-05-18,The_Wall_Street_Journal,0,0,0,0,0,1,0.7288323,0.0,0.26191032,0.0,0.0,0,natural_factor
2012-09-21,The_Phnom_Penh_Post,0,0,0,0,0,1,0.7000846,0.0,0.18172137,0.0,0.11765545,0,natural_factor
2000-04-27,The_Wall_Street_Journal,0,0,0,0,0,1,0.8815534,0.0,0.092516705,0.023234284,0.0,0,natural_factor
2010-02-18,The_Wall_Street_Journal,0,0,0,0,0,1,0.57342625,0.0,0.4261147,0.0,0.0,0,natural_factor
2015-01-09,The_Wall_Street_Journal,0,0,0,0,0,1,0.74055666,0.0,0.25903434,0.0,0.0,0,natural_factor
2015-02-08,Financial_Times,0,0,1,0,0,1,0.3021625,0.0,0.5151622,0.18247236,0.0,2,financial_risk
2016-12-02,Financial_Times,0,0,0,0,0,1,0.3561061,0.0,0.6360631,0.0,0.0,2,natural_factor
2015-10-18,The_Wall_Street_Journal,0,0,0,0,0,1,0.38106266,0.0,0.61849105,0.0,0.0,2,natural_factor
2019-05-17,Thomson_Reuters,0,0,0,0,0,1,0.0,0.0,0.998487,0.0,0.0,2,natural_factor
2007-07-13,The_Wall_Street_Journal,0,0,0,0,0,1,0.77039266,0.0,0.20290178,0.0,0.026411502,0,natural_factor
2015-12-01,Thomson_Reuters,0,0,0,0,0,1,0.16932848,0.0,0.51104414,0.2626363,0.05689654,2,natural_factor
2018-04-16,Financial_Times,0,0,0,0,0,1,0.57070357,0.0,0.36838987,0.060441814,0.0,0,natural_factor
2000-03-13,The_Wall_Street_Journal,0,0,0,0,0,1,0.7438071,0.0,0.24928318,0.0,0.0,0,natural_factor
2015-12-15,Thomson_Reuters,0,0,0,0,0,1,0.22386725,0.0,0.77574533,0.0,0.0,2,natural_factor
2018-07-05,Financial_Times,0,0,0,0,0,1,0.39583606,0.0,0.59524834,0.0,0.0,2,natural_factor
2017-10-25,Thomson_Reuters,0,0,0,0,0,1,0.44291613,0.0,0.5564417,0.0,0.0,2,natural_factor
2013-09-09,The_Wall_Street_Journal,0,0,0,0,0,1,0.66757184,0.010243579,0.31956926,0.0,0.0,0,natural_factor
2018-11-15,Thomson_Reuters,0,0,0,0,0,1,0.43699288,0.0,0.46280327,0.0649378,0.03517764,2,natural_factor
2004-06-16,The_Wall_Street_Journal,0,0,2,0,0,1,0.2639826,0.0,0.5142464,0.22154346,0.0,2,financial_risk
2010-09-13,The_Wall_Street_Journal,0,0,0,0,0,1,0.76562124,0.0,0.2339184,0.0,0.0,0,natural_factor
2002-10-22,The_Wall_Street_Journal,0,0,0,0,0,1,0.7773947,0.0,0.16085345,0.048691515,0.012974138,0,natural_factor
2017-07-07,Financial_Times,0,0,0,0,0,1,0.90049124,0.0,0.07078335,0.0,0.02859649,0,natural_factor
2017-07-27,Financial_Times,1,0,0,0,0,2,0.16426419,0.0,0.7098496,0.12378184,0.0,2,natural_factor
2006-11-25,The_Wall_Street_Journal,0,0,0,1,0,1,0.45833045,0.0,0.5411126,0.0,0.0,2,geopolitical_risk
2011-08-02,The_Wall_Street_Journal,0,0,0,0,0,1,0.8821241,0.057211645,0.05178502,0.0,0.0,0,natural_factor
2018-09-04,Financial_Times,0,0,1,0,0,1,0.5851157,0.0,0.23666771,0.17765994,0.0,0,financial_risk
2016-06-14,The_Wall_Street_Journal,0,0,0,0,0,1,0.83607984,0.09246179,0.07116678,0.0,0.0,0,natural_factor
2010-08-01,The_Wall_Street_Journal,0,0,0,0,0,1,0.40159458,0.0,0.59799314,0.0,0.0,2,natural_factor
2000-03-17,The_Wall_Street_Journal,0,0,0,0,0,4,0.71646947,0.010654036,0.27109855,0.0,0.0,0,natural_factor
2011-08-13,The_Wall_Street_Journal,0,0,0,0,1,1,0.2706422,0.0,0.59496593,0.0,0.13415636,2,esg_regulation
2009-09-02,The_Wall_Street_Journal,0,0,0,0,0,2,0.2297998,0.0,0.7207648,0.0,0.043131504,2,natural_factor
2018-03-30,Financial_Times,0,0,0,0,0,1,0.33578053,0.0,0.6638738,0.0,0.0,2,natural_factor
2010-10-04,The_Wall_Street_Journal,0,0,0,0,0,1,0.95785266,0.0,0.034593225,0.0,0.0,0,natural_factor
2017-06-19,The_Wall_Street_Journal,2,0,0,0,0,1,0.0,0.0,0.38777646,0.5927009,0.014658981,3,supply_side
2023-12-17,Financial_Times,0,0,0,0,0,1,0.7425883,0.08835258,0.13517499,0.033810485,0.0,0,natural_factor
2023-12-17,Financial_Times,0,0,0,0,0,1,0.711654,0.0,0.28185183,0.0,0.0,0,natural_factor
2023-07-24,Manila_Bulletin,0,0,0,0,0,1,0.89811623,0.0,0.061848473,0.0292763,0.0106149465,0,natural_factor
2023-06-23,The_Business_Times,0,0,0,0,0,1,0.6361864,0.0,0.043375533,0.32023555,0.0,0,natural_factor
2024-02-09,Financial_Times,0,0,0,0,0,1,0.91530734,0.0,0.08111958,0.0,0.0,0,natural_factor
2024-05-17,Financial_Times,0,0,0,0,0,1,0.40945935,0.0,0.5568127,0.0,0.0334701,2,natural_factor
2024-02-08,Financial_Times,1,1,0,1,0,1,0.8739861,0.0,0.08648106,0.0,0.03937859,0,supply_side
2024-08-22,Financial_Times,0,0,0,0,0,2,0.8757116,0.026427468,0.09743946,0.0,0.0,0,natural_factor
2024-01-31,The_Wall_Street_Journal,0,0,1,0,0,1,0.79512656,0.017224401,0.1564929,0.031099966,0.0,0,financial_risk
2024-07-23,The_Wall_Street_Journal,0,0,0,0,0,1,0.4134256,0.02486124,0.5509598,0.0,0.010377159,2,natural_factor
2024-08-19,Financial_Times,1,0,0,0,1,1,0.3570504,0.0,0.5808628,0.027136032,0.03489995,2,supply_side
2024-10-02,Financial_Times,0,0,0,0,0,1,0.511687,0.0,0.40473023,0.08308734,0.0,0,natural_factor
2024-10-03,Financial_Times,1,1,0,0,0,1,0.29325107,0.0,0.6957821,0.010822946,0.0,2,supply_side
2024-11-15,Financial_Times,0,1,0,1,0,1,0.5810772,0.0,0.2948793,0.07734786,0.046643432,0,demand_side
2024-11-27,API_NEWS_en,0,0,0,0,0,1,0.0,0.0,0.0,0.98924005,0.01025589,3,natural_factor
2022-01-19,Manila_Bulletin,0,0,1,0,0,1,0.6131181,0.0,0.3203057,0.02782806,0.038656548,0,financial_risk
2023-06-11,The_Wall_Street_Journal,0,0,0,0,0,1,0.5831347,0.0,0.41637155,0.0,0.0,0,natural_factor
2023-06-13,The_Wall_Street_Journal,0,0,0,0,0,1,0.9654673,0.0,0.034178868,0.0,0.0,0,natural_factor
2010-08-02,The_Wall_Street_Journal,0,0,0,0,0,1,0.0,0.0,0.0,0.9917767,0.0,3,natural_factor
2018-06-20,The_Wall_Street_Journal,0,0,0,0,0,1,0.8119145,0.0,0.17705965,0.0,0.010197935,0,natural_factor
2011-12-09,The_Wall_Street_Journal,0,0,0,0,0,1,0.7888531,0.024817023,0.18608911,0.0,0.0,0,natural_factor
2019-11-15,The_Wall_Street_Journal,0,0,0,0,0,1,0.86300606,0.0,0.13652495,0.0,0.0,0,natural_factor
2009-03-03,The_Wall_Street_Journal,0,0,0,0,0,1,0.66956794,0.03441547,0.23890266,0.056452356,0.0,0,natural_factor
2022-09-14,The_Phnom_Penh_Post,1,1,0,0,1,1,0.39741176,0.0,0.154419,0.0,0.44466454,4,supply_side
2022-07-18,The_Phnom_Penh_Post,0,0,0,0,0,1,0.29429922,0.052628506,0.1902389,0.038102563,0.42473084,4,natural_factor
2022-12-25,The_Phnom_Penh_Post,0,0,0,0,0,1,0.34922922,0.0,0.13027798,0.14703412,0.37335756,4,natural_factor
2022-11-11,Manila_Bulletin,1,0,0,0,1,1,0.26947626,0.0,0.1864027,0.0,0.5437135,4,supply_side
2022-03-13,The_Phnom_Penh_Post,0,1,0,0,0,1,0.35889465,0.022239776,0.11884751,0.0,0.49975565,4,demand_side
2022-09-06,The_Phnom_Penh_Post,0,0,1,0,0,1,0.2921476,0.0,0.104815304,0.17271739,0.43017232,4,financial_risk
2022-10-11,The_Phnom_Penh_Post,0,0,0,0,0,1,0.35449407,0.0,0.1005801,0.17234033,0.37247622,4,natural_factor
2022-04-07,The_Phnom_Penh_Post,0,0,0,0,0,1,0.29360154,0.0,0.20490234,0.16604304,0.33534008,4,natural_factor
2022-09-19,The_Phnom_Penh_Post,0,0,0,0,1,1,0.47691226,0.0,0.0,0.1365652,0.3860272,0,esg_regulation
2021-02-04,The_Business_Times,0,0,0,0,0,1,0.80147713,0.0,0.0,0.16253194,0.03561458,0,natural_factor
2021-01-24,The_Wall_Street_Journal,0,0,0,0,0,1,0.542788,0.0,0.4525513,0.0,0.0,0,natural_factor
2020-08-19,The_Wall_Street_Journal,0,0,0,0,0,1,0.46336064,0.0,0.53632593,0.0,0.0,2,natural_factor
2009-02-12,The_Wall_Street_Journal,0,0,0,0,0,1,0.5589674,0.0,0.4405839,0.0,0.0,0,natural_factor
2015-01-26,The_Wall_Street_Journal,0,0,1,0,0,1,0.60116994,0.0,0.0,0.39836165,0.0,0,financial_risk
2014-01-14,The_Wall_Street_Journal,0,0,0,0,0,1,0.18296461,0.0,0.81150156,0.0,0.0,2,natural_factor
2013-12-13,The_Wall_Street_Journal,0,0,0,0,0,1,0.6566079,0.0,0.3427446,0.0,0.0,0,natural_factor
2013-07-24,The_Wall_Street_Journal,0,0,0,0,0,1,0.39764628,0.0,0.44160363,0.16033255,0.0,2,natural_factor
2014-10-02,The_Wall_Street_Journal,0,0,0,0,0,1,0.8254608,0.0,0.1503225,0.024035431,0.0,0,natural_factor
2002-04-24,The_Wall_Street_Journal,0,0,0,0,0,1,0.87132204,0.0,0.12831579,0.0,0.0,0,natural_factor
2011-06-30,The_Wall_Street_Journal,0,0,0,0,0,1,0.77404475,0.042992063,0.18150029,0.0,0.0,0,natural_factor
2013-08-09,The_Wall_Street_Journal,0,0,0,0,0,1,0.64612144,0.0,0.3529674,0.0,0.0,0,natural_factor
2013-09-25,The_Wall_Street_Journal,0,0,0,0,0,1,0.89554507,0.016171725,0.08787545,0.0,0.0,0,natural_factor
2013-06-05,The_Wall_Street_Journal,0,0,0,0,0,1,0.81195235,0.0,0.1873665,0.0,0.0,0,natural_factor
2014-03-30,The_Wall_Street_Journal,0,0,0,0,0,1,0.879364,0.0,0.10887753,0.011580083,0.0,0,natural_factor
2013-09-24,The_Wall_Street_Journal,0,0,0,0,0,1,0.62621343,0.06798073,0.30552262,0.0,0.0,0,natural_factor
2018-05-14,Financial_Times,1,2,0,0,2,2,0.73014337,0.0,0.22808668,0.0,0.03770216,0,demand_side
2012-01-23,The_Wall_Street_Journal,0,0,0,0,0,1,0.6692348,0.0,0.32895842,0.0,0.0,0,natural_factor
2015-07-28,The_Wall_Street_Journal,0,0,0,0,0,1,0.68564,0.0,0.31371632,0.0,0.0,0,natural_factor
2015-07-07,The_Wall_Street_Journal,0,0,0,0,0,1,0.7266505,0.0,0.25158182,0.021477519,0.0,0,natural_factor
2013-07-10,The_Wall_Street_Journal,0,0,0,0,0,1,0.87536013,0.019937158,0.10430624,0.0,0.0,0,natural_factor
2016-07-18,The_Wall_Street_Journal,0,0,0,0,0,1,0.6341541,0.0,0.3653334,0.0,0.0,0,natural_factor
2013-10-04,The_Wall_Street_Journal,0,0,0,0,0,1,0.1869154,0.0,0.81249917,0.0,0.0,2,natural_factor
2012-05-03,The_Wall_Street_Journal,0,0,0,0,0,1,0.744032,0.037701827,0.20975545,0.0,0.0,0,natural_factor
2014-06-23,The_Wall_Street_Journal,0,0,0,0,0,1,0.5404198,0.0,0.0,0.45874786,0.0,0,natural_factor
2017-04-06,Thomson_Reuters,0,0,0,0,0,1,0.49360487,0.026929269,0.4731274,0.0,0.0,0,natural_factor
2015-05-13,The_Wall_Street_Journal,0,0,0,0,0,1,0.6013834,0.015131835,0.3831512,0.0,0.0,0,natural_factor
2014-08-21,The_Wall_Street_Journal,0,0,0,0,0,1,0.5434503,0.0,0.0,0.45586088,0.0,0,natural_factor
2013-07-22,The_Wall_Street_Journal,0,0,0,0,0,1,0.61272335,0.0,0.38665456,0.0,0.0,0,natural_factor
2016-02-21,The_Wall_Street_Journal,0,0,0,0,0,1,0.71564204,0.0,0.2839268,0.0,0.0,0,natural_factor
2013-08-20,The_Wall_Street_Journal,0,0,0,0,0,1,0.44482532,0.0,0.54695135,0.0,0.0,2,natural_factor
2016-08-09,The_Wall_Street_Journal,0,0,0,0,0,1,0.05738981,0.0,0.6475635,0.29440728,0.0,2,natural_factor
2014-04-15,Thomson_Reuters,0,0,0,0,0,1,0.56798804,0.0,0.33430192,0.09737353,0.0,0,natural_factor
2014-04-18,The_Wall_Street_Journal,0,0,0,0,0,1,0.8202901,0.0,0.10732974,0.059279375,0.01301093,0,natural_factor
2013-01-09,The_Wall_Street_Journal,0,0,0,0,0,1,0.66313356,0.0,0.33624303,0.0,0.0,0,natural_factor
2015-02-16,The_Wall_Street_Journal,0,0,0,0,0,1,0.88275373,0.046318054,0.07024123,0.0,0.0,0,natural_factor
2013-02-01,The_Wall_Street_Journal,0,0,0,0,0,1,0.41795534,0.022789443,0.55878514,0.0,0.0,2,natural_factor
2015-02-20,The_Wall_Street_Journal,0,0,0,0,0,2,0.9612405,0.0,0.03820711,0.0,0.0,0,natural_factor
2015-01-26,The_Wall_Street_Journal,0,0,0,0,0,1,0.5028768,0.0,0.47819033,0.018489799,0.0,0,natural_factor
2014-04-04,The_Wall_Street_Journal,0,0,0,0,0,1,0.80421823,0.0,0.04491065,0.027465465,0.12325011,0,natural_factor
2013-05-13,The_Wall_Street_Journal,0,0,0,0,0,1,0.44935915,0.0356413,0.51398253,0.0,0.0,2,natural_factor
2010-09-03,The_Wall_Street_Journal,0,0,0,0,0,1,0.8065179,0.0,0.17815559,0.0,0.0,0,natural_factor
2016-01-06,The_Wall_Street_Journal,0,0,0,0,0,1,0.69979596,0.0,0.2826714,0.01723796,0.0,0,natural_factor
2010-06-12,The_Wall_Street_Journal,0,0,0,0,0,1,0.90849125,0.0,0.09086335,0.0,0.0,0,natural_factor
2013-07-28,The_Wall_Street_Journal,0,0,0,0,0,1,0.893766,0.01422145,0.091651425,0.0,0.0,0,natural_factor
2012-09-22,The_Wall_Street_Journal,0,0,0,0,0,1,0.6544274,0.069322035,0.2748141,0.0,0.0,0,natural_factor
2013-09-26,The_Wall_Street_Journal,0,0,0,0,0,1,0.52098954,0.02842117,0.40851977,0.0,0.041712772,0,natural_factor
2014-06-20,The_Wall_Street_Journal,0,0,0,0,0,1,0.0,0.0,0.5348348,0.27038664,0.1942605,2,natural_factor
2010-08-20,The_Wall_Street_Journal,0,0,0,0,0,1,0.0,0.0,0.63600487,0.35812524,0.0,2,natural_factor
2013-01-08,The_Wall_Street_Journal,0,0,0,0,0,1,0.9563083,0.033042967,0.0,0.0,0.0,0,natural_factor
2016-09-29,The_Wall_Street_Journal,0,0,0,0,0,2,0.94157594,0.0,0.049703643,0.0,0.0,0,natural_factor
2012-11-29,The_Wall_Street_Journal,0,0,0,0,0,1,0.7786823,0.03371494,0.18718791,0.0,0.0,0,natural_factor
2013-07-22,The_Wall_Street_Journal,0,0,0,0,0,1,0.7516155,0.0,0.24776615,0.0,0.0,0,natural_factor
2013-06-16,The_Wall_Street_Journal,0,0,0,0,0,1,0.8593724,0.040711198,0.09944333,0.0,0.0,0,natural_factor
2014-12-19,The_Wall_Street_Journal,0,0,0,0,0,1,0.54913855,0.14471039,0.30519602,0.0,0.0,0,natural_factor
2016-03-11,The_Wall_Street_Journal,0,0,0,0,0,1,0.5004862,0.0,0.4991059,0.0,0.0,0,natural_factor
2013-02-05,The_Wall_Street_Journal,0,0,0,0,0,2,0.8773994,0.0,0.12208012,0.0,0.0,0,natural_factor
2013-06-10,The_Wall_Street_Journal,0,0,0,0,0,1,0.8156765,0.01421928,0.16966513,0.0,0.0,0,natural_factor
2019-07-08,The_Wall_Street_Journal,0,0,0,0,0,1,0.57195944,0.0,0.42766145,0.0,0.0,0,natural_factor
2015-04-15,The_Wall_Street_Journal,0,0,0,0,0,1,0.8208915,0.037394483,0.14139405,0.0,0.0,0,natural_factor
2014-01-10,The_Wall_Street_Journal,0,0,0,0,0,1,0.7418281,0.011015535,0.0,0.24310993,0.0,0,natural_factor
2012-08-26,The_Wall_Street_Journal,0,0,0,0,0,1,0.64257157,0.033954322,0.32309407,0.0,0.0,0,natural_factor
2013-09-22,The_Wall_Street_Journal,0,0,0,0,0,1,0.96731085,0.018010078,0.013788623,0.0,0.0,0,natural_factor
2003-04-28,The_Wall_Street_Journal,0,0,0,0,1,1,0.8302267,0.0,0.15261455,0.0,0.01700309,0,esg_regulation
2010-08-31,The_Wall_Street_Journal,0,0,0,0,0,1,0.6330307,0.044460732,0.32188922,0.0,0.0,0,natural_factor
2015-04-30,The_Wall_Street_Journal,0,0,0,0,0,1,0.8534956,0.0,0.105986185,0.039305564,0.0,0,natural_factor
2015-11-10,The_Wall_Street_Journal,0,0,0,0,0,1,0.46048057,0.0,0.53909475,0.0,0.0,2,natural_factor
2015-02-17,The_Wall_Street_Journal,0,0,0,0,0,1,0.59554857,0.0,0.4037344,0.0,0.0,0,natural_factor
2015-04-12,The_Wall_Street_Journal,0,0,0,0,0,1,0.76039463,0.0,0.239107,0.0,0.0,0,natural_factor
2023-06-22,Viet_Nam_News,0,0,0,0,0,2,0.528998,0.0,0.29399973,0.0,0.17615916,0,natural_factor
2023-06-08,Financial_Times,0,0,0,0,0,1,0.64360577,0.0,0.19932993,0.110681735,0.046214,0,natural_factor
2023-05-31,Financial_Times,1,0,0,1,1,2,0.16725585,0.0,0.8081532,0.0,0.024497185,2,natural_factor
2022-07-25,Financial_Times,0,0,0,0,0,1,0.5943003,0.0,0.27450857,0.13065866,0.0,0,natural_factor
2023-06-05,Thomson_Reuters,0,0,2,0,0,1,0.0625947,0.0,0.34524548,0.5919999,0.0,3,financial_risk
2023-05-07,Financial_Times,0,0,1,0,0,1,0.0592616,0.0,0.701633,0.2388805,0.0,2,financial_risk
2022-10-28,South_China_Morning_Post,0,0,1,0,0,1,0.26921383,0.0,0.5463006,0.15627669,0.028100936,2,financial_risk
2021-04-16,Thomson_Reuters,0,0,1,0,0,1,0.084392376,0.0,0.69660926,0.2183141,0.0,2,financial_risk
2020-03-05,Financial_Times,0,0,5,0,0,1,0.44389692,0.0,0.20741397,0.34864476,0.0,0,financial_risk
2021-05-08,The_Business_Times,0,0,2,0,0,1,0.47060704,0.0,0.37017488,0.15910058,0.0,0,financial_risk
2020-08-20,The_Wall_Street_Journal,0,0,0,0,0,1,0.0,0.0,0.33461076,0.65815854,0.0,3,natural_factor
2021-10-06,Financial_Times,0,0,1,0,0,1,0.36691833,0.03367174,0.46940103,0.12993713,0.0,2,financial_risk
2020-05-26,Financial_Times,3,1,2,0,0,1,0.46690685,0.0,0.13904402,0.38351423,0.0,0,supply_side
2021-04-16,The_Business_Times,0,0,1,0,0,1,0.10607399,0.0,0.66689867,0.22645779,0.0,2,financial_risk
2023-06-21,Thomson_Reuters,2,0,0,0,0,1,0.048159774,0.0,0.09692789,0.7399506,0.11469851,3,supply_side
2019-06-06,Financial_Times,0,0,0,0,0,1,0.18675789,0.0,0.80650884,0.0,0.0,2,natural_factor
2019-10-12,Financial_Times,0,0,0,0,0,1,0.09751651,0.0,0.6829459,0.21924764,0.0,2,natural_factor
2019-07-05,Channel_News_Asia,0,0,0,0,0,1,0.29906023,0.0,0.6998656,0.0,0.0,2,natural_factor
2019-07-03,Thomson_Reuters,1,0,0,1,0,1,0.6232711,0.0,0.053190496,0.32267526,0.0,0,supply_side
2019-07-29,Thomson_Reuters,1,0,0,0,0,1,0.0,0.0,0.0,0.99444604,0.0,3,supply_side
2011-01-24,Thomson_Reuters,0,1,1,0,0,1,0.0,0.0,0.11257264,0.88669693,0.0,3,demand_side
2019-11-19,Thomson_Reuters,0,0,0,0,0,1,0.085145526,0.0,0.83652717,0.07781959,0.0,2,natural_factor
2018-09-11,Thomson_Reuters,2,0,0,0,0,1,0.0,0.0,0.27937633,0.68334043,0.03574645,3,supply_side
2019-10-15,Financial_Times,0,0,1,0,0,1,0.21185724,0.0,0.75784785,0.022137053,0.0,2,financial_risk
2023-10-02,Nikkei_Asia,0,0,0,0,0,1,0.22740816,0.0,0.6424818,0.055896983,0.07407901,2,natural_factor
2023-11-01,The_Wall_Street_Journal,0,0,1,0,0,1,0.1422594,0.0,0.53719586,0.32019255,0.0,2,financial_risk
2023-11-01,Financial_Times,0,0,2,0,0,1,0.0638748,0.0,0.8342412,0.101447664,0.0,2,financial_risk
2024-03-13,Financial_Times,0,0,0,0,0,1,0.1619453,0.0,0.82591665,0.011991537,0.0,2,natural_factor
2024-03-17,Financial_Times,0,0,0,0,0,1,0.07170611,0.0,0.92789984,0.0,0.0,2,natural_factor
2024-03-12,Financial_Times,0,0,1,0,0,1,0.3653374,0.0,0.55137956,0.08285498,0.0,2,financial_risk
2024-03-25,The_Business_Times,0,2,1,0,0,1,0.115884766,0.0,0.2578281,0.55380505,0.07242581,3,demand_side
2024-08-22,The_Business_Times,0,0,0,0,0,1,0.3367146,0.0,0.29424495,0.36868095,0.0,3,natural_factor
2024-06-05,The_Business_Times,0,0,0,0,0,1,0.5593491,0.0,0.4157563,0.024651613,0.0,0,natural_factor
2019-07-4,The_Business_Times,0,0,0,0,0,1,0.17010428,0.0,0.71996987,0.109601274,0.0,2,natural_factor
2024-06-27,Financial_Times,0,0,1,0,0,1,0.14924656,0.0,0.719726,0.13089864,0.0,2,financial_risk
2024-08-23,Financial_Times,0,0,0,0,0,1,0.2729622,0.0,0.7268279,0.0,0.0,2,natural_factor
2024-10-22,Financial_Times,0,0,0,0,0,1,0.49002305,0.0,0.49763566,0.0,0.011909223,2,natural_factor
2024-12-24,Financial_Times,1,1,0,0,0,1,0.22793005,0.0,0.65878934,0.11304783,0.0,2,supply_side
2020-04-15,The_Wall_Street_Journal,0,1,0,0,0,1,0.1264828,0.0,0.011007193,0.8621967,0.0,3,demand_side
2023-05-22,Thomson_Reuters,0,0,0,0,0,1,0.0,0.0,0.52922964,0.4681722,0.0,2,natural_factor
2022-05-04,Thomson_Reuters,1,0,1,1,0,1,0.0,0.0,0.0,0.99828255,0.0,3,supply_side
2020-05-19,Channel_News_Asia,0,0,1,0,0,1,0.0,0.0,0.52240306,0.4768536,0.0,2,financial_risk
2020-05-19,Thomson_Reuters,1,0,0,0,0,1,0.43420467,0.0,0.34453127,0.04087479,0.18020764,0,supply_side
2019-03-07,Thomson_Reuters,0,0,0,0,0,1,0.05351529,0.0,0.3305047,0.61498487,0.0,3,natural_factor
2016-08-23,Thomson_Reuters,0,0,0,0,0,1,0.0,0.0,0.31194833,0.68558747,0.0,3,natural_factor
2016-08-23,Thomson_Reuters,0,0,0,0,0,1,0.0,0.0,0.12324254,0.8748239,0.0,3,natural_factor
2019-02-22,Thomson_Reuters,0,0,1,0,0,1,0.0621456,0.0,0.16652073,0.7166778,0.054484747,3,financial_risk
2019-05-17,Thomson_Reuters,0,0,0,0,0,1,0.0,0.0,0.5668581,0.43115044,0.0,2,natural_factor
2019-03-07,Thomson_Reuters,1,0,0,0,0,1,0.17536046,0.0,0.58211637,0.061364967,0.18092674,2,supply_side
2017-01-04,Thomson_Reuters,0,0,0,0,0,1,0.01455529,0.0,0.32048446,0.6356587,0.029134514,3,natural_factor
2017-06-26,Thomson_Reuters,0,0,0,0,0,1,0.0,0.0,0.7249525,0.14192718,0.13221058,2,natural_factor
2017-09-25,Thomson_Reuters,0,0,0,0,0,1,0.0,0.0,0.8236819,0.17460476,0.0,2,natural_factor
2013-09-19,Thomson_Reuters,1,0,0,0,0,1,0.06913091,0.0,0.11211247,0.7631529,0.055496726,3,supply_side
2017-10-31,Thomson_Reuters,0,0,0,0,0,1,0.0,0.0,0.85377985,0.13998072,0.0,2,natural_factor
2023-10-06,Thomson_Reuters,1,2,0,0,0,1,0.0,0.0,0.43839267,0.5610908,0.0,3,demand_side
2023-06-29,Thomson_Reuters,1,0,0,0,0,1,0.0,0.0,0.19859554,0.7998142,0.0,3,supply_side
2023-12-27,Thomson_Reuters,1,0,0,0,0,1,0.0,0.0,0.12134154,0.8780439,0.0,3,supply_side
2018-04-17,Thomson_Reuters,1,0,1,0,0,1,0.0,0.0,0.5900637,0.40883732,0.0,2,supply_side
2018-04-18,Thomson_Reuters,1,0,1,0,0,1,0.0,0.0,0.5900621,0.40883887,0.0,2,supply_side
2018-04-18,Thomson_Reuters,1,0,1,0,0,1,0.0,0.0,0.540403,0.458459,0.0,2,supply_side
2023-03-10,Thomson_Reuters,1,1,0,0,0,1,0.09479425,0.0,0.06358959,0.5526326,0.28890172,3,supply_side
2022-08-15,Thomson_Reuters,0,0,3,0,1,2,0.0,0.0,0.27097377,0.6477549,0.08083923,3,financial_risk
2023-06-05,Thomson_Reuters,0,0,0,0,0,1,0.0,0.0,0.99727964,0.0,0.0,2,natural_factor
2022-04-07,Thomson_Reuters,0,0,0,0,0,1,0.20074347,0.0,0.2176131,0.58106357,0.0,3,natural_factor
2022-12-14,Thomson_Reuters,1,0,0,0,0,1,0.0,0.0,0.3268043,0.476075,0.19641781,3,supply_side
2020-08-31,Thomson_Reuters,1,1,2,0,0,1,0.0,0.0,0.15128323,0.8483157,0.0,3,financial_risk
2021-02-23,Thomson_Reuters,0,0,0,0,0,1,0.05006594,0.0,0.90187335,0.047444105,0.0,2,natural_factor
2020-08-31,Channel_News_Asia,0,0,0,0,0,1,0.6105262,0.0,0.38866204,0.0,0.0,0,natural_factor
2020-03-13,Thomson_Reuters,0,0,1,0,0,1,0.012612677,0.0,0.06461925,0.9223489,0.0,3,financial_risk
2020-05-18,Thomson_Reuters,0,0,0,0,0,1,0.1838891,0.0,0.0,0.8153296,0.0,3,natural_factor
2020-04-21,Thomson_Reuters,0,0,0,0,0,1,0.018296685,0.0,0.025929188,0.95539576,0.0,3,natural_factor
2021-02-25,Thomson_Reuters,1,0,0,0,0,1,0.050227426,0.0,0.44422254,0.23094136,0.27447274,2,supply_side
2021-02-23,Channel_News_Asia,3,0,0,0,0,1,0.0,0.0,0.0,0.98974335,0.0,3,supply_side
2020-08-31,Thomson_Reuters,1,1,2,0,0,1,0.027001277,0.0,0.13395888,0.8388334,0.0,3,financial_risk
2021-02-22,Thomson_Reuters,0,0,0,0,2,1,0.1969668,0.0,0.19263215,0.19227916,0.4180367,4,esg_regulation
2021-09-07,Thomson_Reuters,2,1,0,0,2,1,0.03290976,0.0,0.19726439,0.5883686,0.18128797,3,supply_side
2019-05-09,Thomson_Reuters,1,1,0,0,0,2,0.044831038,0.0,0.46411723,0.40705302,0.08393953,2,natural_factor
2019-07-30,Thomson_Reuters,0,0,0,0,0,1,0.14691474,0.0,0.64750576,0.20468345,0.0,2,natural_factor
2019-04-12,Thomson_Reuters,2,0,1,1,0,1,0.0,0.0,0.12770177,0.8324947,0.039430965,3,supply_side
2019-12-20,Thomson_Reuters,1,0,0,0,0,1,0.0,0.0,0.24468528,0.7537008,0.0,3,supply_side
2019-09-19,Thomson_Reuters,0,0,0,0,0,1,0.0,0.01801233,0.5489678,0.2253578,0.20718311,2,natural_factor
2019-04-13,Thomson_Reuters,1,0,1,0,0,1,0.11377168,0.0,0.09892725,0.7870325,0.0,3,supply_side
2019-08-02,The_Wall_Street_Journal,0,0,0,0,0,1,0.35528162,0.0,0.535448,0.10908997,0.0,2,natural_factor
2012-05-18,The_Wall_Street_Journal,0,0,2,0,0,1,0.06258472,0.0,0.21590298,0.72117674,0.0,3,financial_risk
2013-06-03,The_Wall_Street_Journal,2,0,0,0,0,1,0.07802354,0.0,0.51724553,0.40452802,0.0,2,supply_side
2011-04-08,The_Wall_Street_Journal,3,0,0,0,0,1,0.2333002,0.0,0.046633232,0.7198254,0.0,3,supply_side
2014-09-11,Thomson_Reuters,0,0,0,0,0,1,0.040390447,0.0,0.0,0.9586028,0.0,3,natural_factor
2017-05-01,Thomson_Reuters,0,0,0,0,0,1,0.0,0.0,0.36051068,0.6199021,0.0,3,natural_factor
2020-07-20,Thomson_Reuters,0,0,0,0,0,1,0.13710025,0.0,0.044600602,0.8179267,0.0,3,natural_factor
2020-07-20,Thomson_Reuters,0,0,0,0,0,1,0.15004992,0.0,0.043588597,0.805969,0.0,3,natural_factor
2020-07-20,Channel_News_Asia,0,0,0,0,0,1,0.10448073,0.0,0.15611191,0.7389854,0.0,3,natural_factor
2016-10-31,Thomson_Reuters,1,0,0,0,0,1,0.0,0.0,0.14907968,0.8307074,0.019428276,3,supply_side
2020-06-24,Thomson_Reuters,0,0,2,0,0,1,0.0,0.0,0.28615832,0.711697,0.0,3,financial_risk
2013-01-24,Thomson_Reuters,1,0,0,0,0,1,0.1819269,0.0,0.060068306,0.74991333,0.0,3,supply_side
2016-02-08,Thomson_Reuters,1,0,1,0,0,1,0.1480526,0.0,0.1368938,0.7146142,0.0,3,supply_side
2014-10-09,Thomson_Reuters,1,1,0,0,0,1,0.0,0.0,0.0,0.9980389,0.0,3,supply_side
2021-11-17,Thomson_Reuters,0,0,0,0,0,1,0.60815144,0.0,0.38980103,0.0,0.0,0,natural_factor
2018-05-01,Thomson_Reuters,0,0,0,0,0,1,0.082741424,0.0,0.0,0.44817215,0.46401525,4,natural_factor
2017-05-16,Thomson_Reuters,0,0,0,0,0,1,0.0,0.0,0.0,0.8314011,0.15813094,3,natural_factor
2013-07-10,Thomson_Reuters,0,0,0,0,0,1,0.0,0.09632006,0.0,0.90280545,0.0,3,natural_factor
2008-12-23,Thomson_Reuters,0,0,0,0,0,1,0.077537045,0.0,0.0,0.9218997,0.0,3,natural_factor
2012-08-13,Thomson_Reuters,4,0,0,0,0,1,0.4199121,0.0,0.0,0.5708369,0.0,3,supply_side
2010-03-19,Thomson_Reuters,0,0,1,0,0,1,0.02617845,0.0,0.0,0.9733178,0.0,3,financial_risk
2017-07-12,Thomson_Reuters,3,0,0,0,1,2,0.44433832,0.0,0.17965138,0.3337342,0.042128853,0,supply_side
2017-11-06,Thomson_Reuters,0,0,0,0,0,1,0.0,0.0,0.0,0.98499554,0.0,3,natural_factor
2010-03-18,Thomson_Reuters,0,0,1,0,0,1,0.024827389,0.0,0.0,0.97466105,0.0,3,financial_risk
2015-02-09,Thomson_Reuters,0,0,1,0,0,1,0.0,0.0,0.1711269,0.8276287,0.0,3,financial_risk
2012-12-13,Thomson_Reuters,0,0,0,0,0,1,0.06506581,0.0,0.112508066,0.8221477,0.0,3,natural_factor
2013-07-10,Thomson_Reuters,0,0,1,0,0,1,0.07824308,0.0,0.0,0.91313386,0.0,3,financial_risk
2014-09-23,Thomson_Reuters,1,0,0,0,0,1,0.05903975,0.0,0.6516054,0.2838608,0.0,2,supply_side
2019-02-13,Thomson_Reuters,0,0,0,0,0,1,0.0,0.0,0.9195057,0.058408674,0.021729305,2,natural_factor
2012-12-13,Thomson_Reuters,0,0,0,0,0,1,0.03539357,0.0,0.12748994,0.83676195,0.0,3,natural_factor
2017-09-05,Thomson_Reuters,1,0,0,0,0,1,0.302554,0.0,0.0,0.68860143,0.0,3,supply_side
2015-09-15,Thomson_Reuters,0,0,1,0,0,1,0.21516481,0.0,0.23200358,0.55204904,0.0,3,financial_risk
2014-11-25,Thomson_Reuters,0,0,0,0,0,1,0.0,0.0,0.68200076,0.31671378,0.0,2,natural_factor
2021-02-04,Thomson_Reuters,1,0,0,0,0,1,0.0,0.0,0.3223504,0.67497677,0.0,3,supply_side
2021-02-04,Thomson_Reuters,1,0,0,0,0,1,0.0,0.0,0.31757417,0.6796389,0.0,3,supply_side
2020-03-10,Thomson_Reuters,3,0,0,0,0,1,0.095632486,0.0,0.0,0.90371037,0.0,3,supply_side
2017-08-03,The_Wall_Street_Journal,2,0,0,0,0,1,0.012228927,0.0,0.04984651,0.9034632,0.034310468,3,supply_side
2023-05-10,Financial_Times,0,1,0,0,0,1,0.4136388,0.0,0.48915932,0.096835166,0.0,2,demand_side
2023-04-22,Bangkok_Post,0,1,1,0,0,1,0.27057865,0.0,0.06840156,0.45416328,0.20676711,3,demand_side
2022-02-16,Bangkok_Post,0,1,0,0,0,1,0.15060683,0.0,0.23462817,0.24593091,0.3686147,4,demand_side
2023-05-18,Bangkok_Post,0,0,0,0,0,1,0.25230944,0.0,0.16131039,0.1991232,0.38712358,4,natural_factor
2023-04-06,The_Business_Times,0,0,1,0,0,1,0.4557282,0.0,0.0,0.52704024,0.016758488,3,financial_risk
2022-07-21,The_Business_Times,0,0,0,0,0,1,0.57386744,0.0,0.42481452,0.0,0.0,0,natural_factor
2022-08-29,Channel_News_Asia,0,1,0,0,1,1,0.9572983,0.0,0.0418767,0.0,0.0,0,demand_side
2021-11-1,Financial_Times,0,0,0,0,0,1,0.6843223,0.0,0.29016832,0.010076411,0.0,0,natural_factor
2020-09-03,Channel_News_Asia,0,0,0,0,0,1,0.84513634,0.0,0.10050241,0.0,0.053639013,0,natural_factor
2020-03-21,Channel_News_Asia,0,0,0,0,0,1,0.9123558,0.0,0.040164918,0.0,0.047190815,0,natural_factor
2020-09-04,Channel_News_Asia,0,0,0,0,0,1,0.98057866,0.0,0.011862261,0.0,0.0,0,natural_factor
2021-06-30,Channel_News_Asia,0,0,0,0,0,1,0.5831188,0.12689042,0.2887935,0.0,0.0,0,natural_factor
2020-04-25,Channel_News_Asia,0,0,0,0,0,1,0.42520583,0.0,0.5733979,0.0,0.0,2,natural_factor
2020-10-18,Channel_News_Asia,0,0,0,0,0,1,0.9259852,0.0,0.039101355,0.0,0.034074765,0,natural_factor
2021-05-28,Channel_News_Asia,0,1,0,0,0,1,0.815889,0.0,0.14021225,0.0,0.04296872,0,demand_side
2021-05-03,Channel_News_Asia,0,1,0,0,0,1,0.91153437,0.0,0.028673435,0.0,0.059153784,0,demand_side
2021-11-01,Financial_Times,0,0,0,0,0,1,0.68849593,0.0,0.28865802,0.011042728,0.0,0,natural_factor
2020-07-11,Channel_News_Asia,0,0,0,0,0,1,0.9020394,0.0,0.050740793,0.0,0.04681112,0,natural_factor
2021-03-16,Channel_News_Asia,0,1,0,0,0,1,0.99915487,0.0,0.0,0.0,0.0,0,demand_side
2020-01-06,Thomson_Reuters,0,0,1,0,0,1,0.0,0.0,0.99649113,0.0,0.0,2,financial_risk
2021-03-13,The_Strait_Times,0,0,0,0,0,1,0.91353965,0.0,0.04392042,0.0,0.042010162,0,natural_factor
2020-10-06,Channel_News_Asia,0,0,0,0,0,1,0.40277317,0.016406609,0.5398088,0.0,0.04038691,2,natural_factor
2021-02-17,The_Business_Times,0,0,0,0,0,1,0.80542123,0.0,0.115573294,0.07847742,0.0,0,natural_factor
2020-04-28,Financial_Times,0,1,7,0,0,2,0.41212147,0.0,0.13384965,0.45397958,0.0,3,financial_risk
2020-05-13,Financial_Times,0,0,3,0,0,1,0.4103027,0.0,0.098022945,0.48496568,0.0,3,financial_risk
2020-12-07,Channel_News_Asia,0,0,0,0,0,1,0.6827245,0.0,0.29844552,0.0,0.017854694,0,natural_factor
2020-09-15,Channel_News_Asia,0,0,0,0,0,1,0.9456434,0.0,0.022728648,0.0,0.030609401,0,natural_factor
2020-09-18,Financial_Times,0,0,0,0,0,1,0.05751348,0.0,0.8109362,0.12292146,0.0,2,natural_factor
2021-02-18,The_Business_Times,0,0,0,0,0,1,0.80804664,0.0,0.114064746,0.07736328,0.0,0,natural_factor
2020-04-23,Channel_News_Asia,0,0,0,0,0,1,0.5172804,0.0,0.48060027,0.0,0.0,0,natural_factor
2021-08-21,The_Strait_Times,0,0,0,0,0,1,0.9789564,0.0,0.020613538,0.0,0.0,0,natural_factor
2020-04-01,Channel_News_Asia,0,0,0,0,0,1,0.9696117,0.0,0.02884217,0.0,0.0,0,natural_factor
2020-09-04,Channel_News_Asia,0,0,0,0,0,1,0.93027663,0.0,0.037709188,0.0,0.03138647,0,natural_factor
2020-02-21,Financial_Times,0,0,0,0,0,1,0.51166713,0.0,0.4877235,0.0,0.0,0,natural_factor
2020-04-22,Channel_News_Asia,0,0,0,0,0,1,0.89782214,0.018650863,0.03614512,0.0,0.04719181,0,natural_factor
2021-03-16,The_Business_Times,0,0,0,0,0,1,0.53573877,0.0,0.3014202,0.0,0.16200632,0,natural_factor
2021-04-20,Channel_News_Asia,0,1,0,0,0,1,0.9993701,0.0,0.0,0.0,0.0,0,demand_side
2020-10-18,Channel_News_Asia,0,0,0,0,0,1,0.9001603,0.0,0.04785632,0.0,0.051696196,0,natural_factor
2016-11-16,Financial_Times,0,0,1,0,0,1,0.078015395,0.0,0.41706762,0.5040998,0.0,3,financial_risk
2017-08-31,Financial_Times,0,0,0,0,0,1,0.3868399,0.0,0.5749806,0.0,0.037785284,2,natural_factor
2016-11-29,Financial_Times,0,0,2,0,0,1,0.20571655,0.0,0.6521951,0.14167508,0.0,2,financial_risk
2016-07-21,Financial_Times,0,0,0,0,0,1,0.25818884,0.0,0.71403503,0.027215157,0.0,2,natural_factor
2007-01-19,The_Wall_Street_Journal,0,0,0,0,0,1,0.23265544,0.0,0.71925396,0.0,0.047938865,2,natural_factor
2019-09-12,Thomson_Reuters,0,0,0,0,0,1,0.0,0.0,0.78435224,0.21423167,0.0,2,natural_factor
2019-12-02,Channel_News_Asia,0,1,0,0,0,1,0.9091538,0.021722402,0.055053543,0.0,0.013989545,0,demand_side
2018-10-31,Thomson_Reuters,0,0,1,0,0,1,0.0,0.0,0.8246877,0.17348473,0.0,2,financial_risk
2018-03-15,Thomson_Reuters,0,0,1,0,0,1,0.0,0.0,0.7945434,0.20456685,0.0,2,financial_risk
2010-11-29,The_Wall_Street_Journal,0,0,0,0,0,1,0.9994971,0.0,0.0,0.0,0.0,0,natural_factor
2018-06-04,Thomson_Reuters,0,0,0,0,0,1,0.0,0.0,0.14809303,0.8488465,0.0,3,natural_factor
2018-03-16,The_Wall_Street_Journal,0,0,0,0,0,1,0.105732165,0.0,0.585643,0.30816624,0.0,2,natural_factor
2017-05-15,Financial_Times,1,0,3,0,0,1,0.33389074,0.0,0.15008667,0.5158571,0.0,3,financial_risk
2019-08-07,The_Jakarta_Post,0,0,0,0,0,1,0.0,0.011871189,0.044650655,0.30688578,0.6358318,4,natural_factor
2017-02-10,Thomson_Reuters,0,0,0,0,0,1,0.0,0.0,0.94091684,0.057322104,0.0,2,natural_factor
2017-08-21,Thomson_Reuters,0,0,0,0,0,1,0.0,0.0,0.57157594,0.41558415,0.0,2,natural_factor
2019-09-11,Thomson_Reuters,0,0,0,0,0,1,0.0,0.0,0.73640984,0.26080552,0.0,2,natural_factor
2018-01-02,The_Wall_Street_Journal,0,0,1,0,0,1,0.16689827,0.0,0.34515,0.487668,0.0,3,financial_risk
2018-12-12,Financial_Times,0,1,4,0,0,1,0.19409843,0.010165751,0.29675707,0.49883148,0.0,3,financial_risk
2019-07-05,Thomson_Reuters,0,1,1,0,0,1,0.032244794,0.0,0.39680386,0.5530151,0.01777019,3,demand_side
2018-09-13,Thomson_Reuters,0,0,0,0,0,1,0.0,0.0,0.7897546,0.20878673,0.0,2,natural_factor
2016-12-18,Financial_Times,0,0,0,0,0,1,0.3728452,0.0,0.51693916,0.09446212,0.01562849,2,natural_factor
2017-05-11,Financial_Times,0,0,0,0,0,1,0.31746385,0.05468759,0.46965748,0.15793028,0.0,2,natural_factor
2019-07-05,The_Jakarta_Post,0,0,0,1,0,1,0.0,0.0,0.065145336,0.36251843,0.5709403,4,geopolitical_risk
2017-05-16,Financial_Times,0,0,0,0,0,1,0.4495118,0.0,0.30551448,0.23034605,0.0,0,natural_factor
2019-07-05,Thomson_Reuters,0,0,1,0,0,1,0.11953279,0.030586679,0.58916014,0.2604003,0.0,2,financial_risk
2012-08-15,The_Wall_Street_Journal,0,0,0,0,0,1,0.34180492,0.0,0.65752524,0.0,0.0,2,natural_factor
2013-09-06,The_Wall_Street_Journal,0,0,2,0,0,1,0.31583494,0.0,0.36712337,0.31682393,0.0,2,financial_risk
2008-12-09,The_Wall_Street_Journal,0,0,1,1,0,1,0.09488598,0.0,0.733694,0.17106496,0.0,2,financial_risk
2019-07-19,Financial_Times,0,0,1,0,0,1,0.094829485,0.028577609,0.69332874,0.18289179,0.0,2,financial_risk
2017-01-06,Financial_Times,0,0,2,0,0,1,0.5092513,0.0818589,0.3345058,0.07400376,0.0,0,financial_risk
2019-07-05,Thomson_Reuters,0,0,1,0,0,1,0.0,0.0,0.76926214,0.22660086,0.0,2,financial_risk
2018-03-29,Thomson_Reuters,0,0,0,0,0,1,0.0,0.0,0.62004787,0.37699994,0.0,2,natural_factor
2018-03-28,Financial_Times,0,0,2,0,0,1,0.37441954,0.0,0.20272899,0.41615692,0.0,3,financial_risk
2018-03-16,Thomson_Reuters,0,0,0,0,0,1,0.0,0.0,0.9898194,0.0,0.0,2,natural_factor
2008-12-10,The_Wall_Street_Journal,0,1,0,0,0,1,0.0,0.0,0.9678208,0.02902583,0.0,2,demand_side
2011-10-12,Thomson_Reuters,1,1,0,1,0,5,0.5451749,0.0,0.03617218,0.3047824,0.11380941,0,natural_factor
2019-09-17,The_Phnom_Penh_Post,0,0,0,0,0,1,0.9977155,0.0,0.0,0.0,0.0,0,natural_factor
2010-12-28,The_Wall_Street_Journal,0,0,0,0,0,1,0.75838965,0.0,0.0,0.114036515,0.12678115,0,natural_factor
2009-12-21,The_Wall_Street_Journal,0,0,0,0,0,2,0.2717615,0.0,0.20103975,0.24517043,0.28193817,4,natural_factor
2004-08-19,The_Wall_Street_Journal,0,0,0,0,0,1,0.0,0.0,0.9382659,0.06050732,0.0,2,natural_factor
2019-02-07,The_Jakarta_Post,0,0,0,0,0,1,0.0,0.0,0.112119935,0.19401366,0.69263464,4,natural_factor
2009-11-12,The_Wall_Street_Journal,0,0,0,0,0,1,0.0,0.0,0.85115606,0.1481412,0.0,2,natural_factor
2017-04-16,Thomson_Reuters,0,0,0,0,0,1,0.0,0.0,0.9006666,0.07020442,0.028256755,2,natural_factor
2018-04-10,Financial_Times,0,0,1,0,0,1,0.74963003,0.012166627,0.12522092,0.105170086,0.0,0,financial_risk
2018-11-07,New_Strait_Times,0,0,0,0,0,1,0.0,0.0,0.84052134,0.15885437,0.0,2,natural_factor
2017-03-14,Financial_Times,0,0,5,0,0,2,0.21803194,0.020235581,0.22428912,0.53733295,0.0,3,financial_risk
2019-07-27,Channel_News_Asia,0,0,0,0,0,1,0.8808326,0.034509886,0.08423157,0.0,0.0,0,natural_factor
2019-07-04,Financial_Times,0,0,0,0,0,1,0.0833739,0.0,0.5922407,0.3241635,0.0,2,natural_factor
2023-11-1,Bangkok_Post,0,1,0,0,0,1,0.115355775,0.0,0.158043,0.19748244,0.5289447,4,demand_side
2023-09-25,The_Business_Times,0,0,0,0,0,1,0.7707737,0.0,0.21018182,0.018801875,0.0,0,natural_factor
2024-01-22,The_Business_Times,0,0,1,0,0,1,0.44556051,0.0,0.0,0.5534361,0.0,3,financial_risk
2024-12-09,API_NEWS_en,0,0,0,0,1,1,0.5228981,0.0,0.39178345,0.0,0.08498596,0,esg_regulation
2023-06-11,Nikkei_Asia,0,0,0,0,0,1,0.90433794,0.0,0.076960325,0.0,0.018467495,0,natural_factor
2021-10-19,Financial_Times,0,0,0,0,0,1,0.9788152,0.010706121,0.0,0.010113479,0.0,0,natural_factor
2021-03-18,New_Strait_Times,0,0,0,0,0,1,0.99903923,0.0,0.0,0.0,0.0,0,natural_factor
2020-04-29,Thomson_Reuters,0,0,0,1,0,1,0.22881866,0.0,0.767953,0.0,0.0,2,geopolitical_risk
2020-12-01,Financial_Times,0,0,1,0,0,1,0.999389,0.0,0.0,0.0,0.0,0,financial_risk
2021-10-20,Financial_Times,0,0,0,0,0,1,0.97587204,0.012430008,0.0,0.011293643,0.0,0,natural_factor
2020-12-21,Channel_News_Asia,0,0,0,0,0,2,0.9908889,0.0,0.0,0.0,0.0,0,natural_factor
2020-06-26,The_Asahi_Shimbun,1,0,0,0,0,1,0.9831755,0.0,0.0,0.016057663,0.0,0,supply_side
2021-06-08,Financial_Times,0,0,0,0,0,2,0.9590592,0.020286294,0.012662191,0.0,0.0,0,natural_factor
2021-12-16,The_Strait_Times,0,0,0,0,0,2,0.99946404,0.0,0.0,0.0,0.0,0,natural_factor
2020-02-13,The_Myanmar_Times,0,0,1,0,0,1,0.53767633,0.011436015,0.09728675,0.0,0.35329875,0,financial_risk
2015-11-11,The_Myanmar_Times,0,0,0,0,0,1,0.4641302,0.04255227,0.08301845,0.0,0.40832147,0,natural_factor
2019-03-18,The_Myanmar_Times,0,0,1,0,0,1,0.5753446,0.0,0.0,0.074032225,0.35033605,0,financial_risk
2019-01-23,The_Jakarta_Post,0,0,0,0,0,1,0.5318567,0.07499675,0.0,0.15728775,0.23566611,0,natural_factor
2018-05-10,The_Wall_Street_Journal,0,0,0,0,0,1,0.95920223,0.0,0.0,0.025257725,0.014869232,0,natural_factor
2014-10-07,The_Jakarta_Post,0,0,0,0,0,1,0.54597527,0.0,0.13440026,0.0489321,0.2705611,0,natural_factor
2018-04-02,The_Jakarta_Post,0,1,0,0,0,1,0.47290555,0.0,0.23604803,0.07650178,0.21448378,0,demand_side
2004-05-21,The_Wall_Street_Journal,0,0,0,0,0,2,0.96588784,0.0,0.03370367,0.0,0.0,0,natural_factor
2019-04-26,The_Myanmar_Times,0,1,0,0,0,1,0.58633167,0.12588972,0.0,0.0,0.28639576,0,demand_side
2013-12-01,The_Myanmar_Times,0,0,1,0,0,1,0.24723935,0.022562847,0.14854729,0.14257024,0.43908024,4,financial_risk
2013-05-09,The_Wall_Street_Journal,2,0,0,0,0,1,0.0,0.0,0.105891176,0.8933005,0.0,3,supply_side
2019-02-06,The_Myanmar_Times,0,0,0,0,0,1,0.50647134,0.0,0.0,0.17210323,0.32094845,0,natural_factor
2017-01-25,Thomson_Reuters,0,0,1,0,0,2,0.16265985,0.0,0.33256236,0.46921074,0.035341665,3,natural_factor
2018-09-20,The_Phnom_Penh_Post,0,0,0,0,0,1,0.9980471,0.0,0.0,0.0,0.0,0,natural_factor
2019-04-23,The_Myanmar_Times,0,1,0,0,0,1,0.47917417,0.0,0.074963935,0.060127884,0.38558915,0,demand_side
2013-09-25,The_Jakarta_Post,0,0,0,0,0,1,0.7393903,0.027920678,0.0,0.09415392,0.13815203,0,natural_factor
2005-07-26,The_Wall_Street_Journal,0,0,0,0,0,1,0.90052843,0.06544622,0.0,0.033589322,0.0,0,natural_factor
2010-10-09,The_Wall_Street_Journal,0,0,0,0,0,2,0.92227423,0.025953703,0.05126934,0.0,0.0,0,natural_factor
2019-03-05,The_Myanmar_Times,0,0,0,0,0,1,0.5313628,0.0,0.20667963,0.0,0.2614454,0,natural_factor
2018-06-21,The_Jakarta_Post,0,0,0,0,1,1,0.53936404,0.0,0.096628815,0.17199208,0.19195971,0,esg_regulation
2014-01-29,The_Jakarta_Post,0,0,0,0,0,1,0.62957746,0.036529444,0.053098727,0.07433221,0.20646219,0,natural_factor
2017-10-24,The_Wall_Street_Journal,0,0,0,0,0,1,0.46038568,0.0,0.4265859,0.066358216,0.04658495,0,natural_factor
2017-01-16,The_Jakarta_Post,0,1,0,0,2,2,0.6730093,0.0,0.06858552,0.019756442,0.23858547,0,esg_regulation
2017-03-16,The_Jakarta_Post,0,0,0,0,0,1,0.5975588,0.0,0.11146073,0.048696928,0.24216287,0,natural_factor
2019-03-04,The_Myanmar_Times,0,0,1,0,0,1,0.4653501,0.0,0.053361125,0.1399311,0.34126353,0,financial_risk
2016-11-18,The_Wall_Street_Journal,0,1,0,0,0,1,0.34250697,0.031520594,0.44070196,0.18508983,0.0,2,demand_side
2011-08-20,The_Wall_Street_Journal,0,0,0,0,0,1,0.96689636,0.0,0.02425339,0.0,0.0,0,natural_factor
2015-03-31,The_Jakarta_Post,0,0,0,0,0,1,0.68805134,0.034597784,0.0,0.07509757,0.2019026,0,natural_factor
2019-03-27,The_Myanmar_Times,1,0,0,0,0,2,0.5759134,0.0,0.03015514,0.07078858,0.32307988,0,natural_factor
2019-04-30,The_Jakarta_Post,0,0,0,0,2,1,0.49393144,0.0,0.25275338,0.054160874,0.19902848,0,esg_regulation
2023-09-27,Thomson_Reuters,0,0,0,0,0,2,0.87637013,0.0,0.12331347,0.0,0.0,0,natural_factor
2023-11-04,Nikkei_Asia,0,0,0,0,0,2,0.9990988,0.0,0.0,0.0,0.0,0,natural_factor
2024-09-23,Financial_Times,0,0,1,0,0,1,0.07110887,0.0,0.5364085,0.38409966,0.0,2,financial_risk
2022-09-17,The_Wall_Street_Journal,0,0,0,1,0,1,0.9485935,0.0,0.03505171,0.0,0.0,0,geopolitical_risk
2020-05-11,JoongAng_Daily,0,1,0,0,0,1,0.8307129,0.0,0.084437005,0.0,0.08437858,0,demand_side
2020-07-07,JoongAng_Daily,0,1,0,0,0,1,0.8409714,0.0,0.08342781,0.013321918,0.056528237,0,demand_side
2020-11-26,JoongAng_Daily,0,1,0,0,0,1,0.8304661,0.0,0.0,0.040546473,0.12789375,0,demand_side
2021-06-18,The_Wall_Street_Journal,0,0,0,0,0,2,0.895597,0.0,0.0,0.0,0.10397836,0,natural_factor
2016-01-14,The_Wall_Street_Journal,1,0,0,0,0,2,0.86981905,0.08377065,0.04624114,0.0,0.0,0,natural_factor
2008-05-27,The_Wall_Street_Journal,0,0,0,0,0,1,0.94743717,0.026178848,0.025269097,0.0,0.0,0,natural_factor
2007-01-22,The_Wall_Street_Journal,0,0,0,0,0,1,0.7218104,0.0,0.1963674,0.020311832,0.061473217,0,natural_factor
2000-09-21,The_Wall_Street_Journal,0,0,0,0,0,1,0.73870224,0.0,0.252233,0.0,0.0,0,natural_factor
2003-11-14,The_Wall_Street_Journal,0,0,0,1,0,1,0.85563964,0.0,0.141183,0.0,0.0,0,geopolitical_risk
2014-07-25,The_Wall_Street_Journal,0,0,0,0,0,1,0.86146563,0.10263383,0.017543709,0.018234849,0.0,0,natural_factor
2012-11-03,The_Wall_Street_Journal,0,0,0,0,0,3,0.8675659,0.012101653,0.06896974,0.051300593,0.0,0,natural_factor
2019-10-09,Channel_News_Asia,0,0,0,1,0,1,0.0,0.0,0.92508113,0.0,0.07440152,2,geopolitical_risk
2018-01-08,Viet_Nam_News,0,0,0,0,0,1,0.2858186,0.0,0.44099417,0.103860684,0.16909213,2,natural_factor
2015-12-02,The_Jakarta_Post,0,0,0,0,0,1,0.2775011,0.052232772,0.6676928,0.0,0.0,2,natural_factor
2019-05-29,The_Wall_Street_Journal,0,0,0,0,0,1,0.6851934,0.0,0.3144177,0.0,0.0,0,natural_factor
2004-05-26,The_Wall_Street_Journal,0,0,0,0,0,1,0.57193726,0.0,0.42292765,0.0,0.0,0,natural_factor
2018-06-10,Channel_News_Asia,0,0,0,0,1,2,0.91020757,0.0,0.07601622,0.0,0.013611954,0,natural_factor
2015-11-19,The_Wall_Street_Journal,0,0,0,0,0,1,0.8116136,0.03134404,0.12503707,0.017227085,0.014778237,0,natural_factor
2017-03-01,Thomson_Reuters,0,1,1,0,0,1,0.12854397,0.0,0.49598324,0.37506506,0.0,2,demand_side
2004-09-24,The_Wall_Street_Journal,0,0,0,0,0,2,0.7057214,0.0,0.27118364,0.0,0.022713084,0,natural_factor
2002-04-01,The_Wall_Street_Journal,0,0,0,0,0,1,0.6079334,0.0,0.29804012,0.02174346,0.06652104,0,natural_factor
2007-09-29,The_Wall_Street_Journal,0,0,0,0,0,1,0.9693313,0.0,0.029737072,0.0,0.0,0,natural_factor
2019-12-04,The_Wall_Street_Journal,0,0,0,0,0,1,0.89981264,0.0,0.098510966,0.0,0.0,0,natural_factor
2013-02-12,The_Wall_Street_Journal,2,0,0,0,0,1,0.2166375,0.016564462,0.40697774,0.35962337,0.0,2,supply_side
2017-08-25,Financial_Times,3,0,1,0,1,3,0.26179713,0.0,0.11483264,0.50122213,0.1221022,3,supply_side
2009-09-10,The_Wall_Street_Journal,0,0,0,0,0,1,0.99932915,0.0,0.0,0.0,0.0,0,natural_factor
2019-10-07,The_Wall_Street_Journal,0,0,0,1,0,1,0.07083714,0.0,0.8374636,0.0,0.09136929,2,geopolitical_risk
2023-08-07,The_Business_Times,0,0,0,0,0,1,0.72473097,0.0,0.27428734,0.0,0.0,0,natural_factor
2024-10-17,The_Strait_Times,0,0,0,0,0,1,0.26147294,0.012251058,0.6638447,0.0,0.06227149,2,natural_factor
2024-08-06,The_Strait_Times,0,0,0,0,0,1,0.33012313,0.0,0.54795736,0.05767944,0.064190954,2,natural_factor
2024-12-20,API_NEWS_en,0,1,0,0,0,1,0.6255932,0.0,0.018002784,0.14033307,0.21591954,0,demand_side
2023-03-10,Thomson_Reuters,0,0,0,0,0,1,0.0,0.0,0.8860652,0.0,0.112537205,2,natural_factor
2022-02-17,Financial_Times,0,0,0,0,0,1,0.0,0.0,0.92437524,0.04846788,0.026866551,2,natural_factor
2023-05-31,New_Strait_Times,0,0,1,0,0,1,0.0,0.0,0.99720764,0.0,0.0,2,financial_risk
2022-06-07,Financial_Times,0,0,0,0,0,1,0.29373994,0.03623887,0.6325425,0.037282992,0.0,2,natural_factor
2023-06-02,Nikkei_Asia,0,0,3,0,0,1,0.16133335,0.0,0.30926877,0.35731325,0.17201662,3,financial_risk
2020-01-14,The_Wall_Street_Journal,2,0,4,0,0,1,0.0661813,0.0,0.01166089,0.91803604,0.0,3,financial_risk
2014-06-26,The_Wall_Street_Journal,1,0,0,0,0,1,0.05796457,0.0,0.6468684,0.29482725,0.0,2,supply_side
2014-10-08,The_Wall_Street_Journal,1,1,2,0,0,1,0.07553417,0.0,0.01636607,0.90781754,0.0,3,financial_risk
2013-03-14,The_Wall_Street_Journal,3,0,1,0,0,1,0.0,0.0,0.75933516,0.24011588,0.0,2,supply_side
1999-01-20,The_Wall_Street_Journal,0,0,2,0,0,1,0.6415768,0.052506335,0.12996858,0.17589127,0.0,0,financial_risk
2014-11-24,The_Wall_Street_Journal,0,0,0,0,0,1,0.0,0.0,0.75589585,0.24277505,0.0,2,natural_factor
2014-02-24,The_Wall_Street_Journal,1,0,0,0,0,1,0.09163382,0.0,0.07524007,0.832701,0.0,3,supply_side
2017-10-03,Thomson_Reuters,0,0,1,0,0,1,0.059889935,0.0,0.2751013,0.65431947,0.010590108,3,financial_risk
2011-10-31,The_Wall_Street_Journal,0,0,0,0,0,1,0.13207994,0.0,0.7051042,0.16262786,0.0,2,natural_factor
2014-08-25,The_Wall_Street_Journal,0,0,0,0,0,1,0.05747872,0.0,0.81589454,0.1264426,0.0,2,natural_factor
2015-06-08,The_Wall_Street_Journal,0,0,1,0,0,1,0.0,0.0,0.7699111,0.22860873,0.0,2,financial_risk
2014-12-19,Thomson_Reuters,0,0,0,0,0,1,0.0,0.0,0.7299055,0.26827002,0.0,2,natural_factor
2006-10-11,The_Wall_Street_Journal,0,0,4,0,0,1,0.017631633,0.0,0.47873926,0.50343466,0.0,3,financial_risk
2015-03-07,The_Wall_Street_Journal,0,0,0,0,0,1,0.0,0.0,0.97149056,0.0,0.02737034,2,natural_factor
2014-06-25,The_Wall_Street_Journal,0,0,0,0,0,1,0.030333703,0.0,0.2589543,0.71003217,0.0,3,natural_factor
2015-08-04,The_Wall_Street_Journal,0,0,0,0,0,1,0.0,0.0,0.08586471,0.91288227,0.0,3,natural_factor
2013-09-09,The_Wall_Street_Journal,0,0,0,0,0,1,0.0,0.0,0.99433875,0.0,0.0,2,natural_factor
2012-03-26,The_Wall_Street_Journal,2,0,0,0,0,1,0.0,0.0,0.28626445,0.7129146,0.0,3,supply_side
2016-04-25,The_Wall_Street_Journal,1,0,1,0,0,1,0.0,0.0,0.0,0.9981719,0.0,3,supply_side
2011-04-26,The_Wall_Street_Journal,0,0,0,0,0,1,0.0,0.0,0.4237018,0.5759984,0.0,3,natural_factor
2009-01-08,The_Wall_Street_Journal,0,0,5,0,0,1,0.08693442,0.0,0.2762999,0.5881506,0.048549317,3,financial_risk
2010-08-09,The_Wall_Street_Journal,1,0,0,0,0,1,0.04916434,0.0,0.18875007,0.76137346,0.0,3,supply_side
2009-05-01,The_Wall_Street_Journal,0,0,0,0,0,1,0.0,0.0,0.889568,0.10946908,0.0,2,natural_factor
2014-04-22,The_Wall_Street_Journal,0,0,0,0,0,1,0.0,0.0,0.0,0.9781627,0.020487575,3,natural_factor
2011-10-01,Thomson_Reuters,0,1,0,0,0,3,0.23038621,0.0,0.5629987,0.058627095,0.14788392,2,natural_factor
2011-11-11,The_Wall_Street_Journal,0,0,0,0,0,1,0.17381084,0.0,0.8173049,0.0,0.0,2,natural_factor
2010-05-03,The_Wall_Street_Journal,0,0,0,0,0,1,0.0,0.0,0.58970606,0.30280843,0.106498405,2,natural_factor
2015-02-09,The_Wall_Street_Journal,0,0,0,0,0,1,0.0,0.0,0.5855284,0.4128561,0.0,2,natural_factor
2001-12-30,The_Wall_Street_Journal,0,0,0,0,0,1,0.5135539,0.0,0.0,0.4856668,0.0,0,natural_factor
2009-01-03,The_Wall_Street_Journal,0,0,0,0,0,1,0.0,0.107935436,0.03785257,0.8533443,0.0,3,natural_factor
2015-10-27,The_Wall_Street_Journal,0,0,0,0,0,1,0.96734893,0.0,0.03209241,0.0,0.0,0,natural_factor
2011-10-31,The_Wall_Street_Journal,0,0,1,0,0,1,0.0,0.0,0.5966485,0.40249836,0.0,2,financial_risk
2014-11-26,The_Wall_Street_Journal,0,0,0,0,0,1,0.0,0.0,0.73658144,0.26159415,0.0,2,natural_factor
2018-02-07,Thomson_Reuters,0,0,1,0,0,1,0.14838901,0.0,0.35453734,0.48251295,0.014461054,3,financial_risk
2006-10-11,The_Wall_Street_Journal,0,0,0,0,0,1,0.0,0.15042382,0.26375806,0.58380336,0.0,3,natural_factor
2012-01-12,The_Wall_Street_Journal,0,0,0,0,0,1,0.8088732,0.041198768,0.14124227,0.0,0.0,0,natural_factor
2014-04-14,The_Wall_Street_Journal,0,0,0,0,0,1,0.0,0.0,0.9126663,0.08657994,0.0,2,natural_factor
2001-10-12,The_Wall_Street_Journal,0,0,0,0,0,1,0.3564734,0.0,0.6431272,0.0,0.0,2,natural_factor
2014-12-19,The_Wall_Street_Journal,0,0,0,0,0,1,0.0,0.0,0.91921234,0.080169894,0.0,2,natural_factor
2008-12-12,The_Wall_Street_Journal,1,0,0,0,0,1,0.0724302,0.0,0.68305314,0.23872262,0.0,2,supply_side
2013-06-06,The_Wall_Street_Journal,0,0,0,0,0,1,0.0,0.0,0.94050664,0.058932714,0.0,2,natural_factor
2014-01-08,The_Wall_Street_Journal,0,0,0,0,0,1,0.8840198,0.031581696,0.08393796,0.0,0.0,0,natural_factor
2008-11-24,The_Wall_Street_Journal,0,0,0,0,0,1,0.0,0.0,0.8955194,0.08278996,0.021215089,2,natural_factor
2012-02-14,The_Wall_Street_Journal,2,0,0,0,0,1,0.0,0.0,0.39805135,0.6009834,0.0,3,supply_side
2014-06-05,The_Wall_Street_Journal,0,0,0,0,0,1,0.0,0.0,0.9252593,0.07409443,0.0,2,natural_factor
2023-08-04,Channel_News_Asia,0,0,1,0,0,1,0.17146099,0.0,0.8269631,0.0,0.0,2,financial_risk
2023-09-16,The_Business_Times,0,0,0,0,0,1,0.6496103,0.0,0.23632365,0.100507244,0.013491238,0,natural_factor
2024-09-05,Channel_News_Asia,0,0,0,0,0,2,0.22372967,0.0,0.3924127,0.2603968,0.12322222,2,natural_factor
2024-12-10,API_NEWS_en,0,0,1,0,1,1,0.36636505,0.0,0.27338085,0.11981278,0.24034846,0,financial_risk
2012-09-01,Thomson_Reuters,1,0,0,0,0,4,0.11663859,0.0,0.20974058,0.6529126,0.02067252,3,natural_factor
2017-12-20,Thomson_Reuters,0,0,0,0,0,1,0.0,0.0,0.0,0.85601836,0.12858304,3,natural_factor
2023-05-04,Thomson_Reuters,0,0,0,0,0,1,0.27939203,0.0,0.29447404,0.42596403,0.0,3,natural_factor
2023-05-08,Thomson_Reuters,1,0,0,0,0,1,0.0,0.0,0.0,0.9976244,0.0,3,supply_side
2023-03-08,Thomson_Reuters,2,0,0,0,0,1,0.0,0.0,0.23471072,0.7495117,0.015400036,3,supply_side
2021-08-10,Thomson_Reuters,0,0,0,0,0,1,0.10558497,0.0,0.06523055,0.82852995,0.0,3,natural_factor
2019-09-25,Thomson_Reuters,0,0,0,0,0,1,0.0,0.0,0.15349868,0.8444325,0.0,3,natural_factor
2019-09-27,Thomson_Reuters,0,0,0,0,0,1,0.072693445,0.0,0.6379541,0.23872586,0.050456896,2,natural_factor
2019-06-21,Thomson_Reuters,0,0,1,0,0,1,0.09742471,0.0,0.17176887,0.73045564,0.0,3,financial_risk
2017-03-21,Thomson_Reuters,1,0,0,0,0,1,0.0,0.0,0.2719287,0.7254002,0.0,3,supply_side
2023-10-16,Financial_Times,1,0,1,0,0,1,0.027515927,0.0,0.3488418,0.62331194,0.0,3,supply_side
2023-10-31,Financial_Times,0,1,2,0,0,1,0.26609525,0.0,0.42208433,0.31160957,0.0,2,financial_risk
2021-05-19,Thomson_Reuters,1,0,0,0,0,1,0.40181345,0.0,0.47139394,0.049501393,0.077211946,2,supply_side
2021-09-24,Thomson_Reuters,1,0,0,0,0,1,0.4264993,0.02215257,0.43344593,0.075360924,0.04254126,2,supply_side
2021-05-19,Channel_News_Asia,1,0,0,0,0,1,0.39464697,0.0,0.48300913,0.045085937,0.07717994,2,supply_side
2012-02-03,Financial_Times,0,0,0,0,0,1,0.42571905,0.0,0.26190457,0.31168014,0.0,0,natural_factor
2017-11-20,Financial_Times,0,0,0,0,0,1,0.39205196,0.025446303,0.36534274,0.2168007,0.0,0,natural_factor
2008-09-09,The_Wall_Street_Journal,0,0,0,0,0,2,0.90786374,0.026215496,0.065819465,0.0,0.0,0,natural_factor
2002-01-09,The_Wall_Street_Journal,0,0,0,0,0,1,0.5084572,0.0,0.29932708,0.1919324,0.0,0,natural_factor
2023-04-01,Thomson_Reuters,0,0,0,0,0,1,0.0,0.0,0.5886666,0.21900918,0.19180426,2,natural_factor
2023-02-06,Thomson_Reuters,1,0,0,0,0,2,0.0,0.0,0.4309357,0.35510153,0.21339424,2,natural_factor
2008-03-25,The_Wall_Street_Journal,0,0,0,0,0,1,0.47319505,0.0,0.52642745,0.0,0.0,2,natural_factor
2012-07-04,Thomson_Reuters,0,0,0,0,0,1,0.26612854,0.0,0.3973458,0.10038929,0.23580617,2,natural_factor
2022-05-17,Thomson_Reuters,2,0,0,0,0,1,0.0,0.0,0.044602107,0.8733803,0.081331,3,supply_side
2019-11-28,The_Wall_Street_Journal,1,0,1,0,0,2,0.12696138,0.0,0.2283652,0.5670262,0.07758279,3,natural_factor
2022-02-04,South_China_Morning_Post,0,0,0,0,0,1,0.4683849,0.0,0.19508801,0.26794803,0.06844054,0,natural_factor
2020-09-08,New_Strait_Times,0,0,1,0,0,1,0.7749622,0.0,0.0,0.12155486,0.102993764,0,financial_risk
2024-11-28,API_NEWS_en,0,0,0,0,0,1,0.0,0.0,0.0,0.9993853,0.0,3,natural_factor
2015-12-23,The_Jakarta_Post,0,0,0,0,0,1,0.018587215,0.14861503,0.7507064,0.0,0.08133652,2,natural_factor
2023-10-25,Thomson_Reuters,0,1,1,0,0,2,0.28921905,0.0,0.12937331,0.5811425,0.0,3,natural_factor
2024-12-09,API_NEWS_en,1,0,0,0,1,1,0.26366445,0.0,0.23830204,0.49735773,0.0,3,supply_side
2019-10-04,The_Wall_Street_Journal,0,0,0,0,0,1,0.81895936,0.0,0.0,0.16313745,0.017190158,0,natural_factor
2014-09-24,The_Wall_Street_Journal,1,0,0,0,0,1,0.0,0.0,0.10586608,0.8660695,0.026967771,3,supply_side
2017-05-22,Thomson_Reuters,0,0,0,0,0,1,0.0,0.0,0.19113436,0.7992336,0.0,3,natural_factor
2017-10-09,Thomson_Reuters,1,0,0,0,0,1,0.0,0.0,0.22143173,0.7763263,0.0,3,supply_side
2022-04-19,Thomson_Reuters,0,0,2,0,0,1,0.08101962,0.0,0.0,0.9184283,0.0,3,financial_risk
2022-04-19,Thomson_Reuters,0,0,0,0,0,1,0.0,0.0,0.0,0.9912927,0.0,3,natural_factor
2022-04-22,Thomson_Reuters,0,0,2,0,0,1,0.08419731,0.0,0.0,0.915075,0.0,3,financial_risk
2022-04-29,Thomson_Reuters,2,0,0,0,0,1,0.37394595,0.0,0.10000513,0.5163205,0.0,3,supply_side
2022-07-19,Thomson_Reuters,3,0,0,0,0,1,0.0,0.0,0.0,0.9454825,0.05347921,3,supply_side
2022-04-22,Thomson_Reuters,0,0,1,1,0,1,0.0,0.0,0.0,0.99876666,0.0,3,financial_risk
2022-05-02,Thomson_Reuters,2,0,0,0,0,1,0.0,0.0,0.07152557,0.86247885,0.06562916,3,supply_side
2022-04-29,Thomson_Reuters,0,0,0,0,0,1,0.31818822,0.0,0.51651514,0.16464229,0.0,2,natural_factor
2022-10-25,Thomson_Reuters,1,0,1,1,0,1,0.0,0.0,0.06049293,0.9385667,0.0,3,supply_side
2022-04-19,Thomson_Reuters,0,0,2,0,0,1,0.038199674,0.021952033,0.0,0.9393669,0.0,3,financial_risk
2023-04-25,Thomson_Reuters,0,0,1,0,0,1,0.49826294,0.0,0.50048435,0.0,0.0,2,financial_risk
2023-01-24,Thomson_Reuters,2,1,0,1,0,1,0.0,0.0,0.0,0.95182776,0.04732139,3,supply_side
2023-01-24,Thomson_Reuters,2,0,1,0,0,1,0.017851487,0.0,0.0,0.9811117,0.0,3,supply_side
2022-01-24,Thomson_Reuters,0,0,0,0,0,1,0.0,0.0,0.0,0.9912927,0.0,3,natural_factor
2022-03-19,Thomson_Reuters,0,0,0,1,0,1,0.0,0.0,0.38589948,0.5952997,0.017837018,3,geopolitical_risk
2022-04-22,Thomson_Reuters,1,0,0,0,0,1,0.0,0.0,0.0,0.9888027,0.0,3,supply_side
2022-01-24,Thomson_Reuters,0,0,0,0,0,1,0.0,0.0,0.88718474,0.09579315,0.016505547,2,natural_factor
2023-01-25,Channel_News_Asia,2,1,0,1,0,1,0.0,0.0,0.0,0.95498925,0.04410368,3,supply_side
2020-07-20,Thomson_Reuters,0,0,1,0,0,1,0.11871682,0.0,0.04951852,0.83130014,0.0,3,financial_risk
2020-01-21,Thomson_Reuters,1,1,1,1,0,1,0.16987245,0.0,0.0,0.82948506,0.0,3,supply_side
2021-05-20,Thomson_Reuters,0,0,0,0,0,1,0.0,0.0,0.9465208,0.052394807,0.0,2,natural_factor
2021-04-06,Thomson_Reuters,0,1,0,0,0,1,0.0,0.0,0.33920214,0.6595443,0.0,3,demand_side
2020-10-19,Thomson_Reuters,0,0,0,0,0,1,0.0,0.0,0.0,0.98640543,0.0,3,natural_factor
2020-10-19,Thomson_Reuters,1,0,0,0,0,1,0.0,0.0,0.1377362,0.8615744,0.0,3,supply_side
2021-01-19,Thomson_Reuters,0,0,0,0,0,1,0.01568283,0.0,0.12742344,0.85651034,0.0,3,natural_factor
2020-04-20,Thomson_Reuters,0,1,1,0,0,1,0.1268147,0.0,0.0,0.8724276,0.0,3,demand_side
2020-11-19,Thomson_Reuters,0,0,0,0,1,1,0.1613465,0.0,0.0,0.38370967,0.45372495,4,esg_regulation
2020-02-05,Thomson_Reuters,0,0,0,0,0,1,0.052220583,0.0,0.8391455,0.10822557,0.0,2,natural_factor
2021-01-21,Thomson_Reuters,1,0,1,0,0,1,0.11313366,0.0,0.0746746,0.8117965,0.0,3,supply_side
2020-04-09,The_Jakarta_Post,0,0,0,0,0,1,0.27503532,0.0,0.32994,0.38766137,0.0,3,natural_factor
2021-01-19,Thomson_Reuters,1,1,0,0,0,1,0.0,0.0,0.06287368,0.89758056,0.038835578,3,supply_side
2020-07-23,Channel_News_Asia,0,0,0,0,0,1,0.727324,0.0,0.0,0.27212816,0.0,0,natural_factor
2020-10-20,Thomson_Reuters,1,0,0,0,0,1,0.063140094,0.0,0.20111166,0.7354121,0.0,3,supply_side
2020-05-28,Thomson_Reuters,0,0,0,0,0,1,0.16680217,0.0,0.14296213,0.6894562,0.0,3,natural_factor
2020-04-07,Thomson_Reuters,1,0,0,0,0,1,0.15482555,0.0,0.0,0.8444033,0.0,3,supply_side
2021-10-19,Thomson_Reuters,0,0,1,0,0,2,0.0,0.0,0.0,0.99877375,0.0,3,natural_factor
2020-04-09,Thomson_Reuters,0,0,0,0,0,1,0.14734969,0.0,0.11322116,0.73051804,0.0,3,natural_factor
2020-01-21,Thomson_Reuters,1,0,0,0,0,1,0.25719777,0.0,0.0,0.7417327,0.0,3,supply_side
2021-04-21,Thomson_Reuters,1,0,0,0,0,1,0.0,0.0,0.0,0.99874294,0.0,3,supply_side
2021-12-06,Thomson_Reuters,1,2,0,0,1,1,0.17879203,0.0,0.2253149,0.36104336,0.23474969,3,demand_side
2021-07-23,Thomson_Reuters,0,0,0,0,0,1,0.0,0.0,0.0,0.9926186,0.0,3,natural_factor
2021-05-24,Thomson_Reuters,1,0,2,0,0,1,0.011661018,0.0,0.20964102,0.77825224,0.0,3,financial_risk
2020-04-24,Thomson_Reuters,0,0,0,0,0,1,0.0,0.0,0.6126421,0.38519064,0.0,2,natural_factor
2021-01-19,Channel_News_Asia,0,0,0,0,0,1,0.038139727,0.0,0.1324287,0.82906055,0.0,3,natural_factor
2020-01-16,Thomson_Reuters,0,0,0,0,2,1,0.35675466,0.05953579,0.4820138,0.0,0.1014346,2,esg_regulation
2020-07-22,Thomson_Reuters,0,0,0,0,0,1,0.71732163,0.0,0.0,0.28213012,0.0,0,natural_factor
2021-07-20,Thomson_Reuters,2,0,1,0,0,1,0.0,0.0,0.0,0.99848014,0.0,3,supply_side
2020-01-21,Thomson_Reuters,1,1,0,0,0,1,0.29476812,0.0,0.0,0.7043569,0.0,3,supply_side
2020-04-07,Thomson_Reuters,1,0,0,0,0,1,0.118165724,0.0,0.0,0.8811011,0.0,3,supply_side
2014-10-10,Thomson_Reuters,0,0,0,0,0,1,0.0,0.0,0.0,0.9978362,0.0,3,natural_factor
2016-11-28,Thomson_Reuters,0,0,0,0,0,1,0.0,0.0,0.87965876,0.11914905,0.0,2,natural_factor
2015-03-10,Thomson_Reuters,0,0,1,0,0,1,0.0,0.0,0.054281387,0.9091641,0.03600269,3,financial_risk
2015-02-19,Thomson_Reuters,0,1,0,0,0,1,0.0,0.0,0.042492133,0.9379136,0.019115796,3,demand_side
2013-07-22,Thomson_Reuters,0,0,1,0,0,1,0.044739116,0.0,0.0,0.9545477,0.0,3,financial_risk
2010-06-02,Thomson_Reuters,1,0,0,0,0,1,0.0,0.0,0.070580296,0.9286353,0.0,3,supply_side
2019-04-22,Thomson_Reuters,2,0,0,0,0,1,0.0,0.0,0.0,0.99533856,0.0,3,supply_side
2011-04-18,Thomson_Reuters,0,0,1,0,0,1,0.0,0.0,0.16668709,0.82768244,0.0,3,financial_risk
2015-07-15,Thomson_Reuters,0,0,0,0,0,1,0.0,0.0,0.3806349,0.61861044,0.0,3,natural_factor
2014-11-15,Thomson_Reuters,0,0,0,0,0,1,0.0,0.0,0.5258366,0.47284222,0.0,2,natural_factor
2011-02-04,Thomson_Reuters,0,0,0,0,0,1,0.1317901,0.0,0.0,0.8674706,0.0,3,natural_factor
2017-07-23,Thomson_Reuters,3,0,0,0,0,1,0.0,0.0,0.07556308,0.80898875,0.114904016,3,supply_side
2016-04-07,Thomson_Reuters,1,0,0,0,0,1,0.08994979,0.0,0.755937,0.15388401,0.0,2,supply_side
2010-06-01,Thomson_Reuters,0,1,0,0,0,1,0.03135753,0.0,0.19144739,0.7768357,0.0,3,demand_side
2010-07-19,Thomson_Reuters,0,0,0,0,0,1,0.054047596,0.0,0.0,0.9449872,0.0,3,natural_factor
2012-04-18,Thomson_Reuters,0,0,0,0,0,1,0.118418336,0.0,0.0,0.88102734,0.0,3,natural_factor
2010-06-16,Thomson_Reuters,0,1,0,0,0,1,0.07718965,0.0,0.0,0.92225385,0.0,3,demand_side
2015-12-15,Thomson_Reuters,0,0,0,0,0,1,0.0,0.0,0.55919015,0.43959627,0.0,2,natural_factor
2014-11-21,Thomson_Reuters,0,0,0,0,0,1,0.0,0.0,0.223688,0.7746267,0.0,3,natural_factor
2019-01-22,Thomson_Reuters,0,1,0,0,0,3,0.027831325,0.0,0.013550851,0.9582857,0.0,3,natural_factor
2016-04-04,Thomson_Reuters,0,0,0,0,0,1,0.0,0.0,0.78772825,0.2117962,0.0,2,natural_factor
2016-07-12,Thomson_Reuters,0,0,0,0,0,1,0.0,0.0,0.823077,0.17565393,0.0,2,natural_factor
2009-07-20,Thomson_Reuters,0,0,1,0,0,1,0.10063584,0.0,0.061795417,0.8372251,0.0,3,financial_risk
2014-07-21,Thomson_Reuters,0,0,1,1,0,1,0.0,0.0,0.40465716,0.59422195,0.0,3,financial_risk
2016-03-04,Thomson_Reuters,0,0,1,0,0,1,0.20930155,0.0,0.0,0.7830021,0.0,3,financial_risk
2011-06-28,Thomson_Reuters,0,0,0,0,0,1,0.0,0.0,0.15577625,0.84349364,0.0,3,natural_factor
2015-01-21,Thomson_Reuters,0,0,0,0,0,1,0.061525278,0.0,0.0,0.9377863,0.0,3,natural_factor
2015-01-20,Thomson_Reuters,1,0,1,0,0,1,0.0,0.0,0.04615722,0.95321757,0.0,3,supply_side
2010-07-19,Thomson_Reuters,0,0,0,0,0,1,0.11584357,0.0,0.22865704,0.65515816,0.0,3,natural_factor
2018-01-22,Thomson_Reuters,0,0,0,0,0,1,0.0,0.0,0.17505868,0.82410055,0.0,3,natural_factor
2008-10-20,Thomson_Reuters,1,0,0,0,0,1,0.0,0.0,0.0,0.99540967,0.0,3,supply_side
2019-10-21,Thomson_Reuters,1,0,0,1,0,1,0.109602585,0.0,0.062279377,0.82758415,0.0,3,supply_side
2010-06-02,Thomson_Reuters,0,0,0,0,0,1,0.07385321,0.0,0.0,0.9254055,0.0,3,natural_factor
2011-07-18,Thomson_Reuters,0,0,0,0,0,1,0.04107174,0.0,0.0,0.95827985,0.0,3,natural_factor
2016-02-12,Thomson_Reuters,0,0,0,0,0,1,0.0,0.0,0.87810653,0.10872033,0.012223045,2,natural_factor
2018-01-22,Thomson_Reuters,0,0,0,0,0,1,0.0,0.0,0.114663444,0.8840195,0.0,3,natural_factor
2008-10-20,Thomson_Reuters,2,0,0,0,0,1,0.0,0.0,0.034452952,0.9547022,0.010513423,3,supply_side
2013-09-19,Thomson_Reuters,1,0,0,0,0,1,0.0,0.0,0.8296728,0.1695517,0.0,2,supply_side
2016-04-05,Thomson_Reuters,1,0,0,0,0,1,0.06391343,0.0,0.5812609,0.3544994,0.0,2,supply_side
2014-04-21,Thomson_Reuters,0,0,0,0,0,1,0.079874896,0.0,0.0,0.9195634,0.0,3,natural_factor
2016-10-31,Thomson_Reuters,0,0,1,0,0,1,0.072364256,0.0,0.26856992,0.65876335,0.0,3,financial_risk
2010-06-10,Thomson_Reuters,0,0,1,0,0,1,0.024003148,0.0,0.09135221,0.88443553,0.0,3,financial_risk
2010-04-19,Thomson_Reuters,0,0,1,0,0,1,0.057845782,0.0,0.24658032,0.6721801,0.023217238,3,financial_risk
2011-01-24,Thomson_Reuters,0,1,1,0,0,1,0.0,0.0,0.08690305,0.9122604,0.0,3,demand_side
2011-07-18,Thomson_Reuters,0,0,0,0,0,1,0.0,0.0,0.20416978,0.79514766,0.0,3,natural_factor
2011-10-17,Thomson_Reuters,0,0,1,0,0,1,0.0,0.0,0.11392667,0.87708867,0.0,3,financial_risk
2014-10-08,Thomson_Reuters,0,0,0,0,0,1,0.31951264,0.0,0.47749653,0.20241751,0.0,2,natural_factor
2016-07-11,Thomson_Reuters,0,0,0,0,0,1,0.15564623,0.0,0.7165145,0.12747909,0.0,2,natural_factor
2010-07-19,Thomson_Reuters,0,0,0,0,0,1,0.0,0.0,0.0,0.9987165,0.0,3,natural_factor
2017-01-23,Thomson_Reuters,0,0,0,0,0,1,0.946705,0.0,0.0,0.05259505,0.0,0,natural_factor
2010-04-19,Thomson_Reuters,0,0,1,0,0,1,0.04867482,0.0,0.13685946,0.81416124,0.0,3,financial_risk
2014-11-06,Thomson_Reuters,0,1,0,0,0,1,0.03697644,0.0,0.06167112,0.90101415,0.0,3,demand_side
2019-07-22,Thomson_Reuters,0,0,1,0,0,1,0.04991093,0.0,0.0,0.9493826,0.0,3,financial_risk
2018-01-22,Thomson_Reuters,0,0,0,0,0,1,0.0,0.0,0.11843509,0.8807726,0.0,3,natural_factor
2012-11-15,Thomson_Reuters,0,0,0,0,0,1,0.012667376,0.0,0.10115101,0.87877625,0.0,3,natural_factor
2012-07-20,Thomson_Reuters,2,0,1,0,0,1,0.36401197,0.0,0.0,0.63558114,0.0,3,supply_side
2012-04-18,Thomson_Reuters,0,0,1,0,0,1,0.12589633,0.0,0.0,0.8734413,0.0,3,financial_risk
2011-03-29,Thomson_Reuters,0,0,0,0,0,1,0.1277229,0.0,0.18564008,0.68606436,0.0,3,natural_factor
2014-12-22,Thomson_Reuters,1,0,1,0,0,1,0.060259007,0.0,0.0,0.93360204,0.0,3,supply_side
2013-01-25,Thomson_Reuters,0,0,0,0,0,1,0.078467995,0.0,0.0,0.92099965,0.0,3,natural_factor
2019-01-29,Thomson_Reuters,0,0,0,1,0,1,0.0,0.0,0.5490665,0.45004657,0.0,2,geopolitical_risk
2013-07-25,Thomson_Reuters,0,0,0,0,0,1,0.0,0.0,0.34525263,0.653159,0.0,3,natural_factor
2017-01-24,Thomson_Reuters,0,0,0,0,0,1,0.41956484,0.05397531,0.5012775,0.0,0.0247729,2,natural_factor
2016-08-16,Thomson_Reuters,0,1,1,0,0,1,0.0,0.0,0.6223996,0.3634847,0.013685746,2,demand_side
2017-02-07,Thomson_Reuters,0,0,0,0,0,1,0.0,0.0,0.0,0.9841801,0.0,3,natural_factor
2019-07-22,Thomson_Reuters,0,0,1,0,0,1,0.09711293,0.0,0.0,0.9022436,0.0,3,financial_risk
2015-10-22,Thomson_Reuters,0,0,0,0,0,1,0.0,0.0,0.66649854,0.31162813,0.020773174,2,natural_factor
2019-10-21,Thomson_Reuters,0,0,0,1,0,1,0.06692167,0.0,0.033526648,0.8991946,0.0,3,geopolitical_risk
2013-04-22,Thomson_Reuters,0,0,2,0,0,1,0.0,0.0,0.0,0.99877477,0.0,3,financial_risk
2013-04-17,Thomson_Reuters,0,2,1,0,0,1,0.05800541,0.0,0.03758424,0.9041707,0.0,3,demand_side
2012-05-30,Thomson_Reuters,0,1,0,0,0,1,0.03761369,0.0,0.15771048,0.8043607,0.0,3,demand_side
2012-09-21,Thomson_Reuters,0,0,0,0,0,1,0.21163079,0.0,0.1806521,0.6074749,0.0,3,natural_factor
2010-10-18,Thomson_Reuters,0,0,1,0,0,1,0.05681814,0.0,0.0,0.9424349,0.0,3,financial_risk
2014-11-14,Thomson_Reuters,0,0,0,0,0,1,0.0,0.0,0.0,0.9985033,0.0,3,natural_factor
2012-07-23,Thomson_Reuters,1,0,0,0,0,1,0.08139714,0.0,0.06426035,0.8539798,0.0,3,supply_side
2015-06-10,Thomson_Reuters,0,0,1,0,0,1,0.33589014,0.0,0.0,0.6632147,0.0,3,financial_risk
2015-01-20,Thomson_Reuters,0,1,1,0,0,1,0.0,0.0,0.0,0.9988649,0.0,3,demand_side
2013-03-06,Thomson_Reuters,1,0,0,0,0,1,0.0,0.015783781,0.81180465,0.171731,0.0,2,supply_side
2018-07-23,Thomson_Reuters,0,1,2,0,0,1,0.0,0.0,0.118002884,0.8813372,0.0,3,financial_risk
2016-02-03,Thomson_Reuters,0,0,0,0,0,1,0.0,0.0,0.39423642,0.60294056,0.0,3,natural_factor
2011-01-24,Thomson_Reuters,0,0,1,0,0,1,0.04809608,0.0,0.0,0.95089245,0.0,3,financial_risk
2013-10-21,Thomson_Reuters,3,0,0,0,0,2,0.05117413,0.0,0.0,0.94808006,0.0,3,supply_side
2014-11-15,Thomson_Reuters,0,0,0,0,0,1,0.058950484,0.0,0.44433588,0.4963129,0.0,3,natural_factor
2010-06-01,Thomson_Reuters,0,0,0,0,0,1,0.04960856,0.0,0.025221996,0.9247006,0.0,3,natural_factor
2010-01-25,Thomson_Reuters,0,0,1,0,0,1,0.0534407,0.0,0.13157497,0.81464285,0.0,3,financial_risk
2013-04-09,Thomson_Reuters,0,1,0,0,0,1,0.0,0.0,0.020188354,0.93505293,0.04446185,3,demand_side
2013-09-30,Thomson_Reuters,1,0,0,0,0,1,0.0,0.0,0.6850019,0.30553547,0.0,2,supply_side
2010-06-30,Thomson_Reuters,1,0,0,0,0,1,0.030548377,0.0,0.03074816,0.9383142,0.0,3,supply_side
2008-10-20,Thomson_Reuters,1,0,1,0,0,1,0.0,0.0,0.0,0.99908227,0.0,3,supply_side
2015-09-28,Thomson_Reuters,1,0,0,0,0,1,0.0,0.0,0.5143268,0.4838808,0.0,2,supply_side
2015-04-21,Thomson_Reuters,0,0,0,0,0,1,0.5900132,0.0,0.16319284,0.24449287,0.0,0,natural_factor
2015-01-16,Thomson_Reuters,0,0,0,0,0,1,0.0,0.0,0.22820662,0.7688642,0.0,3,natural_factor
2019-01-23,Channel_News_Asia,0,1,0,0,0,3,0.033005986,0.0,0.0,0.9663334,0.0,3,natural_factor
2017-07-25,Thomson_Reuters,1,0,1,0,0,1,0.06380798,0.0,0.0,0.9353812,0.0,3,supply_side
2016-03-21,Thomson_Reuters,1,0,0,0,0,1,0.0,0.0,0.63684535,0.36145613,0.0,2,supply_side
2014-04-21,Thomson_Reuters,0,0,0,0,0,1,0.070707984,0.0,0.0,0.9286763,0.0,3,natural_factor
2019-07-26,Thomson_Reuters,0,0,1,1,0,1,0.0,0.0,0.7055548,0.29368567,0.0,2,financial_risk
2011-07-18,Thomson_Reuters,0,0,0,0,0,1,0.0,0.0,0.07922433,0.9200825,0.0,3,natural_factor
2013-10-02,Thomson_Reuters,1,0,0,0,1,1,0.023496022,0.0,0.7288399,0.23504563,0.012543112,2,supply_side
2011-10-17,Thomson_Reuters,0,0,1,0,0,1,0.0,0.0,0.1402924,0.8208574,0.03835821,3,financial_risk
2015-06-23,Thomson_Reuters,0,0,0,0,0,1,0.018214583,0.0,0.067876555,0.91354954,0.0,3,natural_factor
2011-02-16,Thomson_Reuters,0,0,0,0,0,1,0.0,0.018020544,0.17703737,0.8044487,0.0,3,natural_factor
2010-10-27,Thomson_Reuters,0,0,1,0,0,1,0.04855127,0.0,0.064418525,0.8867478,0.0,3,financial_risk
2019-06-27,Thomson_Reuters,0,0,0,0,0,2,0.42630446,0.0,0.47916776,0.094038025,0.0,2,natural_factor
2014-11-28,Thomson_Reuters,1,0,0,0,0,1,0.0,0.0,0.0,0.998743,0.0,3,supply_side
2017-07-05,Thomson_Reuters,0,0,0,0,0,1,0.0,0.0661227,0.42355728,0.4971335,0.0,3,natural_factor
2018-07-23,Thomson_Reuters,0,0,2,1,0,1,0.0,0.0,0.1493822,0.8499811,0.0,3,financial_risk
2014-11-13,Thomson_Reuters,0,0,0,0,0,1,0.0,0.0,0.45208144,0.5422242,0.0,3,natural_factor
2014-06-23,Thomson_Reuters,0,0,0,0,0,1,0.0,0.0,0.8790096,0.120475,0.0,2,natural_factor
2010-01-25,Thomson_Reuters,0,0,1,0,0,1,0.058437373,0.0,0.056844104,0.88431525,0.0,3,financial_risk
2015-12-09,Thomson_Reuters,1,0,0,0,0,1,0.0,0.0,0.5632926,0.43537387,0.0,2,supply_side
2010-06-18,Thomson_Reuters,0,0,0,0,0,1,0.0,0.0,0.0795262,0.91992605,0.0,3,natural_factor
2010-01-25,Thomson_Reuters,1,0,0,0,0,1,0.02843278,0.0,0.0,0.97060484,0.0,3,supply_side
2016-03-10,Thomson_Reuters,1,0,0,0,0,1,0.0,0.0,0.5753125,0.42324072,0.0,2,supply_side
2011-04-18,Thomson_Reuters,0,0,1,0,0,1,0.0,0.0,0.056825254,0.9425257,0.0,3,financial_risk
2017-11-01,Thomson_Reuters,0,0,0,0,0,1,0.09116578,0.0,0.7900854,0.118320175,0.0,2,natural_factor
2016-04-14,Thomson_Reuters,1,0,0,0,0,1,0.0,0.0,0.48137057,0.5173845,0.0,3,supply_side
2019-04-22,Thomson_Reuters,0,0,0,0,0,1,0.0,0.0,0.020074626,0.97916,0.0,3,natural_factor
2015-11-04,Thomson_Reuters,0,0,0,0,0,1,0.0,0.0,0.6552585,0.3436485,0.0,2,natural_factor
2010-06-02,Thomson_Reuters,0,0,1,0,0,1,0.05201287,0.0,0.04071762,0.90690255,0.0,3,financial_risk
2018-09-05,Thomson_Reuters,0,0,0,0,0,1,0.0362464,0.0,0.1845176,0.7788923,0.0,3,natural_factor
2016-05-03,Thomson_Reuters,0,0,0,0,0,1,0.0,0.0,0.7658897,0.20666794,0.026610928,2,natural_factor
2016-04-06,Thomson_Reuters,0,0,0,0,0,1,0.8209919,0.0,0.12820984,0.044338316,0.0,0,natural_factor
2016-12-23,Thomson_Reuters,0,0,0,0,0,1,0.19698404,0.0,0.6242142,0.17573729,0.0,2,natural_factor
2016-10-28,Thomson_Reuters,0,0,0,0,0,1,0.0,0.0,0.38843468,0.6099651,0.0,3,natural_factor
2016-06-30,Thomson_Reuters,0,0,1,0,0,1,0.056911938,0.0,0.5085802,0.43423563,0.0,2,financial_risk
2016-02-22,Thomson_Reuters,1,0,0,0,0,1,0.0,0.0,0.691169,0.30700603,0.0,2,supply_side
2013-07-30,Thomson_Reuters,1,0,0,0,0,1,0.0,0.0,0.47460094,0.52492195,0.0,3,supply_side
2017-07-24,Thomson_Reuters,1,0,1,0,0,1,0.057731587,0.0,0.0,0.9415959,0.0,3,supply_side
2016-07-15,Thomson_Reuters,1,1,0,0,0,1,0.0,0.0,0.0,0.9987357,0.0,3,supply_side
2010-10-29,Thomson_Reuters,0,1,0,0,0,1,0.0,0.0,0.0,0.9881468,0.010698624,3,demand_side
2015-09-08,Thomson_Reuters,0,0,1,0,0,1,0.049798254,0.0,0.36303493,0.5869358,0.0,3,financial_risk
2018-07-24,Channel_News_Asia,0,0,2,1,0,1,0.0,0.0,0.14527975,0.8540752,0.0,3,financial_risk
2011-04-18,Thomson_Reuters,0,0,1,0,0,1,0.016045509,0.0,0.1847947,0.7987754,0.0,3,financial_risk
2014-03-21,Thomson_Reuters,0,0,0,0,0,1,0.27804586,0.0,0.69381976,0.0,0.027216785,2,natural_factor
2018-12-15,Thomson_Reuters,1,0,0,0,0,1,0.05582456,0.0,0.8758515,0.06802566,0.0,2,supply_side
2010-07-06,Thomson_Reuters,0,0,1,0,0,1,0.0,0.0,0.1551684,0.8441979,0.0,3,financial_risk
2018-03-05,Thomson_Reuters,0,0,0,0,0,1,0.07454462,0.0,0.33168894,0.59306353,0.0,3,natural_factor
2017-06-08,Thomson_Reuters,0,0,0,0,0,1,0.12051844,0.0,0.84561557,0.03315768,0.0,2,natural_factor
2010-06-02,Thomson_Reuters,0,0,0,0,0,1,0.057697214,0.0,0.0,0.9412329,0.0,3,natural_factor
2019-07-25,Thomson_Reuters,0,0,1,1,0,1,0.0,0.0,0.7055568,0.2936836,0.0,2,financial_risk
2014-11-17,Thomson_Reuters,0,0,0,0,0,1,0.048929635,0.0,0.6080606,0.28450653,0.058307495,2,natural_factor
2017-04-06,Thomson_Reuters,0,0,0,0,0,1,0.0,0.07826652,0.0,0.92046976,0.0,3,natural_factor
2013-05-20,Thomson_Reuters,2,0,1,0,0,1,0.20804186,0.0,0.3411604,0.42541292,0.025338743,3,supply_side
2010-10-28,Thomson_Reuters,1,0,0,0,0,1,0.047954235,0.0,0.033406373,0.90455765,0.013969401,3,supply_side
2015-01-20,Thomson_Reuters,1,0,1,0,0,1,0.0,0.0,0.0,0.9911166,0.0,3,supply_side
2015-10-22,Thomson_Reuters,0,0,0,0,0,1,0.0,0.0,0.65817446,0.33935702,0.0,2,natural_factor
2012-06-06,Thomson_Reuters,0,1,1,0,0,1,0.097423986,0.0,0.10947675,0.79284096,0.0,3,demand_side
2012-02-08,Thomson_Reuters,1,0,1,0,0,1,0.14731503,0.0,0.11741957,0.73489165,0.0,3,supply_side
2018-04-20,Thomson_Reuters,0,0,0,0,0,1,0.0,0.0,0.88651186,0.11171195,0.0,2,natural_factor
2016-03-08,Thomson_Reuters,1,0,0,0,0,1,0.0,0.0,0.6593873,0.33859903,0.0,2,supply_side
2015-11-27,Thomson_Reuters,1,0,0,0,0,1,0.0,0.0,0.7088914,0.28934854,0.0,2,supply_side
2018-02-15,Thomson_Reuters,2,0,0,0,0,1,0.09226576,0.0,0.0,0.9061089,0.0,3,supply_side
2013-04-22,Thomson_Reuters,0,0,2,0,0,1,0.0,0.0,0.0,0.9989905,0.0,3,financial_risk
2017-04-17,Thomson_Reuters,0,0,0,0,0,1,0.0,0.0,0.54430807,0.4432984,0.011436452,2,natural_factor
2023-07-19,Thomson_Reuters,0,0,0,0,0,1,0.115499206,0.052186918,0.8224027,0.0,0.0,2,natural_factor
2023-07-20,Thomson_Reuters,0,0,0,0,0,1,0.0,0.0,0.5494257,0.4465027,0.0,2,natural_factor
2022-12-07,The_Business_Times,0,0,0,0,0,1,0.10702753,0.0,0.799302,0.09311048,0.0,2,natural_factor
2022-10-18,Financial_Times,0,1,0,1,0,1,0.88847303,0.0,0.0,0.11049124,0.0,0,demand_side
2023-01-05,Thomson_Reuters,0,0,0,0,0,1,0.64153093,0.0,0.17543554,0.116000555,0.06673783,0,natural_factor
2022-11-16,Financial_Times,0,2,4,0,2,1,0.2164582,0.0,0.60509884,0.15016034,0.028243145,2,financial_risk
2022-01-28,Thomson_Reuters,0,0,0,0,0,1,0.102289036,0.0,0.8601982,0.029432084,0.0,2,natural_factor
2022-04-07,Financial_Times,0,0,0,0,0,1,0.1259369,0.010557326,0.2224291,0.6407706,0.0,3,natural_factor
2023-02-17,Thomson_Reuters,0,0,1,0,0,1,0.54162794,0.0,0.0,0.45743948,0.0,0,financial_risk
2022-11-25,Thomson_Reuters,0,0,0,0,0,1,0.8352706,0.0,0.044991072,0.11949691,0.0,0,natural_factor
2022-08-10,The_Business_Times,1,1,0,0,1,1,0.6343655,0.0,0.0,0.11749758,0.24792093,0,supply_side
2023-04-11,Thomson_Reuters,0,0,0,0,0,1,0.0,0.0,0.8092845,0.1897325,0.0,2,natural_factor
2022-06-11,Viet_Nam_News,0,0,0,0,0,1,0.71539,0.0,0.052339762,0.0,0.23195638,0,natural_factor
2022-11-07,The_Business_Times,0,0,0,0,0,1,0.7511993,0.0,0.0,0.2483191,0.0,0,natural_factor
2022-01-28,Financial_Times,0,0,1,0,0,1,0.0,0.0,0.9992144,0.0,0.0,2,financial_risk
2023-04-03,Bangkok_Post,1,0,1,0,1,2,0.895844,0.0,0.0,0.079188235,0.024613174,0,natural_factor
2023-02-28,JoongAng_Daily,0,0,0,0,0,1,0.7119619,0.0,0.26725736,0.0,0.020345045,0,natural_factor
2022-08-31,The_Business_Times,0,0,0,0,0,1,0.45692766,0.0,0.0,0.54229337,0.0,3,natural_factor
2022-08-31,Bangkok_Post,1,0,1,0,2,1,0.987306,0.0,0.0,0.012265175,0.0,0,esg_regulation
2023-01-13,Bangkok_Post,0,0,0,0,0,2,0.98092604,0.0,0.0,0.0,0.013282929,0,natural_factor
2022-04-08,Financial_Times,1,1,1,1,0,1,0.19419108,0.0,0.70652354,0.09557784,0.0,2,supply_side
2022-05-03,Financial_Times,2,0,0,1,1,1,0.580078,0.0,0.3242594,0.06348237,0.032097265,0,supply_side
2022-01-26,Thomson_Reuters,0,0,0,0,0,1,0.0,0.0,0.9986112,0.0,0.0,2,natural_factor
2022-05-01,The_Phnom_Penh_Post,0,0,0,0,0,1,0.29675213,0.0,0.10496292,0.5979463,0.0,3,natural_factor
2022-02-16,New_Strait_Times,0,0,0,0,0,2,0.9581961,0.033234544,0.0,0.0,0.0,0,natural_factor
2023-05-30,Thomson_Reuters,0,0,0,0,0,1,0.3993897,0.0,0.0,0.5990137,0.0,3,natural_factor
2022-12-07,New_Strait_Times,0,0,0,0,0,2,0.5891578,0.0,0.40979865,0.0,0.0,0,natural_factor
2022-04-21,Financial_Times,1,0,0,0,0,1,0.9489368,0.0,0.02799287,0.012359156,0.010656293,0,supply_side
2023-02-28,Thomson_Reuters,1,0,0,0,0,1,0.33134353,0.0,0.0,0.66724217,0.0,3,supply_side
2022-12-29,Bangkok_Post,1,0,1,0,0,2,0.6415255,0.0,0.0,0.3580748,0.0,0,natural_factor
2022-01-26,Financial_Times,0,0,0,0,0,1,0.0,0.0,0.99881667,0.0,0.0,2,natural_factor
2022-04-12,Thomson_Reuters,0,0,0,0,0,1,0.6802204,0.0,0.16682553,0.15237027,0.0,0,natural_factor
2023-03-15,Thomson_Reuters,0,0,0,0,0,1,0.083487555,0.0,0.75659555,0.0,0.15881322,2,natural_factor
2022-04-08,Financial_Times,0,0,1,0,0,1,0.49382415,0.013311969,0.1007922,0.39196774,0.0,0,financial_risk
2022-10-11,New_Strait_Times,0,0,1,0,0,1,0.825163,0.0,0.019390587,0.10869344,0.04668412,0,financial_risk
2023-01-11,The_Business_Times,0,0,0,0,0,1,0.64838564,0.0,0.0,0.35035387,0.0,0,natural_factor
2022-04-11,Thomson_Reuters,0,0,0,0,0,1,0.46369419,0.0,0.16834806,0.29554898,0.07219525,0,natural_factor
2022-10-03,The_Business_Times,0,0,0,0,0,1,0.8904999,0.0,0.08644668,0.02257439,0.0,0,natural_factor
2022-04-21,Thomson_Reuters,2,0,1,1,0,1,0.0,0.0,0.61499524,0.36723784,0.017543228,2,supply_side
2022-05-29,Financial_Times,0,0,1,0,0,1,0.50499666,0.0,0.331404,0.15751587,0.0,0,financial_risk
2023-04-03,Manila_Bulletin,0,0,0,0,0,1,0.65172887,0.0,0.0,0.3471366,0.0,0,natural_factor
2022-11-22,Thomson_Reuters,0,0,1,0,0,1,0.38596156,0.0,0.0,0.6127103,0.0,3,financial_risk
2022-10-12,The_Business_Times,0,0,0,0,0,1,0.67729294,0.0,0.0,0.3222544,0.0,0,natural_factor
2022-03-03,Financial_Times,0,0,3,0,0,2,0.7118758,0.0,0.1751267,0.11179106,0.0,0,financial_risk
2023-04-27,The_Business_Times,0,0,0,0,0,1,0.79919785,0.0,0.1618013,0.0,0.037995256,0,natural_factor
2022-01-29,New_Strait_Times,0,0,0,0,0,1,0.0,0.0,0.98237485,0.016620971,0.0,2,natural_factor
2022-11-15,Financial_Times,0,0,0,0,0,2,0.3850957,0.0,0.17182949,0.44275266,0.0,3,natural_factor
2022-06-01,The_Business_Times,1,0,1,0,0,1,0.5601348,0.0,0.0,0.4390872,0.0,0,supply_side
2023-01-11,Financial_Times,1,0,0,0,0,1,0.96214426,0.0,0.0,0.0,0.03739773,0,supply_side
2023-06-08,Thomson_Reuters,0,0,0,1,0,1,0.40277466,0.0,0.4880481,0.026649311,0.082441755,2,geopolitical_risk
2022-11-03,Thomson_Reuters,0,0,0,0,0,1,0.0,0.0,0.8168765,0.18208797,0.0,2,natural_factor
2023-06-1,Bangkok_Post,0,0,0,0,0,2,0.71444136,0.0,0.0,0.23311727,0.05193298,0,natural_factor
2023-04-18,Financial_Times,1,0,0,1,0,1,0.9991182,0.0,0.0,0.0,0.0,0,supply_side
2022-04-28,Financial_Times,1,1,0,0,0,2,0.8787689,0.0,0.0,0.035354458,0.08561867,0,natural_factor
2022-04-28,Financial_Times,1,1,0,0,0,1,0.80351526,0.0,0.0395115,0.15206431,0.0,0,supply_side
2023-04-10,The_Business_Times,1,0,0,0,0,1,0.8454377,0.0,0.0,0.15349251,0.0,0,supply_side
2022-03-14,Financial_Times,0,0,0,1,0,1,0.62714124,0.0,0.31957233,0.0,0.053120896,0,geopolitical_risk
2023-06-6,Bangkok_Post,0,0,0,0,0,1,0.84089804,0.0,0.0,0.0,0.15072182,0,natural_factor
2023-01-11,Thomson_Reuters,0,0,0,0,0,1,0.62887454,0.0,0.0,0.3697879,0.0,0,natural_factor
2023-01-05,The_Business_Times,0,0,0,0,0,1,0.7373117,0.0,0.11991844,0.07297388,0.06952305,0,natural_factor
2022-05-26,The_Business_Times,1,0,0,0,0,2,0.65940297,0.0,0.0,0.3396556,0.0,0,natural_factor
2022-04-08,Thomson_Reuters,0,0,0,0,0,1,0.16593005,0.0,0.7344918,0.098861456,0.0,2,natural_factor
2022-04-30,Financial_Times,1,1,0,1,0,2,0.142349,0.0,0.12129644,0.73082775,0.0,3,natural_factor
2022-10-11,The_Business_Times,1,1,0,0,0,1,0.6700583,0.0,0.0,0.32887784,0.0,0,supply_side
2023-01-30,Manila_Bulletin,0,0,0,0,0,1,0.6307929,0.026076842,0.20839818,0.13436715,0.0,0,natural_factor
2022-10-12,New_Strait_Times,0,0,0,0,0,1,0.5263584,0.0,0.45158136,0.0,0.021496756,0,natural_factor
2023-04-18,Manila_Bulletin,0,0,0,0,0,1,0.8258107,0.0,0.0,0.17253113,0.0,0,natural_factor
2022-08-16,Financial_Times,0,0,0,0,0,1,0.23809738,0.0,0.5831884,0.17819336,0.0,2,natural_factor
2023-01-15,Manila_Bulletin,0,0,0,0,0,1,0.668247,0.0,0.03865426,0.29270548,0.0,0,natural_factor
2023-05-28,Financial_Times,0,0,0,0,0,1,0.0,0.0,0.96727914,0.03198668,0.0,2,natural_factor
2022-11-26,Thomson_Reuters,0,0,0,0,0,1,0.8317575,0.0,0.02939504,0.13859613,0.0,0,natural_factor
2023-02-17,Financial_Times,0,0,1,0,0,1,0.551576,0.0,0.0,0.44744062,0.0,0,financial_risk
2022-11-22,Thomson_Reuters,1,0,2,0,0,1,0.41727656,0.0,0.18858899,0.39383298,0.0,0,financial_risk
2022-03-28,Thomson_Reuters,0,2,1,0,0,1,0.16115916,0.0,0.08191301,0.75653356,0.0,3,demand_side
2022-03-28,Thomson_Reuters,0,1,1,0,0,1,0.080648266,0.0,0.10613524,0.812807,0.0,3,demand_side
2022-12-26,Financial_Times,1,0,0,0,0,1,0.94469845,0.0,0.0,0.054892067,0.0,0,supply_side
2022-11-22,Financial_Times,1,1,0,0,0,1,0.45802706,0.0,0.41176283,0.11494938,0.015207814,0,supply_side
2023-06-02,The_Business_Times,0,0,2,0,0,1,0.059743624,0.0,0.52040267,0.41932753,0.0,2,financial_risk
2022-11-03,The_Business_Times,0,0,1,0,0,1,0.38992363,0.0,0.0,0.60880023,0.0,3,financial_risk
2022-03-29,Thomson_Reuters,0,1,1,0,0,1,0.06643211,0.0,0.07198235,0.8612607,0.0,3,demand_side
2022-09-02,Financial_Times,0,0,1,0,0,1,0.9604529,0.0,0.01544411,0.023987582,0.0,0,financial_risk
2022-04-27,Financial_Times,0,0,1,0,0,2,0.32529214,0.0,0.28800675,0.38642144,0.0,3,natural_factor
2023-03-01,The_Business_Times,0,0,2,0,0,1,0.36709002,0.0,0.0,0.6321291,0.0,3,financial_risk
2022-11-23,The_Business_Times,0,0,2,1,0,1,0.54062647,0.0,0.0,0.45866016,0.0,0,financial_risk
2023-01-05,The_Business_Times,0,0,0,0,0,1,0.5389389,0.0,0.078398235,0.3741466,0.0,0,natural_factor
2022-10-26,JoongAng_Daily,0,1,0,0,0,1,0.66722214,0.0,0.0,0.08499362,0.24667507,0,demand_side
2022-10-08,The_Business_Times,0,0,0,0,0,1,0.978406,0.0,0.0,0.011679847,0.0,0,natural_factor
2023-01-12,The_Business_Times,0,0,0,0,0,1,0.99921465,0.0,0.0,0.0,0.0,0,natural_factor
2022-06-18,JoongAng_Daily,0,0,1,0,0,2,0.84697247,0.0,0.0,0.11572931,0.0370881,0,natural_factor
2023-03-13,Bangkok_Post,1,0,0,1,0,1,0.93898886,0.0,0.0,0.060480528,0.0,0,supply_side
2023-02-01,Financial_Times,0,0,0,0,0,1,0.120360956,0.0,0.7560119,0.12336919,0.0,2,natural_factor
2022-04-25,The_Business_Times,0,0,1,0,0,1,0.8502601,0.0,0.1124928,0.0,0.03691965,0,financial_risk
2023-06-10,Bangkok_Post,1,0,0,0,0,1,0.89377683,0.0,0.0,0.01589533,0.08982973,0,supply_side
2022-08-17,Financial_Times,0,0,3,0,0,1,0.34055343,0.0,0.6089364,0.049132027,0.0,2,financial_risk
2022-01-14,Financial_Times,1,0,0,0,0,1,0.883918,0.0,0.0,0.11494502,0.0,0,supply_side
2022-12-15,Manila_Bulletin,0,0,0,0,0,1,0.8051523,0.0,0.0,0.1457958,0.04831229,0,natural_factor
2022-11-24,Manila_Bulletin,0,0,0,0,4,1,0.93502694,0.0,0.017282793,0.0,0.0474315,0,esg_regulation
2023-01-31,Financial_Times,0,0,0,0,0,1,0.0,0.0,0.8278699,0.17144528,0.0,2,natural_factor
2023-01-17,Financial_Times,2,0,1,0,0,1,0.94784456,0.0,0.046690557,0.0,0.0,0,supply_side
2023-06-01,Financial_Times,1,0,0,0,0,1,0.89719456,0.0,0.044555433,0.0,0.05804013,0,supply_side
2022-03-01,New_Strait_Times,0,0,0,0,0,2,0.9327314,0.0,0.06671203,0.0,0.0,0,natural_factor
2022-05-06,The_Business_Times,1,0,0,0,0,2,0.9875593,0.0,0.0,0.011670996,0.0,0,natural_factor
2023-02-06,The_Business_Times,0,0,0,0,0,1,0.64642555,0.0,0.0,0.3525953,0.0,0,natural_factor
2023-05-30,Thomson_Reuters,0,0,1,0,0,1,0.09234741,0.0,0.274198,0.62351185,0.0,3,financial_risk
2022-11-26,The_Business_Times,0,0,0,0,0,1,0.8736735,0.0,0.0,0.12586065,0.0,0,natural_factor
2022-01-27,Financial_Times,7,3,4,0,1,2,0.2312054,0.0,0.09997861,0.5706287,0.09814927,3,supply_side
2023-01-18,Thomson_Reuters,1,0,1,0,0,1,0.21082614,0.0,0.083652824,0.70515025,0.0,3,supply_side
2023-01-16,The_Business_Times,0,0,0,0,0,1,0.8726041,0.0,0.12637854,0.0,0.0,0,natural_factor
2023-01-20,Thomson_Reuters,0,0,0,0,0,1,0.15871188,0.0,0.8405204,0.0,0.0,2,natural_factor
2023-05-31,The_Business_Times,0,0,2,0,0,1,0.3606809,0.0,0.0,0.63844806,0.0,3,financial_risk
2023-05-19,The_Business_Times,0,0,0,0,0,1,0.808337,0.0,0.0,0.043830976,0.14684254,0,natural_factor
2022-11-08,Nikkei_Asia,0,0,0,0,0,1,0.9690989,0.0,0.02985152,0.0,0.0,0,natural_factor
2022-04-01,The_Wall_Street_Journal,0,0,0,0,0,1,0.62544894,0.0,0.23163098,0.13720836,0.0,0,natural_factor
2023-05-12,The_Wall_Street_Journal,0,0,0,0,0,1,0.14568141,0.0,0.8535477,0.0,0.0,2,natural_factor
2022-10-12,South_China_Morning_Post,0,0,0,0,0,1,0.67055255,0.0,0.0,0.32902113,0.0,0,natural_factor
2022-10-13,The_Wall_Street_Journal,0,0,0,0,0,1,0.7743218,0.0,0.0,0.2250608,0.0,0,natural_factor
2022-11-28,The_Strait_Times,1,0,0,0,0,2,0.8215059,0.0,0.028750317,0.14961572,0.0,0,natural_factor
2022-03-07,The_Wall_Street_Journal,0,0,0,2,1,1,0.113078326,0.0,0.46254677,0.37485343,0.044846598,2,geopolitical_risk
2023-03-08,The_Strait_Times,1,0,0,0,1,1,0.81087315,0.0,0.16891684,0.016699782,0.0,0,supply_side
2023-01-19,Channel_News_Asia,0,0,0,0,0,1,0.96133727,0.0104881935,0.0,0.0,0.027313955,0,natural_factor
2022-10-07,Nikkei_Asia,1,0,0,1,0,1,0.7340683,0.0,0.17344914,0.07511035,0.0173052,0,supply_side
2022-09-07,The_Strait_Times,0,0,0,0,0,1,0.66215384,0.012045486,0.27463046,0.0,0.05068101,0,natural_factor
2022-10-18,Nikkei_Asia,1,1,0,0,0,1,0.8828357,0.0,0.0,0.0,0.11649875,0,supply_side
2022-05-23,The_Wall_Street_Journal,1,0,0,0,0,1,0.6219562,0.0,0.0,0.37739566,0.0,0,supply_side
2022-04-08,The_Wall_Street_Journal,1,0,0,0,0,1,0.31571665,0.0,0.29970905,0.38429987,0.0,3,supply_side
2023-04-11,The_Wall_Street_Journal,0,0,1,0,0,1,0.74301964,0.0,0.0,0.25626686,0.0,0,financial_risk
2022-08-30,The_Wall_Street_Journal,0,1,1,0,0,1,0.35335442,0.0,0.0,0.6459895,0.0,3,demand_side
2023-04-27,Nikkei_Asia,1,1,0,0,0,1,0.8727473,0.0,0.0,0.12673539,0.0,0,supply_side
2022-12-23,The_Strait_Times,1,1,0,1,0,1,0.86168027,0.0,0.03088657,0.08168621,0.025688514,0,supply_side
2022-04-30,The_Wall_Street_Journal,0,0,1,0,0,1,0.2669932,0.0,0.0,0.72617805,0.0,3,financial_risk
2022-12-20,Nikkei_Asia,1,0,0,0,0,1,0.9512134,0.0,0.0,0.048314996,0.0,0,supply_side
2022-06-01,The_Wall_Street_Journal,0,0,0,0,0,1,0.54894096,0.0,0.08335434,0.36743316,0.0,0,natural_factor
2022-02-28,The_Wall_Street_Journal,0,0,1,1,0,1,0.44497526,0.0,0.0,0.5544192,0.0,3,financial_risk
2023-05-12,Channel_News_Asia,0,0,0,0,0,1,0.0,0.0,0.9949099,0.0,0.0,2,natural_factor
2022-10-19,The_Wall_Street_Journal,0,0,0,1,0,1,0.96391284,0.025163231,0.010718272,0.0,0.0,0,geopolitical_risk
2022-11-25,The_Strait_Times,0,0,0,0,0,1,0.8144468,0.0,0.0,0.18489175,0.0,0,natural_factor
2023-02-17,The_Strait_Times,0,0,0,0,0,2,0.9377065,0.0,0.056896303,0.0,0.0,0,natural_factor
2022-03-28,The_Wall_Street_Journal,1,0,0,0,0,1,0.75679535,0.0,0.0,0.24235219,0.0,0,supply_side
2023-01-06,Taipei_Times,0,0,0,0,0,1,0.7310665,0.0,0.11024295,0.11000878,0.048536662,0,natural_factor
2022-03-10,Channel_News_Asia,0,0,0,0,0,1,0.36661035,0.0,0.5611458,0.04036507,0.03171912,2,natural_factor
2022-08-25,Nikkei_Asia,0,0,0,0,0,1,0.544211,0.0,0.34623235,0.07348751,0.0358962,0,natural_factor
2023-02-28,Channel_News_Asia,0,1,2,0,0,1,0.26251963,0.0,0.14879207,0.57395995,0.0,3,financial_risk
2022-08-26,The_Wall_Street_Journal,0,1,3,0,0,1,0.15499477,0.0,0.0,0.84461373,0.0,3,financial_risk
2023-06-08,Channel_News_Asia,0,0,0,1,0,1,0.40293732,0.0,0.45254052,0.06278088,0.08165414,2,geopolitical_risk
2022-11-02,The_Jakarta_Post,0,1,1,0,0,1,0.83422595,0.0,0.03322737,0.0,0.12265024,0,demand_side
2023-03-28,The_Strait_Times,0,0,1,0,0,1,0.90176255,0.0,0.09783451,0.0,0.0,0,financial_risk
2023-04-12,Channel_News_Asia,0,0,0,0,0,1,0.063262165,0.0,0.73547107,0.2006811,0.0,2,natural_factor
2023-03-15,The_Strait_Times,1,0,1,0,0,2,0.7476851,0.0,0.17070451,0.0,0.081436105,0,natural_factor
2023-04-10,Channel_News_Asia,1,0,0,0,0,1,0.58935314,0.0,0.0,0.4095521,0.0,0,supply_side
2022-04-04,The_Wall_Street_Journal,1,0,0,0,0,2,0.99133736,0.0,0.0,0.0,0.0,0,natural_factor
2022-08-31,The_Wall_Street_Journal,0,0,0,0,0,1,0.5506213,0.0,0.0,0.44860718,0.0,0,natural_factor
2023-06-09,Channel_News_Asia,0,0,1,0,0,1,0.26739275,0.0,0.6169688,0.11525577,0.0,2,financial_risk
2023-01-21,Channel_News_Asia,0,0,0,0,0,1,0.17382446,0.0,0.8252897,0.0,0.0,2,natural_factor
2022-04-20,Nikkei_Asia,1,1,0,0,0,1,0.8626424,0.0,0.0,0.06446705,0.071998164,0,supply_side
2023-04-26,The_Wall_Street_Journal,0,0,0,0,0,1,0.9002587,0.0,0.0992887,0.0,0.0,0,natural_factor
2022-09-9,South_China_Morning_Post,0,1,0,0,0,1,0.6355409,0.0,0.105684,0.01273555,0.24588983,0,demand_side
2022-05-12,Nikkei_Asia,1,1,1,0,0,1,0.7762552,0.0,0.0,0.22321083,0.0,0,supply_side
2022-10-11,The_Strait_Times,1,1,0,1,0,1,0.6862852,0.0,0.0,0.3127729,0.0,0,supply_side
2023-03-15,Nikkei_Asia,1,1,2,0,0,1,0.7108711,0.0,0.0,0.17137475,0.117369525,0,financial_risk
2023-05-31,Nikkei_Asia,1,1,0,0,0,1,0.8691557,0.0,0.0,0.08466937,0.045771547,0,supply_side
2022-05-1,South_China_Morning_Post,0,0,0,0,0,3,0.4227187,0.0,0.14796732,0.42915738,0.0,3,natural_factor
2023-06-08,The_Strait_Times,0,0,0,1,0,1,0.40912798,0.0,0.46541834,0.045157112,0.08021386,2,geopolitical_risk
2022-10-21,The_Wall_Street_Journal,0,0,0,0,0,1,0.86069226,0.0,0.031292453,0.107353374,0.0,0,natural_factor
2022-06-17,The_Wall_Street_Journal,0,0,2,0,0,1,0.13382131,0.0,0.23787816,0.62807053,0.0,3,financial_risk
2022-02-15,The_Wall_Street_Journal,0,0,0,0,1,1,0.99758345,0.0,0.0,0.0,0.0,0,esg_regulation
2023-02-28,Nikkei_Asia,0,0,0,1,0,1,0.5109395,0.0,0.28587136,0.20278259,0.0,0,geopolitical_risk
2022-02-13,The_Wall_Street_Journal,0,0,0,0,0,1,0.98627394,0.0,0.0,0.0,0.0,0,natural_factor
2023-01-05,Nikkei_Asia,1,0,0,0,0,1,0.9526718,0.0,0.0,0.0,0.046796206,0,supply_side
2023-04-14,Nikkei_Asia,0,0,0,0,0,1,0.68515474,0.0,0.0,0.3142883,0.0,0,natural_factor
2022-08-05,The_Jakarta_Post,1,0,0,1,0,1,0.5579466,0.0,0.0,0.42143336,0.020298261,0,supply_side
2023-01-12,The_Strait_Times,0,1,0,0,0,1,0.7686817,0.0,0.15094207,0.0,0.07599207,0,demand_side
2020-09-17,Financial_Times,0,0,0,0,0,1,0.33236244,0.0,0.60035604,0.06704265,0.0,2,natural_factor
2020-01-24,Financial_Times,0,0,0,1,0,1,0.16916242,0.0,0.7862161,0.04449328,0.0,2,geopolitical_risk
2020-02-28,Thomson_Reuters,1,1,0,0,0,1,0.22420757,0.0,0.0,0.7752589,0.0,3,supply_side
2020-05-08,Financial_Times,1,0,2,0,0,1,0.20145705,0.0,0.7609866,0.037440166,0.0,2,financial_risk
2020-06-30,Financial_Times,0,0,0,0,0,1,0.8096924,0.0,0.17156267,0.018446421,0.0,0,natural_factor
2020-05-21,Thomson_Reuters,1,0,0,0,0,1,0.31494424,0.0,0.1371245,0.5470748,0.0,3,supply_side
2020-02-04,Financial_Times,0,0,0,0,0,1,0.48105818,0.0,0.3327352,0.18578945,0.0,0,natural_factor
2021-02-08,Financial_Times,0,1,0,0,0,1,0.55750906,0.0,0.21612988,0.21836056,0.0,0,demand_side
2021-07-22,Financial_Times,0,0,0,0,0,1,0.0,0.0,0.99917233,0.0,0.0,2,natural_factor
2020-04-01,Financial_Times,0,0,3,0,0,1,0.22387153,0.0,0.710656,0.065327704,0.0,2,financial_risk
2021-10-27,New_Strait_Times,0,0,0,0,0,1,0.30309668,0.17403778,0.52091265,0.0,0.0,2,natural_factor
2020-02-16,The_Wall_Street_Journal,0,0,0,0,1,3,0.6186214,0.0,0.2378351,0.0,0.13900618,0,natural_factor
2020-10-22,Financial_Times,0,0,0,1,0,1,0.8293898,0.0,0.11313809,0.05726777,0.0,0,geopolitical_risk
2021-04-16,Financial_Times,1,0,0,0,0,2,0.35891822,0.0,0.614011,0.026944436,0.0,2,natural_factor
2020-02-24,Thomson_Reuters,0,0,0,0,0,1,0.14303143,0.0,0.35816866,0.49832326,0.0,3,natural_factor
2020-10-13,The_Wall_Street_Journal,1,0,0,0,3,1,0.7229837,0.0,0.13708968,0.049324665,0.09051673,0,esg_regulation
2020-02-17,Thomson_Reuters,1,0,1,0,0,1,0.16900215,0.0,0.6779241,0.1528044,0.0,2,supply_side
2020-02-24,The_Wall_Street_Journal,0,0,0,0,0,1,0.044672012,0.0,0.5142206,0.44081652,0.0,2,natural_factor
2020-01-24,The_Wall_Street_Journal,0,2,0,0,0,1,0.5809466,0.0,0.13761325,0.2539932,0.027373077,0,demand_side
2021-05-07,Channel_News_Asia,0,0,0,1,0,1,0.6860923,0.0,0.1986613,0.0,0.114837885,0,geopolitical_risk
2020-05-05,New_Strait_Times,0,0,1,0,0,1,0.036100302,0.0,0.54756707,0.23706123,0.17913932,2,financial_risk
2020-01-22,Thomson_Reuters,0,0,0,0,0,1,0.0,0.0,0.99458826,0.0,0.0,2,natural_factor
2021-04-13,Financial_Times,0,0,0,0,0,1,0.5840214,0.0,0.33237812,0.07497143,0.0,0,natural_factor
2021-06-06,Financial_Times,1,0,0,2,0,1,0.8530513,0.0,0.042735066,0.10385745,0.0,0,geopolitical_risk
2020-07-19,The_Wall_Street_Journal,1,0,0,0,0,2,0.39962885,0.0,0.0,0.5998635,0.0,3,natural_factor
2020-07-07,New_Strait_Times,0,0,0,0,2,1,0.88159245,0.0,0.033659972,0.0,0.084280215,0,esg_regulation
2021-10-05,Financial_Times,1,0,0,0,0,2,0.7553686,0.0,0.0,0.041249618,0.20311381,0,natural_factor
2021-10-08,The_Strait_Times,0,0,0,0,0,1,0.29728073,0.0,0.6496865,0.052663982,0.0,2,natural_factor
2020-11-11,Financial_Times,1,1,0,1,0,1,0.7538633,0.0,0.21794067,0.0,0.020031344,0,supply_side
2021-04-19,Financial_Times,0,0,0,0,0,2,0.083612345,0.0,0.22681083,0.26193315,0.4275411,4,natural_factor
2021-05-20,The_Wall_Street_Journal,0,0,0,0,0,2,0.7362436,0.0,0.2632723,0.0,0.0,0,natural_factor
2020-05-22,Viet_Nam_News,0,0,0,0,0,3,0.83083546,0.0,0.0,0.0,0.16827798,0,natural_factor
2020-05-01,New_Strait_Times,0,0,1,0,0,1,0.19134781,0.0,0.59865177,0.0,0.20958202,2,financial_risk
2020-11-25,Financial_Times,0,0,0,0,0,1,0.5721537,0.0,0.34730318,0.06806625,0.012401289,0,natural_factor
2021-04-22,The_Strait_Times,1,0,0,0,0,3,0.8971982,0.0,0.05916644,0.04348731,0.0,0,natural_factor
2020-01-06,The_Wall_Street_Journal,0,0,1,0,0,1,0.0,0.0,0.8385826,0.16060895,0.0,2,financial_risk
2021-06-09,Financial_Times,0,1,0,0,0,2,0.8947461,0.016601335,0.077866964,0.0,0.010725186,0,natural_factor
2020-05-24,Financial_Times,0,1,0,0,0,1,0.15655854,0.0,0.4737886,0.36951062,0.0,2,demand_side
2020-08-13,Financial_Times,1,0,0,1,0,1,0.7299205,0.0,0.23720722,0.032573685,0.0,0,supply_side
2021-05-27,The_Wall_Street_Journal,0,0,0,0,0,1,0.5905803,0.0,0.0,0.4088524,0.0,0,natural_factor
2021-05-28,Thomson_Reuters,0,0,0,0,0,1,0.49134892,0.0,0.0,0.5075277,0.0,3,natural_factor
2021-10-12,South_China_Morning_Post,0,0,2,0,0,1,0.59924144,0.0,0.14918254,0.25132447,0.0,0,financial_risk
2020-03-03,Thomson_Reuters,0,0,1,0,0,1,0.10613394,0.0,0.8170639,0.07634059,0.0,2,financial_risk
2021-04-19,Viet_Nam_News,0,0,0,0,0,1,0.5973829,0.0,0.18442985,0.0,0.21726957,0,natural_factor
2020-05-04,Financial_Times,0,0,0,0,0,1,0.33244103,0.0,0.6668001,0.0,0.0,2,natural_factor
2021-04-30,Thomson_Reuters,0,0,0,0,0,1,0.08467964,0.0,0.7581625,0.15686914,0.0,2,natural_factor
2020-11-05,Thomson_Reuters,0,0,0,0,0,1,0.043350846,0.0,0.70171267,0.2535373,0.0,2,natural_factor
2020-12-03,The_Wall_Street_Journal,1,0,1,0,0,1,0.32448873,0.0,0.0,0.6648971,0.0,3,supply_side
2020-02-20,Thomson_Reuters,0,0,0,0,0,1,0.07440135,0.0,0.81538993,0.109660715,0.0,2,natural_factor
2020-03-05,Thomson_Reuters,0,0,0,0,0,1,0.030662218,0.0,0.8142004,0.15430245,0.0,2,natural_factor
2021-09-28,Thomson_Reuters,0,0,0,0,0,1,0.0,0.0,0.99738145,0.0,0.0,2,natural_factor
2020-01-31,Financial_Times,0,1,0,0,1,1,0.9640391,0.0,0.0,0.035465676,0.0,0,demand_side
2020-12-28,Viet_Nam_News,0,0,0,0,0,1,0.5469301,0.0,0.0,0.0,0.45188257,0,natural_factor
2021-09-03,Financial_Times,0,0,0,0,0,1,0.0602012,0.0,0.8051325,0.13454533,0.0,2,natural_factor
2020-02-10,Thomson_Reuters,0,0,0,0,0,1,0.0,0.0,0.3737187,0.6191313,0.0,3,natural_factor
2021-06-07,The_Strait_Times,0,0,0,0,0,2,0.77595526,0.0,0.15451811,0.042946946,0.016607493,0,natural_factor
2021-04-12,Thomson_Reuters,2,1,0,0,0,1,0.0,0.0,0.0,0.9985186,0.0,3,supply_side
2021-05-29,The_Wall_Street_Journal,0,0,0,0,0,1,0.5354476,0.0,0.0,0.4638431,0.0,0,natural_factor
2020-11-25,The_Wall_Street_Journal,0,0,0,0,0,1,0.33646616,0.0,0.0,0.66233206,0.0,3,natural_factor
2021-07-06,Financial_Times,0,0,0,0,0,1,0.93437076,0.0,0.0,0.047788955,0.0175187,0,natural_factor
2020-07-09,Thomson_Reuters,0,0,0,1,0,1,0.0,0.0,0.99820554,0.0,0.0,2,geopolitical_risk
2020-04-01,The_Wall_Street_Journal,0,0,0,0,0,1,0.19647212,0.0,0.65771824,0.14549637,0.0,2,natural_factor
2020-02-25,Financial_Times,1,0,0,1,0,1,0.55321807,0.0,0.13651033,0.30974704,0.0,0,supply_side
2021-06-01,The_Business_Times,0,0,0,0,0,1,0.5408464,0.0,0.0,0.45854807,0.0,0,natural_factor
2020-01-10,Financial_Times,0,0,1,0,0,1,0.5486856,0.028136594,0.41307938,0.010044494,0.0,0,financial_risk
2021-11-25,The_Strait_Times,1,1,1,0,0,1,0.16268547,0.0,0.0,0.83668125,0.0,3,supply_side
2020-04-06,Financial_Times,0,0,0,0,0,1,0.80737895,0.0,0.18770894,0.0,0.0,0,natural_factor
2021-04-12,Viet_Nam_News,0,0,0,0,0,1,0.8076206,0.0,0.0,0.075111635,0.11633621,0,natural_factor
2021-02-09,Financial_Times,0,0,0,0,0,1,0.0,0.0,0.99908847,0.0,0.0,2,natural_factor
2021-11-26,The_Wall_Street_Journal,1,0,0,0,0,1,0.97617555,0.023313867,0.0,0.0,0.0,0,supply_side
2020-03-11,Thomson_Reuters,0,0,0,0,0,1,0.4237181,0.0,0.5755342,0.0,0.0,2,natural_factor
2020-02-27,Thomson_Reuters,1,0,0,0,0,1,0.25927937,0.0,0.0,0.7401101,0.0,3,supply_side
2021-02-09,Channel_News_Asia,0,0,0,0,0,1,0.0,0.0,0.9984127,0.0,0.0,2,natural_factor
2020-04-01,Thomson_Reuters,0,0,0,0,0,1,0.0,0.0,0.70986646,0.27930847,0.0,2,natural_factor
2020-08-13,The_Wall_Street_Journal,0,0,0,0,0,1,0.7099438,0.0,0.0,0.2890866,0.0,0,natural_factor
2020-02-21,Thomson_Reuters,0,0,0,0,0,1,0.0,0.0,0.9406699,0.057397626,0.0,2,natural_factor
2020-01-24,Financial_Times,0,0,0,0,0,1,0.7173667,0.022044873,0.22359411,0.036862988,0.0,0,natural_factor
2020-09-11,The_Wall_Street_Journal,0,0,0,0,0,1,0.2731723,0.0,0.59843576,0.1279622,0.0,2,natural_factor
2021-01-18,The_Strait_Times,0,0,0,0,0,2,0.97083753,0.0,0.0,0.028581413,0.0,0,natural_factor
2020-03-05,The_Wall_Street_Journal,0,0,0,0,0,1,0.19544137,0.0,0.695467,0.10875256,0.0,2,natural_factor
2020-10-06,Financial_Times,0,0,0,1,0,1,0.9252791,0.0,0.0,0.0738901,0.0,0,geopolitical_risk
2020-07-10,The_Wall_Street_Journal,0,0,0,0,0,1,0.88064253,0.0,0.0,0.11830481,0.0,0,natural_factor
2021-10-26,The_Wall_Street_Journal,1,0,0,0,0,1,0.7928861,0.0,0.0,0.20005232,0.0,0,supply_side
2020-09-30,Thomson_Reuters,0,0,0,0,0,1,0.053639587,0.0,0.52603406,0.41951013,0.0,2,natural_factor
2020-04-01,The_Wall_Street_Journal,1,0,1,0,0,2,0.2683037,0.0,0.08128045,0.6502091,0.0,3,natural_factor
2020-01-21,The_Wall_Street_Journal,0,0,0,0,0,1,0.06230915,0.0,0.86291355,0.07436381,0.0,2,natural_factor
2020-03-02,Financial_Times,0,0,1,0,0,1,0.19266875,0.0,0.3863448,0.42057946,0.0,3,financial_risk
2020-03-31,The_Wall_Street_Journal,1,0,0,0,0,1,0.8225741,0.0,0.13162713,0.0,0.045437243,0,supply_side
2020-08-21,The_Wall_Street_Journal,2,0,0,0,0,2,0.21686162,0.0,0.0,0.7826284,0.0,3,supply_side
2020-03-18,The_Wall_Street_Journal,1,0,0,0,0,1,0.9049264,0.0,0.0,0.09465512,0.0,0,supply_side
2020-01-09,Thomson_Reuters,0,0,0,0,0,1,0.0,0.0,0.9263892,0.07149131,0.0,2,natural_factor
2020-03-01,Financial_Times,0,0,1,0,0,1,0.2794451,0.0,0.62533736,0.09506902,0.0,2,financial_risk
2020-07-14,New_Strait_Times,0,0,0,0,0,1,0.8492899,0.0,0.120910026,0.0,0.029447626,0,natural_factor
2021-07-25,The_Strait_Times,0,1,0,0,0,1,0.8291444,0.0,0.16678137,0.0,0.0,0,demand_side
2021-05-08,Thomson_Reuters,0,0,0,1,0,1,0.6832278,0.0,0.20083757,0.0,0.11552488,0,geopolitical_risk
2021-12-14,Financial_Times,2,2,0,1,0,4,0.9000174,0.0,0.01296269,0.06744223,0.018635632,0,natural_factor
2020-02-23,Financial_Times,0,0,2,0,0,2,0.22595367,0.0,0.5256762,0.22712971,0.021208262,2,financial_risk
2020-04-13,The_Wall_Street_Journal,1,0,0,0,0,1,0.7684789,0.0,0.0,0.2306972,0.0,0,supply_side
2021-02-09,Channel_News_Asia,1,0,1,0,0,2,0.79835355,0.0,0.07585372,0.0,0.12562086,0,natural_factor
2021-02-24,The_Wall_Street_Journal,3,0,0,0,0,3,0.21275745,0.0,0.2044061,0.43069193,0.15209204,3,supply_side
2020-03-31,The_Wall_Street_Journal,0,0,1,0,0,1,0.5873874,0.0,0.2585541,0.15353967,0.0,0,financial_risk
2021-09-13,Financial_Times,0,1,0,0,0,2,0.40590468,0.0,0.55060726,0.036498893,0.0,2,natural_factor
2021-06-07,Financial_Times,1,0,0,0,0,2,0.47636873,0.0,0.44921863,0.039900113,0.034472253,0,natural_factor
2021-08-31,The_Wall_Street_Journal,1,0,0,0,0,1,0.9658985,0.0,0.0,0.0334375,0.0,0,supply_side
2021-08-26,The_Wall_Street_Journal,0,0,0,0,0,1,0.6390144,0.0,0.0,0.3603206,0.0,0,natural_factor
2020-11-22,Financial_Times,0,0,0,0,2,1,0.2865239,0.0,0.2829495,0.40146247,0.029027248,3,esg_regulation
2021-10-18,Viet_Nam_News,0,0,0,0,2,1,0.5805363,0.0,0.14477287,0.03928777,0.23533909,0,esg_regulation
2021-08-26,Financial_Times,0,0,2,4,0,1,0.3670406,0.0,0.5423604,0.07723359,0.013316549,2,geopolitical_risk
2020-02-11,Financial_Times,0,0,0,0,1,2,0.3601748,0.0,0.53851557,0.06519417,0.0360747,2,natural_factor
2020-01-27,The_Wall_Street_Journal,0,0,0,0,0,2,0.853695,0.017057598,0.109691925,0.014292723,0.0,0,natural_factor
2020-03-27,The_Wall_Street_Journal,0,0,0,0,0,1,0.8244297,0.0,0.16936201,0.0,0.0,0,natural_factor
2021-04-30,Channel_News_Asia,1,2,1,1,0,1,0.95342976,0.0,0.0,0.014622228,0.031765286,0,demand_side
2020-02-05,The_Jakarta_Post,0,1,0,0,0,1,0.6715323,0.0,0.011868337,0.31596595,0.0,0,demand_side
2020-05-11,The_Wall_Street_Journal,0,0,0,0,0,1,0.92743516,0.024507353,0.047792517,0.0,0.0,0,natural_factor
2021-01-08,Financial_Times,2,0,0,0,0,1,0.67735034,0.0,0.09712273,0.22524095,0.0,0,supply_side
2021-05-28,Financial_Times,1,0,0,0,0,1,0.7147684,0.0,0.18757045,0.070079885,0.027495693,0,supply_side
2020-07-27,The_Jakarta_Post,0,0,1,1,0,1,0.88492084,0.0,0.0,0.0,0.11461277,0,financial_risk
2020-05-23,New_Strait_Times,0,0,0,0,0,1,0.8912375,0.0101340385,0.073756814,0.0,0.024618542,0,natural_factor
2021-04-21,The_Strait_Times,0,0,0,1,0,1,0.62834215,0.0,0.37114987,0.0,0.0,0,geopolitical_risk
2020-09-24,The_Wall_Street_Journal,0,0,0,0,0,1,0.9994629,0.0,0.0,0.0,0.0,0,natural_factor
2021-05-02,The_Wall_Street_Journal,0,1,0,0,0,1,0.9152858,0.054303147,0.029646154,0.0,0.0,0,demand_side
2020-03-02,The_Wall_Street_Journal,0,0,0,0,0,1,0.19508858,0.0,0.6108371,0.19338623,0.0,2,natural_factor
2021-03-02,The_Wall_Street_Journal,0,0,0,0,0,1,0.9994263,0.0,0.0,0.0,0.0,0,natural_factor
2020-02-10,Financial_Times,0,0,0,0,0,1,0.6447282,0.0,0.29053587,0.06045373,0.0,0,natural_factor
2021-10-13,The_Wall_Street_Journal,0,0,0,0,0,1,0.7799703,0.0,0.0,0.21914275,0.0,0,natural_factor
2020-06-19,New_Strait_Times,0,0,0,0,0,2,0.99405664,0.0,0.0,0.0,0.0,0,natural_factor
2021-07-05,The_Wall_Street_Journal,0,0,1,0,0,1,0.020295251,0.05808006,0.9215,0.0,0.0,2,financial_risk
2021-02-09,Financial_Times,0,0,1,0,0,1,0.23255798,0.0,0.64456964,0.12252724,0.0,2,financial_risk
2020-04-01,Financial_Times,0,0,0,1,0,1,0.7177202,0.0,0.23939568,0.042593464,0.0,0,geopolitical_risk
2020-01-23,The_Wall_Street_Journal,0,0,2,0,0,1,0.2235776,0.0,0.67703557,0.09898094,0.0,2,financial_risk
2021-03-24,The_Wall_Street_Journal,0,0,0,0,0,1,0.99951255,0.0,0.0,0.0,0.0,0,natural_factor
2020-05-28,The_Wall_Street_Journal,0,0,1,2,0,1,0.19371882,0.0,0.173318,0.6327029,0.0,3,geopolitical_risk
2021-09-24,Financial_Times,0,0,0,0,0,1,0.0,0.0,0.7785772,0.22060068,0.0,2,natural_factor
2020-04-06,Financial_Times,0,0,0,0,0,1,0.95200866,0.0,0.047330797,0.0,0.0,0,natural_factor
2020-11-15,Financial_Times,1,1,0,1,0,1,0.6090674,0.0,0.34045285,0.0,0.04599763,0,supply_side
2021-02-17,The_Wall_Street_Journal,0,0,0,0,0,1,0.5864039,0.0,0.32108274,0.09172271,0.0,0,natural_factor
2021-11-21,The_Wall_Street_Journal,0,0,0,0,0,1,0.9995004,0.0,0.0,0.0,0.0,0,natural_factor
2021-09-17,New_Strait_Times,0,0,0,0,0,1,0.2601822,0.0,0.70014113,0.010787076,0.028705742,2,natural_factor
2020-02-25,The_Wall_Street_Journal,0,0,0,0,0,1,0.31649387,0.0,0.047495153,0.6353901,0.0,3,natural_factor
2021-07-01,Channel_News_Asia,0,0,0,0,0,1,0.3778868,0.0,0.618978,0.0,0.0,2,natural_factor
2020-03-13,The_Wall_Street_Journal,0,0,0,0,0,1,0.58191323,0.0,0.15850416,0.25945854,0.0,0,natural_factor
2020-03-03,Financial_Times,1,0,0,0,0,1,0.83649224,0.0,0.017737534,0.14548463,0.0,0,supply_side
2020-10-26,Manila_Bulletin,0,1,0,0,0,1,0.9598029,0.0,0.0,0.039805334,0.0,0,demand_side
2021-08-27,The_Wall_Street_Journal,0,0,0,0,0,2,0.6380818,0.031585038,0.1356099,0.19454546,0.0,0,natural_factor
2020-05-21,The_Wall_Street_Journal,0,0,0,0,0,1,0.9821124,0.0,0.0,0.017328963,0.0,0,natural_factor
2020-09-17,Thomson_Reuters,3,0,1,0,0,1,0.0,0.0,0.29184368,0.707006,0.0,3,supply_side
2020-02-24,Financial_Times,0,0,0,0,0,1,0.1672075,0.0,0.7338761,0.07734859,0.02145713,2,natural_factor
2020-07-26,The_Wall_Street_Journal,0,0,0,0,0,1,0.992032,0.0,0.0,0.0,0.0,0,natural_factor
2021-05-05,Viet_Nam_News,0,0,1,0,0,1,0.6973243,0.0,0.12340552,0.1191033,0.059976295,0,financial_risk
2020-06-24,The_Wall_Street_Journal,0,0,0,0,0,1,0.88367474,0.0,0.0,0.11548953,0.0,0,natural_factor
2021-08-11,Financial_Times,0,0,0,1,0,2,0.691824,0.0,0.257943,0.03360428,0.016582966,0,natural_factor
2021-10-11,The_Strait_Times,0,0,1,0,3,2,0.7363984,0.0,0.033893324,0.0,0.22933249,0,esg_regulation
2021-09-23,The_Strait_Times,0,0,0,0,0,2,0.9992855,0.0,0.0,0.0,0.0,0,natural_factor
2021-10-08,Thomson_Reuters,0,0,0,0,0,1,0.09565964,0.0,0.4251516,0.47869816,0.0,3,natural_factor
2020-03-31,Thomson_Reuters,0,0,0,0,0,1,0.0,0.0,0.99448466,0.0,0.0,2,natural_factor
2020-05-28,The_Wall_Street_Journal,4,0,1,0,0,1,0.105144285,0.0,0.011229545,0.84524244,0.028447144,3,supply_side
2020-01-23,Financial_Times,0,0,1,0,0,1,0.37631053,0.017643498,0.5859853,0.019723684,0.0,2,financial_risk
2020-03-02,Thomson_Reuters,0,0,0,1,0,1,0.14169194,0.0,0.81196773,0.0,0.046178326,2,geopolitical_risk
2020-01-15,The_Wall_Street_Journal,0,0,0,0,0,1,0.8977581,0.0,0.0,0.10023204,0.0,0,natural_factor
2020-11-24,The_Wall_Street_Journal,0,0,0,0,0,1,0.5553707,0.0,0.0,0.43833205,0.0,0,natural_factor
2020-10-20,Financial_Times,0,0,0,0,0,1,0.716682,0.0,0.2827097,0.0,0.0,0,natural_factor
2021-11-11,The_Phnom_Penh_Post,0,0,0,0,0,1,0.8818936,0.0,0.0,0.0,0.11678638,0,natural_factor
2021-06-09,Financial_Times,0,1,0,0,0,2,0.89497256,0.016627934,0.07758605,0.0,0.010753048,0,natural_factor
2021-09-29,Financial_Times,1,1,0,0,3,1,0.736503,0.0,0.15184112,0.0,0.11146075,0,esg_regulation
2021-12-09,Financial_Times,0,0,0,0,0,1,0.14282778,0.0,0.843747,0.012887862,0.0,2,natural_factor
2020-02-23,Financial_Times,1,1,0,0,0,1,0.44111362,0.0,0.30831835,0.2502753,0.0,0,supply_side
2020-05-22,Channel_News_Asia,1,0,0,0,0,1,0.38430032,0.0,0.06326916,0.55167544,0.0,3,supply_side
2021-03-01,Viet_Nam_News,0,0,0,0,0,1,0.96585345,0.0,0.0,0.0326025,0.0,0,natural_factor
2020-09-15,Financial_Times,0,1,0,0,0,1,0.6632134,0.0,0.19833395,0.06472601,0.073680066,0,demand_side
2020-02-10,The_Wall_Street_Journal,0,0,0,0,0,1,0.09093217,0.0,0.77312267,0.13531272,0.0,2,natural_factor
2020-01-08,Financial_Times,0,0,0,0,0,1,0.9245731,0.0,0.066448875,0.0,0.0,0,natural_factor
2021-09-14,Financial_Times,1,1,0,0,0,1,0.79130125,0.0,0.0,0.18172382,0.026821032,0,supply_side
2020-09-09,The_Wall_Street_Journal,0,0,0,0,0,1,0.723344,0.0,0.27491605,0.0,0.0,0,natural_factor
2021-02-09,Thomson_Reuters,0,0,0,0,0,1,0.18764654,0.0,0.81086624,0.0,0.0,2,natural_factor
2020-10-20,The_Jakarta_Post,0,0,0,0,0,1,0.7530421,0.0,0.11712478,0.12944672,0.0,0,natural_factor
2020-07-10,Financial_Times,0,0,1,1,0,1,0.7901791,0.0,0.16753177,0.042026054,0.0,0,financial_risk
2020-12-01,The_Wall_Street_Journal,0,0,0,0,0,1,0.7798208,0.0,0.18037236,0.039605804,0.0,0,natural_factor
2020-03-13,Thomson_Reuters,0,0,0,0,0,1,0.061008025,0.0,0.84290314,0.09521924,0.0,2,natural_factor
2020-03-06,Financial_Times,0,0,2,0,0,2,0.31653425,0.0115386415,0.6308649,0.040975373,0.0,2,financial_risk
2021-09-07,The_Wall_Street_Journal,0,0,0,0,0,1,0.16469926,0.0,0.834974,0.0,0.0,2,natural_factor
2020-02-20,The_Wall_Street_Journal,0,0,0,0,0,1,0.7867175,0.0,0.0,0.21206115,0.0,0,natural_factor
2021-08-30,The_Wall_Street_Journal,0,0,0,1,0,1,0.84523594,0.0,0.15447815,0.0,0.0,0,geopolitical_risk
2021-10-12,Thomson_Reuters,0,0,0,0,0,1,0.4382447,0.0,0.40757388,0.15344857,0.0,0,natural_factor
2021-05-28,The_Wall_Street_Journal,0,0,0,0,0,2,0.51388353,0.0,0.15826958,0.31381315,0.013954747,0,natural_factor
2020-11-06,Channel_News_Asia,0,0,0,0,0,1,0.06451655,0.0,0.6316299,0.30260885,0.0,2,natural_factor
2021-04-10,Thomson_Reuters,2,0,0,0,0,1,0.5487589,0.0,0.2983619,0.15241586,0.0,0,supply_side
2021-03-14,The_Wall_Street_Journal,1,0,0,1,1,5,0.494684,0.0,0.30849335,0.13113569,0.065629505,0,natural_factor
2020-06-21,The_Wall_Street_Journal,0,0,0,0,0,1,0.5086784,0.0,0.49099898,0.0,0.0,0,natural_factor
2020-08-27,The_Wall_Street_Journal,0,0,0,0,0,1,0.9119609,0.0,0.0,0.08763146,0.0,0,natural_factor
2021-06-21,The_Wall_Street_Journal,1,0,1,0,0,1,0.7619472,0.0,0.0,0.23768507,0.0,0,supply_side
2020-12-07,The_Business_Times,1,0,1,0,0,1,0.84999543,0.0,0.0,0.14951639,0.0,0,supply_side
2020-04-20,The_Wall_Street_Journal,0,0,0,0,0,1,0.06864981,0.0,0.64928895,0.28166902,0.0,2,natural_factor
2021-02-01,Financial_Times,0,1,0,0,0,1,0.5611806,0.0,0.40691862,0.031629816,0.0,0,demand_side
2009-12-11,Financial_Times,0,0,0,0,0,1,0.91299605,0.0,0.033377174,0.053237397,0.0,0,natural_factor
2019-08-22,Financial_Times,0,0,0,2,0,1,0.7432751,0.0,0.20588923,0.033931974,0.016831612,0,geopolitical_risk
2019-11-17,Financial_Times,0,0,0,0,0,1,0.1187228,0.0,0.6418515,0.23891874,0.0,2,natural_factor
2015-10-14,Financial_Times,0,0,1,0,0,1,0.5266009,0.0,0.28621966,0.045676336,0.14147377,0,financial_risk
2019-10-05,Financial_Times,0,0,0,0,1,1,0.9186299,0.0,0.032451335,0.048591763,0.0,0,esg_regulation
2017-11-24,Financial_Times,0,0,0,0,0,1,0.68764436,0.0,0.30747592,0.0,0.0,0,natural_factor
2010-11-14,Financial_Times,0,0,0,0,0,1,0.9255366,0.0,0.013714791,0.06048756,0.0,0,natural_factor
2011-07-31,Financial_Times,0,0,0,0,0,1,0.9391826,0.015814647,0.044836976,0.0,0.0,0,natural_factor
2014-10-10,Financial_Times,0,0,0,0,0,1,0.50646347,0.0,0.37387684,0.119528115,0.0,0,natural_factor
2019-12-09,Financial_Times,1,0,0,2,0,1,0.80936396,0.0,0.08035654,0.09255679,0.017582498,0,geopolitical_risk
2014-03-27,Financial_Times,0,0,0,0,0,2,0.46106353,0.0,0.0,0.5383413,0.0,3,natural_factor
2019-03-28,Financial_Times,0,0,0,0,0,1,0.1656091,0.0,0.80724984,0.027043797,0.0,2,natural_factor
2019-12-10,Financial_Times,0,0,0,0,1,2,0.48749718,0.0,0.46865374,0.0,0.043697923,0,natural_factor
2010-08-24,Financial_Times,1,0,1,0,0,1,0.19251068,0.0,0.08127543,0.7028857,0.023264257,3,supply_side
2017-07-26,Financial_Times,1,0,0,0,1,1,0.53846484,0.0,0.4317916,0.0,0.029439118,0,supply_side
2018-04-02,Financial_Times,0,0,0,0,0,1,0.89192593,0.0,0.0,0.10690844,0.0,0,natural_factor
2010-08-09,Thomson_Reuters,0,0,1,0,0,1,0.07306201,0.0,0.08917564,0.83734256,0.0,3,financial_risk
2017-09-22,Financial_Times,0,0,0,0,0,1,0.46371317,0.0,0.531086,0.0,0.0,2,natural_factor
2017-05-23,The_Jakarta_Post,0,0,0,0,0,2,0.9299391,0.0,0.0,0.045970146,0.023026552,0,natural_factor
2005-03-30,The_Wall_Street_Journal,0,0,0,0,0,1,0.24954027,0.0,0.098098435,0.6520426,0.0,3,natural_factor
2013-11-27,The_Wall_Street_Journal,0,0,2,0,0,2,0.42557263,0.0,0.0,0.5734772,0.0,3,financial_risk
2016-06-22,The_Wall_Street_Journal,0,0,0,0,0,1,0.6842424,0.0,0.0,0.3143782,0.0,0,natural_factor
2010-02-25,The_Wall_Street_Journal,0,0,0,0,0,1,0.9970666,0.0,0.0,0.0,0.0,0,natural_factor
2014-10-15,Thomson_Reuters,0,0,0,0,0,1,0.20275383,0.0,0.58072865,0.21592058,0.0,2,natural_factor
2012-12-30,Thomson_Reuters,0,0,0,2,0,1,0.2327093,0.0,0.71223927,0.0,0.05481816,2,geopolitical_risk
2011-11-08,The_Wall_Street_Journal,0,0,0,0,0,2,0.35245433,0.0,0.4771022,0.12739822,0.042979773,2,natural_factor
2005-02-16,The_Wall_Street_Journal,0,0,0,0,0,1,0.79490346,0.0,0.17824368,0.026632302,0.0,0,natural_factor
2009-10-20,The_Wall_Street_Journal,0,0,0,0,0,1,0.2645743,0.0,0.4027839,0.33200288,0.0,2,natural_factor
2016-10-14,Thomson_Reuters,0,0,0,0,0,1,0.0,0.0,0.8292756,0.16985968,0.0,2,natural_factor
2010-05-29,The_Wall_Street_Journal,0,0,0,0,0,1,0.0,0.0507907,0.19846158,0.7501961,0.0,3,natural_factor
2011-09-19,The_Wall_Street_Journal,0,0,0,0,0,1,0.95668435,0.02233985,0.020604225,0.0,0.0,0,natural_factor
1999-08-03,The_Wall_Street_Journal,0,0,0,0,0,1,0.89111143,0.03493065,0.073781304,0.0,0.0,0,natural_factor
2017-06-20,Thomson_Reuters,2,0,0,0,0,1,0.0,0.0,0.33622962,0.6629413,0.0,3,supply_side
2011-01-27,The_Wall_Street_Journal,0,0,0,0,0,2,0.99946636,0.0,0.0,0.0,0.0,0,natural_factor
2012-06-04,The_Wall_Street_Journal,0,0,0,0,0,1,0.2996287,0.0,0.68877286,0.0,0.0112345,2,natural_factor
2011-05-30,Financial_Times,0,0,0,0,0,1,0.87564117,0.0,0.0,0.123821594,0.0,0,natural_factor
2013-12-18,Thomson_Reuters,0,0,0,0,0,1,0.64071083,0.0,0.358795,0.0,0.0,0,natural_factor
2016-10-14,Financial_Times,0,0,2,0,0,1,0.23837726,0.0,0.0,0.7581573,0.0,3,financial_risk
2011-10-14,The_Wall_Street_Journal,0,1,0,0,0,3,0.32746077,0.0,0.6670216,0.0,0.0,2,natural_factor
2017-07-26,The_Wall_Street_Journal,0,0,0,0,0,1,0.29427275,0.0,0.70395607,0.0,0.0,2,natural_factor
2018-05-18,Financial_Times,0,0,0,1,0,1,0.09023012,0.0,0.8376343,0.03483788,0.037253883,2,geopolitical_risk
2019-12-02,Thomson_Reuters,0,0,0,0,0,1,0.12157306,0.0,0.78676623,0.0,0.090549745,2,natural_factor
2019-10-10,Viet_Nam_News,0,0,0,0,0,1,0.8514025,0.0,0.017395288,0.0,0.13042912,0,natural_factor
2017-12-19,The_Wall_Street_Journal,0,0,0,0,0,1,0.8944191,0.0,0.104408115,0.0,0.0,0,natural_factor
2005-02-10,The_Wall_Street_Journal,0,0,0,0,0,1,0.0,0.0,0.9992753,0.0,0.0,2,natural_factor
2018-01-25,Thomson_Reuters,0,0,0,0,0,1,0.5559323,0.0,0.44278482,0.0,0.0,0,natural_factor
2002-03-12,The_Wall_Street_Journal,0,0,0,0,0,1,0.020627249,0.0,0.9123718,0.06682873,0.0,2,natural_factor
2013-04-08,Thomson_Reuters,0,1,0,0,0,1,0.0,0.0,0.0,0.99065393,0.0,3,demand_side
2018-08-24,The_Wall_Street_Journal,0,0,0,0,0,1,0.72941476,0.0,0.26934287,0.0,0.0,0,natural_factor
2017-10-06,Thomson_Reuters,0,0,0,0,0,1,0.5341637,0.0,0.29111546,0.11882411,0.055653457,0,natural_factor
2015-03-13,Thomson_Reuters,0,0,2,0,0,1,0.0,0.0,0.5398669,0.4589088,0.0,2,financial_risk
2005-11-02,The_Wall_Street_Journal,0,0,0,0,0,1,0.87639445,0.013851764,0.0,0.1094989,0.0,0,natural_factor
1999-11-03,The_Wall_Street_Journal,0,0,0,0,0,1,0.66036856,0.019262053,0.31990227,0.0,0.0,0,natural_factor
2010-08-19,Thomson_Reuters,0,0,2,0,0,1,0.032723017,0.0,0.03196532,0.93494296,0.0,3,financial_risk
2009-04-08,The_Wall_Street_Journal,0,0,0,0,0,1,0.9502176,0.044990223,0.0,0.0,0.0,0,natural_factor
2018-04-30,The_Wall_Street_Journal,0,0,0,0,0,1,0.0,0.0,0.98938817,0.0,0.0,2,natural_factor
2011-05-04,The_Wall_Street_Journal,0,0,1,0,0,1,0.8052336,0.0,0.10135835,0.0931688,0.0,0,financial_risk
2019-06-26,Financial_Times,0,0,0,0,0,1,0.054588076,0.0,0.944667,0.0,0.0,2,natural_factor
2010-04-16,The_Wall_Street_Journal,0,0,0,0,0,1,0.02277369,0.0,0.22136901,0.7550506,0.0,3,natural_factor
2019-07-28,Financial_Times,1,0,0,1,0,1,0.7696944,0.0,0.037368234,0.085610144,0.10727341,0,supply_side
2017-05-02,Thomson_Reuters,0,0,0,0,0,1,0.9288852,0.0,0.0,0.06906829,0.0,0,natural_factor
2009-11-13,Thomson_Reuters,0,0,0,0,0,1,0.59590364,0.0,0.10916757,0.294571,0.0,0,natural_factor
1999-03-26,The_Wall_Street_Journal,0,0,0,0,0,1,0.9781662,0.0,0.02166635,0.0,0.0,0,natural_factor
2019-12-09,Thomson_Reuters,0,0,1,0,0,1,0.0,0.0,0.7535269,0.22729822,0.017834108,2,financial_risk
2019-12-01,Thomson_Reuters,0,0,0,0,0,1,0.0,0.0,0.99717724,0.0,0.0,2,natural_factor
2008-04-02,The_Wall_Street_Journal,0,0,0,0,0,1,0.9713045,0.028248103,0.0,0.0,0.0,0,natural_factor
2004-02-13,The_Wall_Street_Journal,0,0,1,0,0,2,0.77969104,0.0,0.2197731,0.0,0.0,0,natural_factor
2008-02-20,The_Wall_Street_Journal,0,1,1,0,0,1,0.1869769,0.0,0.05239224,0.74567086,0.014869184,3,demand_side
2016-05-10,The_Wall_Street_Journal,0,0,0,0,0,1,0.9994852,0.0,0.0,0.0,0.0,0,natural_factor
2009-11-12,Thomson_Reuters,0,0,1,0,0,1,0.7837845,0.0,0.07086784,0.14505363,0.0,0,financial_risk
2002-05-01,The_Wall_Street_Journal,0,0,0,0,0,1,0.0,0.0,0.9818575,0.017763758,0.0,2,natural_factor
2001-01-04,The_Wall_Street_Journal,0,0,0,0,0,1,0.9993151,0.0,0.0,0.0,0.0,0,natural_factor
2018-01-22,Financial_Times,0,0,0,0,0,1,0.22423723,0.0,0.6314873,0.14375924,0.0,2,natural_factor
2005-05-24,The_Wall_Street_Journal,0,0,0,0,0,1,0.99491817,0.0,0.0,0.0,0.0,0,natural_factor
2016-08-23,The_Wall_Street_Journal,0,0,2,0,0,2,0.5139391,0.0,0.0,0.48504078,0.0,0,financial_risk
2007-05-11,The_Wall_Street_Journal,1,0,0,0,0,1,0.5184906,0.0,0.39446613,0.060527027,0.0165472,0,supply_side
2004-01-13,The_Wall_Street_Journal,0,0,0,0,0,1,0.20096788,0.06532753,0.34791052,0.38192824,0.0,3,natural_factor
2017-02-17,Financial_Times,0,0,0,0,0,1,0.44647986,0.0,0.55310696,0.0,0.0,2,natural_factor
2013-01-22,The_Wall_Street_Journal,0,0,0,0,0,1,0.99740845,0.0,0.0,0.0,0.0,0,natural_factor
2019-06-07,Thomson_Reuters,0,0,0,0,0,1,0.0,0.0,0.9986862,0.0,0.0,2,natural_factor
2015-10-09,Thomson_Reuters,0,0,0,0,0,1,0.26025775,0.0,0.35063127,0.38883647,0.0,3,natural_factor
2019-11-22,The_Wall_Street_Journal,0,0,0,0,0,1,0.2453382,0.0,0.50762594,0.2467794,0.0,2,natural_factor
2015-09-25,Thomson_Reuters,0,0,0,0,0,1,0.0,0.0,0.8568478,0.14227173,0.0,2,natural_factor
2016-09-28,The_Wall_Street_Journal,0,0,0,0,0,1,0.8177999,0.0,0.18145557,0.0,0.0,0,natural_factor
2014-03-06,The_Wall_Street_Journal,0,0,1,0,0,1,0.6824137,0.019573148,0.29764745,0.0,0.0,0,financial_risk
2010-02-17,Thomson_Reuters,0,1,0,0,0,1,0.0,0.0,0.0,0.99903816,0.0,3,demand_side
2009-03-11,Thomson_Reuters,0,0,0,0,0,1,0.08096374,0.0,0.17058949,0.7480603,0.0,3,natural_factor
2019-05-23,The_Wall_Street_Journal,0,0,0,0,0,1,0.8143818,0.0,0.08715836,0.098017916,0.0,0,natural_factor
2016-01-27,The_Jakarta_Post,2,0,0,1,0,1,0.20738389,0.0,0.55318177,0.16047086,0.078910224,2,supply_side
2012-03-29,Thomson_Reuters,0,0,0,0,0,1,0.76436,0.0,0.16075394,0.068588726,0.0,0,natural_factor
2006-03-08,The_Wall_Street_Journal,0,0,0,0,0,2,0.2810663,0.013849368,0.68814325,0.0,0.0118604,2,natural_factor
2018-01-24,Thomson_Reuters,0,0,0,0,0,1,0.55592847,0.0,0.44278863,0.0,0.0,0,natural_factor
2019-04-10,The_Wall_Street_Journal,0,0,0,0,0,1,0.73238057,0.0,0.0,0.26669538,0.0,0,natural_factor
2019-12-11,Channel_News_Asia,0,0,0,0,0,2,0.89894384,0.0,0.09660807,0.0,0.0,0,natural_factor
2012-10-18,Thomson_Reuters,0,0,0,0,0,1,0.6233116,0.0,0.24541564,0.13048056,0.0,0,natural_factor
2014-10-07,Thomson_Reuters,0,0,0,0,0,1,0.0,0.0,0.86708975,0.12877677,0.0,2,natural_factor
2012-11-14,Thomson_Reuters,0,0,0,0,0,1,0.14385004,0.0,0.70938915,0.0,0.1459328,2,natural_factor
2019-10-18,Thomson_Reuters,0,0,1,1,0,1,0.035924155,0.0,0.2496495,0.714172,0.0,3,financial_risk
2002-03-11,The_Wall_Street_Journal,0,0,0,0,0,2,0.56432503,0.0,0.42648962,0.0,0.0,0,natural_factor
2018-12-14,The_Jakarta_Post,0,0,0,0,0,1,0.06264527,0.0,0.8647378,0.0,0.07168106,2,natural_factor
2012-08-22,Thomson_Reuters,0,0,1,0,0,1,0.08101008,0.0,0.10871382,0.81001025,0.0,3,financial_risk
2016-01-21,Thomson_Reuters,0,0,0,0,0,1,0.109330535,0.0,0.66360724,0.050405823,0.17653455,2,natural_factor
2011-02-17,Financial_Times,0,0,0,0,0,1,0.68219626,0.0,0.026580004,0.2909636,0.0,0,natural_factor
2018-05-01,Financial_Times,0,0,0,0,0,1,0.0,0.0,0.99906695,0.0,0.0,2,natural_factor
2010-08-10,The_Wall_Street_Journal,0,0,0,0,0,1,0.2203415,0.0,0.352441,0.42697483,0.0,3,natural_factor
2015-12-15,The_Wall_Street_Journal,0,0,0,0,0,1,0.99952203,0.0,0.0,0.0,0.0,0,natural_factor
2016-06-20,Thomson_Reuters,0,0,0,0,0,1,0.21602751,0.0,0.06890238,0.71405274,0.0,3,natural_factor
2017-05-29,Thomson_Reuters,0,0,0,0,0,1,0.849202,0.0,0.0,0.15024276,0.0,0,natural_factor
2019-08-30,The_Wall_Street_Journal,0,0,0,0,0,1,0.35294363,0.0,0.0,0.6460473,0.0,3,natural_factor
2019-06-10,Financial_Times,1,0,0,1,0,3,0.8921859,0.0,0.0436305,0.030878695,0.033274837,0,natural_factor
2016-05-17,The_Wall_Street_Journal,0,0,0,0,0,1,0.9516245,0.0,0.040451363,0.0,0.0,0,natural_factor
2015-08-04,The_Wall_Street_Journal,0,0,0,0,0,1,0.9899073,0.0,0.0,0.0,0.0,0,natural_factor
2019-10-04,Financial_Times,0,0,0,0,0,1,0.5033929,0.0,0.10493997,0.39092377,0.0,0,natural_factor
2011-11-08,Thomson_Reuters,0,0,1,0,0,1,0.051275905,0.0,0.30439714,0.6436924,0.0,3,financial_risk
2011-09-26,The_Wall_Street_Journal,1,0,0,0,0,1,0.0,0.0,0.7487894,0.24998716,0.0,2,supply_side
2019-11-17,Thomson_Reuters,0,0,0,1,0,1,0.28870794,0.0,0.69382507,0.015160266,0.0,2,geopolitical_risk
2010-08-18,The_Wall_Street_Journal,0,0,0,0,0,1,0.448078,0.04698956,0.5030399,0.0,0.0,2,natural_factor
2019-12-13,Thomson_Reuters,0,0,0,0,0,1,0.0,0.0,0.9518967,0.04569673,0.0,2,natural_factor
2015-09-17,Thomson_Reuters,0,0,0,1,0,1,0.27434748,0.0,0.6515617,0.073805295,0.0,2,geopolitical_risk
2016-09-12,The_Wall_Street_Journal,0,0,0,0,0,1,0.8114031,0.0,0.09855732,0.08980411,0.0,0,natural_factor
2002-06-19,The_Wall_Street_Journal,0,0,0,0,0,1,0.94033957,0.0,0.0588383,0.0,0.0,0,natural_factor
2015-08-21,Thomson_Reuters,0,0,0,0,0,1,0.07377461,0.0,0.0,0.92553943,0.0,3,natural_factor
2016-07-11,The_Wall_Street_Journal,0,0,0,0,0,1,0.6357294,0.0,0.0,0.36312032,0.0,0,natural_factor
2019-10-05,Channel_News_Asia,0,0,1,0,0,1,0.31926572,0.0,0.0,0.6798092,0.0,3,financial_risk
2001-08-31,The_Wall_Street_Journal,0,0,0,0,0,1,0.86269504,0.01647616,0.10050502,0.020159747,0.0,0,natural_factor
2018-10-10,Channel_News_Asia,0,0,0,0,0,1,0.77557147,0.0,0.22368757,0.0,0.0,0,natural_factor
2014-05-21,The_Wall_Street_Journal,0,0,2,0,0,1,0.50660795,0.0,0.09976706,0.3930873,0.0,0,financial_risk
2017-11-24,Thomson_Reuters,0,0,0,0,0,1,0.75003093,0.0,0.23311742,0.0,0.0,0,natural_factor
2002-04-15,The_Wall_Street_Journal,0,0,0,0,0,1,0.0,0.0,0.9854252,0.0,0.01287668,2,natural_factor
2016-04-12,The_Wall_Street_Journal,0,0,0,0,0,1,0.0,0.0,0.39451286,0.60369444,0.0,3,natural_factor
2005-06-17,The_Wall_Street_Journal,0,1,1,2,0,2,0.33215117,0.020254184,0.2978215,0.34971657,0.0,3,geopolitical_risk
2015-12-16,The_Wall_Street_Journal,0,0,0,0,0,1,0.9693405,0.0,0.024659049,0.0,0.0,0,natural_factor
2018-07-12,Thomson_Reuters,0,0,0,0,0,1,0.674917,0.0,0.14685012,0.1777921,0.0,0,natural_factor
2002-04-17,The_Wall_Street_Journal,0,0,0,0,0,1,0.0,0.0,0.8980248,0.10062705,0.0,2,natural_factor
2005-05-11,The_Wall_Street_Journal,0,0,0,0,0,1,0.56223047,0.0,0.4372399,0.0,0.0,0,natural_factor
2013-04-23,The_Wall_Street_Journal,0,0,0,0,1,1,0.89245445,0.0,0.0,0.107050024,0.0,0,esg_regulation
2019-11-21,The_Wall_Street_Journal,0,0,0,1,0,1,0.01898669,0.0,0.7985213,0.18206194,0.0,2,geopolitical_risk
2005-04-01,Financial_Times,0,0,0,0,0,1,0.66948986,0.0,0.28965273,0.04065046,0.0,0,natural_factor
2014-10-08,Thomson_Reuters,0,0,0,0,0,1,0.0,0.0,0.7360665,0.2630094,0.0,2,natural_factor
2010-10-28,The_Wall_Street_Journal,0,0,0,1,0,1,0.0,0.0,0.7180664,0.28130028,0.0,2,geopolitical_risk
1998-11-11,The_Wall_Street_Journal,0,0,0,0,0,1,0.9026305,0.0,0.01017283,0.086992934,0.0,0,natural_factor
2010-10-29,The_Wall_Street_Journal,0,0,0,0,0,1,0.85820794,0.06754469,0.06715559,0.0,0.0,0,natural_factor
2010-09-28,Thomson_Reuters,0,1,0,0,0,1,0.09073027,0.0,0.0,0.9085606,0.0,3,demand_side
2002-01-23,The_Wall_Street_Journal,0,0,0,0,0,1,0.022309845,0.0,0.7957083,0.18175709,0.0,2,natural_factor
2017-11-21,Thomson_Reuters,0,0,0,0,0,1,0.35472962,0.0,0.48053092,0.16357747,0.0,2,natural_factor
2011-01-05,The_Wall_Street_Journal,1,0,0,0,0,1,0.1145137,0.0,0.43340296,0.353444,0.09841626,2,supply_side
2010-08-24,The_Wall_Street_Journal,0,0,0,0,0,1,0.3953674,0.0,0.3723544,0.23139343,0.0,0,natural_factor
2004-12-02,The_Wall_Street_Journal,0,0,0,0,0,1,0.88529295,0.0,0.05927782,0.0,0.05489447,0,natural_factor
2019-02-27,Channel_News_Asia,0,0,0,0,0,1,0.52607876,0.0,0.47188538,0.0,0.0,0,natural_factor
2005-01-17,The_Wall_Street_Journal,0,0,0,0,0,2,0.95248103,0.0,0.045560718,0.0,0.0,0,natural_factor
2015-10-01,Thomson_Reuters,0,0,0,0,0,1,0.0,0.0,0.9984651,0.0,0.0,2,natural_factor
2010-08-15,Thomson_Reuters,0,0,0,0,0,1,0.10765931,0.0,0.029513178,0.86261165,0.0,3,natural_factor
2016-06-09,The_Wall_Street_Journal,0,0,0,0,0,2,0.27987126,0.0,0.71931416,0.0,0.0,2,natural_factor
2014-12-20,Thomson_Reuters,0,0,0,0,0,1,0.0,0.0,0.99803877,0.0,0.0,2,natural_factor
2019-01-04,Financial_Times,0,0,0,0,0,2,0.34747195,0.0,0.65186054,0.0,0.0,2,natural_factor
2019-11-18,The_Wall_Street_Journal,0,0,0,0,0,1,0.18902892,0.0,0.42564455,0.38440502,0.0,2,natural_factor
2000-11-07,The_Wall_Street_Journal,0,0,0,0,0,1,0.7849334,0.02720792,0.18470046,0.0,0.0,0,natural_factor
2023-06-17,Taipei_Times,0,1,0,0,0,1,0.49608946,0.0,0.0,0.3252145,0.17822959,0,demand_side
2004-11-29,The_Wall_Street_Journal,0,0,0,0,0,1,0.0,0.0,0.9996855,0.0,0.0,2,natural_factor
2018-01-15,Financial_Times,0,0,0,0,0,1,0.2966903,0.0,0.6677714,0.01909053,0.016365884,2,natural_factor
2017-02-09,Thomson_Reuters,0,0,0,0,0,1,0.0,0.0,0.4703872,0.5242291,0.0,3,natural_factor
2019-03-26,Channel_News_Asia,0,0,0,0,0,1,0.0,0.0,0.9976754,0.0,0.0,2,natural_factor
2019-06-27,Financial_Times,0,0,0,1,0,1,0.19079612,0.0,0.6239641,0.18103524,0.0,2,geopolitical_risk
2000-11-20,The_Wall_Street_Journal,0,0,0,0,0,1,0.9599699,0.0,0.03957769,0.0,0.0,0,natural_factor
2018-08-30,The_Jakarta_Post,0,0,0,0,0,1,0.1279723,0.0,0.8229776,0.0,0.047935892,2,natural_factor
2012-12-11,The_Wall_Street_Journal,1,0,0,0,0,1,0.32995722,0.0,0.59127885,0.07835833,0.0,2,supply_side
2014-09-22,Thomson_Reuters,0,0,0,0,0,1,0.0,0.0,0.533705,0.46480384,0.0,2,natural_factor
2010-01-20,The_Wall_Street_Journal,0,0,1,0,0,1,0.20468915,0.0,0.15642817,0.6384663,0.0,3,financial_risk
2019-02-28,Financial_Times,1,0,1,0,0,1,0.12539136,0.0,0.13974828,0.73461616,0.0,3,supply_side
2015-09-18,Financial_Times,0,0,0,0,0,1,0.63295156,0.013383458,0.35345167,0.0,0.0,0,natural_factor
2005-01-19,The_Wall_Street_Journal,0,0,0,0,0,1,0.033707283,0.0,0.9656777,0.0,0.0,2,natural_factor
2010-05-25,The_Wall_Street_Journal,0,1,0,1,0,1,0.8971233,0.0,0.034068204,0.0,0.06308199,0,demand_side
2015-05-05,Thomson_Reuters,0,0,0,0,0,1,0.89492124,0.0,0.02143026,0.083253704,0.0,0,natural_factor
2010-08-30,Thomson_Reuters,0,0,0,0,0,1,0.06629038,0.0,0.154277,0.77895325,0.0,3,natural_factor
2004-01-02,The_Wall_Street_Journal,0,0,0,0,0,1,0.87010115,0.0,0.06190094,0.029873524,0.03803895,0,natural_factor
2013-11-07,The_Wall_Street_Journal,0,0,0,0,0,1,0.60270995,0.0,0.0,0.38778612,0.0,0,natural_factor
2007-05-24,The_Wall_Street_Journal,0,0,0,0,0,1,0.0,0.0,0.9985981,0.0,0.0,2,natural_factor
2004-01-14,The_Wall_Street_Journal,0,0,0,0,0,1,0.33871946,0.0,0.0,0.6572819,0.0,3,natural_factor
2019-01-02,The_Jakarta_Post,0,0,0,0,0,1,0.0,0.0,0.0,0.5791295,0.418996,3,natural_factor
2010-04-15,The_Wall_Street_Journal,0,0,0,0,0,1,0.04368774,0.0,0.9558428,0.0,0.0,2,natural_factor
2010-08-20,Thomson_Reuters,0,0,0,0,0,1,0.0,0.0,0.0,0.9988943,0.0,3,natural_factor
2016-06-06,The_Wall_Street_Journal,0,0,0,0,0,1,0.98796207,0.0,0.0,0.0,0.011485314,0,natural_factor
2017-02-22,The_Wall_Street_Journal,0,0,0,0,0,1,0.5234708,0.0,0.0,0.4753007,0.0,0,natural_factor
2013-09-09,The_Phnom_Penh_Post,0,0,0,0,0,1,0.69490534,0.0,0.13468766,0.0,0.16968834,0,natural_factor
2016-04-04,The_Wall_Street_Journal,0,0,1,0,0,1,0.21579723,0.0,0.62154514,0.1623769,0.0,2,financial_risk
2016-09-06,The_Wall_Street_Journal,1,0,1,0,0,1,0.30550587,0.0,0.68926567,0.0,0.0,2,supply_side
2018-11-16,The_Wall_Street_Journal,0,0,0,0,0,1,0.8884264,0.0,0.0,0.11107441,0.0,0,natural_factor
2007-05-31,The_Wall_Street_Journal,0,0,1,0,0,1,0.9980097,0.0,0.0,0.0,0.0,0,financial_risk
2017-11-22,Financial_Times,0,0,1,0,0,1,0.65467787,0.023532348,0.16151258,0.1599336,0.0,0,financial_risk
2016-09-09,Thomson_Reuters,0,0,0,0,0,1,0.50784796,0.0,0.39528129,0.09613786,0.0,0,natural_factor
2019-11-17,The_Wall_Street_Journal,0,0,1,0,0,1,0.091275215,0.0,0.79447204,0.11384547,0.0,2,financial_risk
2019-03-05,Thomson_Reuters,0,0,0,0,0,1,0.0,0.04470363,0.9347245,0.01985329,0.0,2,natural_factor
2009-07-28,The_Wall_Street_Journal,0,0,0,0,0,2,0.8591945,0.017341373,0.07199894,0.046566978,0.0,0,natural_factor
2019-04-04,The_Wall_Street_Journal,0,0,0,0,0,1,0.83970773,0.0,0.15767863,0.0,0.0,0,natural_factor
2004-11-15,The_Wall_Street_Journal,0,0,0,0,0,1,0.0,0.0,0.99919546,0.0,0.0,2,natural_factor
2012-03-14,Financial_Times,0,0,0,0,0,1,0.40210694,0.0,0.4851975,0.080585405,0.031976286,2,natural_factor
2019-07-07,Financial_Times,1,1,0,1,0,1,0.84156215,0.0,0.0,0.093704596,0.06453831,0,supply_side
2013-03-22,Financial_Times,0,0,1,0,0,1,0.25558317,0.0,0.5463118,0.17730112,0.020767644,2,financial_risk
2014-12-03,The_Wall_Street_Journal,0,0,0,0,0,2,0.2847322,0.0,0.63360035,0.07200072,0.0,2,natural_factor
2015-07-22,Thomson_Reuters,0,0,0,0,0,1,0.27484548,0.0,0.72352767,0.0,0.0,2,natural_factor
2019-06-11,Financial_Times,0,0,0,0,0,1,0.0,0.0,0.7116867,0.28673798,0.0,2,natural_factor
2019-11-18,The_Wall_Street_Journal,0,1,0,0,0,1,0.18636155,0.0,0.10269204,0.71052104,0.0,3,demand_side
2018-07-12,The_Wall_Street_Journal,0,0,0,0,0,1,0.58677673,0.0,0.0,0.41241923,0.0,0,natural_factor
2017-05-28,The_Jakarta_Post,0,0,0,0,0,1,0.12614816,0.072227255,0.7476796,0.0,0.053055428,2,natural_factor
2015-04-06,Thomson_Reuters,0,0,0,0,0,1,0.4994845,0.0,0.34164423,0.15788978,0.0,0,natural_factor
2016-11-23,Thomson_Reuters,1,0,0,0,0,1,0.0,0.0,0.6120145,0.35427728,0.03294277,2,supply_side
2016-09-07,The_Wall_Street_Journal,0,0,1,0,0,1,0.33680317,0.0,0.262936,0.39997315,0.0,3,financial_risk
2011-06-13,Thomson_Reuters,0,0,0,0,0,1,0.52535975,0.0,0.3171729,0.15700774,0.0,0,natural_factor
2009-05-07,Thomson_Reuters,0,0,1,0,0,1,0.039081067,0.0,0.0,0.9602899,0.0,3,financial_risk
2006-09-14,The_Wall_Street_Journal,0,0,0,1,0,1,0.3742966,0.013589581,0.60819495,0.0,0.0,2,geopolitical_risk
2018-10-11,The_Wall_Street_Journal,0,0,0,0,0,1,0.82594216,0.0,0.0,0.1726835,0.0,0,natural_factor
2002-03-19,The_Wall_Street_Journal,0,0,0,0,0,1,0.041767433,0.0,0.87189794,0.08612764,0.0,2,natural_factor
2018-05-21,The_Wall_Street_Journal,0,0,0,0,0,1,0.81309533,0.0,0.0,0.18643452,0.0,0,natural_factor
2018-08-28,The_Wall_Street_Journal,0,0,0,0,0,1,0.560747,0.0,0.4380965,0.0,0.0,0,natural_factor
2006-10-11,The_Wall_Street_Journal,0,0,0,0,0,1,0.9950865,0.0,0.0,0.0,0.0,0,natural_factor
2017-06-01,The_Wall_Street_Journal,0,0,0,0,0,1,0.73925066,0.0,0.0,0.25948024,0.0,0,natural_factor
2018-12-04,Financial_Times,0,0,0,0,0,1,0.0,0.0,0.9990734,0.0,0.0,2,natural_factor
2014-04-01,The_Wall_Street_Journal,0,0,0,0,0,1,0.28585207,0.0,0.6035573,0.10972729,0.0,2,natural_factor
2017-12-03,The_Wall_Street_Journal,0,0,0,0,0,1,0.52996016,0.04648456,0.35838494,0.04828067,0.01688968,0,natural_factor
2015-09-08,Thomson_Reuters,0,0,0,1,0,1,0.62658966,0.0,0.31388384,0.05920381,0.0,0,geopolitical_risk
2006-07-26,The_Wall_Street_Journal,0,0,1,0,0,2,0.31232488,0.0,0.63960224,0.034515247,0.0,2,natural_factor
2011-01-24,The_Wall_Street_Journal,0,0,0,0,0,1,0.89407134,0.051728327,0.05389371,0.0,0.0,0,natural_factor
2012-07-13,Thomson_Reuters,1,0,0,0,0,1,0.5702153,0.0,0.3716165,0.05778923,0.0,0,supply_side
2018-04-22,The_Wall_Street_Journal,0,0,0,0,0,2,0.8832027,0.0,0.11625024,0.0,0.0,0,natural_factor
2010-07-07,Financial_Times,0,0,1,0,0,1,0.48765612,0.0,0.0,0.5003171,0.011651618,3,financial_risk
2015-06-01,Thomson_Reuters,0,0,0,0,0,1,0.9288183,0.0,0.07036749,0.0,0.0,0,natural_factor
2002-03-04,The_Wall_Street_Journal,0,0,0,0,0,1,0.0,0.0,0.99955875,0.0,0.0,2,natural_factor
2004-10-22,The_Wall_Street_Journal,0,0,0,0,0,1,0.99114114,0.0,0.0,0.0,0.0,0,natural_factor
2016-11-12,Thomson_Reuters,0,0,0,0,0,1,0.0,0.0,0.9983028,0.0,0.0,2,natural_factor
2019-02-27,The_Wall_Street_Journal,0,0,0,0,0,1,0.39891896,0.0,0.0,0.59984344,0.0,3,natural_factor
2019-04-17,Financial_Times,0,0,1,0,0,1,0.0,0.0,0.73552877,0.26373783,0.0,2,financial_risk
2002-10-15,The_Wall_Street_Journal,0,0,0,0,0,1,0.8095626,0.0,0.045327265,0.14034942,0.0,0,natural_factor
2018-09-24,Financial_Times,0,0,0,0,0,2,0.062309016,0.0,0.85598594,0.08091606,0.0,2,natural_factor
2001-01-16,The_Wall_Street_Journal,0,0,0,0,0,2,0.84290665,0.01089102,0.1458202,0.0,0.0,0,natural_factor
2017-07-20,Thomson_Reuters,0,0,1,0,0,1,0.0,0.0,0.983011,0.0,0.016623344,2,financial_risk
2017-05-30,The_Wall_Street_Journal,0,0,0,0,0,1,0.75641555,0.0,0.23365006,0.0,0.0,0,natural_factor
2017-04-13,The_Wall_Street_Journal,1,0,0,0,0,1,0.8417468,0.0,0.117969014,0.0,0.039887022,0,supply_side
2012-10-11,Financial_Times,0,0,0,0,0,1,0.3165962,0.0,0.0,0.68246895,0.0,3,natural_factor
2019-03-06,Thomson_Reuters,0,0,0,2,0,1,0.15361467,0.0,0.8377886,0.0,0.0,2,geopolitical_risk
2014-09-24,Thomson_Reuters,0,0,0,0,0,1,0.0,0.0,0.99798286,0.0,0.0,2,natural_factor
2017-04-07,Financial_Times,0,0,0,0,0,2,0.79587716,0.0,0.028326657,0.17555794,0.0,0,natural_factor
2010-10-14,The_Wall_Street_Journal,0,0,0,0,0,1,0.98861665,0.0,0.0,0.0,0.0,0,natural_factor
2007-07-25,The_Wall_Street_Journal,0,0,1,0,0,1,0.4732192,0.0,0.38671902,0.1398727,0.0,0,financial_risk
2014-03-07,Thomson_Reuters,0,0,0,0,0,1,0.31121984,0.0,0.64672136,0.041501436,0.0,2,natural_factor
2018-02-23,Financial_Times,0,0,1,0,0,1,0.20351258,0.013343276,0.74898285,0.03409956,0.0,2,financial_risk
2016-09-12,Thomson_Reuters,0,0,0,0,0,1,0.24701469,0.0,0.37960434,0.37218454,0.0,2,natural_factor
2019-06-27,Financial_Times,0,0,1,0,0,1,0.10989971,0.0,0.7325902,0.15722384,0.0,2,financial_risk
2005-06-20,The_Wall_Street_Journal,0,0,1,0,0,2,0.4125452,0.0,0.2117262,0.34360144,0.03207494,0,natural_factor
2015-08-12,The_Wall_Street_Journal,0,0,0,0,0,1,0.30119908,0.0,0.6974457,0.0,0.0,2,natural_factor
2018-02-26,The_Wall_Street_Journal,0,0,2,0,0,1,0.10836926,0.0,0.088106245,0.7799719,0.023458332,3,financial_risk
2019-05-17,Financial_Times,0,0,1,0,0,1,0.22638085,0.0,0.6984149,0.075092696,0.0,2,financial_risk
2015-10-09,The_Wall_Street_Journal,0,0,1,0,0,1,0.45068163,0.0,0.16216156,0.38679102,0.0,0,financial_risk
2013-09-24,Financial_Times,0,0,0,0,0,1,0.80001044,0.0,0.15034375,0.04531479,0.0,0,natural_factor
2018-10-17,The_Wall_Street_Journal,0,0,0,0,0,1,0.995612,0.0,0.0,0.0,0.0,0,natural_factor
2015-08-28,Financial_Times,0,0,0,0,0,1,0.22655895,0.0,0.6934463,0.07964686,0.0,2,natural_factor
2006-09-13,The_Wall_Street_Journal,0,0,0,0,0,1,0.24023414,0.0,0.7443424,0.015153159,0.0,2,natural_factor
2005-05-31,The_Wall_Street_Journal,0,0,0,0,0,1,0.033518113,0.0,0.96583766,0.0,0.0,2,natural_factor
2007-08-31,The_Wall_Street_Journal,0,0,0,0,0,3,0.51713073,0.043490108,0.43933526,0.0,0.0,0,natural_factor
2019-11-26,The_Wall_Street_Journal,0,0,0,0,0,1,0.19330642,0.0,0.42631534,0.3799656,0.0,2,natural_factor
2017-11-23,Financial_Times,0,0,0,0,0,1,0.79187304,0.0,0.15956384,0.0,0.04811729,0,natural_factor
2019-03-04,Thomson_Reuters,0,0,0,0,0,1,0.0,0.04190252,0.9338559,0.023556158,0.0,2,natural_factor
2015-07-19,Financial_Times,0,0,0,1,0,1,0.5450233,0.0,0.38580617,0.068984404,0.0,0,geopolitical_risk
2017-08-16,The_Wall_Street_Journal,0,0,0,0,0,1,0.995142,0.0,0.0,0.0,0.0,0,natural_factor
2012-01-19,Thomson_Reuters,0,0,1,0,0,1,0.28331926,0.0,0.21943665,0.2062811,0.2907865,4,financial_risk
2002-02-28,The_Wall_Street_Journal,0,0,0,0,0,1,0.17108282,0.0,0.6064623,0.22229734,0.0,2,natural_factor
2015-06-15,Thomson_Reuters,0,0,0,0,0,1,0.93324,0.03292492,0.033487774,0.0,0.0,0,natural_factor
2001-10-11,The_Wall_Street_Journal,0,0,0,0,0,2,0.9953031,0.0,0.0,0.0,0.0,0,natural_factor
1998-11-06,The_Wall_Street_Journal,0,0,0,0,0,1,0.06477806,0.02197499,0.8539884,0.058746155,0.0,2,natural_factor
2015-11-25,Thomson_Reuters,0,1,1,0,0,1,0.10015858,0.0,0.0,0.8944986,0.0,3,demand_side
2016-10-12,The_Wall_Street_Journal,0,0,0,0,0,1,0.98943603,0.010110573,0.0,0.0,0.0,0,natural_factor
2010-12-30,The_Wall_Street_Journal,0,1,1,0,0,1,0.15832429,0.030137723,0.0,0.81115025,0.0,3,demand_side
2013-01-10,Thomson_Reuters,0,0,0,0,0,1,0.85933256,0.0,0.0,0.13955499,0.0,0,natural_factor
2015-09-28,The_Wall_Street_Journal,0,0,1,0,0,1,0.14019024,0.0,0.092315555,0.7671325,0.0,3,financial_risk
2010-02-18,Thomson_Reuters,0,0,0,0,0,1,0.020756366,0.0,0.0,0.9784655,0.0,3,natural_factor
2015-08-20,Thomson_Reuters,0,0,0,0,0,1,0.18398216,0.0,0.0,0.8150537,0.0,3,natural_factor
2006-03-21,The_Wall_Street_Journal,0,0,0,0,0,1,0.32667622,0.0,0.6613392,0.0,0.011715067,2,natural_factor
2013-08-16,The_Wall_Street_Journal,0,0,0,0,0,1,0.96002966,0.0,0.039576862,0.0,0.0,0,natural_factor
2009-09-22,Thomson_Reuters,0,0,2,0,0,1,0.0565641,0.0,0.0,0.9428031,0.0,3,financial_risk
2019-12-08,Financial_Times,1,0,0,1,0,1,0.7480862,0.0,0.1935475,0.0,0.058036633,0,supply_side
2016-09-27,The_Wall_Street_Journal,0,0,0,0,0,1,0.8122397,0.0,0.18742959,0.0,0.0,0,natural_factor
2010-08-26,Thomson_Reuters,0,0,0,0,0,1,0.027301658,0.0,0.058006156,0.91424865,0.0,3,natural_factor
