dominant_dictionary_topic,dominant_LDA_topic,ticker,quarter,total_mentions,avg_market_impact,sum_market_impact,quarter_total_mentions,mention_percentage,weighted_market_impact
demand_side,0,APA,2022Q3,1,0.0,0.0,10,0.1,0.0
demand_side,0,APA,2022Q4,1,0.0,0.0,10,0.1,0.0
demand_side,0,APA,2023Q2,1,0.0,0.0,7,0.14285714285714285,0.0
demand_side,0,AR,2018Q4,1,0.0,0.0,6,0.16666666666666666,0.0
demand_side,0,AR,2023Q1,1,0.0,0.0,5,0.2,0.0
demand_side,0,AR,2023Q2,1,0.0,0.0,7,0.14285714285714285,0.0
demand_side,0,BORR,2017Q3,1,0.0,0.0,3,0.3333333333333333,0.0
demand_side,0,BRN,2018Q4,1,0.0,0.0,6,0.16666666666666666,0.0
demand_side,0,BSM,2015Q4,1,0.0,0.0,1,1.0,0.0
demand_side,0,CLB,2015Q2,1,0.0,0.0,1,1.0,0.0
demand_side,0,CPE,2000Q3,1,0.0,0.0,1,1.0,0.0
demand_side,0,CPE,2010Q2,1,0.0,0.0,3,0.3333333333333333,0.0
demand_side,0,CPE,2017Q2,1,0.0,0.0,1,1.0,0.0
demand_side,0,CPE,2019Q4,1,0.0,0.0,3,0.3333333333333333,0.0
demand_side,0,CPE,2021Q1,1,0.0,0.0,9,0.1111111111111111,0.0
demand_side,0,CPE,2022Q4,1,0.0,0.0,10,0.1,0.0
demand_side,0,CRC,2009Q2,1,0.0,0.0,1,1.0,0.0
demand_side,0,CRK,2023Q1,1,0.0,0.0,5,0.2,0.0
demand_side,0,EP,2021Q3,1,0.0,0.0,6,0.16666666666666666,0.0
demand_side,0,EPM,2022Q4,1,0.0,0.0,10,0.1,0.0
demand_side,0,EQT,2017Q3,1,0.0,0.0,3,0.3333333333333333,0.0
demand_side,0,EQT,2018Q4,1,0.0,0.0,6,0.16666666666666666,0.0
demand_side,0,EQT,2020Q1,1,0.0,0.0,8,0.125,0.0
demand_side,0,EQT,2020Q4,2,0.5,1.0,5,0.4,0.4
demand_side,0,EQT,2021Q1,3,0.0,0.0,9,0.3333333333333333,0.0
demand_side,0,EQT,2021Q2,1,0.0,0.0,6,0.16666666666666666,0.0
demand_side,0,EQT,2022Q1,1,0.0,0.0,1,1.0,0.0
demand_side,0,EQT,2022Q3,1,0.0,0.0,10,0.1,0.0
demand_side,0,EQT,2022Q4,3,0.0,0.0,10,0.3,0.0
demand_side,0,EQT,2023Q1,1,0.0,0.0,5,0.2,0.0
demand_side,0,EQT,2023Q2,1,0.0,0.0,7,0.14285714285714285,0.0
demand_side,0,EQT,2023Q4,1,0.0,0.0,3,0.3333333333333333,0.0
demand_side,0,EQT,2024Q1,1,0.0,0.0,1,1.0,0.0
demand_side,0,EQT,2024Q2,1,0.0,0.0,2,0.5,0.0
demand_side,0,FANG,2017Q3,1,0.0,0.0,3,0.3333333333333333,0.0
demand_side,0,FANG,2017Q4,1,0.0,0.0,2,0.5,0.0
demand_side,0,FANG,2018Q2,1,0.0,0.0,3,0.3333333333333333,0.0
demand_side,0,FANG,2018Q3,1,0.0,0.0,1,1.0,0.0
demand_side,0,FANG,2018Q4,3,0.0,0.0,6,0.5,0.0
demand_side,0,FANG,2019Q3,1,0.0,0.0,2,0.5,0.0
demand_side,0,FANG,2021Q3,1,0.0,0.0,6,0.16666666666666666,0.0
demand_side,0,FANG,2022Q2,1,0.0,0.0,1,1.0,0.0
demand_side,0,FANG,2023Q2,1,1.0,1.0,7,0.14285714285714285,0.14285714285714285
demand_side,0,FANG,2024Q3,1,0.0,0.0,2,0.5,0.0
demand_side,0,HP,2004Q2,1,0.0,0.0,1,1.0,0.0
demand_side,0,HP,2010Q2,1,0.0,0.0,3,0.3333333333333333,0.0
demand_side,0,HP,2015Q3,1,0.0,0.0,1,1.0,0.0
demand_side,0,HP,2016Q2,1,0.0,0.0,1,1.0,0.0
demand_side,0,HP,2017Q4,1,0.0,0.0,2,0.5,0.0
demand_side,0,HP,2020Q1,3,-0.3333333333333333,-1.0,8,0.375,-0.375
demand_side,0,HP,2020Q3,1,1.0,1.0,5,0.2,0.2
demand_side,0,HP,2020Q4,1,0.0,0.0,5,0.2,0.0
demand_side,0,HP,2021Q1,2,0.0,0.0,9,0.2222222222222222,0.0
demand_side,0,HP,2021Q2,2,0.0,0.0,6,0.3333333333333333,0.0
demand_side,0,HP,2021Q3,1,1.0,1.0,6,0.16666666666666666,0.16666666666666666
demand_side,0,HP,2022Q3,1,0.0,0.0,10,0.1,0.0
demand_side,0,HP,2022Q4,3,0.0,0.0,10,0.3,0.0
demand_side,0,HP,2023Q1,1,0.0,0.0,5,0.2,0.0
demand_side,0,HP,2023Q2,1,0.0,0.0,7,0.14285714285714285,0.0
demand_side,0,HP,2023Q3,1,0.0,0.0,2,0.5,0.0
demand_side,0,HP,2023Q4,2,0.0,0.0,3,0.6666666666666666,0.0
demand_side,0,HP,2024Q3,1,0.0,0.0,2,0.5,0.0
demand_side,0,NE,2020Q2,1,1.0,1.0,3,0.3333333333333333,0.3333333333333333
demand_side,0,NE,2020Q3,1,0.0,0.0,5,0.2,0.0
demand_side,0,NE,2020Q4,1,1.0,1.0,5,0.2,0.2
demand_side,0,NE,2024Q4,1,-1.0,-1.0,2,0.5,-0.5
demand_side,0,NES,2018Q2,1,1.0,1.0,3,0.3333333333333333,0.3333333333333333
demand_side,0,NES,2019Q2,2,0.0,0.0,2,1.0,0.0
demand_side,0,NEX,2019Q4,1,0.0,0.0,3,0.3333333333333333,0.0
demand_side,0,NEX,2021Q1,1,1.0,1.0,9,0.1111111111111111,0.1111111111111111
demand_side,0,NEX,2021Q2,3,0.0,0.0,6,0.5,0.0
demand_side,0,NEX,2022Q3,1,0.0,0.0,10,0.1,0.0
demand_side,0,PED,2018Q2,1,0.0,0.0,3,0.3333333333333333,0.0
demand_side,0,PR,2023Q2,1,2.0,2.0,7,0.14285714285714285,0.2857142857142857
demand_side,0,PR,2024Q4,1,0.0,0.0,2,0.5,0.0
demand_side,0,RIG,2018Q1,1,0.0,0.0,2,0.5,0.0
demand_side,0,SLB,2019Q1,1,1.0,1.0,2,0.5,0.5
demand_side,0,SLB,2022Q3,1,-1.0,-1.0,10,0.1,-0.1
demand_side,0,STR,2010Q2,1,0.0,0.0,3,0.3333333333333333,0.0
demand_side,0,STR,2015Q1,1,0.0,0.0,1,1.0,0.0
demand_side,0,STR,2016Q3,1,0.0,0.0,1,1.0,0.0
demand_side,0,STR,2018Q1,1,0.0,0.0,2,0.5,0.0
demand_side,0,STR,2019Q1,1,-1.0,-1.0,2,0.5,-0.5
demand_side,0,STR,2019Q3,1,-1.0,-1.0,2,0.5,-0.5
demand_side,0,STR,2019Q4,1,0.0,0.0,3,0.3333333333333333,0.0
demand_side,0,STR,2020Q1,4,-0.5,-2.0,8,0.5,-1.0
demand_side,0,STR,2020Q2,2,-0.5,-1.0,3,0.6666666666666666,-0.6666666666666666
demand_side,0,STR,2020Q3,3,0.0,0.0,5,0.6,0.0
demand_side,0,STR,2020Q4,1,0.0,0.0,5,0.2,0.0
demand_side,0,STR,2021Q1,2,0.0,0.0,9,0.2222222222222222,0.0
demand_side,0,STR,2021Q3,3,0.0,0.0,6,0.5,0.0
demand_side,0,STR,2022Q3,5,-0.2,-1.0,10,0.5,-0.5
demand_side,0,STR,2023Q2,1,0.0,0.0,7,0.14285714285714285,0.0
demand_side,0,STR,2023Q3,1,1.0,1.0,2,0.5,0.5
demand_side,0,TTI,2022Q4,1,0.0,0.0,10,0.1,0.0
demand_side,0,VOC,2001Q4,1,1.0,1.0,1,1.0,1.0
demand_side,0,VTS,2023Q1,1,-2.0,-2.0,5,0.2,-0.4
demand_side,0,VTS,2024Q2,1,0.0,0.0,2,0.5,0.0
demand_side,1,EQT,2022Q1,2,0.0,0.0,2,1.0,0.0
demand_side,1,EQT,2022Q2,1,0.0,0.0,1,1.0,0.0
demand_side,2,APA,2001Q3,1,-1.0,-1.0,1,1.0,-1.0
demand_side,2,APA,2013Q2,2,-1.0,-2.0,3,0.6666666666666666,-1.3333333333333333
demand_side,2,APA,2013Q4,1,0.0,0.0,2,0.5,0.0
demand_side,2,APA,2016Q1,1,0.0,0.0,1,1.0,0.0
demand_side,2,APA,2018Q3,1,1.0,1.0,3,0.3333333333333333,0.3333333333333333
demand_side,2,APA,2019Q1,2,0.0,0.0,2,1.0,0.0
demand_side,2,APA,2019Q4,1,0.0,0.0,3,0.3333333333333333,0.0
demand_side,2,APA,2020Q4,1,0.0,0.0,1,1.0,0.0
demand_side,2,APA,2021Q4,1,0.0,0.0,4,0.25,0.0
demand_side,2,APA,2022Q1,1,-2.0,-2.0,2,0.5,-1.0
demand_side,2,APA,2022Q3,1,0.0,0.0,1,1.0,0.0
demand_side,2,APA,2023Q1,1,0.0,0.0,2,0.5,0.0
demand_side,2,APA,2023Q2,1,0.0,0.0,3,0.3333333333333333,0.0
demand_side,2,APA,2023Q4,1,0.0,0.0,2,0.5,0.0
demand_side,2,APA,2024Q3,1,0.0,0.0,2,0.5,0.0
demand_side,2,AR,2023Q2,1,0.0,0.0,3,0.3333333333333333,0.0
demand_side,2,BATL,2013Q3,1,0.0,0.0,2,0.5,0.0
demand_side,2,BSM,2019Q2,1,0.0,0.0,1,1.0,0.0
demand_side,2,BSM,2021Q1,1,0.0,0.0,5,0.2,0.0
demand_side,2,CRC,2020Q2,1,0.0,0.0,2,0.5,0.0
demand_side,2,CRC,2024Q1,1,0.0,0.0,1,1.0,0.0
demand_side,2,EP,2015Q3,1,0.0,0.0,2,0.5,0.0
demand_side,2,EQT,2012Q3,1,0.0,0.0,3,0.3333333333333333,0.0
demand_side,2,EQT,2013Q4,1,0.0,0.0,2,0.5,0.0
demand_side,2,EQT,2015Q1,1,0.0,0.0,1,1.0,0.0
demand_side,2,EQT,2017Q2,2,0.0,0.0,2,1.0,0.0
demand_side,2,EQT,2018Q3,1,0.0,0.0,3,0.3333333333333333,0.0
demand_side,2,EQT,2018Q4,1,0.0,0.0,5,0.2,0.0
demand_side,2,EQT,2019Q3,2,0.0,0.0,3,0.6666666666666666,0.0
demand_side,2,EQT,2020Q3,1,0.0,0.0,1,1.0,0.0
demand_side,2,EQT,2021Q1,2,0.0,0.0,5,0.4,0.0
demand_side,2,EQT,2021Q2,2,0.0,0.0,3,0.6666666666666666,0.0
demand_side,2,EQT,2021Q3,1,0.0,0.0,1,1.0,0.0
demand_side,2,EQT,2021Q4,2,0.0,0.0,4,0.5,0.0
demand_side,2,EQT,2022Q1,1,0.0,0.0,2,0.5,0.0
demand_side,2,EQT,2022Q2,1,0.0,0.0,1,1.0,0.0
demand_side,2,EQT,2022Q4,1,0.0,0.0,1,1.0,0.0
demand_side,2,EQT,2023Q1,1,0.0,0.0,2,0.5,0.0
demand_side,2,EQT,2023Q3,1,1.0,1.0,3,0.3333333333333333,0.3333333333333333
demand_side,2,FANG,2018Q2,1,0.0,0.0,1,1.0,0.0
demand_side,2,FANG,2021Q1,1,0.0,0.0,5,0.2,0.0
demand_side,2,HAL,2016Q3,1,-1.0,-1.0,2,0.5,-0.5
demand_side,2,HAL,2018Q4,1,-1.0,-1.0,5,0.2,-0.2
demand_side,2,HAL,2019Q3,1,0.0,0.0,3,0.3333333333333333,0.0
demand_side,2,HP,2001Q1,1,0.0,0.0,1,1.0,0.0
demand_side,2,HP,2001Q2,1,0.0,0.0,1,1.0,0.0
demand_side,2,HP,2002Q2,1,0.0,0.0,1,1.0,0.0
demand_side,2,HP,2006Q4,1,0.0,0.0,1,1.0,0.0
demand_side,2,HP,2010Q1,1,0.0,0.0,1,1.0,0.0
demand_side,2,HP,2010Q2,1,0.0,0.0,1,1.0,0.0
demand_side,2,HP,2010Q3,1,0.0,0.0,1,1.0,0.0
demand_side,2,HP,2012Q3,2,0.0,0.0,3,0.6666666666666666,0.0
demand_side,2,HP,2012Q4,1,0.0,0.0,1,1.0,0.0
demand_side,2,HP,2013Q2,1,0.0,0.0,3,0.3333333333333333,0.0
demand_side,2,HP,2015Q3,1,0.0,0.0,2,0.5,0.0
demand_side,2,HP,2015Q4,2,0.0,0.0,2,1.0,0.0
demand_side,2,HP,2016Q2,4,0.0,0.0,4,1.0,0.0
demand_side,2,HP,2016Q3,1,0.0,0.0,2,0.5,0.0
demand_side,2,HP,2017Q1,1,0.0,0.0,2,0.5,0.0
demand_side,2,HP,2018Q1,1,0.0,0.0,1,1.0,0.0
demand_side,2,HP,2018Q3,1,0.0,0.0,3,0.3333333333333333,0.0
demand_side,2,HP,2019Q4,2,0.0,0.0,3,0.6666666666666666,0.0
demand_side,2,HP,2020Q2,1,0.0,0.0,2,0.5,0.0
demand_side,2,HP,2023Q3,1,0.0,0.0,3,0.3333333333333333,0.0
demand_side,2,HP,2023Q4,1,0.0,0.0,2,0.5,0.0
demand_side,2,HP,2024Q3,1,0.0,0.0,2,0.5,0.0
demand_side,2,NE,2017Q1,1,0.0,0.0,2,0.5,0.0
demand_side,2,NES,2016Q4,1,0.0,0.0,1,1.0,0.0
demand_side,2,NEX,2008Q4,1,0.0,0.0,1,1.0,0.0
demand_side,2,NEX,2023Q2,1,0.0,0.0,3,0.3333333333333333,0.0
demand_side,2,PTEN,2024Q4,1,1.0,1.0,3,0.3333333333333333,0.3333333333333333
demand_side,2,RIG,2018Q4,2,1.5,3.0,5,0.4,1.2000000000000002
demand_side,2,SLB,2018Q4,1,-1.0,-1.0,5,0.2,-0.2
demand_side,2,SLB,2021Q2,1,1.0,1.0,3,0.3333333333333333,0.3333333333333333
demand_side,2,SLB,2023Q3,1,1.0,1.0,3,0.3333333333333333,0.3333333333333333
demand_side,2,SLB,2024Q4,1,0.0,0.0,3,0.3333333333333333,0.0
demand_side,2,STR,2013Q3,1,0.0,0.0,2,0.5,0.0
demand_side,2,STR,2024Q4,1,0.0,0.0,3,0.3333333333333333,0.0
demand_side,2,VOC,2021Q1,1,0.0,0.0,5,0.2,0.0
demand_side,2,VOC,2021Q4,1,0.0,0.0,4,0.25,0.0
demand_side,3,ACDC,2022Q2,1,2.0,2.0,4,0.25,0.5
demand_side,3,AESI,2021Q3,1,0.0,0.0,13,0.07692307692307693,0.0
demand_side,3,APA,2005Q2,1,0.0,0.0,1,1.0,0.0
demand_side,3,APA,2010Q3,1,0.0,0.0,3,0.3333333333333333,0.0
demand_side,3,APA,2013Q1,1,0.0,0.0,1,1.0,0.0
demand_side,3,APA,2017Q1,1,0.0,0.0,2,0.5,0.0
demand_side,3,APA,2018Q4,1,-1.0,-1.0,3,0.3333333333333333,-0.3333333333333333
demand_side,3,APA,2019Q2,1,0.0,0.0,2,0.5,0.0
demand_side,3,APA,2020Q4,1,0.0,0.0,1,1.0,0.0
demand_side,3,APA,2021Q3,3,0.0,0.0,13,0.23076923076923078,0.0
demand_side,3,APA,2021Q4,1,0.0,0.0,4,0.25,0.0
demand_side,3,APA,2022Q2,3,0.0,0.0,4,0.75,0.0
demand_side,3,APA,2024Q2,1,0.0,0.0,3,0.3333333333333333,0.0
demand_side,3,AR,2011Q2,1,0.0,0.0,1,1.0,0.0
demand_side,3,AR,2016Q3,2,0.0,0.0,4,0.5,0.0
demand_side,3,AR,2017Q3,2,0.0,0.0,4,0.5,0.0
demand_side,3,AR,2018Q1,1,0.0,0.0,1,1.0,0.0
demand_side,3,AR,2019Q1,1,0.0,0.0,2,0.5,0.0
demand_side,3,AR,2019Q2,1,0.0,0.0,2,0.5,0.0
demand_side,3,AR,2019Q3,1,0.0,0.0,5,0.2,0.0
demand_side,3,AR,2020Q1,1,0.0,0.0,6,0.16666666666666666,0.0
demand_side,3,AR,2021Q3,1,0.0,0.0,13,0.07692307692307693,0.0
demand_side,3,AR,2021Q4,1,0.0,0.0,4,0.25,0.0
demand_side,3,BATL,2024Q3,1,-1.0,-1.0,4,0.25,-0.25
demand_side,3,CLB,1999Q1,1,0.0,0.0,1,1.0,0.0
demand_side,3,CPE,2016Q4,1,0.0,0.0,1,1.0,0.0
demand_side,3,CPE,2020Q2,2,-1.0,-2.0,8,0.25,-0.5
demand_side,3,CRC,2016Q3,1,0.0,0.0,4,0.25,0.0
demand_side,3,CRC,2018Q2,1,0.0,0.0,6,0.16666666666666666,0.0
demand_side,3,CRC,2020Q1,1,0.0,0.0,6,0.16666666666666666,0.0
demand_side,3,DCP,2017Q1,1,0.0,0.0,2,0.5,0.0
demand_side,3,DCP,2024Q3,1,2.0,2.0,4,0.25,0.5
demand_side,3,EP,2024Q4,1,0.0,0.0,3,0.3333333333333333,0.0
demand_side,3,EQT,2001Q2,1,0.0,0.0,1,1.0,0.0
demand_side,3,EQT,2016Q1,1,0.0,0.0,1,1.0,0.0
demand_side,3,EQT,2017Q3,1,0.0,0.0,4,0.25,0.0
demand_side,3,EQT,2018Q4,1,0.0,0.0,3,0.3333333333333333,0.0
demand_side,3,EQT,2019Q3,1,0.0,0.0,5,0.2,0.0
demand_side,3,EQT,2021Q3,1,0.0,0.0,13,0.07692307692307693,0.0
demand_side,3,EQT,2021Q4,1,0.0,0.0,4,0.25,0.0
demand_side,3,EQT,2023Q4,3,0.0,0.0,5,0.6,0.0
demand_side,3,EQT,2024Q1,3,0.3333333333333333,1.0,3,1.0,1.0
demand_side,3,EQT,2024Q2,2,0.0,0.0,3,0.6666666666666666,0.0
demand_side,3,EQT,2024Q4,2,0.0,0.0,3,0.6666666666666666,0.0
demand_side,3,FANG,2017Q4,2,0.0,0.0,2,1.0,0.0
demand_side,3,FANG,2018Q2,1,0.0,0.0,6,0.16666666666666666,0.0
demand_side,3,FANG,2018Q4,1,0.0,0.0,3,0.3333333333333333,0.0
demand_side,3,FANG,2020Q1,1,0.0,0.0,6,0.16666666666666666,0.0
demand_side,3,FANG,2020Q2,1,0.0,0.0,8,0.125,0.0
demand_side,3,FANG,2022Q4,1,0.0,0.0,1,1.0,0.0
demand_side,3,HAL,2010Q2,2,0.0,0.0,2,1.0,0.0
demand_side,3,HAL,2010Q4,1,-2.0,-2.0,3,0.3333333333333333,-0.6666666666666666
demand_side,3,HAL,2011Q1,2,0.5,1.0,2,1.0,1.0
demand_side,3,HAL,2012Q2,2,-1.5,-3.0,4,0.5,-1.5
demand_side,3,HAL,2013Q2,2,-0.5,-1.0,4,0.5,-0.5
demand_side,3,HAL,2014Q4,1,-1.0,-1.0,1,1.0,-1.0
demand_side,3,HAL,2015Q1,2,-0.5,-1.0,2,1.0,-1.0
demand_side,3,HAL,2016Q2,1,-1.0,-1.0,2,0.5,-0.5
demand_side,3,HAL,2018Q2,1,-1.0,-1.0,6,0.16666666666666666,-0.16666666666666666
demand_side,3,HAL,2019Q3,1,1.0,1.0,5,0.2,0.2
demand_side,3,HAL,2020Q2,1,-2.0,-2.0,8,0.125,-0.25
demand_side,3,HAL,2021Q1,1,1.0,1.0,2,0.5,0.5
demand_side,3,HAL,2021Q2,1,-1.0,-1.0,3,0.3333333333333333,-0.3333333333333333
demand_side,3,HAL,2021Q3,1,1.0,1.0,13,0.07692307692307693,0.07692307692307693
demand_side,3,HAL,2021Q4,1,1.0,1.0,4,0.25,0.25
demand_side,3,HP,2008Q1,1,0.0,0.0,1,1.0,0.0
demand_side,3,HP,2009Q1,1,0.0,0.0,1,1.0,0.0
demand_side,3,HP,2010Q1,1,0.0,0.0,3,0.3333333333333333,0.0
demand_side,3,HP,2010Q3,1,-2.0,-2.0,3,0.3333333333333333,-0.6666666666666666
demand_side,3,HP,2010Q4,2,0.0,0.0,3,0.6666666666666666,0.0
demand_side,3,HP,2013Q2,1,-1.0,-1.0,4,0.25,-0.25
demand_side,3,HP,2015Q4,1,-1.0,-1.0,1,1.0,-1.0
demand_side,3,HP,2016Q3,1,0.0,0.0,4,0.25,0.0
demand_side,3,HP,2017Q2,1,0.0,0.0,1,1.0,0.0
demand_side,3,HP,2019Q4,1,0.0,0.0,2,0.5,0.0
demand_side,3,HP,2022Q1,3,-0.6666666666666666,-2.0,3,1.0,-2.0
demand_side,3,HP,2022Q3,1,-1.0,-1.0,3,0.3333333333333333,-0.3333333333333333
demand_side,3,HP,2023Q3,1,0.0,0.0,1,1.0,0.0
demand_side,3,KGS,2024Q3,1,1.0,1.0,4,0.25,0.25
demand_side,3,NBR,2010Q1,1,1.0,1.0,3,0.3333333333333333,0.3333333333333333
demand_side,3,NEX,2019Q3,1,-1.0,-1.0,5,0.2,-0.2
demand_side,3,NEX,2023Q2,1,0.0,0.0,1,1.0,0.0
demand_side,3,PDCE,2020Q2,1,-1.0,-1.0,8,0.125,-0.125
demand_side,3,PDCE,2023Q4,1,0.0,0.0,5,0.2,0.0
demand_side,3,PTEN,2010Q1,1,1.0,1.0,3,0.3333333333333333,0.3333333333333333
demand_side,3,PTEN,2010Q3,1,-1.0,-1.0,3,0.3333333333333333,-0.3333333333333333
demand_side,3,PUMP,2021Q2,1,-1.0,-1.0,3,0.3333333333333333,-0.3333333333333333
demand_side,3,RIG,2012Q1,1,-1.0,-1.0,1,1.0,-1.0
demand_side,3,RIG,2018Q3,1,1.0,1.0,1,1.0,1.0
demand_side,3,RIG,2019Q4,1,-2.0,-2.0,2,0.5,-1.0
demand_side,3,SD,2018Q2,1,1.0,1.0,6,0.16666666666666666,0.16666666666666666
demand_side,3,SLB,2004Q3,1,-1.0,-1.0,1,1.0,-1.0
demand_side,3,SLB,2012Q2,2,-1.5,-3.0,4,0.5,-1.5
demand_side,3,SLB,2013Q2,1,1.0,1.0,4,0.25,0.25
demand_side,3,SLB,2016Q2,1,1.0,1.0,2,0.5,0.5
demand_side,3,SLB,2017Q3,1,-1.0,-1.0,4,0.25,-0.25
demand_side,3,SLB,2018Q2,2,0.0,0.0,6,0.3333333333333333,0.0
demand_side,3,SLB,2019Q3,1,1.0,1.0,5,0.2,0.2
demand_side,3,SLB,2020Q1,3,0.3333333333333333,1.0,6,0.5,0.5
demand_side,3,SLB,2020Q3,1,-1.0,-1.0,1,1.0,-1.0
demand_side,3,SLB,2021Q1,1,1.0,1.0,2,0.5,0.5
demand_side,3,SLB,2021Q2,1,-1.0,-1.0,3,0.3333333333333333,-0.3333333333333333
demand_side,3,SLB,2021Q3,6,0.5,3.0,13,0.46153846153846156,1.3846153846153846
demand_side,3,SLB,2022Q3,1,0.0,0.0,3,0.3333333333333333,0.0
demand_side,3,SLB,2023Q1,1,2.0,2.0,1,1.0,2.0
demand_side,3,SLB,2023Q4,1,0.0,0.0,5,0.2,0.0
demand_side,3,STR,2019Q1,1,-1.0,-1.0,2,0.5,-0.5
demand_side,3,STR,2022Q3,1,0.0,0.0,3,0.3333333333333333,0.0
demand_side,3,VTLE,2024Q3,1,1.0,1.0,4,0.25,0.25
demand_side,3,WLL,2020Q2,3,-2.0,-6.0,8,0.375,-2.25
demand_side,4,APA,2022Q4,1,0.0,0.0,2,0.5,0.0
demand_side,4,EQT,2006Q3,1,0.0,0.0,1,1.0,0.0
demand_side,4,EQT,2018Q3,1,0.0,0.0,1,1.0,0.0
demand_side,4,EQT,2019Q3,1,0.0,0.0,1,1.0,0.0
demand_side,4,EQT,2021Q1,1,0.0,0.0,2,0.5,0.0
demand_side,4,EQT,2022Q4,1,0.0,0.0,2,0.5,0.0
demand_side,4,EQT,2023Q1,1,0.0,0.0,1,1.0,0.0
demand_side,4,NEX,2022Q1,1,0.0,0.0,2,0.5,0.0
demand_side,4,NEX,2023Q4,1,0.0,0.0,1,1.0,0.0
demand_side,4,PED,2022Q1,1,0.0,0.0,2,0.5,0.0
demand_side,4,SLB,2021Q1,1,0.0,0.0,2,0.5,0.0
demand_side,4,STR,2024Q2,1,-1.0,-1.0,1,1.0,-1.0
esg_regulation,0,APA,2011Q1,1,0.0,0.0,2,0.5,0.0
esg_regulation,0,APA,2020Q1,1,0.0,0.0,3,0.3333333333333333,0.0
esg_regulation,0,AR,2015Q3,1,0.0,0.0,1,1.0,0.0
esg_regulation,0,AR,2023Q2,1,0.0,0.0,3,0.3333333333333333,0.0
esg_regulation,0,CPE,2020Q3,1,0.0,0.0,2,0.5,0.0
esg_regulation,0,CPE,2021Q1,1,0.0,0.0,3,0.3333333333333333,0.0
esg_regulation,0,CRC,2015Q2,1,0.0,0.0,1,1.0,0.0
esg_regulation,0,CRC,2021Q4,1,0.0,0.0,6,0.16666666666666666,0.0
esg_regulation,0,DCP,2021Q3,1,0.0,0.0,3,0.3333333333333333,0.0
esg_regulation,0,EQT,2020Q1,1,0.0,0.0,3,0.3333333333333333,0.0
esg_regulation,0,EQT,2020Q2,1,0.0,0.0,1,1.0,0.0
esg_regulation,0,EQT,2023Q2,1,0.0,0.0,3,0.3333333333333333,0.0
esg_regulation,0,FANG,2016Q4,1,0.0,0.0,1,1.0,0.0
esg_regulation,0,FANG,2017Q4,1,0.0,0.0,1,1.0,0.0
esg_regulation,0,FANG,2018Q1,1,0.0,0.0,2,0.5,0.0
esg_regulation,0,FANG,2018Q2,1,0.0,0.0,2,0.5,0.0
esg_regulation,0,FANG,2018Q3,2,0.0,0.0,2,1.0,0.0
esg_regulation,0,FANG,2018Q4,1,0.0,0.0,1,1.0,0.0
esg_regulation,0,HP,2010Q3,1,0.0,0.0,1,1.0,0.0
esg_regulation,0,HP,2013Q2,1,0.0,0.0,1,1.0,0.0
esg_regulation,0,HP,2019Q4,1,0.0,0.0,1,1.0,0.0
esg_regulation,0,HP,2020Q3,1,0.0,0.0,2,0.5,0.0
esg_regulation,0,HP,2020Q4,1,0.0,0.0,1,1.0,0.0
esg_regulation,0,HP,2021Q3,1,-1.0,-1.0,3,0.3333333333333333,-0.3333333333333333
esg_regulation,0,HP,2021Q4,2,0.0,0.0,6,0.3333333333333333,0.0
esg_regulation,0,HP,2022Q1,1,0.0,0.0,1,1.0,0.0
esg_regulation,0,HP,2022Q3,1,0.0,0.0,3,0.3333333333333333,0.0
esg_regulation,0,HP,2022Q4,1,0.0,0.0,3,0.3333333333333333,0.0
esg_regulation,0,NES,2017Q1,1,1.0,1.0,1,1.0,1.0
esg_regulation,0,NES,2018Q2,1,-1.0,-1.0,2,0.5,-0.5
esg_regulation,0,NES,2019Q2,1,0.0,0.0,1,1.0,0.0
esg_regulation,0,NEX,2024Q4,1,0.0,0.0,2,0.5,0.0
esg_regulation,0,PED,2003Q2,1,1.0,1.0,1,1.0,1.0
esg_regulation,0,PED,2022Q3,1,0.0,0.0,3,0.3333333333333333,0.0
esg_regulation,0,RES,2024Q4,1,0.0,0.0,2,0.5,0.0
esg_regulation,0,SLB,2021Q1,2,0.0,0.0,3,0.6666666666666666,0.0
esg_regulation,0,SLB,2021Q4,3,-0.3333333333333333,-1.0,6,0.5,-0.5
esg_regulation,0,SLB,2022Q4,1,0.0,0.0,3,0.3333333333333333,0.0
esg_regulation,0,SLB,2023Q2,1,0.0,0.0,3,0.3333333333333333,0.0
esg_regulation,0,SLB,2023Q3,3,-0.3333333333333333,-1.0,3,1.0,-1.0
esg_regulation,0,SLB,2023Q4,1,0.0,0.0,1,1.0,0.0
esg_regulation,0,SLB,2024Q2,1,0.0,0.0,2,0.5,0.0
esg_regulation,0,STR,2020Q1,1,0.0,0.0,3,0.3333333333333333,0.0
esg_regulation,0,STR,2022Q3,1,0.0,0.0,3,0.3333333333333333,0.0
esg_regulation,0,USEG,2025Q1,1,1.0,1.0,1,1.0,1.0
esg_regulation,0,VOC,2009Q1,1,0.0,0.0,1,1.0,0.0
esg_regulation,0,VOC,2011Q1,1,0.0,0.0,2,0.5,0.0
esg_regulation,0,VOC,2016Q2,1,1.0,1.0,1,1.0,1.0
esg_regulation,0,VOC,2018Q1,1,0.0,0.0,2,0.5,0.0
esg_regulation,0,VOC,2021Q3,1,0.0,0.0,3,0.3333333333333333,0.0
esg_regulation,0,VOC,2022Q4,1,0.0,0.0,3,0.3333333333333333,0.0
esg_regulation,0,VTS,2024Q2,1,0.0,0.0,2,0.5,0.0
esg_regulation,2,APA,2002Q2,1,0.0,0.0,1,1.0,0.0
esg_regulation,2,APA,2002Q3,1,0.0,0.0,1,1.0,0.0
esg_regulation,2,APA,2003Q2,1,0.0,0.0,1,1.0,0.0
esg_regulation,2,APA,2014Q2,1,0.0,0.0,2,0.5,0.0
esg_regulation,2,APA,2017Q4,1,0.0,0.0,1,1.0,0.0
esg_regulation,2,APA,2019Q2,1,0.0,0.0,3,0.3333333333333333,0.0
esg_regulation,2,AR,2022Q2,1,0.0,0.0,1,1.0,0.0
esg_regulation,2,BORR,2020Q3,1,0.0,0.0,1,1.0,0.0
esg_regulation,2,EQT,2008Q2,1,0.0,0.0,1,1.0,0.0
esg_regulation,2,EQT,2018Q4,1,0.0,0.0,2,0.5,0.0
esg_regulation,2,EQT,2019Q1,1,0.0,0.0,1,1.0,0.0
esg_regulation,2,EQT,2019Q2,1,0.0,0.0,3,0.3333333333333333,0.0
esg_regulation,2,EQT,2019Q3,1,0.0,0.0,1,1.0,0.0
esg_regulation,2,EQT,2019Q4,1,0.0,0.0,3,0.3333333333333333,0.0
esg_regulation,2,EQT,2021Q2,1,0.0,0.0,1,1.0,0.0
esg_regulation,2,EQT,2021Q3,1,0.0,0.0,3,0.3333333333333333,0.0
esg_regulation,2,EQT,2021Q4,1,0.0,0.0,1,1.0,0.0
esg_regulation,2,FANG,2018Q3,1,0.0,0.0,1,1.0,0.0
esg_regulation,2,FANG,2018Q4,1,0.0,0.0,2,0.5,0.0
esg_regulation,2,HAL,2020Q1,1,-1.0,-1.0,1,1.0,-1.0
esg_regulation,2,HP,1999Q2,1,0.0,0.0,1,1.0,0.0
esg_regulation,2,HP,2002Q1,1,0.0,0.0,1,1.0,0.0
esg_regulation,2,HP,2009Q3,1,0.0,0.0,1,1.0,0.0
esg_regulation,2,HP,2010Q3,1,0.0,0.0,1,1.0,0.0
esg_regulation,2,HP,2013Q1,1,0.0,0.0,1,1.0,0.0
esg_regulation,2,HP,2014Q2,1,0.0,0.0,2,0.5,0.0
esg_regulation,2,HP,2016Q1,1,0.0,0.0,1,1.0,0.0
esg_regulation,2,HP,2016Q3,1,0.0,0.0,1,1.0,0.0
esg_regulation,2,HP,2019Q4,1,0.0,0.0,3,0.3333333333333333,0.0
esg_regulation,2,HP,2023Q2,1,0.0,0.0,2,0.5,0.0
esg_regulation,2,HP,2023Q3,1,0.0,0.0,1,1.0,0.0
esg_regulation,2,HP,2024Q2,2,0.0,0.0,3,0.6666666666666666,0.0
esg_regulation,2,HP,2024Q3,1,0.0,0.0,1,1.0,0.0
esg_regulation,2,PR,2002Q4,1,0.0,0.0,1,1.0,0.0
esg_regulation,2,PR,2011Q3,1,0.0,0.0,1,1.0,0.0
esg_regulation,2,PR,2019Q4,1,0.0,0.0,3,0.3333333333333333,0.0
esg_regulation,2,PR,2020Q4,1,2.0,2.0,1,1.0,2.0
esg_regulation,2,RIG,2016Q2,1,-1.0,-1.0,1,1.0,-1.0
esg_regulation,2,RIG,2017Q1,1,-1.0,-1.0,1,1.0,-1.0
esg_regulation,2,RIG,2019Q2,1,1.0,1.0,3,0.3333333333333333,0.3333333333333333
esg_regulation,2,SLB,2022Q3,2,0.0,0.0,2,1.0,0.0
esg_regulation,2,SLB,2023Q2,1,0.0,0.0,2,0.5,0.0
esg_regulation,2,SLB,2023Q4,1,-1.0,-1.0,1,1.0,-1.0
esg_regulation,2,SLB,2024Q2,1,0.0,0.0,3,0.3333333333333333,0.0
esg_regulation,2,STR,2021Q3,2,-0.5,-1.0,3,0.6666666666666666,-0.6666666666666666
esg_regulation,3,AESI,2020Q2,1,0.0,0.0,1,1.0,0.0
esg_regulation,3,APA,2002Q1,1,0.0,0.0,1,1.0,0.0
esg_regulation,3,APA,2018Q2,1,0.0,0.0,1,1.0,0.0
esg_regulation,3,BRN,2022Q3,1,0.0,0.0,2,0.5,0.0
esg_regulation,3,EP,2022Q3,1,0.0,0.0,2,0.5,0.0
esg_regulation,3,EQT,2021Q2,1,1.0,1.0,1,1.0,1.0
esg_regulation,3,EQT,2022Q1,1,1.0,1.0,1,1.0,1.0
esg_regulation,3,FANG,2024Q3,2,0.5,1.0,3,0.6666666666666666,0.6666666666666666
esg_regulation,3,FTI,2024Q3,1,2.0,2.0,3,0.3333333333333333,0.6666666666666666
esg_regulation,3,HP,1999Q3,1,0.0,0.0,1,1.0,0.0
esg_regulation,3,HP,2011Q4,1,0.0,0.0,1,1.0,0.0
esg_regulation,3,HP,2012Q2,1,0.0,0.0,1,1.0,0.0
esg_regulation,3,HP,2020Q4,1,0.0,0.0,1,1.0,0.0
esg_regulation,3,SLB,2019Q2,1,0.0,0.0,1,1.0,0.0
esg_regulation,3,SLB,2022Q2,2,0.0,0.0,2,1.0,0.0
esg_regulation,3,SLB,2022Q4,1,-1.0,-1.0,1,1.0,-1.0
esg_regulation,4,APA,2020Q4,1,2.0,2.0,3,0.3333333333333333,0.6666666666666666
esg_regulation,4,AR,2024Q1,1,0.0,0.0,2,0.5,0.0
esg_regulation,4,CPE,2021Q2,1,0.0,0.0,1,1.0,0.0
esg_regulation,4,EP,2020Q4,1,-1.0,-1.0,3,0.3333333333333333,-0.3333333333333333
esg_regulation,4,EQT,2007Q1,1,0.0,0.0,1,1.0,0.0
esg_regulation,4,EQT,2011Q1,1,0.0,0.0,1,1.0,0.0
esg_regulation,4,EQT,2016Q3,1,0.0,0.0,1,1.0,0.0
esg_regulation,4,EQT,2017Q3,1,0.0,0.0,1,1.0,0.0
esg_regulation,4,EQT,2018Q4,2,0.0,0.0,2,1.0,0.0
esg_regulation,4,EQT,2019Q1,1,0.0,0.0,1,1.0,0.0
esg_regulation,4,EQT,2019Q3,2,0.0,0.0,2,1.0,0.0
esg_regulation,4,EQT,2022Q3,1,0.0,0.0,1,1.0,0.0
esg_regulation,4,EXE,2024Q4,1,0.0,0.0,1,1.0,0.0
esg_regulation,4,FANG,2018Q1,1,0.0,0.0,1,1.0,0.0
esg_regulation,4,FANG,2021Q1,1,-2.0,-2.0,1,1.0,-2.0
esg_regulation,4,HAL,2020Q4,1,1.0,1.0,3,0.3333333333333333,0.3333333333333333
esg_regulation,4,HLX,2017Q2,1,0.0,0.0,1,1.0,0.0
esg_regulation,4,HP,2004Q2,1,0.0,0.0,1,1.0,0.0
esg_regulation,4,HP,2010Q3,1,0.0,0.0,1,1.0,0.0
esg_regulation,4,HP,2015Q4,1,0.0,0.0,1,1.0,0.0
esg_regulation,4,HP,2023Q4,1,0.0,0.0,1,1.0,0.0
esg_regulation,4,SLB,2022Q2,2,-0.5,-1.0,2,1.0,-1.0
esg_regulation,4,SLB,2022Q4,2,1.0,2.0,2,1.0,2.0
esg_regulation,4,SLB,2023Q2,1,0.0,0.0,1,1.0,0.0
esg_regulation,4,SLB,2024Q1,1,0.0,0.0,2,0.5,0.0
esg_regulation,4,TTI,2021Q4,1,0.0,0.0,1,1.0,0.0
financial_risk,0,APA,2000Q3,1,1.0,1.0,1,1.0,1.0
financial_risk,0,APA,2001Q1,1,2.0,2.0,2,0.5,1.0
financial_risk,0,APA,2011Q1,1,0.0,0.0,2,0.5,0.0
financial_risk,0,APA,2012Q4,1,0.0,0.0,1,1.0,0.0
financial_risk,0,APA,2018Q1,2,0.0,0.0,2,1.0,0.0
financial_risk,0,APA,2018Q3,1,0.0,0.0,3,0.3333333333333333,0.0
financial_risk,0,APA,2021Q3,1,0.0,0.0,4,0.25,0.0
financial_risk,0,APA,2022Q4,1,0.0,0.0,11,0.09090909090909091,0.0
financial_risk,0,APA,2023Q1,1,0.0,0.0,10,0.1,0.0
financial_risk,0,APA,2023Q3,1,0.0,0.0,9,0.1111111111111111,0.0
financial_risk,0,APA,2024Q3,4,1.25,5.0,8,0.5,2.5
financial_risk,0,AR,2009Q2,1,0.0,0.0,1,1.0,0.0
financial_risk,0,AR,2017Q3,1,0.0,0.0,2,0.5,0.0
financial_risk,0,AR,2018Q2,1,0.0,0.0,7,0.14285714285714285,0.0
financial_risk,0,AR,2018Q3,1,0.0,0.0,3,0.3333333333333333,0.0
financial_risk,0,AR,2021Q1,2,0.0,0.0,11,0.18181818181818182,0.0
financial_risk,0,AR,2022Q4,1,0.0,0.0,11,0.09090909090909091,0.0
financial_risk,0,AR,2023Q2,1,0.0,0.0,4,0.25,0.0
financial_risk,0,BRN,2013Q1,1,0.0,0.0,2,0.5,0.0
financial_risk,0,BRN,2016Q2,1,0.0,0.0,2,0.5,0.0
financial_risk,0,BRN,2016Q3,1,0.0,0.0,2,0.5,0.0
financial_risk,0,BRN,2022Q2,1,0.0,0.0,8,0.125,0.0
financial_risk,0,CLB,2004Q3,1,0.0,0.0,1,1.0,0.0
financial_risk,0,CPE,2021Q3,1,0.0,0.0,4,0.25,0.0
financial_risk,0,CPE,2021Q4,1,0.0,0.0,4,0.25,0.0
financial_risk,0,CPE,2022Q3,1,0.0,0.0,3,0.3333333333333333,0.0
financial_risk,0,CPE,2022Q4,1,0.0,0.0,11,0.09090909090909091,0.0
financial_risk,0,CRC,2018Q2,1,0.0,0.0,7,0.14285714285714285,0.0
financial_risk,0,CRC,2019Q4,2,0.0,0.0,3,0.6666666666666666,0.0
financial_risk,0,CRC,2022Q1,1,0.0,0.0,4,0.25,0.0
financial_risk,0,CRC,2023Q1,2,0.0,0.0,10,0.2,0.0
financial_risk,0,CRC,2023Q3,1,0.0,0.0,9,0.1111111111111111,0.0
financial_risk,0,CRK,2001Q1,1,0.0,0.0,2,0.5,0.0
financial_risk,0,CRK,2013Q1,1,0.0,0.0,2,0.5,0.0
financial_risk,0,DCP,2020Q1,1,0.0,0.0,8,0.125,0.0
financial_risk,0,DO,2020Q2,1,0.0,0.0,4,0.25,0.0
financial_risk,0,EP,2012Q3,1,0.0,0.0,1,1.0,0.0
financial_risk,0,EP,2020Q3,1,0.0,0.0,7,0.14285714285714285,0.0
financial_risk,0,EP,2022Q2,2,0.0,0.0,8,0.25,0.0
financial_risk,0,EP,2024Q1,1,0.0,0.0,5,0.2,0.0
financial_risk,0,EP,2024Q2,1,0.0,0.0,2,0.5,0.0
financial_risk,0,EPM,2015Q2,1,0.0,0.0,1,1.0,0.0
financial_risk,0,EQT,2005Q4,1,0.0,0.0,1,1.0,0.0
financial_risk,0,EQT,2016Q1,1,0.0,0.0,3,0.3333333333333333,0.0
financial_risk,0,EQT,2017Q3,1,0.0,0.0,2,0.5,0.0
financial_risk,0,EQT,2018Q4,1,0.0,0.0,2,0.5,0.0
financial_risk,0,EQT,2019Q2,1,0.0,0.0,3,0.3333333333333333,0.0
financial_risk,0,EQT,2019Q3,1,0.0,0.0,3,0.3333333333333333,0.0
financial_risk,0,EQT,2020Q3,1,0.0,0.0,7,0.14285714285714285,0.0
financial_risk,0,EQT,2021Q2,2,0.5,1.0,4,0.5,0.5
financial_risk,0,EQT,2021Q3,1,0.0,0.0,4,0.25,0.0
financial_risk,0,EQT,2022Q1,1,0.0,0.0,4,0.25,0.0
financial_risk,0,EQT,2022Q4,1,0.0,0.0,11,0.09090909090909091,0.0
financial_risk,0,EQT,2023Q1,2,0.0,0.0,10,0.2,0.0
financial_risk,0,EQT,2023Q2,1,0.0,0.0,4,0.25,0.0
financial_risk,0,EQT,2023Q3,2,0.0,0.0,9,0.2222222222222222,0.0
financial_risk,0,EQT,2023Q4,1,0.0,0.0,2,0.5,0.0
financial_risk,0,EQT,2024Q1,2,0.0,0.0,5,0.4,0.0
financial_risk,0,EQT,2024Q2,1,1.0,1.0,2,0.5,0.5
financial_risk,0,EQT,2024Q3,3,0.3333333333333333,1.0,8,0.375,0.375
financial_risk,0,EQT,2024Q4,1,0.0,0.0,4,0.25,0.0
financial_risk,0,FANG,2017Q4,1,0.0,0.0,2,0.5,0.0
financial_risk,0,FANG,2018Q2,1,0.0,0.0,7,0.14285714285714285,0.0
financial_risk,0,FANG,2021Q4,1,0.0,0.0,4,0.25,0.0
financial_risk,0,FANG,2022Q3,1,0.0,0.0,3,0.3333333333333333,0.0
financial_risk,0,HLX,2011Q1,1,0.0,0.0,2,0.5,0.0
financial_risk,0,HP,2007Q2,1,0.0,0.0,1,1.0,0.0
financial_risk,0,HP,2007Q3,1,0.0,0.0,1,1.0,0.0
financial_risk,0,HP,2009Q4,1,2.0,2.0,1,1.0,2.0
financial_risk,0,HP,2011Q2,1,0.0,0.0,1,1.0,0.0
financial_risk,0,HP,2014Q1,1,0.0,0.0,2,0.5,0.0
financial_risk,0,HP,2014Q2,1,0.0,0.0,1,1.0,0.0
financial_risk,0,HP,2015Q1,1,0.0,0.0,3,0.3333333333333333,0.0
financial_risk,0,HP,2015Q4,2,0.0,0.0,3,0.6666666666666666,0.0
financial_risk,0,HP,2016Q2,1,0.0,0.0,2,0.5,0.0
financial_risk,0,HP,2016Q3,1,0.0,0.0,2,0.5,0.0
financial_risk,0,HP,2016Q4,1,0.0,0.0,1,1.0,0.0
financial_risk,0,HP,2017Q4,1,0.0,0.0,2,0.5,0.0
financial_risk,0,HP,2019Q2,1,0.0,0.0,3,0.3333333333333333,0.0
financial_risk,0,HP,2019Q4,1,0.0,0.0,3,0.3333333333333333,0.0
financial_risk,0,HP,2020Q1,3,0.0,0.0,8,0.375,0.0
financial_risk,0,HP,2020Q3,2,0.0,0.0,7,0.2857142857142857,0.0
financial_risk,0,HP,2021Q2,1,0.0,0.0,4,0.25,0.0
financial_risk,0,HP,2021Q4,1,0.0,0.0,4,0.25,0.0
financial_risk,0,HP,2022Q1,1,1.0,1.0,4,0.25,0.25
financial_risk,0,HP,2022Q2,3,0.3333333333333333,1.0,8,0.375,0.375
financial_risk,0,HP,2022Q3,1,-1.0,-1.0,3,0.3333333333333333,-0.3333333333333333
financial_risk,0,HP,2022Q4,3,-0.3333333333333333,-1.0,11,0.2727272727272727,-0.2727272727272727
financial_risk,0,HP,2023Q1,4,-0.5,-2.0,10,0.4,-0.8
financial_risk,0,HP,2023Q2,1,0.0,0.0,4,0.25,0.0
financial_risk,0,KRP,2020Q3,1,0.0,0.0,7,0.14285714285714285,0.0
financial_risk,0,NBR,1999Q1,1,0.0,0.0,1,1.0,0.0
financial_risk,0,NBR,2024Q4,1,-1.0,-1.0,4,0.25,-0.25
financial_risk,0,NES,2019Q1,2,0.0,0.0,2,1.0,0.0
financial_risk,0,NES,2020Q1,1,0.0,0.0,8,0.125,0.0
financial_risk,0,NES,2020Q4,1,0.0,0.0,7,0.14285714285714285,0.0
financial_risk,0,NEX,2017Q1,1,0.0,0.0,2,0.5,0.0
financial_risk,0,NEX,2018Q2,1,0.0,0.0,7,0.14285714285714285,0.0
financial_risk,0,PDCE,2020Q4,1,-1.0,-1.0,7,0.14285714285714285,-0.14285714285714285
financial_risk,0,PED,2015Q1,1,-2.0,-2.0,3,0.3333333333333333,-0.6666666666666666
financial_risk,0,PHX,2022Q1,1,0.0,0.0,4,0.25,0.0
financial_risk,0,PR,2014Q3,1,0.0,0.0,2,0.5,0.0
financial_risk,0,PR,2017Q1,1,0.0,0.0,2,0.5,0.0
financial_risk,0,PR,2018Q3,1,0.0,0.0,3,0.3333333333333333,0.0
financial_risk,0,PR,2019Q3,1,1.0,1.0,3,0.3333333333333333,0.3333333333333333
financial_risk,0,PR,2020Q4,1,0.0,0.0,7,0.14285714285714285,0.0
financial_risk,0,PR,2024Q1,1,1.0,1.0,5,0.2,0.2
financial_risk,0,RIG,2024Q4,1,1.0,1.0,4,0.25,0.25
financial_risk,0,SDRL,2024Q4,1,0.0,0.0,4,0.25,0.0
financial_risk,0,SLB,2000Q2,1,1.0,1.0,1,1.0,1.0
financial_risk,0,SLB,2013Q2,1,2.0,2.0,1,1.0,2.0
financial_risk,0,SLB,2016Q1,1,1.0,1.0,3,0.3333333333333333,0.3333333333333333
financial_risk,0,SLB,2021Q2,1,0.0,0.0,4,0.25,0.0
financial_risk,0,SLB,2022Q4,2,1.0,2.0,11,0.18181818181818182,0.36363636363636365
financial_risk,0,SLB,2023Q3,1,0.0,0.0,9,0.1111111111111111,0.0
financial_risk,0,STR,2010Q3,1,0.0,0.0,1,1.0,0.0
financial_risk,0,STR,2014Q1,1,1.0,1.0,2,0.5,0.5
financial_risk,0,STR,2014Q3,1,0.0,0.0,2,0.5,0.0
financial_risk,0,STR,2014Q4,1,0.0,0.0,1,1.0,0.0
financial_risk,0,STR,2015Q1,1,0.0,0.0,3,0.3333333333333333,0.0
financial_risk,0,STR,2016Q1,1,0.0,0.0,3,0.3333333333333333,0.0
financial_risk,0,STR,2018Q2,1,0.0,0.0,7,0.14285714285714285,0.0
financial_risk,0,STR,2018Q4,1,0.0,0.0,2,0.5,0.0
financial_risk,0,STR,2019Q2,1,0.0,0.0,3,0.3333333333333333,0.0
financial_risk,0,STR,2019Q3,1,1.0,1.0,3,0.3333333333333333,0.3333333333333333
financial_risk,0,STR,2020Q1,2,-0.5,-1.0,8,0.25,-0.25
financial_risk,0,STR,2020Q2,2,0.0,0.0,4,0.5,0.0
financial_risk,0,STR,2020Q3,2,0.0,0.0,7,0.2857142857142857,0.0
financial_risk,0,STR,2020Q4,4,-0.25,-1.0,7,0.5714285714285714,-0.5714285714285714
financial_risk,0,STR,2021Q1,6,0.0,0.0,11,0.5454545454545454,0.0
financial_risk,0,STR,2021Q3,1,0.0,0.0,4,0.25,0.0
financial_risk,0,STR,2021Q4,1,0.0,0.0,4,0.25,0.0
financial_risk,0,STR,2022Q2,1,0.0,0.0,8,0.125,0.0
financial_risk,0,STR,2022Q4,1,2.0,2.0,11,0.09090909090909091,0.18181818181818182
financial_risk,0,STR,2023Q2,1,0.0,0.0,4,0.25,0.0
financial_risk,0,STR,2023Q3,4,-0.25,-1.0,9,0.4444444444444444,-0.4444444444444444
financial_risk,0,STR,2024Q1,1,-1.0,-1.0,5,0.2,-0.2
financial_risk,0,STR,2024Q3,1,0.0,0.0,8,0.125,0.0
financial_risk,0,TTI,2002Q1,1,0.0,0.0,1,1.0,0.0
financial_risk,0,TTI,2020Q1,1,0.0,0.0,8,0.125,0.0
financial_risk,0,VTS,2015Q4,1,0.0,0.0,3,0.3333333333333333,0.0
financial_risk,0,VTS,2018Q2,2,-1.0,-2.0,7,0.2857142857142857,-0.5714285714285714
financial_risk,0,VTS,2021Q1,3,0.0,0.0,11,0.2727272727272727,0.0
financial_risk,0,VTS,2022Q2,1,0.0,0.0,8,0.125,0.0
financial_risk,0,VTS,2022Q4,1,0.0,0.0,11,0.09090909090909091,0.0
financial_risk,0,VTS,2023Q1,1,0.0,0.0,10,0.1,0.0
financial_risk,0,VTS,2023Q4,1,0.0,0.0,2,0.5,0.0
financial_risk,0,WLL,2020Q2,1,1.0,1.0,4,0.25,0.25
financial_risk,2,ACDC,2022Q2,1,-1.0,-1.0,2,0.5,-0.5
financial_risk,2,ACDC,2024Q2,1,0.0,0.0,2,0.5,0.0
financial_risk,2,AESI,2021Q4,1,0.0,0.0,5,0.2,0.0
financial_risk,2,AESI,2023Q1,1,0.0,0.0,3,0.3333333333333333,0.0
financial_risk,2,APA,1999Q1,2,0.0,0.0,2,1.0,0.0
financial_risk,2,APA,1999Q3,1,0.0,0.0,1,1.0,0.0
financial_risk,2,APA,2001Q1,1,0.0,0.0,2,0.5,0.0
financial_risk,2,APA,2001Q4,1,0.0,0.0,2,0.5,0.0
financial_risk,2,APA,2002Q2,1,0.0,0.0,1,1.0,0.0
financial_risk,2,APA,2003Q1,1,0.0,0.0,1,1.0,0.0
financial_risk,2,APA,2003Q2,1,0.0,0.0,2,0.5,0.0
financial_risk,2,APA,2006Q2,1,0.0,0.0,3,0.3333333333333333,0.0
financial_risk,2,APA,2007Q2,2,0.0,0.0,2,1.0,0.0
financial_risk,2,APA,2010Q1,1,0.0,0.0,1,1.0,0.0
financial_risk,2,APA,2010Q3,1,-1.0,-1.0,10,0.1,-0.1
financial_risk,2,APA,2011Q3,1,0.0,0.0,2,0.5,0.0
financial_risk,2,APA,2011Q4,2,0.0,0.0,4,0.5,0.0
financial_risk,2,APA,2012Q1,3,0.0,0.0,3,1.0,0.0
financial_risk,2,APA,2012Q3,3,-0.3333333333333333,-1.0,4,0.75,-0.75
financial_risk,2,APA,2013Q3,1,0.0,0.0,3,0.3333333333333333,0.0
financial_risk,2,APA,2015Q1,2,0.0,0.0,6,0.3333333333333333,0.0
financial_risk,2,APA,2016Q2,2,-0.5,-1.0,8,0.25,-0.25
financial_risk,2,APA,2016Q3,1,0.0,0.0,5,0.2,0.0
financial_risk,2,APA,2017Q4,2,0.0,0.0,11,0.18181818181818182,0.0
financial_risk,2,APA,2018Q2,1,0.0,0.0,4,0.25,0.0
financial_risk,2,APA,2018Q3,2,1.0,2.0,8,0.25,0.5
financial_risk,2,APA,2018Q4,3,-0.3333333333333333,-1.0,7,0.42857142857142855,-0.42857142857142855
financial_risk,2,APA,2019Q1,2,0.0,0.0,8,0.25,0.0
financial_risk,2,APA,2019Q2,1,0.0,0.0,9,0.1111111111111111,0.0
financial_risk,2,APA,2019Q3,1,-1.0,-1.0,12,0.08333333333333333,-0.08333333333333333
financial_risk,2,APA,2023Q1,1,0.0,0.0,3,0.3333333333333333,0.0
financial_risk,2,APA,2023Q2,2,0.0,0.0,12,0.16666666666666666,0.0
financial_risk,2,APA,2023Q3,3,0.0,0.0,12,0.25,0.0
financial_risk,2,APA,2024Q1,2,0.0,0.0,11,0.18181818181818182,0.0
financial_risk,2,APA,2024Q4,1,0.0,0.0,5,0.2,0.0
financial_risk,2,AR,2018Q3,1,0.0,0.0,8,0.125,0.0
financial_risk,2,AR,2020Q4,1,0.0,0.0,2,0.5,0.0
financial_risk,2,AR,2023Q4,1,0.0,0.0,9,0.1111111111111111,0.0
financial_risk,2,BATL,2020Q2,1,0.0,0.0,8,0.125,0.0
financial_risk,2,BSM,2010Q2,2,0.0,0.0,3,0.6666666666666666,0.0
financial_risk,2,CLB,1998Q3,1,0.0,0.0,1,1.0,0.0
financial_risk,2,CPE,2021Q2,2,0.0,0.0,6,0.3333333333333333,0.0
financial_risk,2,CRC,2014Q3,1,-1.0,-1.0,2,0.5,-0.5
financial_risk,2,CRC,2019Q4,1,0.0,0.0,13,0.07692307692307693,0.0
financial_risk,2,CRC,2022Q1,1,-1.0,-1.0,3,0.3333333333333333,-0.3333333333333333
financial_risk,2,CRC,2024Q4,3,0.6666666666666666,2.0,5,0.6,1.2
financial_risk,2,CRK,2013Q1,2,0.0,0.0,12,0.16666666666666666,0.0
financial_risk,2,DCP,2010Q2,1,0.0,0.0,3,0.3333333333333333,0.0
financial_risk,2,DCP,2011Q4,1,0.0,0.0,4,0.25,0.0
financial_risk,2,DCP,2017Q1,1,0.0,0.0,4,0.25,0.0
financial_risk,2,DCP,2017Q4,1,0.0,0.0,11,0.09090909090909091,0.0
financial_risk,2,DCP,2018Q3,1,0.0,0.0,8,0.125,0.0
financial_risk,2,DCP,2021Q4,2,0.0,0.0,5,0.4,0.0
financial_risk,2,DCP,2023Q3,1,0.0,0.0,12,0.08333333333333333,0.0
financial_risk,2,DWSN,2020Q2,1,-1.0,-1.0,8,0.125,-0.125
financial_risk,2,EP,2019Q3,1,0.0,0.0,12,0.08333333333333333,0.0
financial_risk,2,EP,2021Q2,1,0.0,0.0,6,0.16666666666666666,0.0
financial_risk,2,EP,2023Q1,1,0.0,0.0,3,0.3333333333333333,0.0
financial_risk,2,EP,2023Q2,1,0.0,0.0,12,0.08333333333333333,0.0
financial_risk,2,EQT,2005Q2,1,0.0,0.0,2,0.5,0.0
financial_risk,2,EQT,2005Q4,1,0.0,0.0,1,1.0,0.0
financial_risk,2,EQT,2011Q2,1,0.0,0.0,2,0.5,0.0
financial_risk,2,EQT,2013Q1,1,0.0,0.0,12,0.08333333333333333,0.0
financial_risk,2,EQT,2013Q2,1,0.0,0.0,6,0.16666666666666666,0.0
financial_risk,2,EQT,2014Q4,1,0.0,0.0,5,0.2,0.0
financial_risk,2,EQT,2015Q1,1,0.0,0.0,6,0.16666666666666666,0.0
financial_risk,2,EQT,2015Q4,1,0.0,0.0,6,0.16666666666666666,0.0
financial_risk,2,EQT,2016Q1,1,0.0,0.0,6,0.16666666666666666,0.0
financial_risk,2,EQT,2016Q3,1,0.0,0.0,5,0.2,0.0
financial_risk,2,EQT,2017Q1,1,0.0,0.0,4,0.25,0.0
financial_risk,2,EQT,2017Q2,1,0.0,0.0,4,0.25,0.0
financial_risk,2,EQT,2017Q3,5,0.0,0.0,9,0.5555555555555556,0.0
financial_risk,2,EQT,2017Q4,1,0.0,0.0,11,0.09090909090909091,0.0
financial_risk,2,EQT,2018Q3,2,0.0,0.0,8,0.25,0.0
financial_risk,2,EQT,2018Q4,2,-0.5,-1.0,7,0.2857142857142857,-0.2857142857142857
financial_risk,2,EQT,2019Q1,2,0.0,0.0,8,0.25,0.0
financial_risk,2,EQT,2019Q2,3,0.0,0.0,9,0.3333333333333333,0.0
financial_risk,2,EQT,2019Q3,3,0.0,0.0,12,0.25,0.0
financial_risk,2,EQT,2019Q4,3,-0.3333333333333333,-1.0,13,0.23076923076923078,-0.23076923076923078
financial_risk,2,EQT,2020Q3,1,0.0,0.0,3,0.3333333333333333,0.0
financial_risk,2,EQT,2021Q2,1,0.0,0.0,6,0.16666666666666666,0.0
financial_risk,2,EQT,2021Q3,2,0.0,0.0,8,0.25,0.0
financial_risk,2,EQT,2021Q4,2,0.5,1.0,5,0.4,0.4
financial_risk,2,EQT,2022Q4,1,2.0,2.0,3,0.3333333333333333,0.6666666666666666
financial_risk,2,EQT,2023Q2,3,0.3333333333333333,1.0,12,0.25,0.25
financial_risk,2,EQT,2023Q3,3,0.0,0.0,12,0.25,0.0
financial_risk,2,EQT,2023Q4,3,0.6666666666666666,2.0,9,0.3333333333333333,0.6666666666666666
financial_risk,2,EQT,2024Q1,5,0.8,4.0,11,0.45454545454545453,1.8181818181818181
financial_risk,2,FANG,2018Q2,3,0.0,0.0,4,0.75,0.0
financial_risk,2,FANG,2018Q3,1,0.0,0.0,8,0.125,0.0
financial_risk,2,FANG,2020Q4,1,0.0,0.0,2,0.5,0.0
financial_risk,2,GDP,2016Q2,1,1.0,1.0,8,0.125,0.125
financial_risk,2,HAL,2013Q1,2,-1.0,-2.0,12,0.16666666666666666,-0.3333333333333333
financial_risk,2,HAL,2016Q2,1,-1.0,-1.0,8,0.125,-0.125
financial_risk,2,HAL,2019Q3,2,-1.0,-2.0,12,0.16666666666666666,-0.3333333333333333
financial_risk,2,HAL,2021Q3,1,2.0,2.0,8,0.125,0.25
financial_risk,2,HAL,2022Q2,1,2.0,2.0,2,0.5,1.0
financial_risk,2,HAL,2023Q2,1,1.0,1.0,12,0.08333333333333333,0.08333333333333333
financial_risk,2,HP,1998Q4,1,0.0,0.0,1,1.0,0.0
financial_risk,2,HP,1999Q2,1,0.0,0.0,1,1.0,0.0
financial_risk,2,HP,1999Q4,1,0.0,0.0,2,0.5,0.0
financial_risk,2,HP,2001Q4,1,0.0,0.0,2,0.5,0.0
financial_risk,2,HP,2002Q3,1,0.0,0.0,1,1.0,0.0
financial_risk,2,HP,2003Q2,1,0.0,0.0,2,0.5,0.0
financial_risk,2,HP,2003Q3,1,0.0,0.0,1,1.0,0.0
financial_risk,2,HP,2003Q4,1,0.0,0.0,1,1.0,0.0
financial_risk,2,HP,2005Q1,1,0.0,0.0,1,1.0,0.0
financial_risk,2,HP,2005Q2,1,0.0,0.0,2,0.5,0.0
financial_risk,2,HP,2006Q1,1,0.0,0.0,1,1.0,0.0
financial_risk,2,HP,2006Q2,2,0.0,0.0,3,0.6666666666666666,0.0
financial_risk,2,HP,2006Q4,1,0.0,0.0,1,1.0,0.0
financial_risk,2,HP,2008Q1,2,0.0,0.0,2,1.0,0.0
financial_risk,2,HP,2009Q1,2,0.0,0.0,2,1.0,0.0
financial_risk,2,HP,2009Q3,1,0.0,0.0,1,1.0,0.0
financial_risk,2,HP,2009Q4,1,0.0,0.0,1,1.0,0.0
financial_risk,2,HP,2010Q3,9,0.0,0.0,10,0.9,0.0
financial_risk,2,HP,2011Q2,1,0.0,0.0,2,0.5,0.0
financial_risk,2,HP,2011Q3,1,0.0,0.0,2,0.5,0.0
financial_risk,2,HP,2012Q2,3,0.0,0.0,3,1.0,0.0
financial_risk,2,HP,2012Q3,1,0.0,0.0,4,0.25,0.0
financial_risk,2,HP,2012Q4,2,0.0,0.0,2,1.0,0.0
financial_risk,2,HP,2013Q1,4,0.0,0.0,12,0.3333333333333333,0.0
financial_risk,2,HP,2013Q2,5,0.0,0.0,6,0.8333333333333334,0.0
financial_risk,2,HP,2013Q4,1,0.0,0.0,1,1.0,0.0
financial_risk,2,HP,2014Q4,3,0.0,0.0,5,0.6,0.0
financial_risk,2,HP,2015Q1,2,0.0,0.0,6,0.3333333333333333,0.0
financial_risk,2,HP,2015Q3,1,0.0,0.0,2,0.5,0.0
financial_risk,2,HP,2015Q4,5,0.0,0.0,6,0.8333333333333334,0.0
financial_risk,2,HP,2016Q1,3,0.0,0.0,6,0.5,0.0
financial_risk,2,HP,2016Q2,4,0.0,0.0,8,0.5,0.0
financial_risk,2,HP,2016Q3,1,0.0,0.0,5,0.2,0.0
financial_risk,2,HP,2016Q4,2,0.0,0.0,3,0.6666666666666666,0.0
financial_risk,2,HP,2017Q2,2,0.0,0.0,4,0.5,0.0
financial_risk,2,HP,2017Q3,2,0.0,0.0,9,0.2222222222222222,0.0
financial_risk,2,HP,2017Q4,6,0.0,0.0,11,0.5454545454545454,0.0
financial_risk,2,HP,2018Q1,4,-0.25,-1.0,6,0.6666666666666666,-0.6666666666666666
financial_risk,2,HP,2018Q3,1,0.0,0.0,8,0.125,0.0
financial_risk,2,HP,2018Q4,1,0.0,0.0,7,0.14285714285714285,0.0
financial_risk,2,HP,2019Q1,3,0.0,0.0,8,0.375,0.0
financial_risk,2,HP,2019Q2,5,-0.2,-1.0,9,0.5555555555555556,-0.5555555555555556
financial_risk,2,HP,2019Q4,7,0.0,0.0,13,0.5384615384615384,0.0
financial_risk,2,HP,2020Q1,7,0.42857142857142855,3.0,8,0.875,2.625
financial_risk,2,HP,2020Q2,4,0.0,0.0,8,0.5,0.0
financial_risk,2,HP,2021Q1,1,-1.0,-1.0,3,0.3333333333333333,-0.3333333333333333
financial_risk,2,HP,2021Q3,1,0.0,0.0,8,0.125,0.0
financial_risk,2,HP,2022Q1,1,0.0,0.0,3,0.3333333333333333,0.0
financial_risk,2,HP,2022Q3,1,0.0,0.0,1,1.0,0.0
financial_risk,2,HP,2022Q4,1,0.0,0.0,3,0.3333333333333333,0.0
financial_risk,2,HP,2023Q2,3,0.0,0.0,12,0.25,0.0
financial_risk,2,HP,2023Q3,3,0.0,0.0,12,0.25,0.0
financial_risk,2,HP,2023Q4,4,0.0,0.0,9,0.4444444444444444,0.0
financial_risk,2,HP,2024Q1,3,0.0,0.0,11,0.2727272727272727,0.0
financial_risk,2,HP,2024Q2,1,0.0,0.0,2,0.5,0.0
financial_risk,2,HP,2024Q3,2,0.0,0.0,3,0.6666666666666666,0.0
financial_risk,2,MNR,2023Q4,1,1.0,1.0,9,0.1111111111111111,0.1111111111111111
financial_risk,2,NBR,2011Q4,1,1.0,1.0,4,0.25,0.25
financial_risk,2,NBR,2015Q2,1,0.0,0.0,2,0.5,0.0
financial_risk,2,NBR,2023Q2,1,0.0,0.0,12,0.08333333333333333,0.0
financial_risk,2,NBR,2023Q3,1,0.0,0.0,12,0.08333333333333333,0.0
financial_risk,2,NES,2024Q3,1,0.0,0.0,3,0.3333333333333333,0.0
financial_risk,2,NEX,2008Q4,1,0.0,0.0,1,1.0,0.0
financial_risk,2,NEX,2013Q3,1,0.0,0.0,3,0.3333333333333333,0.0
financial_risk,2,NEX,2016Q4,1,0.0,0.0,3,0.3333333333333333,0.0
financial_risk,2,NEX,2018Q1,1,0.0,0.0,6,0.16666666666666666,0.0
financial_risk,2,NEX,2018Q4,1,0.0,0.0,7,0.14285714285714285,0.0
financial_risk,2,NEX,2019Q3,3,0.3333333333333333,1.0,12,0.25,0.25
financial_risk,2,NEX,2020Q1,1,0.0,0.0,8,0.125,0.0
financial_risk,2,PDCE,2019Q3,1,2.0,2.0,12,0.08333333333333333,0.16666666666666666
financial_risk,2,PDCE,2020Q2,1,-1.0,-1.0,8,0.125,-0.125
financial_risk,2,PR,1999Q4,1,0.0,0.0,2,0.5,0.0
financial_risk,2,PR,2001Q1,1,0.0,0.0,2,0.5,0.0
financial_risk,2,PR,2004Q2,1,0.0,0.0,1,1.0,0.0
financial_risk,2,PR,2004Q3,1,0.0,0.0,3,0.3333333333333333,0.0
financial_risk,2,PR,2014Q3,1,0.0,0.0,2,0.5,0.0
financial_risk,2,PR,2015Q1,1,0.0,0.0,6,0.16666666666666666,0.0
financial_risk,2,PR,2017Q3,1,0.0,0.0,9,0.1111111111111111,0.0
financial_risk,2,PR,2019Q1,1,1.0,1.0,8,0.125,0.125
financial_risk,2,PR,2020Q2,1,0.0,0.0,8,0.125,0.0
financial_risk,2,PR,2021Q2,1,0.0,0.0,6,0.16666666666666666,0.0
financial_risk,2,PR,2021Q3,1,0.0,0.0,8,0.125,0.0
financial_risk,2,PUMP,2019Q4,1,-2.0,-2.0,13,0.07692307692307693,-0.15384615384615385
financial_risk,2,PUMP,2021Q1,1,1.0,1.0,3,0.3333333333333333,0.3333333333333333
financial_risk,2,RIG,2000Q2,1,0.0,0.0,1,1.0,0.0
financial_risk,2,RIG,2013Q1,2,-1.0,-2.0,12,0.16666666666666666,-0.3333333333333333
financial_risk,2,RIG,2017Q1,1,-1.0,-1.0,4,0.25,-0.25
financial_risk,2,RIG,2019Q4,1,2.0,2.0,13,0.07692307692307693,0.15384615384615385
financial_risk,2,RIG,2021Q3,1,1.0,1.0,8,0.125,0.125
financial_risk,2,RIG,2024Q4,1,-1.0,-1.0,5,0.2,-0.2
financial_risk,2,SD,2016Q1,1,-2.0,-2.0,6,0.16666666666666666,-0.3333333333333333
financial_risk,2,SD,2016Q3,2,0.0,0.0,5,0.4,0.0
financial_risk,2,SD,2017Q4,1,1.0,1.0,11,0.09090909090909091,0.09090909090909091
financial_risk,2,SD,2018Q1,1,2.0,2.0,6,0.16666666666666666,0.3333333333333333
financial_risk,2,SLB,2004Q3,2,0.0,0.0,3,0.6666666666666666,0.0
financial_risk,2,SLB,2014Q1,1,-1.0,-1.0,1,1.0,-1.0
financial_risk,2,SLB,2014Q2,1,-1.0,-1.0,1,1.0,-1.0
financial_risk,2,SLB,2015Q3,1,-1.0,-1.0,2,0.5,-0.5
financial_risk,2,SLB,2017Q3,1,1.0,1.0,9,0.1111111111111111,0.1111111111111111
financial_risk,2,SLB,2019Q3,1,-1.0,-1.0,12,0.08333333333333333,-0.08333333333333333
financial_risk,2,SLB,2021Q3,1,0.0,0.0,8,0.125,0.0
financial_risk,2,SLB,2022Q1,1,0.0,0.0,3,0.3333333333333333,0.0
financial_risk,2,SLB,2023Q3,1,1.0,1.0,12,0.08333333333333333,0.08333333333333333
financial_risk,2,SLB,2024Q1,1,0.0,0.0,11,0.09090909090909091,0.0
financial_risk,2,STR,2013Q1,1,-1.0,-1.0,12,0.08333333333333333,-0.08333333333333333
financial_risk,2,STR,2013Q3,1,0.0,0.0,3,0.3333333333333333,0.0
financial_risk,2,STR,2014Q4,1,-1.0,-1.0,5,0.2,-0.2
financial_risk,2,STR,2015Q2,1,0.0,0.0,2,0.5,0.0
financial_risk,2,STR,2016Q1,1,0.0,0.0,6,0.16666666666666666,0.0
financial_risk,2,STR,2020Q3,1,0.0,0.0,3,0.3333333333333333,0.0
financial_risk,2,STR,2021Q3,1,0.0,0.0,8,0.125,0.0
financial_risk,2,STR,2023Q2,1,-1.0,-1.0,12,0.08333333333333333,-0.08333333333333333
financial_risk,2,TTI,2017Q1,1,0.0,0.0,4,0.25,0.0
financial_risk,2,VOC,2017Q2,1,1.0,1.0,4,0.25,0.25
financial_risk,2,VOC,2022Q4,1,1.0,1.0,3,0.3333333333333333,0.3333333333333333
financial_risk,2,WLL,2020Q3,1,-2.0,-2.0,3,0.3333333333333333,-0.6666666666666666
financial_risk,2,WLL,2021Q1,1,0.0,0.0,3,0.3333333333333333,0.0
financial_risk,2,XOG,2021Q2,1,0.0,0.0,6,0.16666666666666666,0.0
financial_risk,3,AESI,2022Q1,1,1.0,1.0,9,0.1111111111111111,0.1111111111111111
financial_risk,3,APA,1999Q1,1,0.0,0.0,1,1.0,0.0
financial_risk,3,APA,2003Q2,1,1.0,1.0,2,0.5,0.5
financial_risk,3,APA,2007Q1,1,0.0,0.0,1,1.0,0.0
financial_risk,3,APA,2010Q4,1,0.0,0.0,5,0.2,0.0
financial_risk,3,APA,2011Q4,1,0.0,0.0,5,0.2,0.0
financial_risk,3,APA,2012Q1,1,0.0,0.0,1,1.0,0.0
financial_risk,3,APA,2012Q2,2,-0.5,-1.0,5,0.4,-0.4
financial_risk,3,APA,2012Q3,1,0.0,0.0,5,0.2,0.0
financial_risk,3,APA,2012Q4,1,-1.0,-1.0,4,0.25,-0.25
financial_risk,3,APA,2015Q3,1,0.0,0.0,7,0.14285714285714285,0.0
financial_risk,3,APA,2015Q4,1,0.0,0.0,3,0.3333333333333333,0.0
financial_risk,3,APA,2017Q1,1,0.0,0.0,4,0.25,0.0
financial_risk,3,APA,2017Q2,1,0.0,0.0,8,0.125,0.0
financial_risk,3,APA,2017Q3,1,0.0,0.0,10,0.1,0.0
financial_risk,3,APA,2018Q2,2,0.0,0.0,6,0.3333333333333333,0.0
financial_risk,3,APA,2018Q4,1,-2.0,-2.0,10,0.1,-0.2
financial_risk,3,APA,2019Q1,1,0.0,0.0,15,0.06666666666666667,0.0
financial_risk,3,APA,2020Q1,3,-0.3333333333333333,-1.0,15,0.2,-0.2
financial_risk,3,APA,2020Q2,1,-1.0,-1.0,27,0.037037037037037035,-0.037037037037037035
financial_risk,3,APA,2020Q4,1,0.0,0.0,10,0.1,0.0
financial_risk,3,APA,2021Q2,1,0.0,0.0,9,0.1111111111111111,0.0
financial_risk,3,APA,2021Q3,2,0.0,0.0,13,0.15384615384615385,0.0
financial_risk,3,APA,2022Q1,1,0.0,0.0,9,0.1111111111111111,0.0
financial_risk,3,APA,2022Q2,1,0.0,0.0,15,0.06666666666666667,0.0
financial_risk,3,APA,2022Q3,1,0.0,0.0,5,0.2,0.0
financial_risk,3,APA,2022Q4,1,0.0,0.0,7,0.14285714285714285,0.0
financial_risk,3,APA,2023Q1,2,0.0,0.0,13,0.15384615384615385,0.0
financial_risk,3,APA,2023Q3,2,0.0,0.0,6,0.3333333333333333,0.0
financial_risk,3,APA,2024Q3,2,1.0,2.0,38,0.05263157894736842,0.10526315789473684
financial_risk,3,APA,2024Q4,3,0.0,0.0,31,0.0967741935483871,0.0
financial_risk,3,AR,2016Q1,3,0.0,0.0,11,0.2727272727272727,0.0
financial_risk,3,AR,2016Q2,1,0.0,0.0,6,0.16666666666666666,0.0
financial_risk,3,AR,2016Q3,4,0.0,0.0,7,0.5714285714285714,0.0
financial_risk,3,AR,2017Q2,1,0.0,0.0,8,0.125,0.0
financial_risk,3,AR,2017Q3,2,0.0,0.0,10,0.2,0.0
financial_risk,3,AR,2018Q1,1,0.0,0.0,10,0.1,0.0
financial_risk,3,AR,2019Q1,2,0.0,0.0,15,0.13333333333333333,0.0
financial_risk,3,AR,2019Q4,1,0.0,0.0,5,0.2,0.0
financial_risk,3,AR,2020Q1,1,-2.0,-2.0,15,0.06666666666666667,-0.13333333333333333
financial_risk,3,AR,2020Q2,2,0.0,0.0,27,0.07407407407407407,0.0
financial_risk,3,AR,2020Q3,1,0.0,0.0,7,0.14285714285714285,0.0
financial_risk,3,AR,2020Q4,2,0.0,0.0,10,0.2,0.0
financial_risk,3,AR,2021Q1,4,0.0,0.0,10,0.4,0.0
financial_risk,3,AR,2021Q3,2,0.0,0.0,13,0.15384615384615385,0.0
financial_risk,3,AR,2021Q4,3,0.0,0.0,4,0.75,0.0
financial_risk,3,AR,2023Q1,1,-2.0,-2.0,13,0.07692307692307693,-0.15384615384615385
financial_risk,3,AR,2024Q2,1,0.0,0.0,13,0.07692307692307693,0.0
financial_risk,3,AR,2024Q3,3,0.6666666666666666,2.0,38,0.07894736842105263,0.15789473684210525
financial_risk,3,AR,2024Q4,4,0.5,2.0,31,0.12903225806451613,0.25806451612903225
financial_risk,3,BORR,2017Q1,1,0.0,0.0,4,0.25,0.0
financial_risk,3,BORR,2021Q2,1,0.0,0.0,9,0.1111111111111111,0.0
financial_risk,3,BORR,2024Q3,1,0.0,0.0,38,0.02631578947368421,0.0
financial_risk,3,BRN,2017Q4,1,0.0,0.0,11,0.09090909090909091,0.0
financial_risk,3,BRN,2024Q3,1,0.0,0.0,38,0.02631578947368421,0.0
financial_risk,3,BSM,2016Q3,1,0.0,0.0,7,0.14285714285714285,0.0
financial_risk,3,CHRD,2024Q3,2,1.0,2.0,38,0.05263157894736842,0.10526315789473684
financial_risk,3,CLB,2009Q2,1,0.0,0.0,2,0.5,0.0
financial_risk,3,CLB,2019Q1,1,0.0,0.0,15,0.06666666666666667,0.0
financial_risk,3,CNQ,2024Q3,1,1.0,1.0,38,0.02631578947368421,0.02631578947368421
financial_risk,3,CPE,2016Q2,1,0.0,0.0,6,0.16666666666666666,0.0
financial_risk,3,CPE,2019Q3,1,0.0,0.0,13,0.07692307692307693,0.0
financial_risk,3,CPE,2019Q4,1,0.0,0.0,5,0.2,0.0
financial_risk,3,CPE,2020Q2,1,1.0,1.0,27,0.037037037037037035,0.037037037037037035
financial_risk,3,CPE,2021Q1,1,0.0,0.0,10,0.1,0.0
financial_risk,3,CPE,2021Q2,2,0.0,0.0,9,0.2222222222222222,0.0
financial_risk,3,CRC,2013Q2,1,0.0,0.0,3,0.3333333333333333,0.0
financial_risk,3,CRC,2017Q2,1,0.0,0.0,8,0.125,0.0
financial_risk,3,CRC,2018Q2,1,0.0,0.0,6,0.16666666666666666,0.0
financial_risk,3,CRC,2020Q4,2,-1.5,-3.0,10,0.2,-0.6000000000000001
financial_risk,3,CRC,2021Q1,1,0.0,0.0,10,0.1,0.0
financial_risk,3,CRC,2022Q3,1,1.0,1.0,5,0.2,0.2
financial_risk,3,CRC,2022Q4,1,0.0,0.0,7,0.14285714285714285,0.0
financial_risk,3,CRC,2023Q1,1,-1.0,-1.0,13,0.07692307692307693,-0.07692307692307693
financial_risk,3,CRC,2023Q2,2,0.0,0.0,16,0.125,0.0
financial_risk,3,CRC,2024Q4,2,1.0,2.0,31,0.06451612903225806,0.12903225806451613
financial_risk,3,CRK,2004Q1,1,1.0,1.0,5,0.2,0.2
financial_risk,3,CRK,2016Q2,1,-1.0,-1.0,6,0.16666666666666666,-0.16666666666666666
financial_risk,3,CRK,2023Q2,2,0.0,0.0,16,0.125,0.0
financial_risk,3,DCP,2009Q3,1,0.0,0.0,4,0.25,0.0
financial_risk,3,DCP,2010Q2,1,0.0,0.0,7,0.14285714285714285,0.0
financial_risk,3,DCP,2012Q4,1,0.0,0.0,4,0.25,0.0
financial_risk,3,DCP,2019Q2,1,0.0,0.0,10,0.1,0.0
financial_risk,3,DCP,2023Q1,1,0.0,0.0,13,0.07692307692307693,0.0
financial_risk,3,DCP,2023Q2,1,2.0,2.0,16,0.0625,0.125
financial_risk,3,DCP,2023Q3,1,0.0,0.0,6,0.16666666666666666,0.0
financial_risk,3,DCP,2024Q4,1,0.0,0.0,31,0.03225806451612903,0.0
financial_risk,3,DO,2010Q2,1,-1.0,-1.0,7,0.14285714285714285,-0.14285714285714285
financial_risk,3,DO,2020Q2,3,-1.0,-3.0,27,0.1111111111111111,-0.3333333333333333
financial_risk,3,DO,2024Q3,1,1.0,1.0,38,0.02631578947368421,0.02631578947368421
financial_risk,3,EP,2012Q3,1,0.0,0.0,5,0.2,0.0
financial_risk,3,EP,2021Q1,1,0.0,0.0,10,0.1,0.0
financial_risk,3,EP,2021Q3,2,0.0,0.0,13,0.15384615384615385,0.0
financial_risk,3,EP,2023Q2,1,0.0,0.0,16,0.0625,0.0
financial_risk,3,EQT,2003Q2,1,0.0,0.0,2,0.5,0.0
financial_risk,3,EQT,2005Q4,1,0.0,0.0,2,0.5,0.0
financial_risk,3,EQT,2008Q4,1,0.0,0.0,2,0.5,0.0
financial_risk,3,EQT,2011Q1,1,0.0,0.0,2,0.5,0.0
financial_risk,3,EQT,2011Q3,1,1.0,1.0,3,0.3333333333333333,0.3333333333333333
financial_risk,3,EQT,2014Q1,2,0.0,0.0,2,1.0,0.0
financial_risk,3,EQT,2015Q4,1,0.0,0.0,3,0.3333333333333333,0.0
financial_risk,3,EQT,2016Q3,1,0.0,0.0,7,0.14285714285714285,0.0
financial_risk,3,EQT,2017Q1,1,0.0,0.0,4,0.25,0.0
financial_risk,3,EQT,2017Q3,5,0.0,0.0,10,0.5,0.0
financial_risk,3,EQT,2018Q2,1,0.0,0.0,6,0.16666666666666666,0.0
financial_risk,3,EQT,2018Q3,1,0.0,0.0,7,0.14285714285714285,0.0
financial_risk,3,EQT,2018Q4,1,0.0,0.0,10,0.1,0.0
financial_risk,3,EQT,2019Q2,2,0.0,0.0,10,0.2,0.0
financial_risk,3,EQT,2019Q3,1,0.0,0.0,13,0.07692307692307693,0.0
financial_risk,3,EQT,2020Q1,1,-1.0,-1.0,15,0.06666666666666667,-0.06666666666666667
financial_risk,3,EQT,2021Q1,1,0.0,0.0,10,0.1,0.0
financial_risk,3,EQT,2021Q2,1,0.0,0.0,9,0.1111111111111111,0.0
financial_risk,3,EQT,2021Q3,3,0.3333333333333333,1.0,13,0.23076923076923078,0.23076923076923078
financial_risk,3,EQT,2022Q1,3,0.6666666666666666,2.0,9,0.3333333333333333,0.6666666666666666
financial_risk,3,EQT,2022Q2,1,0.0,0.0,15,0.06666666666666667,0.0
financial_risk,3,EQT,2023Q1,2,-0.5,-1.0,13,0.15384615384615385,-0.15384615384615385
financial_risk,3,EQT,2023Q2,1,2.0,2.0,16,0.0625,0.125
financial_risk,3,EQT,2023Q3,1,0.0,0.0,6,0.16666666666666666,0.0
financial_risk,3,EQT,2023Q4,3,0.0,0.0,6,0.5,0.0
financial_risk,3,EQT,2024Q1,1,0.0,0.0,6,0.16666666666666666,0.0
financial_risk,3,EQT,2024Q2,2,0.0,0.0,13,0.15384615384615385,0.0
financial_risk,3,EQT,2024Q3,4,0.75,3.0,38,0.10526315789473684,0.3157894736842105
financial_risk,3,EQT,2024Q4,1,2.0,2.0,31,0.03225806451612903,0.06451612903225806
financial_risk,3,ERF,2025Q1,1,2.0,2.0,2,0.5,1.0
financial_risk,3,EXE,2024Q3,2,1.5,3.0,38,0.05263157894736842,0.15789473684210525
financial_risk,3,FANG,2016Q1,1,0.0,0.0,11,0.09090909090909091,0.0
financial_risk,3,FANG,2016Q4,1,0.0,0.0,5,0.2,0.0
financial_risk,3,FANG,2017Q4,2,0.0,0.0,11,0.18181818181818182,0.0
financial_risk,3,FANG,2018Q1,4,0.0,0.0,10,0.4,0.0
financial_risk,3,FANG,2018Q2,1,0.0,0.0,6,0.16666666666666666,0.0
financial_risk,3,FANG,2018Q3,2,0.0,0.0,7,0.2857142857142857,0.0
financial_risk,3,FANG,2018Q4,1,0.0,0.0,10,0.1,0.0
financial_risk,3,FANG,2019Q1,1,0.0,0.0,15,0.06666666666666667,0.0
financial_risk,3,FANG,2019Q2,1,0.0,0.0,10,0.1,0.0
financial_risk,3,FANG,2019Q4,1,0.0,0.0,5,0.2,0.0
financial_risk,3,FANG,2020Q1,2,-0.5,-1.0,15,0.13333333333333333,-0.13333333333333333
financial_risk,3,FANG,2020Q2,3,0.3333333333333333,1.0,27,0.1111111111111111,0.1111111111111111
financial_risk,3,FANG,2020Q3,2,-1.5,-3.0,7,0.2857142857142857,-0.8571428571428571
financial_risk,3,FANG,2020Q4,1,-1.0,-1.0,10,0.1,-0.1
financial_risk,3,FANG,2021Q4,1,0.0,0.0,4,0.25,0.0
financial_risk,3,FANG,2022Q1,1,0.0,0.0,9,0.1111111111111111,0.0
financial_risk,3,FANG,2023Q2,2,0.0,0.0,16,0.125,0.0
financial_risk,3,FANG,2024Q3,3,0.0,0.0,38,0.07894736842105263,0.0
financial_risk,3,FANG,2024Q4,3,0.3333333333333333,1.0,31,0.0967741935483871,0.0967741935483871
financial_risk,3,GDP,2016Q1,1,-2.0,-2.0,11,0.09090909090909091,-0.18181818181818182
financial_risk,3,HAL,2009Q3,1,1.0,1.0,4,0.25,0.25
financial_risk,3,HAL,2010Q1,2,0.5,1.0,8,0.25,0.25
financial_risk,3,HAL,2010Q2,4,-0.25,-1.0,7,0.5714285714285714,-0.5714285714285714
financial_risk,3,HAL,2010Q3,2,0.5,1.0,7,0.2857142857142857,0.2857142857142857
financial_risk,3,HAL,2010Q4,2,-1.0,-2.0,5,0.4,-0.8
financial_risk,3,HAL,2011Q1,1,2.0,2.0,2,0.5,1.0
financial_risk,3,HAL,2011Q2,3,0.6666666666666666,2.0,5,0.6,1.2
financial_risk,3,HAL,2011Q4,2,0.0,0.0,5,0.4,0.0
financial_risk,3,HAL,2012Q2,1,1.0,1.0,5,0.2,0.2
financial_risk,3,HAL,2013Q2,2,0.5,1.0,3,0.6666666666666666,0.6666666666666666
financial_risk,3,HAL,2013Q3,3,0.3333333333333333,1.0,6,0.5,0.5
financial_risk,3,HAL,2014Q3,1,1.0,1.0,2,0.5,0.5
financial_risk,3,HAL,2015Q1,1,-1.0,-1.0,9,0.1111111111111111,-0.1111111111111111
financial_risk,3,HAL,2015Q2,1,1.0,1.0,2,0.5,0.5
financial_risk,3,HAL,2015Q3,2,-1.0,-2.0,7,0.2857142857142857,-0.5714285714285714
financial_risk,3,HAL,2016Q1,1,-1.0,-1.0,11,0.09090909090909091,-0.09090909090909091
financial_risk,3,HAL,2016Q4,1,-1.0,-1.0,5,0.2,-0.2
financial_risk,3,HAL,2017Q4,1,-1.0,-1.0,11,0.09090909090909091,-0.09090909090909091
financial_risk,3,HAL,2018Q3,3,-1.3333333333333333,-4.0,7,0.42857142857142855,-1.7142857142857142
financial_risk,3,HAL,2018Q4,1,-1.0,-1.0,10,0.1,-0.1
financial_risk,3,HAL,2019Q1,2,-0.5,-1.0,15,0.13333333333333333,-0.13333333333333333
financial_risk,3,HAL,2019Q2,2,0.0,0.0,10,0.2,0.0
financial_risk,3,HAL,2019Q3,4,1.0,4.0,13,0.3076923076923077,1.2307692307692308
financial_risk,3,HAL,2020Q1,1,1.0,1.0,15,0.06666666666666667,0.06666666666666667
financial_risk,3,HAL,2020Q2,3,-1.0,-3.0,27,0.1111111111111111,-0.3333333333333333
financial_risk,3,HAL,2020Q3,1,-1.0,-1.0,7,0.14285714285714285,-0.14285714285714285
financial_risk,3,HAL,2021Q2,1,-1.0,-1.0,9,0.1111111111111111,-0.1111111111111111
financial_risk,3,HAL,2021Q3,1,-1.0,-1.0,13,0.07692307692307693,-0.07692307692307693
financial_risk,3,HAL,2022Q2,6,0.16666666666666666,1.0,15,0.4,0.4
financial_risk,3,HAL,2023Q1,1,0.0,0.0,13,0.07692307692307693,0.0
financial_risk,3,HESM,2024Q3,2,2.0,4.0,38,0.05263157894736842,0.21052631578947367
financial_risk,3,HLX,2024Q4,1,0.0,0.0,31,0.03225806451612903,0.0
financial_risk,3,HP,1999Q2,1,0.0,0.0,1,1.0,0.0
financial_risk,3,HP,2000Q2,1,0.0,0.0,1,1.0,0.0
financial_risk,3,HP,2001Q1,1,0.0,0.0,1,1.0,0.0
financial_risk,3,HP,2001Q3,1,0.0,0.0,1,1.0,0.0
financial_risk,3,HP,2001Q4,1,0.0,0.0,1,1.0,0.0
financial_risk,3,HP,2002Q1,3,0.0,0.0,3,1.0,0.0
financial_risk,3,HP,2004Q3,1,0.0,0.0,1,1.0,0.0
financial_risk,3,HP,2004Q4,2,0.0,0.0,2,1.0,0.0
financial_risk,3,HP,2005Q1,1,0.0,0.0,1,1.0,0.0
financial_risk,3,HP,2009Q2,1,-1.0,-1.0,2,0.5,-0.5
financial_risk,3,HP,2009Q3,1,1.0,1.0,4,0.25,0.25
financial_risk,3,HP,2009Q4,1,0.0,0.0,3,0.3333333333333333,0.0
financial_risk,3,HP,2010Q1,3,-0.6666666666666666,-2.0,8,0.375,-0.75
financial_risk,3,HP,2010Q3,3,-0.3333333333333333,-1.0,7,0.42857142857142855,-0.42857142857142855
financial_risk,3,HP,2010Q4,1,0.0,0.0,5,0.2,0.0
financial_risk,3,HP,2011Q2,1,0.0,0.0,5,0.2,0.0
financial_risk,3,HP,2011Q3,1,0.0,0.0,3,0.3333333333333333,0.0
financial_risk,3,HP,2011Q4,2,0.0,0.0,5,0.4,0.0
financial_risk,3,HP,2012Q2,1,0.0,0.0,5,0.2,0.0
financial_risk,3,HP,2012Q3,2,0.0,0.0,5,0.4,0.0
financial_risk,3,HP,2012Q4,1,0.0,0.0,4,0.25,0.0
financial_risk,3,HP,2013Q4,2,0.0,0.0,2,1.0,0.0
financial_risk,3,HP,2014Q3,1,0.0,0.0,2,0.5,0.0
financial_risk,3,HP,2015Q2,1,0.0,0.0,2,0.5,0.0
financial_risk,3,HP,2015Q3,2,0.5,1.0,7,0.2857142857142857,0.2857142857142857
financial_risk,3,HP,2016Q1,1,0.0,0.0,11,0.09090909090909091,0.0
financial_risk,3,HP,2016Q2,1,0.0,0.0,6,0.16666666666666666,0.0
financial_risk,3,HP,2016Q3,1,0.0,0.0,7,0.14285714285714285,0.0
financial_risk,3,HP,2016Q4,1,0.0,0.0,5,0.2,0.0
financial_risk,3,HP,2017Q4,1,0.0,0.0,11,0.09090909090909091,0.0
financial_risk,3,HP,2018Q1,1,0.0,0.0,10,0.1,0.0
financial_risk,3,HP,2018Q4,1,0.0,0.0,10,0.1,0.0
financial_risk,3,HP,2019Q1,1,0.0,0.0,15,0.06666666666666667,0.0
financial_risk,3,HP,2019Q2,2,0.0,0.0,10,0.2,0.0
financial_risk,3,HP,2019Q4,2,0.0,0.0,5,0.4,0.0
financial_risk,3,HP,2020Q1,1,0.0,0.0,15,0.06666666666666667,0.0
financial_risk,3,HP,2022Q1,1,0.0,0.0,9,0.1111111111111111,0.0
financial_risk,3,HP,2022Q2,2,-0.5,-1.0,15,0.13333333333333333,-0.13333333333333333
financial_risk,3,HP,2022Q3,1,1.0,1.0,5,0.2,0.2
financial_risk,3,HP,2022Q4,3,0.0,0.0,7,0.42857142857142855,0.0
financial_risk,3,HP,2023Q1,2,0.0,0.0,13,0.15384615384615385,0.0
financial_risk,3,HP,2023Q2,3,-0.3333333333333333,-1.0,16,0.1875,-0.1875
financial_risk,3,HP,2023Q4,1,0.0,0.0,6,0.16666666666666666,0.0
financial_risk,3,HP,2024Q1,3,0.0,0.0,6,0.5,0.0
financial_risk,3,HP,2024Q2,6,0.0,0.0,13,0.46153846153846156,0.0
financial_risk,3,HP,2024Q3,3,0.0,0.0,38,0.07894736842105263,0.0
financial_risk,3,NBR,2006Q4,1,-1.0,-1.0,1,1.0,-1.0
financial_risk,3,NBR,2009Q1,1,-1.0,-1.0,1,1.0,-1.0
financial_risk,3,NBR,2010Q1,2,-1.0,-2.0,8,0.25,-0.5
financial_risk,3,NBR,2013Q3,1,-2.0,-2.0,6,0.16666666666666666,-0.3333333333333333
financial_risk,3,NBR,2014Q4,1,-2.0,-2.0,1,1.0,-2.0
financial_risk,3,NBR,2015Q1,1,-1.0,-1.0,9,0.1111111111111111,-0.1111111111111111
financial_risk,3,NBR,2015Q3,1,1.0,1.0,7,0.14285714285714285,0.14285714285714285
financial_risk,3,NBR,2017Q4,1,0.0,0.0,11,0.09090909090909091,0.0
financial_risk,3,NBR,2018Q1,1,0.0,0.0,10,0.1,0.0
financial_risk,3,NBR,2020Q1,1,1.0,1.0,15,0.06666666666666667,0.06666666666666667
financial_risk,3,NBR,2023Q2,1,-1.0,-1.0,16,0.0625,-0.0625
financial_risk,3,NBR,2024Q3,1,1.0,1.0,38,0.02631578947368421,0.02631578947368421
financial_risk,3,NEX,2016Q4,1,0.0,0.0,5,0.2,0.0
financial_risk,3,NEX,2017Q1,1,0.0,0.0,4,0.25,0.0
financial_risk,3,NEX,2017Q2,1,1.0,1.0,8,0.125,0.125
financial_risk,3,NEX,2018Q1,2,0.0,0.0,10,0.2,0.0
financial_risk,3,NEX,2018Q4,1,0.0,0.0,10,0.1,0.0
financial_risk,3,NEX,2020Q2,2,0.0,0.0,27,0.07407407407407407,0.0
financial_risk,3,NEX,2023Q2,1,-1.0,-1.0,16,0.0625,-0.0625
financial_risk,3,NEX,2024Q1,1,0.0,0.0,6,0.16666666666666666,0.0
financial_risk,3,PDCE,2019Q1,1,1.0,1.0,15,0.06666666666666667,0.06666666666666667
financial_risk,3,PDCE,2020Q4,2,0.5,1.0,10,0.2,0.2
financial_risk,3,PDCE,2024Q3,2,1.5,3.0,38,0.05263157894736842,0.15789473684210525
financial_risk,3,PDS,2024Q4,3,0.0,0.0,31,0.0967741935483871,0.0
financial_risk,3,PED,2024Q4,1,-1.0,-1.0,31,0.03225806451612903,-0.03225806451612903
financial_risk,3,PR,2021Q1,1,0.0,0.0,10,0.1,0.0
financial_risk,3,PR,2024Q3,2,0.5,1.0,38,0.05263157894736842,0.05263157894736842
financial_risk,3,PR,2024Q4,1,-1.0,-1.0,31,0.03225806451612903,-0.03225806451612903
financial_risk,3,PTEN,2005Q4,1,-2.0,-2.0,2,0.5,-1.0
financial_risk,3,RES,2024Q2,1,1.0,1.0,13,0.07692307692307693,0.07692307692307693
financial_risk,3,RES,2024Q4,2,1.0,2.0,31,0.06451612903225806,0.12903225806451613
financial_risk,3,RIG,2010Q2,1,-1.0,-1.0,7,0.14285714285714285,-0.14285714285714285
financial_risk,3,RIG,2010Q3,2,0.5,1.0,7,0.2857142857142857,0.2857142857142857
financial_risk,3,RIG,2012Q3,1,-1.0,-1.0,5,0.2,-0.2
financial_risk,3,RIG,2012Q4,1,1.0,1.0,4,0.25,0.25
financial_risk,3,RIG,2015Q1,2,-1.5,-3.0,9,0.2222222222222222,-0.6666666666666666
financial_risk,3,RIG,2015Q3,1,-1.0,-1.0,7,0.14285714285714285,-0.14285714285714285
financial_risk,3,RIG,2016Q4,1,1.0,1.0,5,0.2,0.2
financial_risk,3,RIG,2017Q2,1,-2.0,-2.0,8,0.125,-0.25
financial_risk,3,RIG,2017Q3,1,-2.0,-2.0,10,0.1,-0.2
financial_risk,3,RIG,2017Q4,1,1.0,1.0,11,0.09090909090909091,0.09090909090909091
financial_risk,3,RIG,2018Q3,1,1.0,1.0,7,0.14285714285714285,0.14285714285714285
financial_risk,3,RIG,2018Q4,2,2.0,4.0,10,0.2,0.8
financial_risk,3,RIG,2019Q1,1,1.0,1.0,15,0.06666666666666667,0.06666666666666667
financial_risk,3,RIG,2019Q3,1,1.0,1.0,13,0.07692307692307693,0.07692307692307693
financial_risk,3,RIG,2020Q1,1,0.0,0.0,15,0.06666666666666667,0.0
financial_risk,3,RIG,2020Q4,1,1.0,1.0,10,0.1,0.1
financial_risk,3,RIG,2022Q4,1,1.0,1.0,7,0.14285714285714285,0.14285714285714285
financial_risk,3,RIG,2024Q3,2,0.5,1.0,38,0.05263157894736842,0.05263157894736842
financial_risk,3,RIG,2024Q4,1,1.0,1.0,31,0.03225806451612903,0.03225806451612903
financial_risk,3,RNGR,2024Q4,3,-1.3333333333333333,-4.0,31,0.0967741935483871,-0.3870967741935484
financial_risk,3,SD,2009Q3,1,1.0,1.0,4,0.25,0.25
financial_risk,3,SD,2016Q1,3,-1.6666666666666667,-5.0,11,0.2727272727272727,-1.3636363636363635
financial_risk,3,SD,2016Q2,2,-1.0,-2.0,6,0.3333333333333333,-0.6666666666666666
financial_risk,3,SD,2017Q4,2,0.5,1.0,11,0.18181818181818182,0.18181818181818182
financial_risk,3,SD,2018Q2,1,-1.0,-1.0,6,0.16666666666666666,-0.16666666666666666
financial_risk,3,SDRL,2024Q3,1,1.0,1.0,38,0.02631578947368421,0.02631578947368421
financial_risk,3,SDRL,2024Q4,1,1.0,1.0,31,0.03225806451612903,0.03225806451612903
financial_risk,3,SLB,2002Q2,2,-0.5,-1.0,2,1.0,-1.0
financial_risk,3,SLB,2004Q1,1,1.0,1.0,5,0.2,0.2
financial_risk,3,SLB,2011Q2,1,1.0,1.0,5,0.2,0.2
financial_risk,3,SLB,2011Q3,1,1.0,1.0,3,0.3333333333333333,0.3333333333333333
financial_risk,3,SLB,2012Q2,1,1.0,1.0,5,0.2,0.2
financial_risk,3,SLB,2013Q3,2,1.0,2.0,6,0.3333333333333333,0.6666666666666666
financial_risk,3,SLB,2017Q2,1,1.0,1.0,8,0.125,0.125
financial_risk,3,SLB,2017Q3,1,-1.0,-1.0,10,0.1,-0.1
financial_risk,3,SLB,2017Q4,2,0.0,0.0,11,0.18181818181818182,0.0
financial_risk,3,SLB,2018Q4,2,-1.0,-2.0,10,0.2,-0.4
financial_risk,3,SLB,2019Q1,2,0.0,0.0,15,0.13333333333333333,0.0
financial_risk,3,SLB,2019Q2,2,0.0,0.0,10,0.2,0.0
financial_risk,3,SLB,2019Q3,4,1.0,4.0,13,0.3076923076923077,1.2307692307692308
financial_risk,3,SLB,2020Q2,5,-1.2,-6.0,27,0.18518518518518517,-1.1111111111111112
financial_risk,3,SLB,2021Q1,1,0.0,0.0,10,0.1,0.0
financial_risk,3,SLB,2021Q2,3,0.6666666666666666,2.0,9,0.3333333333333333,0.6666666666666666
financial_risk,3,SLB,2021Q3,2,0.0,0.0,13,0.15384615384615385,0.0
financial_risk,3,SLB,2022Q1,2,0.5,1.0,9,0.2222222222222222,0.2222222222222222
financial_risk,3,SLB,2022Q2,5,0.0,0.0,15,0.3333333333333333,0.0
financial_risk,3,SLB,2022Q3,1,0.0,0.0,5,0.2,0.0
financial_risk,3,SLB,2022Q4,1,-1.0,-1.0,7,0.14285714285714285,-0.14285714285714285
financial_risk,3,SLB,2023Q1,2,-0.5,-1.0,13,0.15384615384615385,-0.15384615384615385
financial_risk,3,SLB,2023Q3,2,0.5,1.0,6,0.3333333333333333,0.3333333333333333
financial_risk,3,SLB,2023Q4,2,0.0,0.0,6,0.3333333333333333,0.0
financial_risk,3,SLB,2024Q1,1,0.0,0.0,6,0.16666666666666666,0.0
financial_risk,3,SLB,2024Q2,3,1.0,3.0,13,0.23076923076923078,0.6923076923076923
financial_risk,3,SLB,2024Q3,1,-1.0,-1.0,38,0.02631578947368421,-0.02631578947368421
financial_risk,3,STR,2022Q3,1,0.0,0.0,5,0.2,0.0
financial_risk,3,STR,2023Q2,1,1.0,1.0,16,0.0625,0.0625
financial_risk,3,STR,2024Q4,1,1.0,1.0,31,0.03225806451612903,0.03225806451612903
financial_risk,3,TTI,2008Q4,1,-2.0,-2.0,2,0.5,-1.0
financial_risk,3,TTI,2009Q4,2,0.0,0.0,3,0.6666666666666666,0.0
financial_risk,3,TTI,2010Q1,1,1.0,1.0,8,0.125,0.125
financial_risk,3,TTI,2010Q4,1,0.0,0.0,5,0.2,0.0
financial_risk,3,TTI,2019Q3,1,-1.0,-1.0,13,0.07692307692307693,-0.07692307692307693
financial_risk,3,TTI,2023Q1,1,0.0,0.0,13,0.07692307692307693,0.0
financial_risk,3,TTI,2023Q2,1,-1.0,-1.0,16,0.0625,-0.0625
financial_risk,3,TTI,2024Q4,1,0.0,0.0,31,0.03225806451612903,0.0
financial_risk,3,TUSK,2024Q4,2,0.0,0.0,31,0.06451612903225806,0.0
financial_risk,3,USEG,2024Q3,3,0.6666666666666666,2.0,38,0.07894736842105263,0.15789473684210525
financial_risk,3,VEI,2021Q3,1,1.0,1.0,13,0.07692307692307693,0.07692307692307693
financial_risk,3,VTLE,2024Q3,1,0.0,0.0,38,0.02631578947368421,0.0
financial_risk,3,WLL,2004Q1,3,1.0,3.0,5,0.6,1.7999999999999998
financial_risk,3,WLL,2015Q1,5,-0.6,-3.0,9,0.5555555555555556,-1.6666666666666667
financial_risk,3,WLL,2015Q4,1,-2.0,-2.0,3,0.3333333333333333,-0.6666666666666666
financial_risk,3,WLL,2016Q1,1,-2.0,-2.0,11,0.09090909090909091,-0.18181818181818182
financial_risk,3,WLL,2017Q2,2,0.0,0.0,8,0.25,0.0
financial_risk,3,WLL,2018Q1,1,1.0,1.0,10,0.1,0.1
financial_risk,3,WLL,2019Q1,3,1.0,3.0,15,0.2,0.6000000000000001
financial_risk,3,WLL,2019Q3,1,2.0,2.0,13,0.07692307692307693,0.15384615384615385
financial_risk,3,WLL,2020Q1,4,-1.75,-7.0,15,0.26666666666666666,-1.8666666666666667
financial_risk,3,WLL,2020Q2,7,-1.5714285714285714,-11.0,27,0.25925925925925924,-2.8518518518518516
financial_risk,3,WLL,2020Q3,3,-0.3333333333333333,-1.0,7,0.42857142857142855,-0.42857142857142855
financial_risk,3,WLL,2020Q4,1,-1.0,-1.0,10,0.1,-0.1
financial_risk,3,WLL,2025Q1,1,1.0,1.0,2,0.5,0.5
financial_risk,4,AR,2021Q3,1,0.0,0.0,1,1.0,0.0
financial_risk,4,EQT,2016Q1,1,0.0,0.0,1,1.0,0.0
financial_risk,4,EQT,2022Q1,2,0.0,0.0,2,1.0,0.0
financial_risk,4,EQT,2023Q2,1,0.0,0.0,1,1.0,0.0
financial_risk,4,HP,2012Q1,1,0.0,0.0,1,1.0,0.0
financial_risk,4,HP,2024Q3,1,0.0,0.0,1,1.0,0.0
financial_risk,4,NES,2013Q4,1,0.0,0.0,1,1.0,0.0
financial_risk,4,PED,2022Q3,1,1.0,1.0,1,1.0,1.0
geopolitical_risk,0,APA,1999Q1,1,0.0,0.0,1,1.0,0.0
geopolitical_risk,0,AR,2017Q3,1,0.0,0.0,1,1.0,0.0
geopolitical_risk,0,AR,2019Q3,1,0.0,0.0,3,0.3333333333333333,0.0
geopolitical_risk,0,AR,2021Q3,1,0.0,0.0,2,0.5,0.0
geopolitical_risk,0,BSM,2020Q4,1,0.0,0.0,4,0.25,0.0
geopolitical_risk,0,CRC,2021Q1,1,0.0,0.0,1,1.0,0.0
geopolitical_risk,0,CRC,2023Q4,1,0.0,0.0,1,1.0,0.0
geopolitical_risk,0,EQT,2005Q1,1,0.0,0.0,1,1.0,0.0
geopolitical_risk,0,EQT,2019Q2,1,0.0,0.0,1,1.0,0.0
geopolitical_risk,0,EQT,2022Q2,1,0.0,0.0,1,1.0,0.0
geopolitical_risk,0,EQT,2024Q2,1,0.0,0.0,1,1.0,0.0
geopolitical_risk,0,HP,2004Q3,1,0.0,0.0,1,1.0,0.0
geopolitical_risk,0,HP,2010Q3,1,0.0,0.0,1,1.0,0.0
geopolitical_risk,0,HP,2015Q3,2,-0.5,-1.0,2,1.0,-1.0
geopolitical_risk,0,HP,2019Q3,1,0.0,0.0,3,0.3333333333333333,0.0
geopolitical_risk,0,HP,2019Q4,1,0.0,0.0,1,1.0,0.0
geopolitical_risk,0,HP,2020Q2,1,-1.0,-1.0,2,0.5,-0.5
geopolitical_risk,0,HP,2020Q4,2,0.0,0.0,4,0.5,0.0
geopolitical_risk,0,HP,2021Q2,4,-0.25,-1.0,4,1.0,-1.0
geopolitical_risk,0,HP,2021Q3,1,0.0,0.0,2,0.5,0.0
geopolitical_risk,0,HP,2022Q1,1,0.0,0.0,2,0.5,0.0
geopolitical_risk,0,HP,2022Q4,1,0.0,0.0,1,1.0,0.0
geopolitical_risk,0,HP,2023Q1,1,0.0,0.0,1,1.0,0.0
geopolitical_risk,0,HP,2024Q1,2,0.0,0.0,2,1.0,0.0
geopolitical_risk,0,HP,2024Q3,1,0.0,0.0,1,1.0,0.0
geopolitical_risk,0,NE,2003Q4,1,2.0,2.0,1,1.0,2.0
geopolitical_risk,0,NE,2022Q3,1,0.0,0.0,1,1.0,0.0
geopolitical_risk,0,SD,2017Q4,1,-1.0,-1.0,1,1.0,-1.0
geopolitical_risk,0,STR,2011Q3,1,1.0,1.0,1,1.0,1.0
geopolitical_risk,0,STR,2016Q1,1,0.0,0.0,1,1.0,0.0
geopolitical_risk,0,STR,2016Q2,1,0.0,0.0,1,1.0,0.0
geopolitical_risk,0,STR,2020Q1,1,-1.0,-1.0,1,1.0,-1.0
geopolitical_risk,0,STR,2020Q2,1,0.0,0.0,2,0.5,0.0
geopolitical_risk,0,STR,2020Q4,1,0.0,0.0,4,0.25,0.0
geopolitical_risk,0,STR,2022Q1,1,1.0,1.0,2,0.5,0.5
geopolitical_risk,0,TTI,2001Q4,1,0.0,0.0,1,1.0,0.0
geopolitical_risk,0,VTS,2019Q3,1,0.0,0.0,3,0.3333333333333333,0.0
geopolitical_risk,2,APA,2003Q2,1,0.0,0.0,1,1.0,0.0
geopolitical_risk,2,APA,2006Q2,1,0.0,0.0,1,1.0,0.0
geopolitical_risk,2,APA,2012Q3,1,-1.0,-1.0,1,1.0,-1.0
geopolitical_risk,2,APA,2018Q4,1,0.0,0.0,2,0.5,0.0
geopolitical_risk,2,APA,2019Q2,1,0.0,0.0,3,0.3333333333333333,0.0
geopolitical_risk,2,APA,2021Q1,1,0.0,0.0,2,0.5,0.0
geopolitical_risk,2,APA,2022Q4,1,0.0,0.0,4,0.25,0.0
geopolitical_risk,2,APA,2025Q1,1,-1.0,-1.0,1,1.0,-1.0
geopolitical_risk,2,BRN,2015Q3,1,0.0,0.0,2,0.5,0.0
geopolitical_risk,2,BRN,2017Q3,1,0.0,0.0,5,0.2,0.0
geopolitical_risk,2,BRN,2020Q1,1,0.0,0.0,8,0.125,0.0
geopolitical_risk,2,CPE,2021Q1,1,0.0,0.0,2,0.5,0.0
geopolitical_risk,2,CRC,2005Q2,1,0.0,0.0,1,1.0,0.0
geopolitical_risk,2,CRC,2007Q3,1,0.0,0.0,1,1.0,0.0
geopolitical_risk,2,CRC,2018Q4,1,0.0,0.0,2,0.5,0.0
geopolitical_risk,2,CRK,2020Q1,1,0.0,0.0,8,0.125,0.0
geopolitical_risk,2,DCP,2012Q1,1,0.0,0.0,2,0.5,0.0
geopolitical_risk,2,EQT,2012Q1,1,0.0,0.0,2,0.5,0.0
geopolitical_risk,2,EQT,2014Q4,1,0.0,0.0,1,1.0,0.0
geopolitical_risk,2,EQT,2015Q2,1,0.0,0.0,2,0.5,0.0
geopolitical_risk,2,EQT,2017Q3,1,0.0,0.0,5,0.2,0.0
geopolitical_risk,2,EQT,2018Q2,1,0.0,0.0,2,0.5,0.0
geopolitical_risk,2,EQT,2018Q3,1,0.0,0.0,2,0.5,0.0
geopolitical_risk,2,EQT,2019Q2,1,0.0,0.0,3,0.3333333333333333,0.0
geopolitical_risk,2,EQT,2020Q2,1,0.0,0.0,3,0.3333333333333333,0.0
geopolitical_risk,2,EQT,2020Q3,1,0.0,0.0,5,0.2,0.0
geopolitical_risk,2,EQT,2021Q2,1,0.0,0.0,1,1.0,0.0
geopolitical_risk,2,EQT,2021Q3,1,0.0,0.0,3,0.3333333333333333,0.0
geopolitical_risk,2,EQT,2022Q2,1,0.0,0.0,3,0.3333333333333333,0.0
geopolitical_risk,2,EQT,2022Q4,2,0.0,0.0,4,0.5,0.0
geopolitical_risk,2,EQT,2023Q2,2,0.0,0.0,7,0.2857142857142857,0.0
geopolitical_risk,2,EQT,2023Q4,1,0.0,0.0,3,0.3333333333333333,0.0
geopolitical_risk,2,EQT,2024Q2,1,0.0,0.0,2,0.5,0.0
geopolitical_risk,2,EXE,2001Q1,1,0.0,0.0,1,1.0,0.0
geopolitical_risk,2,FANG,2020Q2,1,0.0,0.0,3,0.3333333333333333,0.0
geopolitical_risk,2,FANG,2021Q3,1,0.0,0.0,3,0.3333333333333333,0.0
geopolitical_risk,2,FANG,2022Q2,1,0.0,0.0,3,0.3333333333333333,0.0
geopolitical_risk,2,FANG,2024Q1,1,0.0,0.0,1,1.0,0.0
geopolitical_risk,2,HAL,2019Q1,1,-1.0,-1.0,3,0.3333333333333333,-0.3333333333333333
geopolitical_risk,2,HAL,2023Q1,1,-1.0,-1.0,2,0.5,-0.5
geopolitical_risk,2,HP,2002Q1,1,0.0,0.0,1,1.0,0.0
geopolitical_risk,2,HP,2006Q3,1,0.0,0.0,2,0.5,0.0
geopolitical_risk,2,HP,2010Q4,1,0.0,0.0,3,0.3333333333333333,0.0
geopolitical_risk,2,HP,2012Q4,1,0.0,0.0,1,1.0,0.0
geopolitical_risk,2,HP,2015Q1,1,0.0,0.0,1,1.0,0.0
geopolitical_risk,2,HP,2015Q3,1,0.0,0.0,2,0.5,0.0
geopolitical_risk,2,HP,2018Q2,1,2.0,2.0,2,0.5,1.0
geopolitical_risk,2,HP,2019Q1,1,0.0,0.0,3,0.3333333333333333,0.0
geopolitical_risk,2,HP,2019Q2,1,-2.0,-2.0,3,0.3333333333333333,-0.6666666666666666
geopolitical_risk,2,HP,2019Q4,2,0.0,0.0,4,0.5,0.0
geopolitical_risk,2,HP,2020Q1,2,0.0,0.0,8,0.25,0.0
geopolitical_risk,2,HP,2020Q3,1,0.0,0.0,5,0.2,0.0
geopolitical_risk,2,HP,2021Q3,1,0.0,0.0,3,0.3333333333333333,0.0
geopolitical_risk,2,HP,2022Q1,1,0.0,0.0,3,0.3333333333333333,0.0
geopolitical_risk,2,HP,2023Q2,3,-0.3333333333333333,-1.0,7,0.42857142857142855,-0.42857142857142855
geopolitical_risk,2,NBR,2010Q4,1,-1.0,-1.0,3,0.3333333333333333,-0.3333333333333333
geopolitical_risk,2,NE,2019Q4,2,-1.0,-2.0,4,0.5,-1.0
geopolitical_risk,2,NES,2020Q2,1,0.0,0.0,3,0.3333333333333333,0.0
geopolitical_risk,2,PR,2006Q3,1,0.0,0.0,2,0.5,0.0
geopolitical_risk,2,PR,2006Q4,1,0.0,0.0,1,1.0,0.0
geopolitical_risk,2,PR,2017Q3,2,0.0,0.0,5,0.4,0.0
geopolitical_risk,2,PR,2018Q3,1,0.0,0.0,2,0.5,0.0
geopolitical_risk,2,PR,2019Q3,1,0.0,0.0,1,1.0,0.0
geopolitical_risk,2,PR,2021Q4,1,1.0,1.0,1,1.0,1.0
geopolitical_risk,2,PR,2022Q1,1,-1.0,-1.0,3,0.3333333333333333,-0.3333333333333333
geopolitical_risk,2,SLB,2010Q4,1,-1.0,-1.0,3,0.3333333333333333,-0.3333333333333333
geopolitical_risk,2,SLB,2017Q3,1,-1.0,-1.0,5,0.2,-0.2
geopolitical_risk,2,SLB,2019Q1,1,1.0,1.0,3,0.3333333333333333,0.3333333333333333
geopolitical_risk,2,SLB,2022Q1,1,-1.0,-1.0,3,0.3333333333333333,-0.3333333333333333
geopolitical_risk,2,SLB,2023Q1,1,1.0,1.0,2,0.5,0.5
geopolitical_risk,2,SLB,2023Q2,2,-1.0,-2.0,7,0.2857142857142857,-0.5714285714285714
geopolitical_risk,2,SLB,2023Q3,1,-1.0,-1.0,1,1.0,-1.0
geopolitical_risk,2,SLB,2023Q4,2,1.0,2.0,3,0.6666666666666666,1.3333333333333333
geopolitical_risk,2,SLB,2024Q2,1,-1.0,-1.0,2,0.5,-0.5
geopolitical_risk,2,SLB,2024Q3,1,1.0,1.0,1,1.0,1.0
geopolitical_risk,2,STR,2015Q4,1,0.0,0.0,1,1.0,0.0
geopolitical_risk,2,STR,2016Q1,1,0.0,0.0,1,1.0,0.0
geopolitical_risk,2,STR,2020Q1,1,0.0,0.0,8,0.125,0.0
geopolitical_risk,2,STR,2020Q3,2,0.0,0.0,5,0.4,0.0
geopolitical_risk,2,STR,2022Q2,1,0.0,0.0,3,0.3333333333333333,0.0
geopolitical_risk,2,TTI,2020Q1,2,-0.5,-1.0,8,0.25,-0.25
geopolitical_risk,2,TUSK,2015Q2,1,1.0,1.0,2,0.5,0.5
geopolitical_risk,2,USEG,2024Q4,1,1.0,1.0,1,1.0,1.0
geopolitical_risk,2,VOC,2020Q1,1,-2.0,-2.0,8,0.125,-0.25
geopolitical_risk,2,VOC,2020Q3,1,-1.0,-1.0,5,0.2,-0.2
geopolitical_risk,2,VOC,2022Q4,1,0.0,0.0,4,0.25,0.0
geopolitical_risk,2,WLL,2001Q2,1,0.0,0.0,1,1.0,0.0
geopolitical_risk,3,APA,2017Q4,1,0.0,0.0,1,1.0,0.0
geopolitical_risk,3,APA,2021Q4,1,1.0,1.0,1,1.0,1.0
geopolitical_risk,3,APA,2022Q3,1,0.0,0.0,1,1.0,0.0
geopolitical_risk,3,APA,2022Q4,1,0.0,0.0,1,1.0,0.0
geopolitical_risk,3,APA,2023Q2,1,0.0,0.0,1,1.0,0.0
geopolitical_risk,3,APA,2023Q3,1,0.0,0.0,1,1.0,0.0
geopolitical_risk,3,AR,2018Q2,1,0.0,0.0,2,0.5,0.0
geopolitical_risk,3,AR,2019Q2,1,0.0,0.0,2,0.5,0.0
geopolitical_risk,3,AR,2019Q3,1,0.0,0.0,1,1.0,0.0
geopolitical_risk,3,AR,2021Q3,1,0.0,0.0,2,0.5,0.0
geopolitical_risk,3,AR,2024Q2,1,0.0,0.0,1,1.0,0.0
geopolitical_risk,3,EQT,2018Q2,1,0.0,0.0,2,0.5,0.0
geopolitical_risk,3,FANG,2018Q1,1,1.0,1.0,1,1.0,1.0
geopolitical_risk,3,FANG,2021Q3,1,1.0,1.0,2,0.5,0.5
geopolitical_risk,3,HAL,2019Q4,2,0.0,0.0,7,0.2857142857142857,0.0
geopolitical_risk,3,HAL,2022Q1,2,-1.5,-3.0,3,0.6666666666666666,-2.0
geopolitical_risk,3,HP,2005Q2,1,0.0,0.0,1,1.0,0.0
geopolitical_risk,3,HP,2010Q3,1,0.0,0.0,1,1.0,0.0
geopolitical_risk,3,HP,2013Q3,1,0.0,0.0,1,1.0,0.0
geopolitical_risk,3,HP,2020Q2,1,0.0,0.0,1,1.0,0.0
geopolitical_risk,3,PUMP,2019Q4,1,-1.0,-1.0,7,0.14285714285714285,-0.14285714285714285
geopolitical_risk,3,RIG,2018Q3,2,1.5,3.0,2,1.0,3.0
geopolitical_risk,3,RIG,2019Q2,1,0.0,0.0,2,0.5,0.0
geopolitical_risk,3,SLB,2015Q1,1,-2.0,-2.0,1,1.0,-2.0
geopolitical_risk,3,SLB,2019Q4,4,-1.0,-4.0,7,0.5714285714285714,-2.2857142857142856
geopolitical_risk,3,SLB,2022Q1,1,-1.0,-1.0,3,0.3333333333333333,-0.3333333333333333
geopolitical_risk,3,SLB,2023Q4,1,-1.0,-1.0,1,1.0,-1.0
geopolitical_risk,3,WLL,2019Q1,1,-1.0,-1.0,1,1.0,-1.0
geopolitical_risk,4,FANG,2018Q4,1,0.0,0.0,1,1.0,0.0
geopolitical_risk,4,NEX,2019Q3,1,0.0,0.0,1,1.0,0.0
geopolitical_risk,4,TTI,2020Q1,1,0.0,0.0,1,1.0,0.0
natural_factor,0,ACDC,2000Q3,1,0.0,0.0,5,0.2,0.0
natural_factor,0,AESI,2019Q3,1,0.0,0.0,22,0.045454545454545456,0.0
natural_factor,0,AESI,2021Q3,2,0.0,0.0,52,0.038461538461538464,0.0
natural_factor,0,AESI,2024Q4,1,0.0,0.0,22,0.045454545454545456,0.0
natural_factor,0,APA,1999Q1,2,-1.0,-2.0,3,0.6666666666666666,-1.3333333333333333
natural_factor,0,APA,1999Q3,1,0.0,0.0,5,0.2,0.0
natural_factor,0,APA,2000Q4,1,0.0,0.0,3,0.3333333333333333,0.0
natural_factor,0,APA,2001Q1,1,0.0,0.0,5,0.2,0.0
natural_factor,0,APA,2001Q2,1,0.0,0.0,2,0.5,0.0
natural_factor,0,APA,2002Q4,2,0.0,0.0,5,0.4,0.0
natural_factor,0,APA,2007Q2,2,0.0,0.0,4,0.5,0.0
natural_factor,0,APA,2008Q3,1,-2.0,-2.0,2,0.5,-1.0
natural_factor,0,APA,2009Q3,1,0.0,0.0,6,0.16666666666666666,0.0
natural_factor,0,APA,2011Q2,1,0.0,0.0,7,0.14285714285714285,0.0
natural_factor,0,APA,2011Q3,1,0.0,0.0,7,0.14285714285714285,0.0
natural_factor,0,APA,2012Q2,1,0.0,0.0,3,0.3333333333333333,0.0
natural_factor,0,APA,2012Q3,1,0.0,0.0,9,0.1111111111111111,0.0
natural_factor,0,APA,2013Q4,2,-0.5,-1.0,9,0.2222222222222222,-0.2222222222222222
natural_factor,0,APA,2014Q2,1,0.0,0.0,7,0.14285714285714285,0.0
natural_factor,0,APA,2014Q4,1,0.0,0.0,13,0.07692307692307693,0.0
natural_factor,0,APA,2016Q1,1,0.0,0.0,14,0.07142857142857142,0.0
natural_factor,0,APA,2016Q2,1,2.0,2.0,13,0.07692307692307693,0.15384615384615385
natural_factor,0,APA,2016Q3,2,0.5,1.0,18,0.1111111111111111,0.1111111111111111
natural_factor,0,APA,2016Q4,1,0.0,0.0,7,0.14285714285714285,0.0
natural_factor,0,APA,2017Q1,1,-1.0,-1.0,19,0.05263157894736842,-0.05263157894736842
natural_factor,0,APA,2018Q3,1,0.0,0.0,29,0.034482758620689655,0.0
natural_factor,0,APA,2018Q4,3,-0.3333333333333333,-1.0,27,0.1111111111111111,-0.1111111111111111
natural_factor,0,APA,2019Q1,1,0.0,0.0,22,0.045454545454545456,0.0
natural_factor,0,APA,2019Q3,1,0.0,0.0,22,0.045454545454545456,0.0
natural_factor,0,APA,2019Q4,1,0.0,0.0,30,0.03333333333333333,0.0
natural_factor,0,APA,2021Q2,1,0.0,0.0,78,0.01282051282051282,0.0
natural_factor,0,APA,2021Q3,1,0.0,0.0,52,0.019230769230769232,0.0
natural_factor,0,APA,2021Q4,1,1.0,1.0,63,0.015873015873015872,0.015873015873015872
natural_factor,0,APA,2022Q1,1,0.0,0.0,39,0.02564102564102564,0.0
natural_factor,0,APA,2022Q2,1,0.0,0.0,34,0.029411764705882353,0.0
natural_factor,0,APA,2022Q3,2,0.0,0.0,35,0.05714285714285714,0.0
natural_factor,0,APA,2022Q4,2,0.0,0.0,45,0.044444444444444446,0.0
natural_factor,0,APA,2023Q1,2,0.5,1.0,48,0.041666666666666664,0.041666666666666664
natural_factor,0,APA,2023Q2,2,0.0,0.0,58,0.034482758620689655,0.0
natural_factor,0,APA,2023Q3,3,0.0,0.0,39,0.07692307692307693,0.0
natural_factor,0,APA,2023Q4,2,0.0,0.0,25,0.08,0.0
natural_factor,0,APA,2024Q1,2,0.0,0.0,28,0.07142857142857142,0.0
natural_factor,0,APA,2024Q3,3,0.3333333333333333,1.0,22,0.13636363636363635,0.13636363636363635
natural_factor,0,APA,2024Q4,3,0.3333333333333333,1.0,22,0.13636363636363635,0.13636363636363635
natural_factor,0,AR,2011Q2,1,0.0,0.0,7,0.14285714285714285,0.0
natural_factor,0,AR,2016Q1,1,0.0,0.0,14,0.07142857142857142,0.0
natural_factor,0,AR,2017Q1,2,0.0,0.0,19,0.10526315789473684,0.0
natural_factor,0,AR,2017Q2,1,0.0,0.0,22,0.045454545454545456,0.0
natural_factor,0,AR,2018Q2,1,0.0,0.0,24,0.041666666666666664,0.0
natural_factor,0,AR,2018Q3,1,-1.0,-1.0,29,0.034482758620689655,-0.034482758620689655
natural_factor,0,AR,2019Q1,2,0.0,0.0,22,0.09090909090909091,0.0
natural_factor,0,AR,2020Q2,2,0.0,0.0,46,0.043478260869565216,0.0
natural_factor,0,AR,2021Q1,1,-1.0,-1.0,59,0.01694915254237288,-0.01694915254237288
natural_factor,0,AR,2021Q3,1,0.0,0.0,52,0.019230769230769232,0.0
natural_factor,0,AR,2021Q4,2,0.0,0.0,63,0.031746031746031744,0.0
natural_factor,0,AR,2022Q2,1,0.0,0.0,34,0.029411764705882353,0.0
natural_factor,0,AR,2023Q1,3,0.0,0.0,48,0.0625,0.0
natural_factor,0,AR,2024Q4,1,0.0,0.0,22,0.045454545454545456,0.0
natural_factor,0,BORR,2018Q4,1,0.0,0.0,27,0.037037037037037035,0.0
natural_factor,0,BORR,2019Q3,1,0.0,0.0,22,0.045454545454545456,0.0
natural_factor,0,BORR,2020Q3,2,0.0,0.0,45,0.044444444444444446,0.0
natural_factor,0,BORR,2020Q4,1,0.0,0.0,48,0.020833333333333332,0.0
natural_factor,0,BORR,2021Q2,1,0.0,0.0,78,0.01282051282051282,0.0
natural_factor,0,BRN,2013Q1,1,0.0,0.0,11,0.09090909090909091,0.0
natural_factor,0,BRN,2016Q2,1,0.0,0.0,13,0.07692307692307693,0.0
natural_factor,0,BRN,2017Q2,1,0.0,0.0,22,0.045454545454545456,0.0
natural_factor,0,BRN,2018Q1,1,0.0,0.0,13,0.07692307692307693,0.0
natural_factor,0,BRN,2019Q1,1,0.0,0.0,22,0.045454545454545456,0.0
natural_factor,0,BRN,2019Q4,2,0.0,0.0,30,0.06666666666666667,0.0
natural_factor,0,BRN,2020Q1,3,0.0,0.0,47,0.06382978723404255,0.0
natural_factor,0,BRN,2022Q2,1,0.0,0.0,34,0.029411764705882353,0.0
natural_factor,0,BRN,2023Q1,1,0.0,0.0,48,0.020833333333333332,0.0
natural_factor,0,BRN,2023Q2,2,0.0,0.0,58,0.034482758620689655,0.0
natural_factor,0,BRN,2024Q1,3,0.0,0.0,28,0.10714285714285714,0.0
natural_factor,0,BRN,2024Q2,1,0.0,0.0,25,0.04,0.0
natural_factor,0,BSM,2017Q1,1,0.0,0.0,19,0.05263157894736842,0.0
natural_factor,0,BSM,2017Q4,1,0.0,0.0,18,0.05555555555555555,0.0
natural_factor,0,BSM,2020Q4,3,0.0,0.0,48,0.0625,0.0
natural_factor,0,BSM,2021Q1,4,0.0,0.0,59,0.06779661016949153,0.0
natural_factor,0,BSM,2021Q2,1,0.0,0.0,78,0.01282051282051282,0.0
natural_factor,0,BSM,2023Q4,1,0.0,0.0,25,0.04,0.0
natural_factor,0,CLB,2002Q4,1,0.0,0.0,5,0.2,0.0
natural_factor,0,CLB,2005Q1,1,0.0,0.0,5,0.2,0.0
natural_factor,0,CLB,2011Q4,1,0.0,0.0,8,0.125,0.0
natural_factor,0,CLB,2012Q3,2,0.0,0.0,9,0.2222222222222222,0.0
natural_factor,0,CLB,2014Q3,1,0.0,0.0,4,0.25,0.0
natural_factor,0,CLB,2017Q2,2,0.0,0.0,22,0.09090909090909091,0.0
natural_factor,0,CLB,2018Q2,2,0.0,0.0,24,0.08333333333333333,0.0
natural_factor,0,CPE,2005Q1,1,0.0,0.0,5,0.2,0.0
natural_factor,0,CPE,2006Q1,1,0.0,0.0,1,1.0,0.0
natural_factor,0,CPE,2012Q1,1,0.0,0.0,7,0.14285714285714285,0.0
natural_factor,0,CPE,2015Q3,1,0.0,0.0,12,0.08333333333333333,0.0
natural_factor,0,CPE,2016Q4,1,0.0,0.0,7,0.14285714285714285,0.0
natural_factor,0,CPE,2019Q3,1,0.0,0.0,22,0.045454545454545456,0.0
natural_factor,0,CPE,2019Q4,1,0.0,0.0,30,0.03333333333333333,0.0
natural_factor,0,CPE,2020Q4,1,0.0,0.0,48,0.020833333333333332,0.0
natural_factor,0,CPE,2021Q1,3,0.0,0.0,59,0.05084745762711865,0.0
natural_factor,0,CPE,2021Q2,2,0.0,0.0,78,0.02564102564102564,0.0
natural_factor,0,CPE,2021Q3,1,0.0,0.0,52,0.019230769230769232,0.0
natural_factor,0,CPE,2021Q4,1,0.0,0.0,63,0.015873015873015872,0.0
natural_factor,0,CPE,2024Q2,1,0.0,0.0,25,0.04,0.0
natural_factor,0,CPE,2024Q4,1,0.0,0.0,22,0.045454545454545456,0.0
natural_factor,0,CRC,2001Q2,1,0.0,0.0,2,0.5,0.0
natural_factor,0,CRC,2005Q2,1,0.0,0.0,7,0.14285714285714285,0.0
natural_factor,0,CRC,2005Q4,1,0.0,0.0,3,0.3333333333333333,0.0
natural_factor,0,CRC,2006Q3,1,0.0,0.0,4,0.25,0.0
natural_factor,0,CRC,2010Q4,1,0.0,0.0,10,0.1,0.0
natural_factor,0,CRC,2012Q1,2,1.0,2.0,7,0.2857142857142857,0.5714285714285714
natural_factor,0,CRC,2012Q4,1,0.0,0.0,7,0.14285714285714285,0.0
natural_factor,0,CRC,2013Q1,1,0.0,0.0,11,0.09090909090909091,0.0
natural_factor,0,CRC,2014Q1,1,0.0,0.0,8,0.125,0.0
natural_factor,0,CRC,2014Q3,1,0.0,0.0,4,0.25,0.0
natural_factor,0,CRC,2015Q1,1,0.0,0.0,8,0.125,0.0
natural_factor,0,CRC,2015Q4,1,0.0,0.0,11,0.09090909090909091,0.0
natural_factor,0,CRC,2016Q1,1,0.0,0.0,14,0.07142857142857142,0.0
natural_factor,0,CRC,2016Q3,1,0.0,0.0,18,0.05555555555555555,0.0
natural_factor,0,CRC,2018Q3,2,0.0,0.0,29,0.06896551724137931,0.0
natural_factor,0,CRC,2019Q3,1,0.0,0.0,22,0.045454545454545456,0.0
natural_factor,0,CRC,2019Q4,2,0.0,0.0,30,0.06666666666666667,0.0
natural_factor,0,CRC,2020Q1,3,0.0,0.0,47,0.06382978723404255,0.0
natural_factor,0,CRC,2020Q2,4,0.0,0.0,46,0.08695652173913043,0.0
natural_factor,0,CRC,2020Q3,2,0.0,0.0,45,0.044444444444444446,0.0
natural_factor,0,CRC,2020Q4,3,0.0,0.0,48,0.0625,0.0
natural_factor,0,CRC,2021Q1,4,0.0,0.0,59,0.06779661016949153,0.0
natural_factor,0,CRC,2021Q3,1,0.0,0.0,52,0.019230769230769232,0.0
natural_factor,0,CRC,2021Q4,2,0.5,1.0,63,0.031746031746031744,0.031746031746031744
natural_factor,0,CRC,2022Q1,3,0.0,0.0,39,0.07692307692307693,0.0
natural_factor,0,CRC,2022Q2,1,0.0,0.0,34,0.029411764705882353,0.0
natural_factor,0,CRC,2022Q3,3,0.0,0.0,35,0.08571428571428572,0.0
natural_factor,0,CRC,2022Q4,1,0.0,0.0,45,0.022222222222222223,0.0
natural_factor,0,CRC,2023Q1,6,0.0,0.0,48,0.125,0.0
natural_factor,0,CRC,2023Q2,2,0.0,0.0,58,0.034482758620689655,0.0
natural_factor,0,CRC,2023Q4,1,0.0,0.0,25,0.04,0.0
natural_factor,0,CRC,2024Q3,2,0.0,0.0,22,0.09090909090909091,0.0
natural_factor,0,CRC,2024Q4,1,0.0,0.0,22,0.045454545454545456,0.0
natural_factor,0,CRK,2008Q4,1,0.0,0.0,2,0.5,0.0
natural_factor,0,CRK,2013Q1,1,0.0,0.0,11,0.09090909090909091,0.0
natural_factor,0,CRK,2013Q2,1,0.0,0.0,8,0.125,0.0
natural_factor,0,CRK,2019Q2,1,0.0,0.0,23,0.043478260869565216,0.0
natural_factor,0,CRK,2020Q1,1,0.0,0.0,47,0.02127659574468085,0.0
natural_factor,0,CRK,2020Q4,1,0.0,0.0,48,0.020833333333333332,0.0
natural_factor,0,CRK,2021Q1,1,0.0,0.0,59,0.01694915254237288,0.0
natural_factor,0,CRK,2021Q3,1,0.0,0.0,52,0.019230769230769232,0.0
natural_factor,0,CRK,2022Q4,3,0.0,0.0,45,0.06666666666666667,0.0
natural_factor,0,CRK,2023Q1,1,0.0,0.0,48,0.020833333333333332,0.0
natural_factor,0,CRK,2023Q2,2,-0.5,-1.0,58,0.034482758620689655,-0.034482758620689655
natural_factor,0,CRK,2023Q3,2,0.0,0.0,39,0.05128205128205128,0.0
natural_factor,0,DCP,2006Q2,1,0.0,0.0,3,0.3333333333333333,0.0
natural_factor,0,DCP,2010Q2,1,0.0,0.0,7,0.14285714285714285,0.0
natural_factor,0,DCP,2012Q3,1,0.0,0.0,9,0.1111111111111111,0.0
natural_factor,0,DCP,2015Q2,1,0.0,0.0,14,0.07142857142857142,0.0
natural_factor,0,DCP,2016Q3,1,0.0,0.0,18,0.05555555555555555,0.0
natural_factor,0,DCP,2017Q1,1,0.0,0.0,19,0.05263157894736842,0.0
natural_factor,0,DCP,2017Q2,1,0.0,0.0,22,0.045454545454545456,0.0
natural_factor,0,DCP,2018Q3,2,0.0,0.0,29,0.06896551724137931,0.0
natural_factor,0,DCP,2020Q2,1,0.0,0.0,46,0.021739130434782608,0.0
natural_factor,0,DCP,2020Q4,1,0.0,0.0,48,0.020833333333333332,0.0
natural_factor,0,DCP,2021Q1,3,0.0,0.0,59,0.05084745762711865,0.0
natural_factor,0,DCP,2021Q2,1,0.0,0.0,78,0.01282051282051282,0.0
natural_factor,0,DCP,2021Q4,1,0.0,0.0,63,0.015873015873015872,0.0
natural_factor,0,DCP,2022Q1,1,0.0,0.0,39,0.02564102564102564,0.0
natural_factor,0,DCP,2023Q1,1,0.0,0.0,48,0.020833333333333332,0.0
natural_factor,0,DCP,2023Q3,1,0.0,0.0,39,0.02564102564102564,0.0
natural_factor,0,DCP,2023Q4,1,0.0,0.0,25,0.04,0.0
natural_factor,0,DCP,2024Q4,1,0.0,0.0,22,0.045454545454545456,0.0
natural_factor,0,DO,2018Q1,1,0.0,0.0,13,0.07692307692307693,0.0
natural_factor,0,DO,2020Q2,3,0.0,0.0,46,0.06521739130434782,0.0
natural_factor,0,EP,2004Q4,1,0.0,0.0,6,0.16666666666666666,0.0
natural_factor,0,EP,2013Q2,1,0.0,0.0,8,0.125,0.0
natural_factor,0,EP,2013Q3,1,0.0,0.0,17,0.058823529411764705,0.0
natural_factor,0,EP,2015Q2,1,0.0,0.0,14,0.07142857142857142,0.0
natural_factor,0,EP,2017Q1,2,0.0,0.0,19,0.10526315789473684,0.0
natural_factor,0,EP,2017Q4,1,0.0,0.0,18,0.05555555555555555,0.0
natural_factor,0,EP,2019Q1,1,0.0,0.0,22,0.045454545454545456,0.0
natural_factor,0,EP,2019Q2,2,0.0,0.0,23,0.08695652173913043,0.0
natural_factor,0,EP,2020Q1,2,0.0,0.0,47,0.0425531914893617,0.0
natural_factor,0,EP,2020Q3,1,0.0,0.0,45,0.022222222222222223,0.0
natural_factor,0,EP,2020Q4,2,0.0,0.0,48,0.041666666666666664,0.0
natural_factor,0,EP,2021Q2,2,0.0,0.0,78,0.02564102564102564,0.0
natural_factor,0,EP,2021Q3,2,0.0,0.0,52,0.038461538461538464,0.0
natural_factor,0,EP,2022Q2,1,0.0,0.0,34,0.029411764705882353,0.0
natural_factor,0,EP,2022Q3,1,0.0,0.0,35,0.02857142857142857,0.0
natural_factor,0,EP,2023Q1,2,0.0,0.0,48,0.041666666666666664,0.0
natural_factor,0,EP,2023Q2,1,0.0,0.0,58,0.017241379310344827,0.0
natural_factor,0,EP,2024Q1,1,0.0,0.0,28,0.03571428571428571,0.0
natural_factor,0,EP,2024Q2,2,0.0,0.0,25,0.08,0.0
natural_factor,0,EP,2024Q3,1,0.0,0.0,22,0.045454545454545456,0.0
natural_factor,0,EPM,2014Q4,1,0.0,0.0,13,0.07692307692307693,0.0
natural_factor,0,EPM,2019Q1,1,0.0,0.0,22,0.045454545454545456,0.0
natural_factor,0,EPM,2021Q4,1,0.0,0.0,63,0.015873015873015872,0.0
natural_factor,0,EQT,2003Q4,1,0.0,0.0,2,0.5,0.0
natural_factor,0,EQT,2004Q2,1,0.0,0.0,4,0.25,0.0
natural_factor,0,EQT,2005Q4,1,0.0,0.0,3,0.3333333333333333,0.0
natural_factor,0,EQT,2006Q3,1,0.0,0.0,4,0.25,0.0
natural_factor,0,EQT,2010Q3,1,0.0,0.0,9,0.1111111111111111,0.0
natural_factor,0,EQT,2010Q4,2,0.0,0.0,10,0.2,0.0
natural_factor,0,EQT,2011Q1,1,0.0,0.0,7,0.14285714285714285,0.0
natural_factor,0,EQT,2011Q2,2,0.0,0.0,7,0.2857142857142857,0.0
natural_factor,0,EQT,2011Q4,2,0.0,0.0,8,0.25,0.0
natural_factor,0,EQT,2013Q2,1,0.0,0.0,8,0.125,0.0
natural_factor,0,EQT,2013Q4,1,0.0,0.0,9,0.1111111111111111,0.0
natural_factor,0,EQT,2014Q1,2,0.0,0.0,8,0.25,0.0
natural_factor,0,EQT,2014Q2,1,0.0,0.0,7,0.14285714285714285,0.0
natural_factor,0,EQT,2014Q4,5,0.0,0.0,13,0.38461538461538464,0.0
natural_factor,0,EQT,2015Q2,1,0.0,0.0,14,0.07142857142857142,0.0
natural_factor,0,EQT,2015Q3,1,0.0,0.0,12,0.08333333333333333,0.0
natural_factor,0,EQT,2015Q4,2,0.0,0.0,11,0.18181818181818182,0.0
natural_factor,0,EQT,2016Q1,3,0.0,0.0,14,0.21428571428571427,0.0
natural_factor,0,EQT,2016Q2,1,0.0,0.0,13,0.07692307692307693,0.0
natural_factor,0,EQT,2016Q3,3,0.0,0.0,18,0.16666666666666666,0.0
natural_factor,0,EQT,2016Q4,1,0.0,0.0,7,0.14285714285714285,0.0
natural_factor,0,EQT,2017Q2,2,0.0,0.0,22,0.09090909090909091,0.0
natural_factor,0,EQT,2017Q3,4,0.0,0.0,14,0.2857142857142857,0.0
natural_factor,0,EQT,2017Q4,5,0.0,0.0,18,0.2777777777777778,0.0
natural_factor,0,EQT,2018Q1,3,0.0,0.0,13,0.23076923076923078,0.0
natural_factor,0,EQT,2018Q3,1,0.0,0.0,29,0.034482758620689655,0.0
natural_factor,0,EQT,2018Q4,5,0.0,0.0,27,0.18518518518518517,0.0
natural_factor,0,EQT,2019Q1,3,0.0,0.0,22,0.13636363636363635,0.0
natural_factor,0,EQT,2019Q2,5,0.0,0.0,23,0.21739130434782608,0.0
natural_factor,0,EQT,2019Q3,4,0.0,0.0,22,0.18181818181818182,0.0
natural_factor,0,EQT,2019Q4,7,0.0,0.0,30,0.23333333333333334,0.0
natural_factor,0,EQT,2020Q1,9,0.0,0.0,47,0.19148936170212766,0.0
natural_factor,0,EQT,2020Q2,5,0.0,0.0,46,0.10869565217391304,0.0
natural_factor,0,EQT,2020Q3,9,0.0,0.0,45,0.2,0.0
natural_factor,0,EQT,2020Q4,11,0.0,0.0,48,0.22916666666666666,0.0
natural_factor,0,EQT,2021Q1,9,0.0,0.0,59,0.15254237288135594,0.0
natural_factor,0,EQT,2021Q2,18,0.0,0.0,78,0.23076923076923078,0.0
natural_factor,0,EQT,2021Q3,18,0.0,0.0,52,0.34615384615384615,0.0
natural_factor,0,EQT,2021Q4,21,0.0,0.0,63,0.3333333333333333,0.0
natural_factor,0,EQT,2022Q1,17,0.0,0.0,39,0.4358974358974359,0.0
natural_factor,0,EQT,2022Q2,10,0.0,0.0,34,0.29411764705882354,0.0
natural_factor,0,EQT,2022Q3,7,0.14285714285714285,1.0,35,0.2,0.2
natural_factor,0,EQT,2022Q4,12,0.0,0.0,45,0.26666666666666666,0.0
natural_factor,0,EQT,2023Q1,10,0.0,0.0,48,0.20833333333333334,0.0
natural_factor,0,EQT,2023Q2,21,0.047619047619047616,1.0,58,0.3620689655172414,0.3620689655172414
natural_factor,0,EQT,2023Q3,13,0.0,0.0,39,0.3333333333333333,0.0
natural_factor,0,EQT,2023Q4,5,0.0,0.0,25,0.2,0.0
natural_factor,0,EQT,2024Q1,12,0.08333333333333333,1.0,28,0.42857142857142855,0.42857142857142855
natural_factor,0,EQT,2024Q2,13,0.15384615384615385,2.0,25,0.52,1.04
natural_factor,0,EQT,2024Q3,7,0.14285714285714285,1.0,22,0.3181818181818182,0.3181818181818182
natural_factor,0,EQT,2024Q4,8,0.0,0.0,22,0.36363636363636365,0.0
natural_factor,0,EXE,1998Q2,1,0.0,0.0,1,1.0,0.0
natural_factor,0,EXE,1999Q4,1,0.0,0.0,2,0.5,0.0
natural_factor,0,EXE,2000Q2,1,0.0,0.0,5,0.2,0.0
natural_factor,0,EXE,2016Q1,1,0.0,0.0,14,0.07142857142857142,0.0
natural_factor,0,FANG,2014Q2,1,0.0,0.0,7,0.14285714285714285,0.0
natural_factor,0,FANG,2016Q1,2,0.0,0.0,14,0.14285714285714285,0.0
natural_factor,0,FANG,2016Q3,1,1.0,1.0,18,0.05555555555555555,0.05555555555555555
natural_factor,0,FANG,2017Q1,2,0.0,0.0,19,0.10526315789473684,0.0
natural_factor,0,FANG,2017Q2,5,0.0,0.0,22,0.22727272727272727,0.0
natural_factor,0,FANG,2017Q3,1,0.0,0.0,14,0.07142857142857142,0.0
natural_factor,0,FANG,2017Q4,2,0.0,0.0,18,0.1111111111111111,0.0
natural_factor,0,FANG,2018Q1,3,0.0,0.0,13,0.23076923076923078,0.0
natural_factor,0,FANG,2018Q2,8,0.0,0.0,24,0.3333333333333333,0.0
natural_factor,0,FANG,2018Q3,10,0.0,0.0,29,0.3448275862068966,0.0
natural_factor,0,FANG,2018Q4,8,0.0,0.0,27,0.2962962962962963,0.0
natural_factor,0,FANG,2019Q1,3,0.0,0.0,22,0.13636363636363635,0.0
natural_factor,0,FANG,2019Q2,2,0.0,0.0,23,0.08695652173913043,0.0
natural_factor,0,FANG,2019Q3,2,0.0,0.0,22,0.09090909090909091,0.0
natural_factor,0,FANG,2020Q3,1,-2.0,-2.0,45,0.022222222222222223,-0.044444444444444446
natural_factor,0,FANG,2021Q2,1,0.0,0.0,78,0.01282051282051282,0.0
natural_factor,0,FANG,2022Q1,2,0.0,0.0,39,0.05128205128205128,0.0
natural_factor,0,FANG,2022Q4,1,0.0,0.0,45,0.022222222222222223,0.0
natural_factor,0,FANG,2024Q1,1,0.0,0.0,28,0.03571428571428571,0.0
natural_factor,0,GDP,2014Q4,1,0.0,0.0,13,0.07692307692307693,0.0
natural_factor,0,GDP,2016Q2,2,0.0,0.0,13,0.15384615384615385,0.0
natural_factor,0,GDP,2016Q4,1,0.0,0.0,7,0.14285714285714285,0.0
natural_factor,0,GDP,2017Q2,2,0.0,0.0,22,0.09090909090909091,0.0
natural_factor,0,GPRK,2025Q1,1,2.0,2.0,1,1.0,2.0
natural_factor,0,HAL,2011Q1,1,0.0,0.0,7,0.14285714285714285,0.0
natural_factor,0,HAL,2015Q2,1,1.0,1.0,14,0.07142857142857142,0.07142857142857142
natural_factor,0,HAL,2016Q2,1,-1.0,-1.0,13,0.07692307692307693,-0.07692307692307693
natural_factor,0,HAL,2017Q1,1,-1.0,-1.0,19,0.05263157894736842,-0.05263157894736842
natural_factor,0,HAL,2020Q3,2,0.0,0.0,45,0.044444444444444446,0.0
natural_factor,0,HAL,2022Q3,1,-1.0,-1.0,35,0.02857142857142857,-0.02857142857142857
natural_factor,0,HAL,2022Q4,1,0.0,0.0,45,0.022222222222222223,0.0
natural_factor,0,HAL,2023Q2,2,0.0,0.0,58,0.034482758620689655,0.0
natural_factor,0,HESM,2019Q4,1,2.0,2.0,30,0.03333333333333333,0.06666666666666667
natural_factor,0,HP,1998Q4,1,0.0,0.0,2,0.5,0.0
natural_factor,0,HP,1999Q1,1,0.0,0.0,3,0.3333333333333333,0.0
natural_factor,0,HP,1999Q3,3,0.3333333333333333,1.0,5,0.6,0.6
natural_factor,0,HP,1999Q4,1,-1.0,-1.0,2,0.5,-0.5
natural_factor,0,HP,2000Q1,1,0.0,0.0,4,0.25,0.0
natural_factor,0,HP,2000Q3,1,0.0,0.0,5,0.2,0.0
natural_factor,0,HP,2000Q4,2,0.0,0.0,3,0.6666666666666666,0.0
natural_factor,0,HP,2001Q1,2,0.0,0.0,5,0.4,0.0
natural_factor,0,HP,2001Q3,1,0.0,0.0,1,1.0,0.0
natural_factor,0,HP,2001Q4,1,0.0,0.0,2,0.5,0.0
natural_factor,0,HP,2002Q1,4,0.5,2.0,6,0.6666666666666666,1.3333333333333333
natural_factor,0,HP,2002Q2,1,0.0,0.0,3,0.3333333333333333,0.0
natural_factor,0,HP,2002Q3,1,0.0,0.0,2,0.5,0.0
natural_factor,0,HP,2002Q4,1,1.0,1.0,5,0.2,0.2
natural_factor,0,HP,2004Q1,2,0.5,1.0,4,0.5,0.5
natural_factor,0,HP,2004Q4,4,0.0,0.0,6,0.6666666666666666,0.0
natural_factor,0,HP,2005Q1,2,0.0,0.0,5,0.4,0.0
natural_factor,0,HP,2005Q2,5,-0.2,-1.0,7,0.7142857142857143,-0.7142857142857143
natural_factor,0,HP,2005Q4,1,0.0,0.0,3,0.3333333333333333,0.0
natural_factor,0,HP,2006Q4,1,0.0,0.0,2,0.5,0.0
natural_factor,0,HP,2007Q3,1,0.0,0.0,4,0.25,0.0
natural_factor,0,HP,2008Q2,2,0.0,0.0,4,0.5,0.0
natural_factor,0,HP,2008Q3,1,0.0,0.0,2,0.5,0.0
natural_factor,0,HP,2009Q2,1,0.0,0.0,2,0.5,0.0
natural_factor,0,HP,2009Q3,3,0.0,0.0,6,0.5,0.0
natural_factor,0,HP,2009Q4,4,0.0,0.0,5,0.8,0.0
natural_factor,0,HP,2010Q1,2,0.0,0.0,3,0.6666666666666666,0.0
natural_factor,0,HP,2010Q2,2,0.0,0.0,7,0.2857142857142857,0.0
natural_factor,0,HP,2010Q3,5,0.0,0.0,9,0.5555555555555556,0.0
natural_factor,0,HP,2010Q4,3,0.0,0.0,10,0.3,0.0
natural_factor,0,HP,2011Q1,3,0.3333333333333333,1.0,7,0.42857142857142855,0.42857142857142855
natural_factor,0,HP,2011Q2,2,0.0,0.0,7,0.2857142857142857,0.0
natural_factor,0,HP,2011Q3,4,0.0,0.0,7,0.5714285714285714,0.0
natural_factor,0,HP,2011Q4,1,0.0,0.0,8,0.125,0.0
natural_factor,0,HP,2012Q1,1,0.0,0.0,7,0.14285714285714285,0.0
natural_factor,0,HP,2012Q3,1,0.0,0.0,9,0.1111111111111111,0.0
natural_factor,0,HP,2012Q4,3,0.0,0.0,7,0.42857142857142855,0.0
natural_factor,0,HP,2013Q1,4,-0.25,-1.0,11,0.36363636363636365,-0.36363636363636365
natural_factor,0,HP,2013Q2,1,0.0,0.0,8,0.125,0.0
natural_factor,0,HP,2013Q3,3,0.0,0.0,17,0.17647058823529413,0.0
natural_factor,0,HP,2013Q4,3,0.0,0.0,9,0.3333333333333333,0.0
natural_factor,0,HP,2014Q1,1,0.0,0.0,8,0.125,0.0
natural_factor,0,HP,2014Q4,2,0.5,1.0,13,0.15384615384615385,0.15384615384615385
natural_factor,0,HP,2015Q2,5,0.0,0.0,14,0.35714285714285715,0.0
natural_factor,0,HP,2015Q3,4,0.0,0.0,12,0.3333333333333333,0.0
natural_factor,0,HP,2015Q4,3,0.0,0.0,11,0.2727272727272727,0.0
natural_factor,0,HP,2016Q1,1,0.0,0.0,14,0.07142857142857142,0.0
natural_factor,0,HP,2016Q2,5,0.0,0.0,13,0.38461538461538464,0.0
natural_factor,0,HP,2016Q3,6,0.0,0.0,18,0.3333333333333333,0.0
natural_factor,0,HP,2016Q4,1,1.0,1.0,7,0.14285714285714285,0.14285714285714285
natural_factor,0,HP,2017Q1,1,0.0,0.0,19,0.05263157894736842,0.0
natural_factor,0,HP,2017Q2,6,0.0,0.0,22,0.2727272727272727,0.0
natural_factor,0,HP,2017Q3,2,0.0,0.0,14,0.14285714285714285,0.0
natural_factor,0,HP,2017Q4,6,0.0,0.0,18,0.3333333333333333,0.0
natural_factor,0,HP,2018Q1,3,0.0,0.0,13,0.23076923076923078,0.0
natural_factor,0,HP,2018Q2,3,0.0,0.0,24,0.125,0.0
natural_factor,0,HP,2018Q3,4,0.0,0.0,29,0.13793103448275862,0.0
natural_factor,0,HP,2018Q4,6,0.16666666666666666,1.0,27,0.2222222222222222,0.2222222222222222
natural_factor,0,HP,2019Q1,3,0.0,0.0,22,0.13636363636363635,0.0
natural_factor,0,HP,2019Q2,5,-0.2,-1.0,23,0.21739130434782608,-0.21739130434782608
natural_factor,0,HP,2019Q4,8,0.375,3.0,30,0.26666666666666666,0.8
natural_factor,0,HP,2020Q1,10,0.1,1.0,47,0.2127659574468085,0.2127659574468085
natural_factor,0,HP,2020Q2,10,-0.2,-2.0,46,0.21739130434782608,-0.43478260869565216
natural_factor,0,HP,2020Q3,7,-0.14285714285714285,-1.0,45,0.15555555555555556,-0.15555555555555556
natural_factor,0,HP,2020Q4,6,0.0,0.0,48,0.125,0.0
natural_factor,0,HP,2021Q1,7,-0.42857142857142855,-3.0,59,0.11864406779661017,-0.3559322033898305
natural_factor,0,HP,2021Q2,13,-0.15384615384615385,-2.0,78,0.16666666666666666,-0.3333333333333333
natural_factor,0,HP,2021Q3,5,-0.2,-1.0,52,0.09615384615384616,-0.09615384615384616
natural_factor,0,HP,2021Q4,6,0.16666666666666666,1.0,63,0.09523809523809523,0.09523809523809523
natural_factor,0,HP,2022Q1,3,0.3333333333333333,1.0,39,0.07692307692307693,0.07692307692307693
natural_factor,0,HP,2022Q2,10,0.2,2.0,34,0.29411764705882354,0.5882352941176471
natural_factor,0,HP,2022Q3,3,0.0,0.0,35,0.08571428571428572,0.0
natural_factor,0,HP,2022Q4,18,-0.16666666666666666,-3.0,45,0.4,-1.2000000000000002
natural_factor,0,HP,2023Q1,16,0.0,0.0,48,0.3333333333333333,0.0
natural_factor,0,HP,2023Q2,9,0.0,0.0,58,0.15517241379310345,0.0
natural_factor,0,HP,2023Q3,7,0.0,0.0,39,0.1794871794871795,0.0
natural_factor,0,HP,2023Q4,9,0.0,0.0,25,0.36,0.0
natural_factor,0,HP,2024Q1,4,0.0,0.0,28,0.14285714285714285,0.0
natural_factor,0,HP,2024Q2,3,0.0,0.0,25,0.12,0.0
natural_factor,0,HP,2024Q3,6,0.0,0.0,22,0.2727272727272727,0.0
natural_factor,0,HP,2024Q4,3,0.0,0.0,22,0.13636363636363635,0.0
natural_factor,0,KRP,2022Q1,1,0.0,0.0,39,0.02564102564102564,0.0
natural_factor,0,MXC,2012Q1,1,0.0,0.0,7,0.14285714285714285,0.0
natural_factor,0,MXC,2017Q4,1,0.0,0.0,18,0.05555555555555555,0.0
natural_factor,0,NBR,2001Q4,1,2.0,2.0,2,0.5,1.0
natural_factor,0,NBR,2012Q1,1,0.0,0.0,7,0.14285714285714285,0.0
natural_factor,0,NBR,2014Q1,1,0.0,0.0,8,0.125,0.0
natural_factor,0,NBR,2015Q4,1,-1.0,-1.0,11,0.09090909090909091,-0.09090909090909091
natural_factor,0,NBR,2021Q2,1,0.0,0.0,78,0.01282051282051282,0.0
natural_factor,0,NBR,2023Q3,1,0.0,0.0,39,0.02564102564102564,0.0
natural_factor,0,NE,2000Q3,1,0.0,0.0,5,0.2,0.0
natural_factor,0,NE,2002Q2,1,0.0,0.0,3,0.3333333333333333,0.0
natural_factor,0,NE,2004Q2,1,0.0,0.0,4,0.25,0.0
natural_factor,0,NE,2004Q3,1,0.0,0.0,2,0.5,0.0
natural_factor,0,NE,2007Q1,1,1.0,1.0,1,1.0,1.0
natural_factor,0,NE,2007Q3,1,0.0,0.0,4,0.25,0.0
natural_factor,0,NE,2008Q2,1,0.0,0.0,4,0.25,0.0
natural_factor,0,NE,2009Q3,1,0.0,0.0,6,0.16666666666666666,0.0
natural_factor,0,NE,2012Q4,1,0.0,0.0,7,0.14285714285714285,0.0
natural_factor,0,NE,2014Q3,1,0.0,0.0,4,0.25,0.0
natural_factor,0,NE,2015Q4,1,0.0,0.0,11,0.09090909090909091,0.0
natural_factor,0,NE,2016Q1,1,0.0,0.0,14,0.07142857142857142,0.0
natural_factor,0,NE,2018Q2,1,0.0,0.0,24,0.041666666666666664,0.0
natural_factor,0,NE,2019Q2,1,0.0,0.0,23,0.043478260869565216,0.0
natural_factor,0,NE,2019Q4,1,0.0,0.0,30,0.03333333333333333,0.0
natural_factor,0,NE,2021Q2,1,0.0,0.0,78,0.01282051282051282,0.0
natural_factor,0,NE,2023Q3,1,0.0,0.0,39,0.02564102564102564,0.0
natural_factor,0,NES,2004Q2,1,0.0,0.0,4,0.25,0.0
natural_factor,0,NES,2005Q3,1,0.0,0.0,1,1.0,0.0
natural_factor,0,NES,2010Q4,1,0.0,0.0,10,0.1,0.0
natural_factor,0,NES,2011Q3,1,0.0,0.0,7,0.14285714285714285,0.0
natural_factor,0,NES,2013Q3,1,0.0,0.0,17,0.058823529411764705,0.0
natural_factor,0,NES,2014Q1,1,-1.0,-1.0,8,0.125,-0.125
natural_factor,0,NES,2014Q4,1,0.0,0.0,13,0.07692307692307693,0.0
natural_factor,0,NES,2015Q1,1,0.0,0.0,8,0.125,0.0
natural_factor,0,NES,2015Q4,1,0.0,0.0,11,0.09090909090909091,0.0
natural_factor,0,NES,2017Q1,1,1.0,1.0,19,0.05263157894736842,0.05263157894736842
natural_factor,0,NES,2017Q4,1,0.0,0.0,18,0.05555555555555555,0.0
natural_factor,0,NES,2018Q2,1,0.0,0.0,24,0.041666666666666664,0.0
natural_factor,0,NES,2018Q3,1,0.0,0.0,29,0.034482758620689655,0.0
natural_factor,0,NES,2019Q1,4,0.25,1.0,22,0.18181818181818182,0.18181818181818182
natural_factor,0,NES,2020Q4,1,0.0,0.0,48,0.020833333333333332,0.0
natural_factor,0,NES,2021Q1,1,0.0,0.0,59,0.01694915254237288,0.0
natural_factor,0,NES,2021Q2,1,0.0,0.0,78,0.01282051282051282,0.0
natural_factor,0,NES,2021Q4,3,0.0,0.0,63,0.047619047619047616,0.0
natural_factor,0,NES,2023Q2,1,0.0,0.0,58,0.017241379310344827,0.0
natural_factor,0,NES,2023Q3,1,0.0,0.0,39,0.02564102564102564,0.0
natural_factor,0,NES,2023Q4,1,0.0,0.0,25,0.04,0.0
natural_factor,0,NEX,2010Q4,2,0.0,0.0,10,0.2,0.0
natural_factor,0,NEX,2011Q4,1,0.0,0.0,8,0.125,0.0
natural_factor,0,NEX,2017Q2,1,-1.0,-1.0,22,0.045454545454545456,-0.045454545454545456
natural_factor,0,NEX,2019Q3,2,0.0,0.0,22,0.09090909090909091,0.0
natural_factor,0,NEX,2020Q1,2,0.0,0.0,47,0.0425531914893617,0.0
natural_factor,0,NEX,2020Q2,3,-0.3333333333333333,-1.0,46,0.06521739130434782,-0.06521739130434782
natural_factor,0,NEX,2020Q3,5,-0.4,-2.0,45,0.1111111111111111,-0.2222222222222222
natural_factor,0,NEX,2020Q4,3,-0.3333333333333333,-1.0,48,0.0625,-0.0625
natural_factor,0,NEX,2021Q1,4,0.0,0.0,59,0.06779661016949153,0.0
natural_factor,0,NEX,2021Q2,1,0.0,0.0,78,0.01282051282051282,0.0
natural_factor,0,NEX,2021Q3,1,0.0,0.0,52,0.019230769230769232,0.0
natural_factor,0,NEX,2021Q4,2,0.0,0.0,63,0.031746031746031744,0.0
natural_factor,0,NEX,2022Q3,1,0.0,0.0,35,0.02857142857142857,0.0
natural_factor,0,NEX,2023Q3,1,0.0,0.0,39,0.02564102564102564,0.0
natural_factor,0,PED,2002Q2,1,0.0,0.0,3,0.3333333333333333,0.0
natural_factor,0,PED,2009Q1,1,0.0,0.0,2,0.5,0.0
natural_factor,0,PED,2010Q2,1,1.0,1.0,7,0.14285714285714285,0.14285714285714285
natural_factor,0,PED,2010Q3,2,0.0,0.0,9,0.2222222222222222,0.0
natural_factor,0,PED,2011Q2,1,1.0,1.0,7,0.14285714285714285,0.14285714285714285
natural_factor,0,PED,2012Q1,1,0.0,0.0,7,0.14285714285714285,0.0
natural_factor,0,PED,2012Q2,1,0.0,0.0,3,0.3333333333333333,0.0
natural_factor,0,PED,2012Q3,2,0.0,0.0,9,0.2222222222222222,0.0
natural_factor,0,PED,2012Q4,1,0.0,0.0,7,0.14285714285714285,0.0
natural_factor,0,PED,2013Q1,3,-0.3333333333333333,-1.0,11,0.2727272727272727,-0.2727272727272727
natural_factor,0,PED,2013Q2,3,0.0,0.0,8,0.375,0.0
natural_factor,0,PED,2013Q3,9,-0.4444444444444444,-4.0,17,0.5294117647058824,-2.1176470588235294
natural_factor,0,PED,2013Q4,1,0.0,0.0,9,0.1111111111111111,0.0
natural_factor,0,PED,2014Q1,2,-0.5,-1.0,8,0.25,-0.25
natural_factor,0,PED,2014Q2,4,-0.5,-2.0,7,0.5714285714285714,-1.1428571428571428
natural_factor,0,PED,2014Q3,1,0.0,0.0,4,0.25,0.0
natural_factor,0,PED,2014Q4,2,-0.5,-1.0,13,0.15384615384615385,-0.15384615384615385
natural_factor,0,PED,2015Q1,4,-0.25,-1.0,8,0.5,-0.5
natural_factor,0,PED,2015Q2,4,0.0,0.0,14,0.2857142857142857,0.0
natural_factor,0,PED,2015Q3,2,-0.5,-1.0,12,0.16666666666666666,-0.16666666666666666
natural_factor,0,PED,2016Q1,3,0.0,0.0,14,0.21428571428571427,0.0
natural_factor,0,PED,2016Q3,2,0.0,0.0,18,0.1111111111111111,0.0
natural_factor,0,PED,2017Q2,1,1.0,1.0,22,0.045454545454545456,0.045454545454545456
natural_factor,0,PED,2019Q3,1,0.0,0.0,22,0.045454545454545456,0.0
natural_factor,0,PED,2021Q1,2,-0.5,-1.0,59,0.03389830508474576,-0.03389830508474576
natural_factor,0,PED,2023Q2,1,0.0,0.0,58,0.017241379310344827,0.0
natural_factor,0,PHX,2009Q1,1,0.0,0.0,2,0.5,0.0
natural_factor,0,PHX,2011Q4,1,0.0,0.0,8,0.125,0.0
natural_factor,0,PHX,2018Q2,1,0.0,0.0,24,0.041666666666666664,0.0
natural_factor,0,PHX,2019Q4,1,0.0,0.0,30,0.03333333333333333,0.0
natural_factor,0,PHX,2023Q2,2,0.0,0.0,58,0.034482758620689655,0.0
natural_factor,0,PR,1998Q4,1,1.0,1.0,2,0.5,0.5
natural_factor,0,PR,2000Q1,2,1.0,2.0,4,0.5,1.0
natural_factor,0,PR,2000Q2,2,0.5,1.0,5,0.4,0.4
natural_factor,0,PR,2000Q3,2,0.0,0.0,5,0.4,0.0
natural_factor,0,PR,2002Q3,1,1.0,1.0,2,0.5,0.5
natural_factor,0,PR,2002Q4,1,0.0,0.0,5,0.2,0.0
natural_factor,0,PR,2004Q1,1,0.0,0.0,4,0.25,0.0
natural_factor,0,PR,2004Q2,1,0.0,0.0,4,0.25,0.0
natural_factor,0,PR,2004Q3,1,0.0,0.0,2,0.5,0.0
natural_factor,0,PR,2006Q2,2,0.5,1.0,3,0.6666666666666666,0.6666666666666666
natural_factor,0,PR,2006Q3,2,-1.0,-2.0,4,0.5,-1.0
natural_factor,0,PR,2007Q2,1,0.0,0.0,4,0.25,0.0
natural_factor,0,PR,2007Q3,1,0.0,0.0,4,0.25,0.0
natural_factor,0,PR,2008Q2,1,1.0,1.0,4,0.25,0.25
natural_factor,0,PR,2010Q1,1,0.0,0.0,3,0.3333333333333333,0.0
natural_factor,0,PR,2010Q3,1,0.0,0.0,9,0.1111111111111111,0.0
natural_factor,0,PR,2010Q4,1,0.0,0.0,10,0.1,0.0
natural_factor,0,PR,2011Q1,1,0.0,0.0,7,0.14285714285714285,0.0
natural_factor,0,PR,2011Q3,1,0.0,0.0,7,0.14285714285714285,0.0
natural_factor,0,PR,2011Q4,1,0.0,0.0,8,0.125,0.0
natural_factor,0,PR,2012Q3,2,0.5,1.0,9,0.2222222222222222,0.2222222222222222
natural_factor,0,PR,2013Q2,1,0.0,0.0,8,0.125,0.0
natural_factor,0,PR,2013Q3,1,0.0,0.0,17,0.058823529411764705,0.0
natural_factor,0,PR,2013Q4,1,0.0,0.0,9,0.1111111111111111,0.0
natural_factor,0,PR,2015Q1,1,0.0,0.0,8,0.125,0.0
natural_factor,0,PR,2016Q2,1,0.0,0.0,13,0.07692307692307693,0.0
natural_factor,0,PR,2017Q3,1,-1.0,-1.0,14,0.07142857142857142,-0.07142857142857142
natural_factor,0,PR,2017Q4,1,0.0,0.0,18,0.05555555555555555,0.0
natural_factor,0,PR,2018Q2,1,0.0,0.0,24,0.041666666666666664,0.0
natural_factor,0,PR,2018Q3,1,0.0,0.0,29,0.034482758620689655,0.0
natural_factor,0,PR,2020Q1,4,0.25,1.0,47,0.0851063829787234,0.0851063829787234
natural_factor,0,PR,2020Q2,1,-1.0,-1.0,46,0.021739130434782608,-0.021739130434782608
natural_factor,0,PR,2020Q3,2,0.5,1.0,45,0.044444444444444446,0.044444444444444446
natural_factor,0,PR,2020Q4,3,0.3333333333333333,1.0,48,0.0625,0.0625
natural_factor,0,PR,2021Q1,2,0.0,0.0,59,0.03389830508474576,0.0
natural_factor,0,PR,2021Q2,2,0.5,1.0,78,0.02564102564102564,0.02564102564102564
natural_factor,0,PR,2021Q3,2,0.0,0.0,52,0.038461538461538464,0.0
natural_factor,0,PR,2022Q1,1,0.0,0.0,39,0.02564102564102564,0.0
natural_factor,0,PR,2022Q2,1,0.0,0.0,34,0.029411764705882353,0.0
natural_factor,0,PR,2022Q3,1,0.0,0.0,35,0.02857142857142857,0.0
natural_factor,0,PR,2022Q4,3,0.0,0.0,45,0.06666666666666667,0.0
natural_factor,0,PR,2023Q2,2,0.0,0.0,58,0.034482758620689655,0.0
natural_factor,0,PR,2023Q3,1,0.0,0.0,39,0.02564102564102564,0.0
natural_factor,0,PR,2023Q4,2,0.5,1.0,25,0.08,0.08
natural_factor,0,PR,2024Q1,1,0.0,0.0,28,0.03571428571428571,0.0
natural_factor,0,PR,2024Q3,1,0.0,0.0,22,0.045454545454545456,0.0
natural_factor,0,PR,2024Q4,1,0.0,0.0,22,0.045454545454545456,0.0
natural_factor,0,PTEN,2003Q4,1,0.0,0.0,2,0.5,0.0
natural_factor,0,PTEN,2011Q1,1,0.0,0.0,7,0.14285714285714285,0.0
natural_factor,0,PTEN,2020Q2,1,0.0,0.0,46,0.021739130434782608,0.0
natural_factor,0,PTEN,2022Q1,1,0.0,0.0,39,0.02564102564102564,0.0
natural_factor,0,PUMP,2020Q3,1,0.0,0.0,45,0.022222222222222223,0.0
natural_factor,0,PUMP,2022Q2,1,0.0,0.0,34,0.029411764705882353,0.0
natural_factor,0,RIG,2010Q2,1,-2.0,-2.0,7,0.14285714285714285,-0.2857142857142857
natural_factor,0,RIG,2012Q4,1,-1.0,-1.0,7,0.14285714285714285,-0.14285714285714285
natural_factor,0,RIG,2013Q1,1,-2.0,-2.0,11,0.09090909090909091,-0.18181818181818182
natural_factor,0,RIG,2017Q1,1,1.0,1.0,19,0.05263157894736842,0.05263157894736842
natural_factor,0,RIG,2018Q2,1,1.0,1.0,24,0.041666666666666664,0.041666666666666664
natural_factor,0,RIG,2023Q2,1,0.0,0.0,58,0.017241379310344827,0.0
natural_factor,0,SD,2002Q1,1,0.0,0.0,6,0.16666666666666666,0.0
natural_factor,0,SD,2020Q2,1,0.0,0.0,46,0.021739130434782608,0.0
natural_factor,0,SLB,2005Q1,1,-1.0,-1.0,5,0.2,-0.2
natural_factor,0,SLB,2007Q2,1,0.0,0.0,4,0.25,0.0
natural_factor,0,SLB,2011Q4,1,1.0,1.0,8,0.125,0.125
natural_factor,0,SLB,2015Q3,1,1.0,1.0,12,0.08333333333333333,0.08333333333333333
natural_factor,0,SLB,2015Q4,1,0.0,0.0,11,0.09090909090909091,0.0
natural_factor,0,SLB,2016Q2,1,-1.0,-1.0,13,0.07692307692307693,-0.07692307692307693
natural_factor,0,SLB,2017Q3,1,1.0,1.0,14,0.07142857142857142,0.07142857142857142
natural_factor,0,SLB,2018Q4,1,0.0,0.0,27,0.037037037037037035,0.0
natural_factor,0,SLB,2019Q3,1,0.0,0.0,22,0.045454545454545456,0.0
natural_factor,0,SLB,2020Q3,1,2.0,2.0,45,0.022222222222222223,0.044444444444444446
natural_factor,0,SLB,2020Q4,2,0.5,1.0,48,0.041666666666666664,0.041666666666666664
natural_factor,0,SLB,2022Q1,1,1.0,1.0,39,0.02564102564102564,0.02564102564102564
natural_factor,0,SLB,2022Q3,1,2.0,2.0,35,0.02857142857142857,0.05714285714285714
natural_factor,0,SLB,2023Q2,2,0.5,1.0,58,0.034482758620689655,0.034482758620689655
natural_factor,0,SLB,2023Q3,1,0.0,0.0,39,0.02564102564102564,0.0
natural_factor,0,SLB,2024Q1,1,1.0,1.0,28,0.03571428571428571,0.03571428571428571
natural_factor,0,SLB,2024Q3,1,2.0,2.0,22,0.045454545454545456,0.09090909090909091
natural_factor,0,SLB,2024Q4,1,-1.0,-1.0,22,0.045454545454545456,-0.045454545454545456
natural_factor,0,STR,1999Q3,1,1.0,1.0,5,0.2,0.2
natural_factor,0,STR,2004Q4,1,0.0,0.0,6,0.16666666666666666,0.0
natural_factor,0,STR,2006Q4,1,0.0,0.0,2,0.5,0.0
natural_factor,0,STR,2008Q4,1,0.0,0.0,2,0.5,0.0
natural_factor,0,STR,2009Q2,1,0.0,0.0,2,0.5,0.0
natural_factor,0,STR,2009Q4,1,0.0,0.0,5,0.2,0.0
natural_factor,0,STR,2010Q2,2,0.0,0.0,7,0.2857142857142857,0.0
natural_factor,0,STR,2012Q2,1,-1.0,-1.0,3,0.3333333333333333,-0.3333333333333333
natural_factor,0,STR,2013Q3,2,1.0,2.0,17,0.11764705882352941,0.23529411764705882
natural_factor,0,STR,2015Q1,1,0.0,0.0,8,0.125,0.0
natural_factor,0,STR,2016Q3,2,0.0,0.0,18,0.1111111111111111,0.0
natural_factor,0,STR,2016Q4,1,0.0,0.0,7,0.14285714285714285,0.0
natural_factor,0,STR,2017Q1,2,0.0,0.0,19,0.10526315789473684,0.0
natural_factor,0,STR,2017Q3,4,0.0,0.0,14,0.2857142857142857,0.0
natural_factor,0,STR,2018Q1,1,0.0,0.0,13,0.07692307692307693,0.0
natural_factor,0,STR,2018Q2,1,1.0,1.0,24,0.041666666666666664,0.041666666666666664
natural_factor,0,STR,2018Q3,1,0.0,0.0,29,0.034482758620689655,0.0
natural_factor,0,STR,2018Q4,1,0.0,0.0,27,0.037037037037037035,0.0
natural_factor,0,STR,2019Q1,2,0.5,1.0,22,0.09090909090909091,0.09090909090909091
natural_factor,0,STR,2019Q2,5,-0.2,-1.0,23,0.21739130434782608,-0.21739130434782608
natural_factor,0,STR,2019Q3,3,0.0,0.0,22,0.13636363636363635,0.0
natural_factor,0,STR,2019Q4,4,0.0,0.0,30,0.13333333333333333,0.0
natural_factor,0,STR,2020Q1,12,-0.25,-3.0,47,0.2553191489361702,-0.7659574468085106
natural_factor,0,STR,2020Q2,14,-0.35714285714285715,-5.0,46,0.30434782608695654,-1.5217391304347827
natural_factor,0,STR,2020Q3,12,-0.25,-3.0,45,0.26666666666666666,-0.8
natural_factor,0,STR,2020Q4,7,-0.42857142857142855,-3.0,48,0.14583333333333334,-0.4375
natural_factor,0,STR,2021Q1,11,0.2727272727272727,3.0,59,0.1864406779661017,0.5593220338983051
natural_factor,0,STR,2021Q2,13,0.15384615384615385,2.0,78,0.16666666666666666,0.3333333333333333
natural_factor,0,STR,2021Q3,11,0.2727272727272727,3.0,52,0.21153846153846154,0.6346153846153846
natural_factor,0,STR,2021Q4,11,0.0,0.0,63,0.1746031746031746,0.0
natural_factor,0,STR,2022Q1,6,0.0,0.0,39,0.15384615384615385,0.0
natural_factor,0,STR,2022Q2,6,0.0,0.0,34,0.17647058823529413,0.0
natural_factor,0,STR,2022Q3,12,-0.16666666666666666,-2.0,35,0.34285714285714286,-0.6857142857142857
natural_factor,0,STR,2022Q4,3,0.0,0.0,45,0.06666666666666667,0.0
natural_factor,0,STR,2023Q1,5,0.0,0.0,48,0.10416666666666667,0.0
natural_factor,0,STR,2023Q2,6,0.5,3.0,58,0.10344827586206896,0.3103448275862069
natural_factor,0,STR,2023Q3,6,0.16666666666666666,1.0,39,0.15384615384615385,0.15384615384615385
natural_factor,0,STR,2023Q4,2,0.0,0.0,25,0.08,0.0
natural_factor,0,STR,2024Q1,3,0.3333333333333333,1.0,28,0.10714285714285714,0.10714285714285714
natural_factor,0,STR,2024Q2,3,0.3333333333333333,1.0,25,0.12,0.12
natural_factor,0,STR,2024Q3,1,0.0,0.0,22,0.045454545454545456,0.0
natural_factor,0,TTI,2000Q2,2,0.5,1.0,5,0.4,0.4
natural_factor,0,TTI,2002Q1,1,0.0,0.0,6,0.16666666666666666,0.0
natural_factor,0,TTI,2004Q1,1,0.0,0.0,4,0.25,0.0
natural_factor,0,TTI,2007Q3,1,1.0,1.0,4,0.25,0.25
natural_factor,0,TTI,2009Q3,1,0.0,0.0,6,0.16666666666666666,0.0
natural_factor,0,TTI,2017Q1,4,0.0,0.0,19,0.21052631578947367,0.0
natural_factor,0,TTI,2018Q3,1,0.0,0.0,29,0.034482758620689655,0.0
natural_factor,0,TTI,2023Q4,1,0.0,0.0,25,0.04,0.0
natural_factor,0,VAL,2015Q3,1,1.0,1.0,12,0.08333333333333333,0.08333333333333333
natural_factor,0,VOC,1999Q2,1,0.0,0.0,1,1.0,0.0
natural_factor,0,VOC,2005Q2,1,0.0,0.0,7,0.14285714285714285,0.0
natural_factor,0,VOC,2015Q3,1,0.0,0.0,12,0.08333333333333333,0.0
natural_factor,0,VOC,2015Q4,1,-1.0,-1.0,11,0.09090909090909091,-0.09090909090909091
natural_factor,0,VOC,2017Q3,1,0.0,0.0,14,0.07142857142857142,0.0
natural_factor,0,VOC,2018Q1,1,0.0,0.0,13,0.07692307692307693,0.0
natural_factor,0,VOC,2018Q2,3,0.0,0.0,24,0.125,0.0
natural_factor,0,VOC,2018Q3,4,-0.25,-1.0,29,0.13793103448275862,-0.13793103448275862
natural_factor,0,VOC,2019Q1,1,0.0,0.0,22,0.045454545454545456,0.0
natural_factor,0,VOC,2019Q2,1,-1.0,-1.0,23,0.043478260869565216,-0.043478260869565216
natural_factor,0,VOC,2019Q3,2,-1.0,-2.0,22,0.09090909090909091,-0.18181818181818182
natural_factor,0,VOC,2019Q4,1,0.0,0.0,30,0.03333333333333333,0.0
natural_factor,0,VOC,2020Q4,2,-0.5,-1.0,48,0.041666666666666664,-0.041666666666666664
natural_factor,0,VOC,2021Q1,3,0.0,0.0,59,0.05084745762711865,0.0
natural_factor,0,VOC,2021Q2,16,-0.1875,-3.0,78,0.20512820512820512,-0.6153846153846154
natural_factor,0,VOC,2021Q3,5,0.0,0.0,52,0.09615384615384616,0.0
natural_factor,0,VOC,2021Q4,9,-0.1111111111111111,-1.0,63,0.14285714285714285,-0.14285714285714285
natural_factor,0,VOC,2022Q1,1,0.0,0.0,39,0.02564102564102564,0.0
natural_factor,0,VOC,2022Q2,1,-1.0,-1.0,34,0.029411764705882353,-0.029411764705882353
natural_factor,0,VOC,2022Q4,1,2.0,2.0,45,0.022222222222222223,0.044444444444444446
natural_factor,0,VOC,2023Q1,1,0.0,0.0,48,0.020833333333333332,0.0
natural_factor,0,VOC,2023Q2,1,1.0,1.0,58,0.017241379310344827,0.017241379310344827
natural_factor,0,VOC,2024Q4,1,1.0,1.0,22,0.045454545454545456,0.045454545454545456
natural_factor,0,VTS,2013Q4,1,0.0,0.0,9,0.1111111111111111,0.0
natural_factor,0,VTS,2015Q2,1,0.0,0.0,14,0.07142857142857142,0.0
natural_factor,0,VTS,2016Q4,1,0.0,0.0,7,0.14285714285714285,0.0
natural_factor,0,VTS,2018Q2,1,1.0,1.0,24,0.041666666666666664,0.041666666666666664
natural_factor,0,VTS,2018Q4,2,0.0,0.0,27,0.07407407407407407,0.0
natural_factor,0,VTS,2019Q2,1,0.0,0.0,23,0.043478260869565216,0.0
natural_factor,0,VTS,2019Q3,2,0.0,0.0,22,0.09090909090909091,0.0
natural_factor,0,VTS,2019Q4,1,0.0,0.0,30,0.03333333333333333,0.0
natural_factor,0,VTS,2020Q1,1,0.0,0.0,47,0.02127659574468085,0.0
natural_factor,0,VTS,2020Q4,1,0.0,0.0,48,0.020833333333333332,0.0
natural_factor,0,VTS,2021Q1,4,0.0,0.0,59,0.06779661016949153,0.0
natural_factor,0,VTS,2021Q2,3,0.0,0.0,78,0.038461538461538464,0.0
natural_factor,0,VTS,2021Q3,1,1.0,1.0,52,0.019230769230769232,0.019230769230769232
natural_factor,0,VTS,2021Q4,3,0.0,0.0,63,0.047619047619047616,0.0
natural_factor,0,VTS,2022Q1,1,0.0,0.0,39,0.02564102564102564,0.0
natural_factor,0,VTS,2022Q3,3,-0.3333333333333333,-1.0,35,0.08571428571428572,-0.08571428571428572
natural_factor,0,VTS,2023Q2,1,0.0,0.0,58,0.017241379310344827,0.0
natural_factor,0,VTS,2023Q3,1,0.0,0.0,39,0.02564102564102564,0.0
natural_factor,0,VTS,2024Q2,2,0.0,0.0,25,0.08,0.0
natural_factor,0,WLL,2000Q1,1,0.0,0.0,4,0.25,0.0
natural_factor,0,WLL,2001Q1,2,0.5,1.0,5,0.4,0.4
natural_factor,0,WLL,2015Q3,1,-1.0,-1.0,12,0.08333333333333333,-0.08333333333333333
natural_factor,0,WLL,2020Q2,1,-1.0,-1.0,46,0.021739130434782608,-0.021739130434782608
natural_factor,1,APA,2018Q3,1,0.0,0.0,2,0.5,0.0
natural_factor,1,EQT,2008Q1,1,0.0,0.0,1,1.0,0.0
natural_factor,1,EQT,2014Q4,1,0.0,0.0,1,1.0,0.0
natural_factor,1,EQT,2018Q3,1,0.0,0.0,2,0.5,0.0
natural_factor,1,EQT,2019Q1,1,0.0,0.0,1,1.0,0.0
natural_factor,2,ACDC,1999Q1,1,0.0,0.0,7,0.14285714285714285,0.0
natural_factor,2,ACDC,2015Q3,1,0.0,0.0,25,0.04,0.0
natural_factor,2,ACDC,2023Q1,1,0.0,0.0,23,0.043478260869565216,0.0
natural_factor,2,AESI,2020Q4,1,0.0,0.0,45,0.022222222222222223,0.0
natural_factor,2,AESI,2021Q3,1,0.0,0.0,41,0.024390243902439025,0.0
natural_factor,2,AESI,2021Q4,3,0.0,0.0,29,0.10344827586206896,0.0
natural_factor,2,AESI,2022Q4,1,0.0,0.0,21,0.047619047619047616,0.0
natural_factor,2,AESI,2023Q1,1,0.0,0.0,23,0.043478260869565216,0.0
natural_factor,2,APA,1998Q4,2,0.0,0.0,3,0.6666666666666666,0.0
natural_factor,2,APA,1999Q1,4,0.5,2.0,7,0.5714285714285714,1.1428571428571428
natural_factor,2,APA,1999Q3,1,0.0,0.0,4,0.25,0.0
natural_factor,2,APA,1999Q4,1,0.0,0.0,2,0.5,0.0
natural_factor,2,APA,2000Q1,1,0.0,0.0,3,0.3333333333333333,0.0
natural_factor,2,APA,2001Q1,1,0.0,0.0,6,0.16666666666666666,0.0
natural_factor,2,APA,2001Q4,1,0.0,0.0,4,0.25,0.0
natural_factor,2,APA,2002Q1,1,0.0,0.0,15,0.06666666666666667,0.0
natural_factor,2,APA,2002Q4,1,0.0,0.0,1,1.0,0.0
natural_factor,2,APA,2003Q2,1,-2.0,-2.0,2,0.5,-1.0
natural_factor,2,APA,2004Q1,1,0.0,0.0,3,0.3333333333333333,0.0
natural_factor,2,APA,2004Q3,1,1.0,1.0,2,0.5,0.5
natural_factor,2,APA,2005Q1,1,0.0,0.0,6,0.16666666666666666,0.0
natural_factor,2,APA,2005Q3,1,0.0,0.0,2,0.5,0.0
natural_factor,2,APA,2006Q1,1,0.0,0.0,4,0.25,0.0
natural_factor,2,APA,2007Q1,2,0.0,0.0,4,0.5,0.0
natural_factor,2,APA,2007Q2,7,0.14285714285714285,1.0,10,0.7,0.7
natural_factor,2,APA,2007Q4,1,0.0,0.0,3,0.3333333333333333,0.0
natural_factor,2,APA,2008Q1,2,0.0,0.0,4,0.5,0.0
natural_factor,2,APA,2008Q2,1,0.0,0.0,3,0.3333333333333333,0.0
natural_factor,2,APA,2009Q3,1,0.0,0.0,7,0.14285714285714285,0.0
natural_factor,2,APA,2010Q2,3,0.3333333333333333,1.0,9,0.3333333333333333,0.3333333333333333
natural_factor,2,APA,2010Q3,3,0.0,0.0,21,0.14285714285714285,0.0
natural_factor,2,APA,2010Q4,3,0.0,0.0,9,0.3333333333333333,0.0
natural_factor,2,APA,2011Q1,1,0.0,0.0,9,0.1111111111111111,0.0
natural_factor,2,APA,2011Q2,2,0.0,0.0,8,0.25,0.0
natural_factor,2,APA,2011Q3,2,0.0,0.0,5,0.4,0.0
natural_factor,2,APA,2011Q4,3,0.0,0.0,13,0.23076923076923078,0.0
natural_factor,2,APA,2012Q1,3,0.0,0.0,10,0.3,0.0
natural_factor,2,APA,2012Q2,4,-0.25,-1.0,9,0.4444444444444444,-0.4444444444444444
natural_factor,2,APA,2012Q3,5,0.2,1.0,14,0.35714285714285715,0.35714285714285715
natural_factor,2,APA,2012Q4,7,0.0,0.0,15,0.4666666666666667,0.0
natural_factor,2,APA,2013Q2,2,0.0,0.0,11,0.18181818181818182,0.0
natural_factor,2,APA,2014Q2,3,0.0,0.0,9,0.3333333333333333,0.0
natural_factor,2,APA,2014Q3,3,-0.3333333333333333,-1.0,11,0.2727272727272727,-0.2727272727272727
natural_factor,2,APA,2014Q4,2,0.0,0.0,28,0.07142857142857142,0.0
natural_factor,2,APA,2015Q1,1,0.0,0.0,20,0.05,0.0
natural_factor,2,APA,2015Q2,3,0.0,0.0,21,0.14285714285714285,0.0
natural_factor,2,APA,2015Q4,1,0.0,0.0,30,0.03333333333333333,0.0
natural_factor,2,APA,2016Q2,1,0.0,0.0,26,0.038461538461538464,0.0
natural_factor,2,APA,2016Q3,1,0.0,0.0,25,0.04,0.0
natural_factor,2,APA,2016Q4,3,0.0,0.0,22,0.13636363636363635,0.0
natural_factor,2,APA,2017Q1,4,-0.25,-1.0,13,0.3076923076923077,-0.3076923076923077
natural_factor,2,APA,2017Q2,1,0.0,0.0,23,0.043478260869565216,0.0
natural_factor,2,APA,2017Q4,3,0.0,0.0,32,0.09375,0.0
natural_factor,2,APA,2018Q1,2,0.0,0.0,24,0.08333333333333333,0.0
natural_factor,2,APA,2018Q2,4,0.25,1.0,32,0.125,0.125
natural_factor,2,APA,2018Q3,4,0.0,0.0,23,0.17391304347826086,0.0
natural_factor,2,APA,2018Q4,7,-0.14285714285714285,-1.0,44,0.1590909090909091,-0.1590909090909091
natural_factor,2,APA,2019Q1,2,0.0,0.0,34,0.058823529411764705,0.0
natural_factor,2,APA,2019Q2,7,0.0,0.0,46,0.15217391304347827,0.0
natural_factor,2,APA,2019Q3,1,1.0,1.0,41,0.024390243902439025,0.024390243902439025
natural_factor,2,APA,2019Q4,2,0.0,0.0,46,0.043478260869565216,0.0
natural_factor,2,APA,2020Q1,2,0.0,0.0,34,0.058823529411764705,0.0
natural_factor,2,APA,2020Q2,4,0.0,0.0,23,0.17391304347826086,0.0
natural_factor,2,APA,2020Q3,2,0.5,1.0,26,0.07692307692307693,0.07692307692307693
natural_factor,2,APA,2020Q4,3,0.0,0.0,45,0.06666666666666667,0.0
natural_factor,2,APA,2021Q1,3,0.0,0.0,42,0.07142857142857142,0.0
natural_factor,2,APA,2021Q2,2,0.0,0.0,43,0.046511627906976744,0.0
natural_factor,2,APA,2021Q3,3,0.0,0.0,41,0.07317073170731707,0.0
natural_factor,2,APA,2021Q4,3,0.3333333333333333,1.0,29,0.10344827586206896,0.10344827586206896
natural_factor,2,APA,2022Q1,1,-1.0,-1.0,31,0.03225806451612903,-0.03225806451612903
natural_factor,2,APA,2022Q3,2,0.0,0.0,17,0.11764705882352941,0.0
natural_factor,2,APA,2022Q4,1,0.0,0.0,21,0.047619047619047616,0.0
natural_factor,2,APA,2023Q2,3,0.6666666666666666,2.0,43,0.06976744186046512,0.13953488372093023
natural_factor,2,APA,2023Q3,5,-0.2,-1.0,32,0.15625,-0.15625
natural_factor,2,APA,2023Q4,6,-0.3333333333333333,-2.0,36,0.16666666666666666,-0.3333333333333333
natural_factor,2,APA,2024Q1,2,0.0,0.0,25,0.08,0.0
natural_factor,2,APA,2024Q3,2,0.0,0.0,21,0.09523809523809523,0.0
natural_factor,2,AR,2013Q4,1,0.0,0.0,9,0.1111111111111111,0.0
natural_factor,2,AR,2015Q4,1,-1.0,-1.0,30,0.03333333333333333,-0.03333333333333333
natural_factor,2,AR,2018Q1,1,-1.0,-1.0,24,0.041666666666666664,-0.041666666666666664
natural_factor,2,AR,2018Q2,1,0.0,0.0,32,0.03125,0.0
natural_factor,2,AR,2018Q3,1,0.0,0.0,23,0.043478260869565216,0.0
natural_factor,2,AR,2019Q1,1,0.0,0.0,34,0.029411764705882353,0.0
natural_factor,2,AR,2020Q2,1,0.0,0.0,23,0.043478260869565216,0.0
natural_factor,2,AR,2021Q1,1,0.0,0.0,42,0.023809523809523808,0.0
natural_factor,2,AR,2021Q2,1,0.0,0.0,43,0.023255813953488372,0.0
natural_factor,2,AR,2022Q1,5,0.0,0.0,31,0.16129032258064516,0.0
natural_factor,2,AR,2022Q2,1,0.0,0.0,14,0.07142857142857142,0.0
natural_factor,2,AR,2022Q3,1,0.0,0.0,17,0.058823529411764705,0.0
natural_factor,2,AR,2022Q4,1,0.0,0.0,21,0.047619047619047616,0.0
natural_factor,2,AR,2023Q1,2,0.0,0.0,23,0.08695652173913043,0.0
natural_factor,2,AR,2023Q2,4,0.0,0.0,43,0.09302325581395349,0.0
natural_factor,2,BATL,2018Q4,1,0.0,0.0,44,0.022727272727272728,0.0
natural_factor,2,BORR,2016Q1,1,0.0,0.0,17,0.058823529411764705,0.0
natural_factor,2,BORR,2017Q3,1,0.0,0.0,39,0.02564102564102564,0.0
natural_factor,2,BORR,2021Q1,1,0.0,0.0,42,0.023809523809523808,0.0
natural_factor,2,BORR,2021Q2,2,0.0,0.0,43,0.046511627906976744,0.0
natural_factor,2,BRN,2013Q4,1,0.0,0.0,9,0.1111111111111111,0.0
natural_factor,2,BRN,2016Q2,2,0.0,0.0,26,0.07692307692307693,0.0
natural_factor,2,BRN,2018Q4,1,0.0,0.0,44,0.022727272727272728,0.0
natural_factor,2,BRN,2020Q1,2,0.0,0.0,34,0.058823529411764705,0.0
natural_factor,2,BRN,2022Q1,1,0.0,0.0,31,0.03225806451612903,0.0
natural_factor,2,BRN,2022Q4,1,0.0,0.0,21,0.047619047619047616,0.0
natural_factor,2,BRN,2023Q1,2,0.0,0.0,23,0.08695652173913043,0.0
natural_factor,2,BRN,2023Q2,1,0.0,0.0,43,0.023255813953488372,0.0
natural_factor,2,BRN,2024Q1,1,-1.0,-1.0,25,0.04,-0.04
natural_factor,2,BRN,2024Q2,1,-1.0,-1.0,19,0.05263157894736842,-0.05263157894736842
natural_factor,2,BSM,2009Q1,1,0.0,0.0,4,0.25,0.0
natural_factor,2,BSM,2017Q3,1,0.0,0.0,39,0.02564102564102564,0.0
natural_factor,2,BSM,2020Q4,1,0.0,0.0,45,0.022222222222222223,0.0
natural_factor,2,BSM,2021Q1,6,0.16666666666666666,1.0,42,0.14285714285714285,0.14285714285714285
natural_factor,2,BSM,2023Q3,1,0.0,0.0,32,0.03125,0.0
natural_factor,2,CLB,1999Q1,2,0.0,0.0,7,0.2857142857142857,0.0
natural_factor,2,CLB,2004Q2,2,0.0,0.0,3,0.6666666666666666,0.0
natural_factor,2,CLB,2010Q2,1,0.0,0.0,9,0.1111111111111111,0.0
natural_factor,2,CLB,2018Q2,1,0.0,0.0,32,0.03125,0.0
natural_factor,2,CLB,2023Q2,2,0.0,0.0,43,0.046511627906976744,0.0
natural_factor,2,CLB,2023Q3,1,0.0,0.0,32,0.03125,0.0
natural_factor,2,CPE,2002Q1,1,0.0,0.0,15,0.06666666666666667,0.0
natural_factor,2,CPE,2006Q1,1,-1.0,-1.0,4,0.25,-0.25
natural_factor,2,CPE,2006Q2,1,0.0,0.0,5,0.2,0.0
natural_factor,2,CPE,2017Q4,1,0.0,0.0,32,0.03125,0.0
natural_factor,2,CPE,2019Q3,2,0.0,0.0,41,0.04878048780487805,0.0
natural_factor,2,CPE,2021Q4,1,1.0,1.0,29,0.034482758620689655,0.034482758620689655
natural_factor,2,CPE,2023Q4,1,0.0,0.0,36,0.027777777777777776,0.0
natural_factor,2,CPE,2024Q1,1,0.0,0.0,25,0.04,0.0
natural_factor,2,CRC,1998Q2,1,0.0,0.0,1,1.0,0.0
natural_factor,2,CRC,2005Q1,1,0.0,0.0,6,0.16666666666666666,0.0
natural_factor,2,CRC,2012Q1,2,0.0,0.0,10,0.2,0.0
natural_factor,2,CRC,2016Q2,1,0.0,0.0,26,0.038461538461538464,0.0
natural_factor,2,CRC,2016Q3,2,-0.5,-1.0,25,0.08,-0.08
natural_factor,2,CRC,2019Q3,1,2.0,2.0,41,0.024390243902439025,0.04878048780487805
natural_factor,2,CRC,2019Q4,1,0.0,0.0,46,0.021739130434782608,0.0
natural_factor,2,CRC,2020Q1,2,0.0,0.0,34,0.058823529411764705,0.0
natural_factor,2,CRC,2020Q2,1,0.0,0.0,23,0.043478260869565216,0.0
natural_factor,2,CRC,2020Q3,2,0.0,0.0,26,0.07692307692307693,0.0
natural_factor,2,CRC,2021Q2,3,0.0,0.0,43,0.06976744186046512,0.0
natural_factor,2,CRC,2022Q1,1,0.0,0.0,31,0.03225806451612903,0.0
natural_factor,2,CRC,2022Q3,1,0.0,0.0,17,0.058823529411764705,0.0
natural_factor,2,CRC,2022Q4,2,0.0,0.0,21,0.09523809523809523,0.0
natural_factor,2,CRC,2023Q1,2,0.0,0.0,23,0.08695652173913043,0.0
natural_factor,2,CRC,2023Q2,3,0.0,0.0,43,0.06976744186046512,0.0
natural_factor,2,CRC,2024Q1,1,0.0,0.0,25,0.04,0.0
natural_factor,2,CRK,2007Q4,1,0.0,0.0,3,0.3333333333333333,0.0
natural_factor,2,CRK,2019Q4,1,0.0,0.0,46,0.021739130434782608,0.0
natural_factor,2,CRK,2022Q4,2,0.0,0.0,21,0.09523809523809523,0.0
natural_factor,2,CRK,2023Q1,1,0.0,0.0,23,0.043478260869565216,0.0
natural_factor,2,CRK,2023Q2,1,0.0,0.0,43,0.023255813953488372,0.0
natural_factor,2,CRK,2023Q3,1,0.0,0.0,32,0.03125,0.0
natural_factor,2,DCP,2005Q4,1,0.0,0.0,5,0.2,0.0
natural_factor,2,DCP,2006Q2,2,0.0,0.0,5,0.4,0.0
natural_factor,2,DCP,2008Q3,1,0.0,0.0,1,1.0,0.0
natural_factor,2,DCP,2011Q1,1,0.0,0.0,9,0.1111111111111111,0.0
natural_factor,2,DCP,2012Q2,1,0.0,0.0,9,0.1111111111111111,0.0
natural_factor,2,DCP,2015Q3,1,0.0,0.0,25,0.04,0.0
natural_factor,2,DCP,2020Q2,1,0.0,0.0,23,0.043478260869565216,0.0
natural_factor,2,DCP,2021Q1,2,-0.5,-1.0,42,0.047619047619047616,-0.047619047619047616
natural_factor,2,DCP,2022Q1,1,2.0,2.0,31,0.03225806451612903,0.06451612903225806
natural_factor,2,DCP,2023Q1,1,0.0,0.0,23,0.043478260869565216,0.0
natural_factor,2,DCP,2023Q2,1,0.0,0.0,43,0.023255813953488372,0.0
natural_factor,2,DCP,2023Q3,1,2.0,2.0,32,0.03125,0.0625
natural_factor,2,DO,2018Q1,1,0.0,0.0,24,0.041666666666666664,0.0
natural_factor,2,DO,2020Q2,1,0.0,0.0,23,0.043478260869565216,0.0
natural_factor,2,DWSN,2014Q4,1,0.0,0.0,28,0.03571428571428571,0.0
natural_factor,2,EP,2001Q1,2,0.0,0.0,6,0.3333333333333333,0.0
natural_factor,2,EP,2010Q2,1,0.0,0.0,9,0.1111111111111111,0.0
natural_factor,2,EP,2017Q3,1,0.0,0.0,39,0.02564102564102564,0.0
natural_factor,2,EP,2019Q2,1,-1.0,-1.0,46,0.021739130434782608,-0.021739130434782608
natural_factor,2,EP,2020Q2,1,0.0,0.0,23,0.043478260869565216,0.0
natural_factor,2,EP,2020Q4,2,0.0,0.0,45,0.044444444444444446,0.0
natural_factor,2,EP,2022Q3,2,0.0,0.0,17,0.11764705882352941,0.0
natural_factor,2,EP,2023Q4,1,0.0,0.0,36,0.027777777777777776,0.0
natural_factor,2,EP,2024Q1,1,0.0,0.0,25,0.04,0.0
natural_factor,2,EP,2024Q2,1,0.0,0.0,19,0.05263157894736842,0.0
natural_factor,2,EPM,2000Q1,1,0.0,0.0,3,0.3333333333333333,0.0
natural_factor,2,EPM,2018Q4,1,0.0,0.0,44,0.022727272727272728,0.0
natural_factor,2,EPM,2019Q2,1,0.0,0.0,46,0.021739130434782608,0.0
natural_factor,2,EPM,2019Q4,1,0.0,0.0,46,0.021739130434782608,0.0
natural_factor,2,EPM,2020Q4,1,0.0,0.0,45,0.022222222222222223,0.0
natural_factor,2,EPM,2021Q1,1,0.0,0.0,42,0.023809523809523808,0.0
natural_factor,2,EPM,2022Q3,1,0.0,0.0,17,0.058823529411764705,0.0
natural_factor,2,EPSN,2010Q2,1,0.0,0.0,9,0.1111111111111111,0.0
natural_factor,2,EQT,2002Q3,1,0.0,0.0,4,0.25,0.0
natural_factor,2,EQT,2003Q2,1,0.0,0.0,2,0.5,0.0
natural_factor,2,EQT,2005Q4,1,0.0,0.0,5,0.2,0.0
natural_factor,2,EQT,2007Q4,1,0.0,0.0,3,0.3333333333333333,0.0
natural_factor,2,EQT,2009Q4,1,0.0,0.0,12,0.08333333333333333,0.0
natural_factor,2,EQT,2010Q3,1,0.0,0.0,21,0.047619047619047616,0.0
natural_factor,2,EQT,2011Q1,5,0.0,0.0,9,0.5555555555555556,0.0
natural_factor,2,EQT,2011Q2,3,0.0,0.0,8,0.375,0.0
natural_factor,2,EQT,2011Q4,1,0.0,0.0,13,0.07692307692307693,0.0
natural_factor,2,EQT,2012Q1,1,0.0,0.0,10,0.1,0.0
natural_factor,2,EQT,2012Q3,1,0.0,0.0,14,0.07142857142857142,0.0
natural_factor,2,EQT,2012Q4,2,0.0,0.0,15,0.13333333333333333,0.0
natural_factor,2,EQT,2013Q1,2,0.0,0.0,14,0.14285714285714285,0.0
natural_factor,2,EQT,2013Q2,3,0.0,0.0,11,0.2727272727272727,0.0
natural_factor,2,EQT,2013Q3,1,0.0,0.0,10,0.1,0.0
natural_factor,2,EQT,2013Q4,3,0.0,0.0,9,0.3333333333333333,0.0
natural_factor,2,EQT,2014Q1,1,0.0,0.0,9,0.1111111111111111,0.0
natural_factor,2,EQT,2014Q3,2,0.0,0.0,11,0.18181818181818182,0.0
natural_factor,2,EQT,2014Q4,3,0.0,0.0,28,0.10714285714285714,0.0
natural_factor,2,EQT,2015Q1,2,0.0,0.0,20,0.1,0.0
natural_factor,2,EQT,2015Q2,4,0.0,0.0,21,0.19047619047619047,0.0
natural_factor,2,EQT,2015Q3,2,0.0,0.0,25,0.08,0.0
natural_factor,2,EQT,2015Q4,5,0.0,0.0,30,0.16666666666666666,0.0
natural_factor,2,EQT,2016Q1,6,0.0,0.0,17,0.35294117647058826,0.0
natural_factor,2,EQT,2016Q2,6,0.0,0.0,26,0.23076923076923078,0.0
natural_factor,2,EQT,2016Q3,7,0.0,0.0,25,0.28,0.0
natural_factor,2,EQT,2016Q4,3,0.0,0.0,22,0.13636363636363635,0.0
natural_factor,2,EQT,2017Q1,3,0.0,0.0,13,0.23076923076923078,0.0
natural_factor,2,EQT,2017Q2,5,0.0,0.0,23,0.21739130434782608,0.0
natural_factor,2,EQT,2017Q3,11,-0.18181818181818182,-2.0,39,0.28205128205128205,-0.5641025641025641
natural_factor,2,EQT,2017Q4,7,0.0,0.0,32,0.21875,0.0
natural_factor,2,EQT,2018Q1,2,0.0,0.0,24,0.08333333333333333,0.0
natural_factor,2,EQT,2018Q2,3,0.0,0.0,32,0.09375,0.0
natural_factor,2,EQT,2018Q3,1,0.0,0.0,23,0.043478260869565216,0.0
natural_factor,2,EQT,2018Q4,16,0.125,2.0,44,0.36363636363636365,0.7272727272727273
natural_factor,2,EQT,2019Q1,10,0.0,0.0,34,0.29411764705882354,0.0
natural_factor,2,EQT,2019Q2,24,0.041666666666666664,1.0,46,0.5217391304347826,0.5217391304347826
natural_factor,2,EQT,2019Q3,15,0.0,0.0,41,0.36585365853658536,0.0
natural_factor,2,EQT,2019Q4,12,0.08333333333333333,1.0,46,0.2608695652173913,0.2608695652173913
natural_factor,2,EQT,2020Q1,5,-0.2,-1.0,34,0.14705882352941177,-0.14705882352941177
natural_factor,2,EQT,2020Q2,3,0.0,0.0,23,0.13043478260869565,0.0
natural_factor,2,EQT,2020Q3,10,0.0,0.0,26,0.38461538461538464,0.0
natural_factor,2,EQT,2020Q4,19,0.0,0.0,45,0.4222222222222222,0.0
natural_factor,2,EQT,2021Q1,13,0.0,0.0,42,0.30952380952380953,0.0
natural_factor,2,EQT,2021Q2,20,0.0,0.0,43,0.46511627906976744,0.0
natural_factor,2,EQT,2021Q3,20,0.0,0.0,41,0.4878048780487805,0.0
natural_factor,2,EQT,2021Q4,14,0.0,0.0,29,0.4827586206896552,0.0
natural_factor,2,EQT,2022Q1,13,0.0,0.0,31,0.41935483870967744,0.0
natural_factor,2,EQT,2022Q2,9,0.0,0.0,14,0.6428571428571429,0.0
natural_factor,2,EQT,2022Q3,2,0.0,0.0,17,0.11764705882352941,0.0
natural_factor,2,EQT,2022Q4,8,0.0,0.0,21,0.38095238095238093,0.0
natural_factor,2,EQT,2023Q1,4,0.0,0.0,23,0.17391304347826086,0.0
natural_factor,2,EQT,2023Q2,16,0.0625,1.0,43,0.37209302325581395,0.37209302325581395
natural_factor,2,EQT,2023Q3,9,0.1111111111111111,1.0,32,0.28125,0.28125
natural_factor,2,EQT,2023Q4,13,0.38461538461538464,5.0,36,0.3611111111111111,1.8055555555555556
natural_factor,2,EQT,2024Q1,11,0.18181818181818182,2.0,25,0.44,0.88
natural_factor,2,EQT,2024Q2,8,-0.125,-1.0,19,0.42105263157894735,-0.42105263157894735
natural_factor,2,EQT,2024Q3,6,0.16666666666666666,1.0,21,0.2857142857142857,0.2857142857142857
natural_factor,2,EQT,2024Q4,5,0.2,1.0,12,0.4166666666666667,0.4166666666666667
natural_factor,2,EXE,2001Q3,1,0.0,0.0,6,0.16666666666666666,0.0
natural_factor,2,EXE,2002Q2,1,0.0,0.0,4,0.25,0.0
natural_factor,2,EXE,2003Q3,2,0.0,0.0,2,1.0,0.0
natural_factor,2,EXE,2014Q4,1,0.0,0.0,28,0.03571428571428571,0.0
natural_factor,2,EXE,2015Q3,1,0.0,0.0,25,0.04,0.0
natural_factor,2,EXE,2015Q4,1,0.0,0.0,30,0.03333333333333333,0.0
natural_factor,2,EXE,2024Q4,2,0.0,0.0,12,0.16666666666666666,0.0
natural_factor,2,FANG,2016Q3,1,0.0,0.0,25,0.04,0.0
natural_factor,2,FANG,2016Q4,1,0.0,0.0,22,0.045454545454545456,0.0
natural_factor,2,FANG,2017Q2,1,0.0,0.0,23,0.043478260869565216,0.0
natural_factor,2,FANG,2017Q3,1,0.0,0.0,39,0.02564102564102564,0.0
natural_factor,2,FANG,2017Q4,1,0.0,0.0,32,0.03125,0.0
natural_factor,2,FANG,2018Q1,1,0.0,0.0,24,0.041666666666666664,0.0
natural_factor,2,FANG,2018Q2,7,0.0,0.0,32,0.21875,0.0
natural_factor,2,FANG,2018Q3,5,0.0,0.0,23,0.21739130434782608,0.0
natural_factor,2,FANG,2018Q4,6,0.0,0.0,44,0.13636363636363635,0.0
natural_factor,2,FANG,2019Q2,1,-1.0,-1.0,46,0.021739130434782608,-0.021739130434782608
natural_factor,2,FANG,2019Q3,5,0.2,1.0,41,0.12195121951219512,0.12195121951219512
natural_factor,2,FANG,2020Q1,1,0.0,0.0,34,0.029411764705882353,0.0
natural_factor,2,FANG,2020Q4,2,0.0,0.0,45,0.044444444444444446,0.0
natural_factor,2,FANG,2021Q1,4,-0.5,-2.0,42,0.09523809523809523,-0.19047619047619047
natural_factor,2,FANG,2021Q2,2,0.5,1.0,43,0.046511627906976744,0.046511627906976744
natural_factor,2,FANG,2021Q3,1,0.0,0.0,41,0.024390243902439025,0.0
natural_factor,2,FANG,2022Q1,1,0.0,0.0,31,0.03225806451612903,0.0
natural_factor,2,FANG,2022Q4,1,0.0,0.0,21,0.047619047619047616,0.0
natural_factor,2,FANG,2023Q3,1,0.0,0.0,32,0.03125,0.0
natural_factor,2,GDP,2016Q2,2,0.0,0.0,26,0.07692307692307693,0.0
natural_factor,2,GDP,2018Q4,1,0.0,0.0,44,0.022727272727272728,0.0
natural_factor,2,GPRK,2017Q3,1,0.0,0.0,39,0.02564102564102564,0.0
natural_factor,2,GPRK,2017Q4,1,0.0,0.0,32,0.03125,0.0
natural_factor,2,GPRK,2018Q1,1,0.0,0.0,24,0.041666666666666664,0.0
natural_factor,2,HAL,2009Q3,1,0.0,0.0,7,0.14285714285714285,0.0
natural_factor,2,HAL,2013Q1,1,-2.0,-2.0,14,0.07142857142857142,-0.14285714285714285
natural_factor,2,HAL,2014Q1,1,1.0,1.0,9,0.1111111111111111,0.1111111111111111
natural_factor,2,HAL,2014Q2,1,-1.0,-1.0,9,0.1111111111111111,-0.1111111111111111
natural_factor,2,HAL,2014Q4,3,0.0,0.0,28,0.10714285714285714,0.0
natural_factor,2,HAL,2015Q1,1,0.0,0.0,20,0.05,0.0
natural_factor,2,HAL,2015Q2,1,1.0,1.0,21,0.047619047619047616,0.047619047619047616
natural_factor,2,HAL,2015Q3,2,0.0,0.0,25,0.08,0.0
natural_factor,2,HAL,2015Q4,5,-1.2,-6.0,30,0.16666666666666666,-1.0
natural_factor,2,HAL,2016Q1,1,-1.0,-1.0,17,0.058823529411764705,-0.058823529411764705
natural_factor,2,HAL,2016Q2,4,-1.25,-5.0,26,0.15384615384615385,-0.7692307692307693
natural_factor,2,HAL,2016Q3,2,-0.5,-1.0,25,0.08,-0.08
natural_factor,2,HAL,2016Q4,2,1.0,2.0,22,0.09090909090909091,0.18181818181818182
natural_factor,2,HAL,2017Q1,1,-2.0,-2.0,13,0.07692307692307693,-0.15384615384615385
natural_factor,2,HAL,2017Q2,2,-0.5,-1.0,23,0.08695652173913043,-0.08695652173913043
natural_factor,2,HAL,2017Q3,1,-1.0,-1.0,39,0.02564102564102564,-0.02564102564102564
natural_factor,2,HAL,2017Q4,1,1.0,1.0,32,0.03125,0.03125
natural_factor,2,HAL,2018Q2,1,-1.0,-1.0,32,0.03125,-0.03125
natural_factor,2,HAL,2018Q4,1,1.0,1.0,44,0.022727272727272728,0.022727272727272728
natural_factor,2,HAL,2019Q2,1,-1.0,-1.0,46,0.021739130434782608,-0.021739130434782608
natural_factor,2,HAL,2019Q3,4,0.0,0.0,41,0.0975609756097561,0.0
natural_factor,2,HAL,2020Q1,1,-1.0,-1.0,34,0.029411764705882353,-0.029411764705882353
natural_factor,2,HAL,2020Q2,1,-1.0,-1.0,23,0.043478260869565216,-0.043478260869565216
natural_factor,2,HAL,2020Q3,1,0.0,0.0,26,0.038461538461538464,0.0
natural_factor,2,HAL,2020Q4,1,-1.0,-1.0,45,0.022222222222222223,-0.022222222222222223
natural_factor,2,HAL,2021Q2,2,0.0,0.0,43,0.046511627906976744,0.0
natural_factor,2,HAL,2021Q3,2,-0.5,-1.0,41,0.04878048780487805,-0.04878048780487805
natural_factor,2,HAL,2022Q1,1,2.0,2.0,31,0.03225806451612903,0.06451612903225806
natural_factor,2,HAL,2022Q2,1,-1.0,-1.0,14,0.07142857142857142,-0.07142857142857142
natural_factor,2,HAL,2023Q2,2,0.0,0.0,43,0.046511627906976744,0.0
natural_factor,2,HAL,2023Q3,2,-1.0,-2.0,32,0.0625,-0.125
natural_factor,2,HAL,2024Q3,1,0.0,0.0,21,0.047619047619047616,0.0
natural_factor,2,HAL,2024Q4,1,0.0,0.0,12,0.08333333333333333,0.0
natural_factor,2,HLX,2011Q1,2,0.0,0.0,9,0.2222222222222222,0.0
natural_factor,2,HLX,2016Q4,1,0.0,0.0,22,0.045454545454545456,0.0
natural_factor,2,HP,1998Q4,1,0.0,0.0,3,0.3333333333333333,0.0
natural_factor,2,HP,1999Q2,1,0.0,0.0,1,1.0,0.0
natural_factor,2,HP,1999Q3,3,0.0,0.0,4,0.75,0.0
natural_factor,2,HP,2000Q1,1,0.0,0.0,3,0.3333333333333333,0.0
natural_factor,2,HP,2000Q2,1,0.0,0.0,1,1.0,0.0
natural_factor,2,HP,2000Q4,2,0.0,0.0,5,0.4,0.0
natural_factor,2,HP,2001Q1,1,0.0,0.0,6,0.16666666666666666,0.0
natural_factor,2,HP,2001Q2,1,0.0,0.0,5,0.2,0.0
natural_factor,2,HP,2001Q3,4,0.0,0.0,6,0.6666666666666666,0.0
natural_factor,2,HP,2001Q4,2,0.0,0.0,4,0.5,0.0
natural_factor,2,HP,2002Q1,13,0.0,0.0,15,0.8666666666666667,0.0
natural_factor,2,HP,2002Q2,3,0.0,0.0,4,0.75,0.0
natural_factor,2,HP,2002Q3,1,0.0,0.0,4,0.25,0.0
natural_factor,2,HP,2003Q1,1,0.0,0.0,1,1.0,0.0
natural_factor,2,HP,2004Q1,2,0.0,0.0,3,0.6666666666666666,0.0
natural_factor,2,HP,2004Q2,1,0.0,0.0,3,0.3333333333333333,0.0
natural_factor,2,HP,2004Q4,2,0.5,1.0,4,0.5,0.5
natural_factor,2,HP,2005Q1,4,0.0,0.0,6,0.6666666666666666,0.0
natural_factor,2,HP,2005Q2,4,0.0,0.0,4,1.0,0.0
natural_factor,2,HP,2005Q3,1,0.0,0.0,2,0.5,0.0
natural_factor,2,HP,2005Q4,3,0.0,0.0,5,0.6,0.0
natural_factor,2,HP,2006Q1,2,0.5,1.0,4,0.5,0.5
natural_factor,2,HP,2006Q2,1,0.0,0.0,5,0.2,0.0
natural_factor,2,HP,2006Q3,7,0.5714285714285714,4.0,7,1.0,4.0
natural_factor,2,HP,2006Q4,1,0.0,0.0,1,1.0,0.0
natural_factor,2,HP,2007Q2,2,0.0,0.0,10,0.2,0.0
natural_factor,2,HP,2008Q1,1,0.0,0.0,4,0.25,0.0
natural_factor,2,HP,2008Q2,1,0.0,0.0,3,0.3333333333333333,0.0
natural_factor,2,HP,2008Q4,2,0.0,0.0,3,0.6666666666666666,0.0
natural_factor,2,HP,2009Q1,3,0.0,0.0,4,0.75,0.0
natural_factor,2,HP,2009Q2,2,0.0,0.0,4,0.5,0.0
natural_factor,2,HP,2009Q3,3,0.0,0.0,7,0.42857142857142855,0.0
natural_factor,2,HP,2009Q4,10,0.1,1.0,12,0.8333333333333334,0.8333333333333334
natural_factor,2,HP,2010Q1,2,0.0,0.0,2,1.0,0.0
natural_factor,2,HP,2010Q2,2,0.0,0.0,9,0.2222222222222222,0.0
natural_factor,2,HP,2010Q3,13,0.0,0.0,21,0.6190476190476191,0.0
natural_factor,2,HP,2010Q4,5,0.0,0.0,9,0.5555555555555556,0.0
natural_factor,2,HP,2011Q2,2,0.0,0.0,8,0.25,0.0
natural_factor,2,HP,2011Q3,3,0.0,0.0,5,0.6,0.0
natural_factor,2,HP,2011Q4,5,0.2,1.0,13,0.38461538461538464,0.38461538461538464
natural_factor,2,HP,2012Q1,4,0.0,0.0,10,0.4,0.0
natural_factor,2,HP,2012Q2,4,0.0,0.0,9,0.4444444444444444,0.0
natural_factor,2,HP,2012Q3,4,0.0,0.0,14,0.2857142857142857,0.0
natural_factor,2,HP,2012Q4,5,0.0,0.0,15,0.3333333333333333,0.0
natural_factor,2,HP,2013Q1,6,0.0,0.0,14,0.42857142857142855,0.0
natural_factor,2,HP,2013Q2,4,0.0,0.0,11,0.36363636363636365,0.0
natural_factor,2,HP,2013Q3,4,0.0,0.0,10,0.4,0.0
natural_factor,2,HP,2013Q4,1,0.0,0.0,9,0.1111111111111111,0.0
natural_factor,2,HP,2014Q1,5,0.0,0.0,9,0.5555555555555556,0.0
natural_factor,2,HP,2014Q2,1,0.0,0.0,9,0.1111111111111111,0.0
natural_factor,2,HP,2014Q3,5,0.0,0.0,11,0.45454545454545453,0.0
natural_factor,2,HP,2014Q4,12,0.08333333333333333,1.0,28,0.42857142857142855,0.42857142857142855
natural_factor,2,HP,2015Q1,8,0.0,0.0,20,0.4,0.0
natural_factor,2,HP,2015Q2,8,0.0,0.0,21,0.38095238095238093,0.0
natural_factor,2,HP,2015Q3,10,0.0,0.0,25,0.4,0.0
natural_factor,2,HP,2015Q4,9,-0.1111111111111111,-1.0,30,0.3,-0.3
natural_factor,2,HP,2016Q1,5,0.0,0.0,17,0.29411764705882354,0.0
natural_factor,2,HP,2016Q2,6,0.0,0.0,26,0.23076923076923078,0.0
natural_factor,2,HP,2016Q3,6,0.0,0.0,25,0.24,0.0
natural_factor,2,HP,2016Q4,7,-0.14285714285714285,-1.0,22,0.3181818181818182,-0.3181818181818182
natural_factor,2,HP,2017Q1,3,0.0,0.0,13,0.23076923076923078,0.0
natural_factor,2,HP,2017Q2,7,0.0,0.0,23,0.30434782608695654,0.0
natural_factor,2,HP,2017Q3,10,0.0,0.0,39,0.2564102564102564,0.0
natural_factor,2,HP,2017Q4,8,0.0,0.0,32,0.25,0.0
natural_factor,2,HP,2018Q1,6,0.0,0.0,24,0.25,0.0
natural_factor,2,HP,2018Q2,7,0.0,0.0,32,0.21875,0.0
natural_factor,2,HP,2018Q3,4,-0.25,-1.0,23,0.17391304347826086,-0.17391304347826086
natural_factor,2,HP,2018Q4,2,0.0,0.0,44,0.045454545454545456,0.0
natural_factor,2,HP,2019Q1,16,0.0,0.0,34,0.47058823529411764,0.0
natural_factor,2,HP,2019Q2,5,-0.2,-1.0,46,0.10869565217391304,-0.10869565217391304
natural_factor,2,HP,2019Q3,6,-0.16666666666666666,-1.0,41,0.14634146341463414,-0.14634146341463414
natural_factor,2,HP,2019Q4,25,-0.04,-1.0,46,0.5434782608695652,-0.5434782608695652
natural_factor,2,HP,2020Q1,15,-0.13333333333333333,-2.0,34,0.4411764705882353,-0.8823529411764706
natural_factor,2,HP,2020Q2,4,-0.25,-1.0,23,0.17391304347826086,-0.17391304347826086
natural_factor,2,HP,2020Q3,3,0.0,0.0,26,0.11538461538461539,0.0
natural_factor,2,HP,2020Q4,2,0.0,0.0,45,0.044444444444444446,0.0
natural_factor,2,HP,2021Q1,3,0.0,0.0,42,0.07142857142857142,0.0
natural_factor,2,HP,2021Q2,2,0.0,0.0,43,0.046511627906976744,0.0
natural_factor,2,HP,2021Q3,8,0.0,0.0,41,0.1951219512195122,0.0
natural_factor,2,HP,2021Q4,3,0.3333333333333333,1.0,29,0.10344827586206896,0.10344827586206896
natural_factor,2,HP,2022Q1,5,0.0,0.0,31,0.16129032258064516,0.0
natural_factor,2,HP,2022Q2,2,0.0,0.0,14,0.14285714285714285,0.0
natural_factor,2,HP,2022Q3,1,0.0,0.0,17,0.058823529411764705,0.0
natural_factor,2,HP,2022Q4,3,0.0,0.0,21,0.14285714285714285,0.0
natural_factor,2,HP,2023Q1,5,0.0,0.0,23,0.21739130434782608,0.0
natural_factor,2,HP,2023Q2,5,0.0,0.0,43,0.11627906976744186,0.0
natural_factor,2,HP,2023Q3,10,0.0,0.0,32,0.3125,0.0
natural_factor,2,HP,2023Q4,9,0.0,0.0,36,0.25,0.0
natural_factor,2,HP,2024Q1,8,0.0,0.0,25,0.32,0.0
natural_factor,2,HP,2024Q2,7,0.0,0.0,19,0.3684210526315789,0.0
natural_factor,2,HP,2024Q3,7,0.0,0.0,21,0.3333333333333333,0.0
natural_factor,2,HP,2024Q4,2,0.0,0.0,12,0.16666666666666666,0.0
natural_factor,2,IOGPQ,2018Q2,1,-2.0,-2.0,32,0.03125,-0.0625
natural_factor,2,MNR,2008Q1,1,0.0,0.0,4,0.25,0.0
natural_factor,2,MNR,2012Q3,1,0.0,0.0,14,0.07142857142857142,0.0
natural_factor,2,MNR,2023Q1,1,-2.0,-2.0,23,0.043478260869565216,-0.08695652173913043
natural_factor,2,MNR,2023Q2,1,1.0,1.0,43,0.023255813953488372,0.023255813953488372
natural_factor,2,NBR,2001Q4,1,0.0,0.0,4,0.25,0.0
natural_factor,2,NBR,2008Q4,1,-1.0,-1.0,3,0.3333333333333333,-0.3333333333333333
natural_factor,2,NBR,2009Q2,1,-1.0,-1.0,4,0.25,-0.25
natural_factor,2,NBR,2010Q2,1,-1.0,-1.0,9,0.1111111111111111,-0.1111111111111111
natural_factor,2,NBR,2011Q4,3,-0.6666666666666666,-2.0,13,0.23076923076923078,-0.46153846153846156
natural_factor,2,NBR,2013Q2,1,-1.0,-1.0,11,0.09090909090909091,-0.09090909090909091
natural_factor,2,NBR,2013Q3,1,-1.0,-1.0,10,0.1,-0.1
natural_factor,2,NBR,2014Q2,2,-1.0,-2.0,9,0.2222222222222222,-0.4444444444444444
natural_factor,2,NBR,2014Q3,1,-1.0,-1.0,11,0.09090909090909091,-0.09090909090909091
natural_factor,2,NBR,2014Q4,5,-0.2,-1.0,28,0.17857142857142858,-0.17857142857142858
natural_factor,2,NBR,2015Q1,2,-0.5,-1.0,20,0.1,-0.1
natural_factor,2,NBR,2015Q2,1,-1.0,-1.0,21,0.047619047619047616,-0.047619047619047616
natural_factor,2,NBR,2019Q1,1,-1.0,-1.0,34,0.029411764705882353,-0.029411764705882353
natural_factor,2,NBR,2022Q1,1,0.0,0.0,31,0.03225806451612903,0.0
natural_factor,2,NBR,2022Q2,1,0.0,0.0,14,0.07142857142857142,0.0
natural_factor,2,NBR,2023Q1,1,0.0,0.0,23,0.043478260869565216,0.0
natural_factor,2,NBR,2024Q3,1,0.0,0.0,21,0.047619047619047616,0.0
natural_factor,2,NE,2015Q4,1,-1.0,-1.0,30,0.03333333333333333,-0.03333333333333333
natural_factor,2,NE,2018Q1,1,1.0,1.0,24,0.041666666666666664,0.041666666666666664
natural_factor,2,NE,2024Q3,1,0.0,0.0,21,0.047619047619047616,0.0
natural_factor,2,NE,2024Q4,1,0.0,0.0,12,0.08333333333333333,0.0
natural_factor,2,NEX,2004Q3,1,0.0,0.0,2,0.5,0.0
natural_factor,2,NEX,2007Q1,1,0.0,0.0,4,0.25,0.0
natural_factor,2,NEX,2009Q4,1,0.0,0.0,12,0.08333333333333333,0.0
natural_factor,2,NEX,2012Q3,1,0.0,0.0,14,0.07142857142857142,0.0
natural_factor,2,NEX,2016Q3,1,0.0,0.0,25,0.04,0.0
natural_factor,2,NEX,2016Q4,1,0.0,0.0,22,0.045454545454545456,0.0
natural_factor,2,NEX,2017Q1,1,0.0,0.0,13,0.07692307692307693,0.0
natural_factor,2,NEX,2017Q2,2,0.0,0.0,23,0.08695652173913043,0.0
natural_factor,2,NEX,2017Q3,2,-0.5,-1.0,39,0.05128205128205128,-0.05128205128205128
natural_factor,2,NEX,2018Q1,3,0.3333333333333333,1.0,24,0.125,0.125
natural_factor,2,NEX,2018Q3,1,0.0,0.0,23,0.043478260869565216,0.0
natural_factor,2,NEX,2018Q4,1,0.0,0.0,44,0.022727272727272728,0.0
natural_factor,2,NEX,2019Q3,3,0.0,0.0,41,0.07317073170731707,0.0
natural_factor,2,NEX,2020Q2,1,0.0,0.0,23,0.043478260869565216,0.0
natural_factor,2,NEX,2020Q3,1,0.0,0.0,26,0.038461538461538464,0.0
natural_factor,2,NEX,2020Q4,1,0.0,0.0,45,0.022222222222222223,0.0
natural_factor,2,NEX,2021Q2,1,1.0,1.0,43,0.023255813953488372,0.023255813953488372
natural_factor,2,PDCE,2017Q2,1,-2.0,-2.0,23,0.043478260869565216,-0.08695652173913043
natural_factor,2,PDCE,2017Q3,1,1.0,1.0,39,0.02564102564102564,0.02564102564102564
natural_factor,2,PDCE,2017Q4,1,-1.0,-1.0,32,0.03125,-0.03125
natural_factor,2,PDCE,2019Q2,1,-1.0,-1.0,46,0.021739130434782608,-0.021739130434782608
natural_factor,2,PDCE,2023Q2,1,1.0,1.0,43,0.023255813953488372,0.023255813953488372
natural_factor,2,PED,2010Q3,1,-1.0,-1.0,21,0.047619047619047616,-0.047619047619047616
natural_factor,2,PED,2013Q1,1,0.0,0.0,14,0.07142857142857142,0.0
natural_factor,2,PED,2013Q2,1,0.0,0.0,11,0.09090909090909091,0.0
natural_factor,2,PED,2013Q3,2,0.0,0.0,10,0.2,0.0
natural_factor,2,PED,2013Q4,1,0.0,0.0,9,0.1111111111111111,0.0
natural_factor,2,PED,2014Q1,1,0.0,0.0,9,0.1111111111111111,0.0
natural_factor,2,PED,2014Q2,1,-1.0,-1.0,9,0.1111111111111111,-0.1111111111111111
natural_factor,2,PED,2015Q4,1,0.0,0.0,30,0.03333333333333333,0.0
natural_factor,2,PED,2016Q3,1,0.0,0.0,25,0.04,0.0
natural_factor,2,PED,2020Q3,1,0.0,0.0,26,0.038461538461538464,0.0
natural_factor,2,PR,2002Q3,2,0.0,0.0,4,0.5,0.0
natural_factor,2,PR,2004Q4,1,1.0,1.0,4,0.25,0.25
natural_factor,2,PR,2007Q1,1,1.0,1.0,4,0.25,0.25
natural_factor,2,PR,2007Q2,1,-1.0,-1.0,10,0.1,-0.1
natural_factor,2,PR,2007Q3,1,0.0,0.0,1,1.0,0.0
natural_factor,2,PR,2008Q2,1,0.0,0.0,3,0.3333333333333333,0.0
natural_factor,2,PR,2009Q3,1,0.0,0.0,7,0.14285714285714285,0.0
natural_factor,2,PR,2010Q3,1,0.0,0.0,21,0.047619047619047616,0.0
natural_factor,2,PR,2011Q2,1,0.0,0.0,8,0.125,0.0
natural_factor,2,PR,2013Q3,1,0.0,0.0,10,0.1,0.0
natural_factor,2,PR,2015Q4,4,0.0,0.0,30,0.13333333333333333,0.0
natural_factor,2,PR,2016Q1,2,0.0,0.0,17,0.11764705882352941,0.0
natural_factor,2,PR,2016Q3,1,0.0,0.0,25,0.04,0.0
natural_factor,2,PR,2016Q4,1,0.0,0.0,22,0.045454545454545456,0.0
natural_factor,2,PR,2017Q3,6,0.3333333333333333,2.0,39,0.15384615384615385,0.3076923076923077
natural_factor,2,PR,2017Q4,1,0.0,0.0,32,0.03125,0.0
natural_factor,2,PR,2018Q1,1,0.0,0.0,24,0.041666666666666664,0.0
natural_factor,2,PR,2018Q2,1,0.0,0.0,32,0.03125,0.0
natural_factor,2,PR,2018Q3,1,0.0,0.0,23,0.043478260869565216,0.0
natural_factor,2,PR,2018Q4,3,0.0,0.0,44,0.06818181818181818,0.0
natural_factor,2,PR,2019Q2,1,0.0,0.0,46,0.021739130434782608,0.0
natural_factor,2,PR,2019Q3,1,0.0,0.0,41,0.024390243902439025,0.0
natural_factor,2,PR,2020Q1,1,-1.0,-1.0,34,0.029411764705882353,-0.029411764705882353
natural_factor,2,PR,2020Q2,1,1.0,1.0,23,0.043478260869565216,0.043478260869565216
natural_factor,2,PR,2020Q3,1,0.0,0.0,26,0.038461538461538464,0.0
natural_factor,2,PR,2020Q4,2,0.0,0.0,45,0.044444444444444446,0.0
natural_factor,2,PR,2021Q1,2,0.0,0.0,42,0.047619047619047616,0.0
natural_factor,2,PR,2021Q2,1,0.0,0.0,43,0.023255813953488372,0.0
natural_factor,2,PR,2022Q1,1,0.0,0.0,31,0.03225806451612903,0.0
natural_factor,2,PR,2022Q3,4,0.0,0.0,17,0.23529411764705882,0.0
natural_factor,2,PR,2024Q2,1,0.0,0.0,19,0.05263157894736842,0.0
natural_factor,2,PR,2024Q3,1,0.0,0.0,21,0.047619047619047616,0.0
natural_factor,2,PUMP,2019Q3,1,2.0,2.0,41,0.024390243902439025,0.04878048780487805
natural_factor,2,PUMP,2019Q4,1,-1.0,-1.0,46,0.021739130434782608,-0.021739130434782608
natural_factor,2,PUMP,2020Q2,1,-1.0,-1.0,23,0.043478260869565216,-0.043478260869565216
natural_factor,2,PUMP,2020Q4,2,0.5,1.0,45,0.044444444444444446,0.044444444444444446
natural_factor,2,PUMP,2021Q2,1,1.0,1.0,43,0.023255813953488372,0.023255813953488372
natural_factor,2,PUMP,2021Q3,1,-1.0,-1.0,41,0.024390243902439025,-0.024390243902439025
natural_factor,2,PUMP,2021Q4,1,-1.0,-1.0,29,0.034482758620689655,-0.034482758620689655
natural_factor,2,RES,2013Q3,1,0.0,0.0,10,0.1,0.0
natural_factor,2,RES,2016Q2,1,0.0,0.0,26,0.038461538461538464,0.0
natural_factor,2,RIG,2011Q4,1,-2.0,-2.0,13,0.07692307692307693,-0.15384615384615385
natural_factor,2,RIG,2012Q3,1,-1.0,-1.0,14,0.07142857142857142,-0.07142857142857142
natural_factor,2,RIG,2013Q1,3,-1.0,-3.0,14,0.21428571428571427,-0.6428571428571428
natural_factor,2,RIG,2016Q3,1,1.0,1.0,25,0.04,0.04
natural_factor,2,RIG,2017Q2,2,1.0,2.0,23,0.08695652173913043,0.17391304347826086
natural_factor,2,RIG,2017Q3,2,-1.5,-3.0,39,0.05128205128205128,-0.15384615384615385
natural_factor,2,RIG,2017Q4,2,1.0,2.0,32,0.0625,0.125
natural_factor,2,RIG,2018Q2,2,-1.0,-2.0,32,0.0625,-0.125
natural_factor,2,RIG,2018Q3,1,1.0,1.0,23,0.043478260869565216,0.043478260869565216
natural_factor,2,RIG,2019Q1,1,1.0,1.0,34,0.029411764705882353,0.029411764705882353
natural_factor,2,RIG,2019Q2,2,1.0,2.0,46,0.043478260869565216,0.08695652173913043
natural_factor,2,RIG,2019Q4,1,-1.0,-1.0,46,0.021739130434782608,-0.021739130434782608
natural_factor,2,RIG,2020Q4,1,-1.0,-1.0,45,0.022222222222222223,-0.022222222222222223
natural_factor,2,RIG,2021Q4,1,2.0,2.0,29,0.034482758620689655,0.06896551724137931
natural_factor,2,SD,2016Q1,2,-1.0,-2.0,17,0.11764705882352941,-0.23529411764705882
natural_factor,2,SD,2016Q3,1,-2.0,-2.0,25,0.04,-0.08
natural_factor,2,SD,2017Q4,4,-0.5,-2.0,32,0.125,-0.25
natural_factor,2,SD,2018Q1,4,-1.0,-4.0,24,0.16666666666666666,-0.6666666666666666
natural_factor,2,SD,2018Q2,3,-1.0,-3.0,32,0.09375,-0.28125
natural_factor,2,SD,2018Q3,2,-0.5,-1.0,23,0.08695652173913043,-0.08695652173913043
natural_factor,2,SD,2020Q1,1,0.0,0.0,34,0.029411764705882353,0.0
natural_factor,2,SLB,2004Q4,1,0.0,0.0,4,0.25,0.0
natural_factor,2,SLB,2006Q2,1,0.0,0.0,5,0.2,0.0
natural_factor,2,SLB,2009Q2,1,1.0,1.0,4,0.25,0.25
natural_factor,2,SLB,2010Q3,1,-1.0,-1.0,21,0.047619047619047616,-0.047619047619047616
natural_factor,2,SLB,2010Q4,1,-1.0,-1.0,9,0.1111111111111111,-0.1111111111111111
natural_factor,2,SLB,2012Q4,1,2.0,2.0,15,0.06666666666666667,0.13333333333333333
natural_factor,2,SLB,2015Q1,1,-1.0,-1.0,20,0.05,-0.05
natural_factor,2,SLB,2015Q2,1,0.0,0.0,21,0.047619047619047616,0.0
natural_factor,2,SLB,2015Q3,2,-1.0,-2.0,25,0.08,-0.16
natural_factor,2,SLB,2015Q4,1,0.0,0.0,30,0.03333333333333333,0.0
natural_factor,2,SLB,2016Q2,3,0.3333333333333333,1.0,26,0.11538461538461539,0.11538461538461539
natural_factor,2,SLB,2016Q4,1,0.0,0.0,22,0.045454545454545456,0.0
natural_factor,2,SLB,2017Q1,1,0.0,0.0,13,0.07692307692307693,0.0
natural_factor,2,SLB,2017Q2,1,1.0,1.0,23,0.043478260869565216,0.043478260869565216
natural_factor,2,SLB,2017Q3,1,1.0,1.0,39,0.02564102564102564,0.02564102564102564
natural_factor,2,SLB,2017Q4,1,-1.0,-1.0,32,0.03125,-0.03125
natural_factor,2,SLB,2018Q2,1,1.0,1.0,32,0.03125,0.03125
natural_factor,2,SLB,2018Q4,2,1.0,2.0,44,0.045454545454545456,0.09090909090909091
natural_factor,2,SLB,2019Q1,2,-0.5,-1.0,34,0.058823529411764705,-0.058823529411764705
natural_factor,2,SLB,2019Q3,1,-1.0,-1.0,41,0.024390243902439025,-0.024390243902439025
natural_factor,2,SLB,2019Q4,1,-1.0,-1.0,46,0.021739130434782608,-0.021739130434782608
natural_factor,2,SLB,2020Q3,2,-0.5,-1.0,26,0.07692307692307693,-0.07692307692307693
natural_factor,2,SLB,2020Q4,2,-0.5,-1.0,45,0.044444444444444446,-0.044444444444444446
natural_factor,2,SLB,2021Q1,1,1.0,1.0,42,0.023809523809523808,0.023809523809523808
natural_factor,2,SLB,2021Q2,3,1.0,3.0,43,0.06976744186046512,0.20930232558139533
natural_factor,2,SLB,2021Q3,2,-0.5,-1.0,41,0.04878048780487805,-0.04878048780487805
natural_factor,2,SLB,2022Q3,2,0.0,0.0,17,0.11764705882352941,0.0
natural_factor,2,SLB,2023Q1,1,0.0,0.0,23,0.043478260869565216,0.0
natural_factor,2,SLB,2023Q2,1,0.0,0.0,43,0.023255813953488372,0.0
natural_factor,2,SLB,2023Q3,1,-1.0,-1.0,32,0.03125,-0.03125
natural_factor,2,SLB,2023Q4,1,-1.0,-1.0,36,0.027777777777777776,-0.027777777777777776
natural_factor,2,SLB,2024Q3,2,-1.0,-2.0,21,0.09523809523809523,-0.19047619047619047
natural_factor,2,SLB,2024Q4,1,-1.0,-1.0,12,0.08333333333333333,-0.08333333333333333
natural_factor,2,STR,2010Q3,1,-1.0,-1.0,21,0.047619047619047616,-0.047619047619047616
natural_factor,2,STR,2012Q3,1,0.0,0.0,14,0.07142857142857142,0.0
natural_factor,2,STR,2013Q1,1,0.0,0.0,14,0.07142857142857142,0.0
natural_factor,2,STR,2013Q4,1,0.0,0.0,9,0.1111111111111111,0.0
natural_factor,2,STR,2014Q2,1,0.0,0.0,9,0.1111111111111111,0.0
natural_factor,2,STR,2014Q4,1,0.0,0.0,28,0.03571428571428571,0.0
natural_factor,2,STR,2015Q1,5,-0.2,-1.0,20,0.25,-0.25
natural_factor,2,STR,2015Q2,2,0.0,0.0,21,0.09523809523809523,0.0
natural_factor,2,STR,2015Q3,6,-0.3333333333333333,-2.0,25,0.24,-0.48
natural_factor,2,STR,2015Q4,1,-1.0,-1.0,30,0.03333333333333333,-0.03333333333333333
natural_factor,2,STR,2016Q3,1,0.0,0.0,25,0.04,0.0
natural_factor,2,STR,2018Q1,1,0.0,0.0,24,0.041666666666666664,0.0
natural_factor,2,STR,2018Q3,1,1.0,1.0,23,0.043478260869565216,0.043478260869565216
natural_factor,2,STR,2018Q4,2,0.0,0.0,44,0.045454545454545456,0.0
natural_factor,2,STR,2019Q2,1,0.0,0.0,46,0.021739130434782608,0.0
natural_factor,2,STR,2019Q4,1,0.0,0.0,46,0.021739130434782608,0.0
natural_factor,2,STR,2020Q1,2,-1.5,-3.0,34,0.058823529411764705,-0.1764705882352941
natural_factor,2,STR,2020Q2,2,-0.5,-1.0,23,0.08695652173913043,-0.08695652173913043
natural_factor,2,STR,2020Q4,2,-0.5,-1.0,45,0.044444444444444446,-0.044444444444444446
natural_factor,2,STR,2021Q1,4,0.25,1.0,42,0.09523809523809523,0.09523809523809523
natural_factor,2,STR,2021Q4,1,0.0,0.0,29,0.034482758620689655,0.0
natural_factor,2,STR,2022Q3,1,0.0,0.0,17,0.058823529411764705,0.0
natural_factor,2,STR,2023Q1,1,1.0,1.0,23,0.043478260869565216,0.043478260869565216
natural_factor,2,STR,2023Q2,1,0.0,0.0,43,0.023255813953488372,0.0
natural_factor,2,STR,2023Q4,5,-0.2,-1.0,36,0.1388888888888889,-0.1388888888888889
natural_factor,2,STR,2024Q2,1,0.0,0.0,19,0.05263157894736842,0.0
natural_factor,2,TTI,2009Q3,1,1.0,1.0,7,0.14285714285714285,0.14285714285714285
natural_factor,2,TTI,2020Q1,1,0.0,0.0,34,0.029411764705882353,0.0
natural_factor,2,TTI,2020Q4,3,0.0,0.0,45,0.06666666666666667,0.0
natural_factor,2,TTI,2021Q4,1,0.0,0.0,29,0.034482758620689655,0.0
natural_factor,2,TUSK,2018Q3,1,0.0,0.0,23,0.043478260869565216,0.0
natural_factor,2,VEI,2021Q3,1,-1.0,-1.0,41,0.024390243902439025,-0.024390243902439025
natural_factor,2,VEI,2021Q4,1,1.0,1.0,29,0.034482758620689655,0.034482758620689655
natural_factor,2,VOC,2013Q4,1,0.0,0.0,9,0.1111111111111111,0.0
natural_factor,2,VOC,2015Q2,1,1.0,1.0,21,0.047619047619047616,0.047619047619047616
natural_factor,2,VOC,2017Q2,1,-2.0,-2.0,23,0.043478260869565216,-0.08695652173913043
natural_factor,2,VOC,2017Q4,1,0.0,0.0,32,0.03125,0.0
natural_factor,2,VOC,2018Q3,1,0.0,0.0,23,0.043478260869565216,0.0
natural_factor,2,VOC,2019Q1,1,0.0,0.0,34,0.029411764705882353,0.0
natural_factor,2,VOC,2020Q2,1,0.0,0.0,23,0.043478260869565216,0.0
natural_factor,2,VOC,2020Q3,3,0.3333333333333333,1.0,26,0.11538461538461539,0.11538461538461539
natural_factor,2,VOC,2021Q1,1,-1.0,-1.0,42,0.023809523809523808,-0.023809523809523808
natural_factor,2,VOC,2021Q2,1,0.0,0.0,43,0.023255813953488372,0.0
natural_factor,2,VOC,2021Q3,2,0.0,0.0,41,0.04878048780487805,0.0
natural_factor,2,VOC,2022Q4,1,-1.0,-1.0,21,0.047619047619047616,-0.047619047619047616
natural_factor,2,VOC,2023Q2,1,0.0,0.0,43,0.023255813953488372,0.0
natural_factor,2,VTS,2020Q1,1,0.0,0.0,34,0.029411764705882353,0.0
natural_factor,2,WLL,1999Q4,1,0.0,0.0,2,0.5,0.0
natural_factor,2,WLL,2000Q4,3,0.0,0.0,5,0.6,0.0
natural_factor,2,WLL,2001Q1,2,0.0,0.0,6,0.3333333333333333,0.0
natural_factor,2,WLL,2001Q2,4,0.0,0.0,5,0.8,0.0
natural_factor,2,WLL,2001Q3,1,0.0,0.0,6,0.16666666666666666,0.0
natural_factor,2,WLL,2003Q4,1,1.0,1.0,1,1.0,1.0
natural_factor,2,WLL,2014Q1,1,-1.0,-1.0,9,0.1111111111111111,-0.1111111111111111
natural_factor,2,WLL,2019Q3,1,1.0,1.0,41,0.024390243902439025,0.024390243902439025
natural_factor,2,XOG,2016Q4,2,0.0,0.0,22,0.09090909090909091,0.0
natural_factor,2,XOG,2019Q2,1,-1.0,-1.0,46,0.021739130434782608,-0.021739130434782608
natural_factor,2,XOG,2021Q2,2,0.0,0.0,43,0.046511627906976744,0.0
natural_factor,3,ACDC,2022Q2,1,-1.0,-1.0,13,0.07692307692307693,-0.07692307692307693
natural_factor,3,APA,1999Q3,1,0.0,0.0,2,0.5,0.0
natural_factor,3,APA,2000Q2,1,0.0,0.0,1,1.0,0.0
natural_factor,3,APA,2002Q4,1,0.0,0.0,2,0.5,0.0
natural_factor,3,APA,2003Q2,1,0.0,0.0,1,1.0,0.0
natural_factor,3,APA,2007Q2,1,0.0,0.0,1,1.0,0.0
natural_factor,3,APA,2009Q3,2,-0.5,-1.0,6,0.3333333333333333,-0.3333333333333333
natural_factor,3,APA,2010Q1,1,0.0,0.0,4,0.25,0.0
natural_factor,3,APA,2010Q2,1,0.0,0.0,11,0.09090909090909091,0.0
natural_factor,3,APA,2010Q3,1,-1.0,-1.0,23,0.043478260869565216,-0.043478260869565216
natural_factor,3,APA,2012Q3,1,0.0,0.0,4,0.25,0.0
natural_factor,3,APA,2013Q4,1,0.0,0.0,5,0.2,0.0
natural_factor,3,APA,2014Q2,1,0.0,0.0,7,0.14285714285714285,0.0
natural_factor,3,APA,2014Q3,2,0.0,0.0,5,0.4,0.0
natural_factor,3,APA,2015Q2,1,-1.0,-1.0,4,0.25,-0.25
natural_factor,3,APA,2015Q3,2,0.0,0.0,16,0.125,0.0
natural_factor,3,APA,2016Q2,2,0.0,0.0,12,0.16666666666666666,0.0
natural_factor,3,APA,2016Q3,1,0.0,0.0,10,0.1,0.0
natural_factor,3,APA,2018Q1,1,0.0,0.0,14,0.07142857142857142,0.0
natural_factor,3,APA,2018Q2,1,0.0,0.0,12,0.08333333333333333,0.0
natural_factor,3,APA,2018Q4,2,-0.5,-1.0,17,0.11764705882352941,-0.11764705882352941
natural_factor,3,APA,2019Q4,2,0.0,0.0,23,0.08695652173913043,0.0
natural_factor,3,APA,2020Q1,1,0.0,0.0,17,0.058823529411764705,0.0
natural_factor,3,APA,2020Q2,2,1.0,2.0,20,0.1,0.2
natural_factor,3,APA,2020Q3,3,0.0,0.0,16,0.1875,0.0
natural_factor,3,APA,2020Q4,1,0.0,0.0,12,0.08333333333333333,0.0
natural_factor,3,APA,2021Q1,4,0.25,1.0,23,0.17391304347826086,0.17391304347826086
natural_factor,3,APA,2021Q2,2,0.0,0.0,9,0.2222222222222222,0.0
natural_factor,3,APA,2021Q3,2,-0.5,-1.0,37,0.05405405405405406,-0.05405405405405406
natural_factor,3,APA,2021Q4,5,0.0,0.0,18,0.2777777777777778,0.0
natural_factor,3,APA,2022Q1,1,0.0,0.0,7,0.14285714285714285,0.0
natural_factor,3,APA,2022Q2,1,0.0,0.0,13,0.07692307692307693,0.0
natural_factor,3,APA,2022Q3,3,0.0,0.0,4,0.75,0.0
natural_factor,3,APA,2022Q4,1,0.0,0.0,6,0.16666666666666666,0.0
natural_factor,3,APA,2023Q1,4,0.0,0.0,9,0.4444444444444444,0.0
natural_factor,3,APA,2023Q2,4,-0.25,-1.0,17,0.23529411764705882,-0.23529411764705882
natural_factor,3,APA,2023Q3,2,0.0,0.0,11,0.18181818181818182,0.0
natural_factor,3,APA,2023Q4,6,0.0,0.0,20,0.3,0.0
natural_factor,3,APA,2024Q3,1,0.0,0.0,23,0.043478260869565216,0.0
natural_factor,3,APA,2025Q1,1,-1.0,-1.0,2,0.5,-0.5
natural_factor,3,AR,2009Q4,1,0.0,0.0,4,0.25,0.0
natural_factor,3,AR,2014Q1,2,0.0,0.0,4,0.5,0.0
natural_factor,3,AR,2016Q3,2,0.0,0.0,10,0.2,0.0
natural_factor,3,AR,2017Q1,2,0.0,0.0,10,0.2,0.0
natural_factor,3,AR,2017Q2,2,0.0,0.0,13,0.15384615384615385,0.0
natural_factor,3,AR,2017Q3,2,-0.5,-1.0,8,0.25,-0.25
natural_factor,3,AR,2018Q1,1,0.0,0.0,14,0.07142857142857142,0.0
natural_factor,3,AR,2018Q3,1,0.0,0.0,22,0.045454545454545456,0.0
natural_factor,3,AR,2018Q4,1,0.0,0.0,17,0.058823529411764705,0.0
natural_factor,3,AR,2019Q1,2,0.0,0.0,21,0.09523809523809523,0.0
natural_factor,3,AR,2019Q2,2,0.0,0.0,21,0.09523809523809523,0.0
natural_factor,3,AR,2019Q3,1,0.0,0.0,18,0.05555555555555555,0.0
natural_factor,3,AR,2019Q4,2,0.0,0.0,23,0.08695652173913043,0.0
natural_factor,3,AR,2020Q1,1,0.0,0.0,17,0.058823529411764705,0.0
natural_factor,3,AR,2020Q2,4,0.0,0.0,20,0.2,0.0
natural_factor,3,AR,2020Q3,1,0.0,0.0,16,0.0625,0.0
natural_factor,3,AR,2020Q4,2,0.0,0.0,12,0.16666666666666666,0.0
natural_factor,3,AR,2021Q1,2,0.0,0.0,23,0.08695652173913043,0.0
natural_factor,3,AR,2021Q2,1,0.0,0.0,9,0.1111111111111111,0.0
natural_factor,3,AR,2021Q3,3,0.0,0.0,37,0.08108108108108109,0.0
natural_factor,3,AR,2021Q4,5,0.0,0.0,18,0.2777777777777778,0.0
natural_factor,3,AR,2022Q1,1,0.0,0.0,7,0.14285714285714285,0.0
natural_factor,3,AR,2022Q2,1,0.0,0.0,13,0.07692307692307693,0.0
natural_factor,3,AR,2023Q2,4,0.0,0.0,17,0.23529411764705882,0.0
natural_factor,3,AR,2023Q4,2,0.0,0.0,20,0.1,0.0
natural_factor,3,AR,2024Q1,1,0.0,0.0,16,0.0625,0.0
natural_factor,3,AR,2024Q3,2,0.5,1.0,23,0.08695652173913043,0.08695652173913043
natural_factor,3,AR,2024Q4,2,0.0,0.0,30,0.06666666666666667,0.0
natural_factor,3,BATL,2024Q4,2,-1.0,-2.0,30,0.06666666666666667,-0.13333333333333333
natural_factor,3,BORR,2021Q1,1,0.0,0.0,23,0.043478260869565216,0.0
natural_factor,3,BRN,2016Q2,1,0.0,0.0,12,0.08333333333333333,0.0
natural_factor,3,BRN,2020Q1,1,0.0,0.0,17,0.058823529411764705,0.0
natural_factor,3,BRN,2021Q1,1,0.0,0.0,23,0.043478260869565216,0.0
natural_factor,3,BRN,2022Q2,1,0.0,0.0,13,0.07692307692307693,0.0
natural_factor,3,BRN,2023Q1,1,0.0,0.0,9,0.1111111111111111,0.0
natural_factor,3,BSM,2019Q4,1,-1.0,-1.0,23,0.043478260869565216,-0.043478260869565216
natural_factor,3,BSM,2021Q1,1,0.0,0.0,23,0.043478260869565216,0.0
natural_factor,3,BSM,2021Q4,1,0.0,0.0,18,0.05555555555555555,0.0
natural_factor,3,CLB,2011Q4,1,0.0,0.0,2,0.5,0.0
natural_factor,3,CLB,2014Q2,1,0.0,0.0,7,0.14285714285714285,0.0
natural_factor,3,CPE,2013Q2,1,0.0,0.0,2,0.5,0.0
natural_factor,3,CPE,2016Q1,1,1.0,1.0,10,0.1,0.1
natural_factor,3,CPE,2019Q3,2,0.0,0.0,18,0.1111111111111111,0.0
natural_factor,3,CPE,2020Q2,1,-1.0,-1.0,20,0.05,-0.05
natural_factor,3,CPE,2023Q3,1,0.0,0.0,11,0.09090909090909091,0.0
natural_factor,3,CRC,1999Q3,1,0.0,0.0,2,0.5,0.0
natural_factor,3,CRC,2013Q1,1,0.0,0.0,10,0.1,0.0
natural_factor,3,CRC,2017Q4,1,0.0,0.0,15,0.06666666666666667,0.0
natural_factor,3,CRC,2018Q4,1,0.0,0.0,17,0.058823529411764705,0.0
natural_factor,3,CRC,2019Q3,1,0.0,0.0,18,0.05555555555555555,0.0
natural_factor,3,CRC,2019Q4,1,0.0,0.0,23,0.043478260869565216,0.0
natural_factor,3,CRC,2020Q2,1,0.0,0.0,20,0.05,0.0
natural_factor,3,CRC,2020Q3,1,0.0,0.0,16,0.0625,0.0
natural_factor,3,CRC,2021Q1,2,0.0,0.0,23,0.08695652173913043,0.0
natural_factor,3,CRC,2023Q1,2,0.0,0.0,9,0.2222222222222222,0.0
natural_factor,3,CRC,2023Q3,1,0.0,0.0,11,0.09090909090909091,0.0
natural_factor,3,CRC,2024Q4,1,0.0,0.0,30,0.03333333333333333,0.0
natural_factor,3,CRK,2013Q4,1,0.0,0.0,5,0.2,0.0
natural_factor,3,CRK,2014Q3,1,-1.0,-1.0,5,0.2,-0.2
natural_factor,3,CRK,2018Q2,1,0.0,0.0,12,0.08333333333333333,0.0
natural_factor,3,CRK,2019Q2,1,0.0,0.0,21,0.047619047619047616,0.0
natural_factor,3,CRK,2021Q1,1,0.0,0.0,23,0.043478260869565216,0.0
natural_factor,3,CRK,2022Q4,1,0.0,0.0,6,0.16666666666666666,0.0
natural_factor,3,CRK,2023Q2,2,-0.5,-1.0,17,0.11764705882352941,-0.11764705882352941
natural_factor,3,DCP,2008Q3,1,1.0,1.0,2,0.5,0.5
natural_factor,3,DCP,2012Q3,1,-1.0,-1.0,4,0.25,-0.25
natural_factor,3,DCP,2017Q4,2,0.5,1.0,15,0.13333333333333333,0.13333333333333333
natural_factor,3,DCP,2020Q1,1,0.0,0.0,17,0.058823529411764705,0.0
natural_factor,3,DCP,2023Q1,1,0.0,0.0,9,0.1111111111111111,0.0
natural_factor,3,DCP,2023Q3,1,0.0,0.0,11,0.09090909090909091,0.0
natural_factor,3,DCP,2023Q4,1,0.0,0.0,20,0.05,0.0
natural_factor,3,DCP,2024Q3,1,0.0,0.0,23,0.043478260869565216,0.0
natural_factor,3,DCP,2024Q4,1,0.0,0.0,30,0.03333333333333333,0.0
natural_factor,3,EP,2001Q1,1,0.0,0.0,1,1.0,0.0
natural_factor,3,EP,2004Q1,1,0.0,0.0,4,0.25,0.0
natural_factor,3,EP,2013Q1,1,0.0,0.0,10,0.1,0.0
natural_factor,3,EP,2016Q2,1,0.0,0.0,12,0.08333333333333333,0.0
natural_factor,3,EP,2019Q2,1,0.0,0.0,21,0.047619047619047616,0.0
natural_factor,3,EP,2020Q1,3,0.0,0.0,17,0.17647058823529413,0.0
natural_factor,3,EP,2021Q1,1,0.0,0.0,23,0.043478260869565216,0.0
natural_factor,3,EP,2021Q4,1,0.0,0.0,18,0.05555555555555555,0.0
natural_factor,3,EP,2022Q1,1,0.0,0.0,7,0.14285714285714285,0.0
natural_factor,3,EP,2024Q2,1,0.0,0.0,9,0.1111111111111111,0.0
natural_factor,3,EQT,2001Q4,1,0.0,0.0,1,1.0,0.0
natural_factor,3,EQT,2005Q4,1,0.0,0.0,2,0.5,0.0
natural_factor,3,EQT,2007Q1,2,0.0,0.0,2,1.0,0.0
natural_factor,3,EQT,2008Q1,1,0.0,0.0,1,1.0,0.0
natural_factor,3,EQT,2009Q3,1,1.0,1.0,6,0.16666666666666666,0.16666666666666666
natural_factor,3,EQT,2011Q4,1,0.0,0.0,2,0.5,0.0
natural_factor,3,EQT,2012Q2,1,0.0,0.0,2,0.5,0.0
natural_factor,3,EQT,2013Q3,1,0.0,0.0,6,0.16666666666666666,0.0
natural_factor,3,EQT,2014Q2,1,0.0,0.0,7,0.14285714285714285,0.0
natural_factor,3,EQT,2014Q4,1,0.0,0.0,12,0.08333333333333333,0.0
natural_factor,3,EQT,2016Q1,2,0.0,0.0,10,0.2,0.0
natural_factor,3,EQT,2016Q2,1,0.0,0.0,12,0.08333333333333333,0.0
natural_factor,3,EQT,2016Q4,3,0.0,0.0,11,0.2727272727272727,0.0
natural_factor,3,EQT,2017Q2,4,0.0,0.0,13,0.3076923076923077,0.0
natural_factor,3,EQT,2018Q3,2,0.0,0.0,22,0.09090909090909091,0.0
natural_factor,3,EQT,2018Q4,3,0.0,0.0,17,0.17647058823529413,0.0
natural_factor,3,EQT,2019Q1,3,0.0,0.0,21,0.14285714285714285,0.0
natural_factor,3,EQT,2019Q2,8,0.0,0.0,21,0.38095238095238093,0.0
natural_factor,3,EQT,2019Q3,5,-0.4,-2.0,18,0.2777777777777778,-0.5555555555555556
natural_factor,3,EQT,2019Q4,2,-0.5,-1.0,23,0.08695652173913043,-0.08695652173913043
natural_factor,3,EQT,2020Q1,1,0.0,0.0,17,0.058823529411764705,0.0
natural_factor,3,EQT,2020Q3,2,-1.0,-2.0,16,0.125,-0.25
natural_factor,3,EQT,2021Q1,2,0.0,0.0,23,0.08695652173913043,0.0
natural_factor,3,EQT,2021Q2,3,0.0,0.0,9,0.3333333333333333,0.0
natural_factor,3,EQT,2021Q3,7,0.14285714285714285,1.0,37,0.1891891891891892,0.1891891891891892
natural_factor,3,EQT,2021Q4,2,0.0,0.0,18,0.1111111111111111,0.0
natural_factor,3,EQT,2022Q1,1,0.0,0.0,7,0.14285714285714285,0.0
natural_factor,3,EQT,2022Q2,1,2.0,2.0,13,0.07692307692307693,0.15384615384615385
natural_factor,3,EQT,2022Q4,1,0.0,0.0,6,0.16666666666666666,0.0
natural_factor,3,EQT,2023Q2,2,1.0,2.0,17,0.11764705882352941,0.23529411764705882
natural_factor,3,EQT,2023Q3,3,0.0,0.0,11,0.2727272727272727,0.0
natural_factor,3,EQT,2023Q4,8,0.0,0.0,20,0.4,0.0
natural_factor,3,EQT,2024Q1,12,0.08333333333333333,1.0,16,0.75,0.75
natural_factor,3,EQT,2024Q2,8,0.125,1.0,9,0.8888888888888888,0.8888888888888888
natural_factor,3,EQT,2024Q3,7,0.14285714285714285,1.0,23,0.30434782608695654,0.30434782608695654
natural_factor,3,EQT,2024Q4,3,0.0,0.0,30,0.1,0.0
natural_factor,3,FANG,2014Q3,1,0.0,0.0,5,0.2,0.0
natural_factor,3,FANG,2016Q1,2,0.5,1.0,10,0.2,0.2
natural_factor,3,FANG,2016Q3,1,1.0,1.0,10,0.1,0.1
natural_factor,3,FANG,2017Q3,3,0.0,0.0,8,0.375,0.0
natural_factor,3,FANG,2017Q4,1,0.0,0.0,15,0.06666666666666667,0.0
natural_factor,3,FANG,2018Q1,1,0.0,0.0,14,0.07142857142857142,0.0
natural_factor,3,FANG,2018Q2,1,0.0,0.0,12,0.08333333333333333,0.0
natural_factor,3,FANG,2018Q3,6,-0.16666666666666666,-1.0,22,0.2727272727272727,-0.2727272727272727
natural_factor,3,FANG,2018Q4,4,0.0,0.0,17,0.23529411764705882,0.0
natural_factor,3,FANG,2019Q4,1,0.0,0.0,23,0.043478260869565216,0.0
natural_factor,3,FANG,2020Q1,2,0.5,1.0,17,0.11764705882352941,0.11764705882352941
natural_factor,3,FANG,2020Q3,1,-1.0,-1.0,16,0.0625,-0.0625
natural_factor,3,FANG,2020Q4,1,0.0,0.0,12,0.08333333333333333,0.0
natural_factor,3,FANG,2021Q1,2,0.0,0.0,23,0.08695652173913043,0.0
natural_factor,3,FANG,2021Q3,2,1.0,2.0,37,0.05405405405405406,0.10810810810810811
natural_factor,3,FANG,2021Q4,1,1.0,1.0,18,0.05555555555555555,0.05555555555555555
natural_factor,3,FANG,2022Q1,2,0.0,0.0,7,0.2857142857142857,0.0
natural_factor,3,FANG,2022Q4,2,0.0,0.0,6,0.3333333333333333,0.0
natural_factor,3,FANG,2023Q2,2,0.0,0.0,17,0.11764705882352941,0.0
natural_factor,3,FANG,2024Q3,1,-1.0,-1.0,23,0.043478260869565216,-0.043478260869565216
natural_factor,3,FANG,2024Q4,2,-0.5,-1.0,30,0.06666666666666667,-0.06666666666666667
natural_factor,3,FANG,2025Q1,1,1.0,1.0,2,0.5,0.5
natural_factor,3,GDP,2016Q4,2,0.0,0.0,11,0.18181818181818182,0.0
natural_factor,3,GDP,2018Q4,1,0.0,0.0,17,0.058823529411764705,0.0
natural_factor,3,HAL,2009Q4,1,0.0,0.0,4,0.25,0.0
natural_factor,3,HAL,2010Q2,5,-0.4,-2.0,11,0.45454545454545453,-0.9090909090909091
natural_factor,3,HAL,2010Q3,5,0.0,0.0,23,0.21739130434782608,0.0
natural_factor,3,HAL,2011Q1,3,-0.6666666666666666,-2.0,6,0.5,-1.0
natural_factor,3,HAL,2011Q2,1,1.0,1.0,3,0.3333333333333333,0.3333333333333333
natural_factor,3,HAL,2011Q3,3,0.6666666666666666,2.0,4,0.75,1.5
natural_factor,3,HAL,2012Q2,1,2.0,2.0,2,0.5,1.0
natural_factor,3,HAL,2012Q3,1,1.0,1.0,4,0.25,0.25
natural_factor,3,HAL,2012Q4,1,1.0,1.0,4,0.25,0.25
natural_factor,3,HAL,2013Q1,1,1.0,1.0,10,0.1,0.1
natural_factor,3,HAL,2013Q3,1,-1.0,-1.0,6,0.16666666666666666,-0.16666666666666666
natural_factor,3,HAL,2014Q2,2,1.5,3.0,7,0.2857142857142857,0.8571428571428571
natural_factor,3,HAL,2014Q4,7,0.8571428571428571,6.0,12,0.5833333333333334,3.5
natural_factor,3,HAL,2015Q1,2,0.0,0.0,7,0.2857142857142857,0.0
natural_factor,3,HAL,2015Q2,1,1.0,1.0,4,0.25,0.25
natural_factor,3,HAL,2015Q3,3,-0.6666666666666666,-2.0,16,0.1875,-0.375
natural_factor,3,HAL,2016Q1,2,-1.0,-2.0,10,0.2,-0.4
natural_factor,3,HAL,2016Q4,1,-2.0,-2.0,11,0.09090909090909091,-0.18181818181818182
natural_factor,3,HAL,2017Q1,1,0.0,0.0,10,0.1,0.0
natural_factor,3,HAL,2017Q2,1,1.0,1.0,13,0.07692307692307693,0.07692307692307693
natural_factor,3,HAL,2017Q3,1,1.0,1.0,8,0.125,0.125
natural_factor,3,HAL,2018Q1,4,0.5,2.0,14,0.2857142857142857,0.5714285714285714
natural_factor,3,HAL,2018Q3,2,-1.0,-2.0,22,0.09090909090909091,-0.18181818181818182
natural_factor,3,HAL,2018Q4,1,1.0,1.0,17,0.058823529411764705,0.058823529411764705
natural_factor,3,HAL,2019Q1,2,-1.0,-2.0,21,0.09523809523809523,-0.19047619047619047
natural_factor,3,HAL,2019Q2,3,0.6666666666666666,2.0,21,0.14285714285714285,0.2857142857142857
natural_factor,3,HAL,2019Q3,1,-1.0,-1.0,18,0.05555555555555555,-0.05555555555555555
natural_factor,3,HAL,2019Q4,2,-1.0,-2.0,23,0.08695652173913043,-0.17391304347826086
natural_factor,3,HAL,2020Q2,5,-0.4,-2.0,20,0.25,-0.5
natural_factor,3,HAL,2020Q3,3,1.3333333333333333,4.0,16,0.1875,0.75
natural_factor,3,HAL,2020Q4,1,-1.0,-1.0,12,0.08333333333333333,-0.08333333333333333
natural_factor,3,HAL,2021Q1,2,2.0,4.0,23,0.08695652173913043,0.34782608695652173
natural_factor,3,HAL,2021Q3,9,0.6666666666666666,6.0,37,0.24324324324324326,1.4594594594594597
natural_factor,3,HAL,2021Q4,1,2.0,2.0,18,0.05555555555555555,0.1111111111111111
natural_factor,3,HAL,2022Q1,1,1.0,1.0,7,0.14285714285714285,0.14285714285714285
natural_factor,3,HAL,2022Q2,1,1.0,1.0,13,0.07692307692307693,0.07692307692307693
natural_factor,3,HESM,2023Q4,1,2.0,2.0,20,0.05,0.1
natural_factor,3,HESM,2024Q3,1,1.0,1.0,23,0.043478260869565216,0.043478260869565216
natural_factor,3,HESM,2024Q4,1,0.0,0.0,30,0.03333333333333333,0.0
natural_factor,3,HP,2002Q1,2,0.0,0.0,2,1.0,0.0
natural_factor,3,HP,2002Q4,1,0.0,0.0,2,0.5,0.0
natural_factor,3,HP,2003Q4,1,0.0,0.0,2,0.5,0.0
natural_factor,3,HP,2004Q1,2,-0.5,-1.0,4,0.5,-0.5
natural_factor,3,HP,2005Q1,1,0.0,0.0,1,1.0,0.0
natural_factor,3,HP,2005Q2,1,0.0,0.0,1,1.0,0.0
natural_factor,3,HP,2006Q4,1,0.0,0.0,3,0.3333333333333333,0.0
natural_factor,3,HP,2009Q1,1,-1.0,-1.0,5,0.2,-0.2
natural_factor,3,HP,2010Q1,1,1.0,1.0,4,0.25,0.25
natural_factor,3,HP,2010Q2,3,-0.3333333333333333,-1.0,11,0.2727272727272727,-0.2727272727272727
natural_factor,3,HP,2010Q3,8,-0.125,-1.0,23,0.34782608695652173,-0.34782608695652173
natural_factor,3,HP,2010Q4,1,0.0,0.0,4,0.25,0.0
natural_factor,3,HP,2011Q1,1,0.0,0.0,6,0.16666666666666666,0.0
natural_factor,3,HP,2011Q3,1,0.0,0.0,4,0.25,0.0
natural_factor,3,HP,2012Q4,1,0.0,0.0,4,0.25,0.0
natural_factor,3,HP,2013Q1,2,0.0,0.0,10,0.2,0.0
natural_factor,3,HP,2013Q2,1,0.0,0.0,2,0.5,0.0
natural_factor,3,HP,2013Q4,1,0.0,0.0,5,0.2,0.0
natural_factor,3,HP,2014Q1,2,0.0,0.0,4,0.5,0.0
natural_factor,3,HP,2015Q2,1,0.0,0.0,4,0.25,0.0
natural_factor,3,HP,2015Q3,3,-0.6666666666666666,-2.0,16,0.1875,-0.375
natural_factor,3,HP,2015Q4,3,0.0,0.0,3,1.0,0.0
natural_factor,3,HP,2016Q2,6,0.0,0.0,12,0.5,0.0
natural_factor,3,HP,2016Q3,3,0.0,0.0,10,0.3,0.0
natural_factor,3,HP,2016Q4,1,0.0,0.0,11,0.09090909090909091,0.0
natural_factor,3,HP,2017Q1,1,0.0,0.0,10,0.1,0.0
natural_factor,3,HP,2017Q2,2,0.5,1.0,13,0.15384615384615385,0.15384615384615385
natural_factor,3,HP,2017Q4,2,0.0,0.0,15,0.13333333333333333,0.0
natural_factor,3,HP,2018Q4,1,0.0,0.0,17,0.058823529411764705,0.0
natural_factor,3,HP,2019Q1,4,0.25,1.0,21,0.19047619047619047,0.19047619047619047
natural_factor,3,HP,2019Q2,1,0.0,0.0,21,0.047619047619047616,0.0
natural_factor,3,HP,2019Q3,4,0.25,1.0,18,0.2222222222222222,0.2222222222222222
natural_factor,3,HP,2019Q4,5,0.0,0.0,23,0.21739130434782608,0.0
natural_factor,3,HP,2020Q1,3,0.0,0.0,17,0.17647058823529413,0.0
natural_factor,3,HP,2020Q2,1,-1.0,-1.0,20,0.05,-0.05
natural_factor,3,HP,2020Q3,1,-2.0,-2.0,16,0.0625,-0.125
natural_factor,3,HP,2020Q4,1,0.0,0.0,12,0.08333333333333333,0.0
natural_factor,3,HP,2021Q2,1,0.0,0.0,9,0.1111111111111111,0.0
natural_factor,3,HP,2021Q4,1,0.0,0.0,18,0.05555555555555555,0.0
natural_factor,3,HP,2022Q2,7,0.0,0.0,13,0.5384615384615384,0.0
natural_factor,3,HP,2022Q3,1,0.0,0.0,4,0.25,0.0
natural_factor,3,HP,2022Q4,1,0.0,0.0,6,0.16666666666666666,0.0
natural_factor,3,HP,2023Q2,1,0.0,0.0,17,0.058823529411764705,0.0
natural_factor,3,HP,2023Q3,2,0.0,0.0,11,0.18181818181818182,0.0
natural_factor,3,HP,2023Q4,1,0.0,0.0,20,0.05,0.0
natural_factor,3,HP,2024Q1,3,0.0,0.0,16,0.1875,0.0
natural_factor,3,HP,2024Q3,4,0.0,0.0,23,0.17391304347826086,0.0
natural_factor,3,HP,2024Q4,9,0.0,0.0,30,0.3,0.0
natural_factor,3,IOGPQ,2018Q2,1,-1.0,-1.0,12,0.08333333333333333,-0.08333333333333333
natural_factor,3,KRP,2019Q4,1,1.0,1.0,23,0.043478260869565216,0.043478260869565216
natural_factor,3,KRP,2024Q4,1,1.0,1.0,30,0.03333333333333333,0.03333333333333333
natural_factor,3,LNG,2024Q4,1,1.0,1.0,30,0.03333333333333333,0.03333333333333333
natural_factor,3,MXC,2017Q4,1,0.0,0.0,15,0.06666666666666667,0.0
natural_factor,3,NBR,2006Q4,1,1.0,1.0,3,0.3333333333333333,0.3333333333333333
natural_factor,3,NBR,2007Q4,1,1.0,1.0,3,0.3333333333333333,0.3333333333333333
natural_factor,3,NBR,2008Q4,1,-1.0,-1.0,2,0.5,-0.5
natural_factor,3,NBR,2009Q1,1,1.0,1.0,5,0.2,0.2
natural_factor,3,NBR,2011Q2,1,1.0,1.0,3,0.3333333333333333,0.3333333333333333
natural_factor,3,NBR,2012Q4,2,-1.5,-3.0,4,0.5,-1.5
natural_factor,3,NBR,2013Q3,1,-1.0,-1.0,6,0.16666666666666666,-0.16666666666666666
natural_factor,3,NBR,2014Q2,2,0.5,1.0,7,0.2857142857142857,0.2857142857142857
natural_factor,3,NBR,2015Q1,1,-1.0,-1.0,7,0.14285714285714285,-0.14285714285714285
natural_factor,3,NBR,2015Q3,1,-2.0,-2.0,16,0.0625,-0.125
natural_factor,3,NBR,2017Q4,1,0.0,0.0,15,0.06666666666666667,0.0
natural_factor,3,NES,2014Q3,1,2.0,2.0,5,0.2,0.4
natural_factor,3,NES,2017Q1,1,0.0,0.0,10,0.1,0.0
natural_factor,3,NES,2017Q2,1,-1.0,-1.0,13,0.07692307692307693,-0.07692307692307693
natural_factor,3,NESR,2017Q2,1,1.0,1.0,13,0.07692307692307693,0.07692307692307693
natural_factor,3,NEX,2018Q2,1,0.0,0.0,12,0.08333333333333333,0.0
natural_factor,3,PDCE,2016Q1,1,1.0,1.0,10,0.1,0.1
natural_factor,3,PDCE,2016Q3,3,1.3333333333333333,4.0,10,0.3,1.2
natural_factor,3,PDCE,2017Q1,1,1.0,1.0,10,0.1,0.1
natural_factor,3,PDCE,2019Q1,1,1.0,1.0,21,0.047619047619047616,0.047619047619047616
natural_factor,3,PHX,2010Q3,1,-1.0,-1.0,23,0.043478260869565216,-0.043478260869565216
natural_factor,3,PHX,2024Q4,1,-1.0,-1.0,30,0.03333333333333333,-0.03333333333333333
natural_factor,3,PNRG,2024Q3,1,-1.0,-1.0,23,0.043478260869565216,-0.043478260869565216
natural_factor,3,PR,2020Q2,1,0.0,0.0,20,0.05,0.0
natural_factor,3,PTEN,2005Q3,1,1.0,1.0,2,0.5,0.5
natural_factor,3,PTEN,2005Q4,1,-1.0,-1.0,2,0.5,-0.5
natural_factor,3,PTEN,2009Q3,1,1.0,1.0,6,0.16666666666666666,0.16666666666666666
natural_factor,3,PTEN,2016Q4,2,1.5,3.0,11,0.18181818181818182,0.5454545454545454
natural_factor,3,PTEN,2017Q3,1,1.0,1.0,8,0.125,0.125
natural_factor,3,PTEN,2024Q3,1,2.0,2.0,23,0.043478260869565216,0.08695652173913043
natural_factor,3,PTEN,2024Q4,1,-1.0,-1.0,30,0.03333333333333333,-0.03333333333333333
natural_factor,3,PUMP,2019Q4,1,-2.0,-2.0,23,0.043478260869565216,-0.08695652173913043
natural_factor,3,PUMP,2021Q4,1,0.0,0.0,18,0.05555555555555555,0.0
natural_factor,3,PUMP,2024Q4,1,1.0,1.0,30,0.03333333333333333,0.03333333333333333
natural_factor,3,RIG,2008Q3,1,1.0,1.0,2,0.5,0.5
natural_factor,3,RIG,2009Q4,1,1.0,1.0,4,0.25,0.25
natural_factor,3,RIG,2010Q1,1,1.0,1.0,4,0.25,0.25
natural_factor,3,RIG,2010Q2,1,-2.0,-2.0,11,0.09090909090909091,-0.18181818181818182
natural_factor,3,RIG,2010Q3,7,-0.2857142857142857,-2.0,23,0.30434782608695654,-0.6086956521739131
natural_factor,3,RIG,2010Q4,3,0.6666666666666666,2.0,4,0.75,1.5
natural_factor,3,RIG,2011Q2,1,1.0,1.0,3,0.3333333333333333,0.3333333333333333
natural_factor,3,RIG,2012Q3,1,-1.0,-1.0,4,0.25,-0.25
natural_factor,3,RIG,2013Q1,2,-1.5,-3.0,10,0.2,-0.6000000000000001
natural_factor,3,RIG,2016Q2,1,0.0,0.0,12,0.08333333333333333,0.0
natural_factor,3,RIG,2016Q4,1,1.0,1.0,11,0.09090909090909091,0.09090909090909091
natural_factor,3,RIG,2017Q1,3,-0.3333333333333333,-1.0,10,0.3,-0.3
natural_factor,3,RIG,2017Q2,1,1.0,1.0,13,0.07692307692307693,0.07692307692307693
natural_factor,3,RIG,2017Q3,1,2.0,2.0,8,0.125,0.25
natural_factor,3,RIG,2017Q4,2,0.5,1.0,15,0.13333333333333333,0.13333333333333333
natural_factor,3,RIG,2018Q1,4,0.25,1.0,14,0.2857142857142857,0.2857142857142857
natural_factor,3,RIG,2018Q2,3,0.6666666666666666,2.0,12,0.25,0.5
natural_factor,3,RIG,2018Q3,9,0.5555555555555556,5.0,22,0.4090909090909091,2.0454545454545454
natural_factor,3,RIG,2018Q4,2,-0.5,-1.0,17,0.11764705882352941,-0.11764705882352941
natural_factor,3,RIG,2019Q1,5,0.2,1.0,21,0.23809523809523808,0.23809523809523808
natural_factor,3,RIG,2019Q2,2,0.0,0.0,21,0.09523809523809523,0.0
natural_factor,3,RIG,2019Q3,3,0.0,0.0,18,0.16666666666666666,0.0
natural_factor,3,RIG,2019Q4,2,1.0,2.0,23,0.08695652173913043,0.17391304347826086
natural_factor,3,RIG,2020Q1,4,0.0,0.0,17,0.23529411764705882,0.0
natural_factor,3,RIG,2020Q2,1,-1.0,-1.0,20,0.05,-0.05
natural_factor,3,RIG,2021Q1,1,1.0,1.0,23,0.043478260869565216,0.043478260869565216
natural_factor,3,RIG,2021Q2,1,-1.0,-1.0,9,0.1111111111111111,-0.1111111111111111
natural_factor,3,RIG,2021Q3,1,1.0,1.0,37,0.02702702702702703,0.02702702702702703
natural_factor,3,RIG,2024Q4,1,-1.0,-1.0,30,0.03333333333333333,-0.03333333333333333
natural_factor,3,SD,2013Q1,1,-1.0,-1.0,10,0.1,-0.1
natural_factor,3,SD,2015Q3,1,1.0,1.0,16,0.0625,0.0625
natural_factor,3,SD,2016Q1,1,-2.0,-2.0,10,0.1,-0.2
natural_factor,3,SD,2017Q1,1,0.0,0.0,10,0.1,0.0
natural_factor,3,SD,2017Q4,3,-0.3333333333333333,-1.0,15,0.2,-0.2
natural_factor,3,SD,2018Q1,2,0.0,0.0,14,0.14285714285714285,0.0
natural_factor,3,SD,2018Q2,2,0.0,0.0,12,0.16666666666666666,0.0
natural_factor,3,SLB,2003Q1,1,1.0,1.0,1,1.0,1.0
natural_factor,3,SLB,2003Q3,1,-1.0,-1.0,1,1.0,-1.0
natural_factor,3,SLB,2004Q1,1,1.0,1.0,4,0.25,0.25
natural_factor,3,SLB,2005Q3,1,1.0,1.0,2,0.5,0.5
natural_factor,3,SLB,2006Q1,2,0.0,0.0,2,1.0,0.0
natural_factor,3,SLB,2007Q3,1,0.0,0.0,1,1.0,0.0
natural_factor,3,SLB,2007Q4,2,0.0,0.0,3,0.6666666666666666,0.0
natural_factor,3,SLB,2008Q4,1,-1.0,-1.0,2,0.5,-0.5
natural_factor,3,SLB,2009Q1,2,-0.5,-1.0,5,0.4,-0.4
natural_factor,3,SLB,2009Q2,1,0.0,0.0,1,1.0,0.0
natural_factor,3,SLB,2009Q3,1,-1.0,-1.0,6,0.16666666666666666,-0.16666666666666666
natural_factor,3,SLB,2010Q1,1,2.0,2.0,4,0.25,0.5
natural_factor,3,SLB,2011Q1,1,2.0,2.0,6,0.16666666666666666,0.3333333333333333
natural_factor,3,SLB,2013Q1,2,-0.5,-1.0,10,0.2,-0.2
natural_factor,3,SLB,2013Q3,2,1.5,3.0,6,0.3333333333333333,1.0
natural_factor,3,SLB,2013Q4,2,1.5,3.0,5,0.4,1.2000000000000002
natural_factor,3,SLB,2014Q4,2,-0.5,-1.0,12,0.16666666666666666,-0.16666666666666666
natural_factor,3,SLB,2015Q1,2,0.0,0.0,7,0.2857142857142857,0.0
natural_factor,3,SLB,2015Q3,4,0.0,0.0,16,0.25,0.0
natural_factor,3,SLB,2016Q1,1,-1.0,-1.0,10,0.1,-0.1
natural_factor,3,SLB,2018Q1,1,0.0,0.0,14,0.07142857142857142,0.0
natural_factor,3,SLB,2018Q2,1,1.0,1.0,12,0.08333333333333333,0.08333333333333333
natural_factor,3,SLB,2018Q3,2,0.0,0.0,22,0.09090909090909091,0.0
natural_factor,3,SLB,2018Q4,1,2.0,2.0,17,0.058823529411764705,0.11764705882352941
natural_factor,3,SLB,2019Q1,3,-0.6666666666666666,-2.0,21,0.14285714285714285,-0.2857142857142857
natural_factor,3,SLB,2019Q2,3,1.0,3.0,21,0.14285714285714285,0.42857142857142855
natural_factor,3,SLB,2019Q4,2,-0.5,-1.0,23,0.08695652173913043,-0.08695652173913043
natural_factor,3,SLB,2020Q2,1,-1.0,-1.0,20,0.05,-0.05
natural_factor,3,SLB,2020Q3,3,-0.3333333333333333,-1.0,16,0.1875,-0.1875
natural_factor,3,SLB,2020Q4,5,-1.2,-6.0,12,0.4166666666666667,-2.5
natural_factor,3,SLB,2021Q1,2,0.0,0.0,23,0.08695652173913043,0.0
natural_factor,3,SLB,2021Q2,1,0.0,0.0,9,0.1111111111111111,0.0
natural_factor,3,SLB,2021Q3,12,0.25,3.0,37,0.32432432432432434,0.972972972972973
natural_factor,3,SLB,2023Q1,1,1.0,1.0,9,0.1111111111111111,0.1111111111111111
natural_factor,3,SLB,2023Q2,1,0.0,0.0,17,0.058823529411764705,0.0
natural_factor,3,SLB,2023Q3,1,-1.0,-1.0,11,0.09090909090909091,-0.09090909090909091
natural_factor,3,SLB,2023Q4,1,1.0,1.0,20,0.05,0.05
natural_factor,3,SLB,2024Q3,1,-2.0,-2.0,23,0.043478260869565216,-0.08695652173913043
natural_factor,3,STR,2009Q4,1,-1.0,-1.0,4,0.25,-0.25
natural_factor,3,STR,2013Q3,1,0.0,0.0,6,0.16666666666666666,0.0
natural_factor,3,STR,2015Q2,1,0.0,0.0,4,0.25,0.0
natural_factor,3,STR,2019Q1,1,0.0,0.0,21,0.047619047619047616,0.0
natural_factor,3,STR,2019Q3,1,0.0,0.0,18,0.05555555555555555,0.0
natural_factor,3,STR,2020Q2,1,0.0,0.0,20,0.05,0.0
natural_factor,3,STR,2020Q3,1,0.0,0.0,16,0.0625,0.0
natural_factor,3,STR,2021Q1,1,-1.0,-1.0,23,0.043478260869565216,-0.043478260869565216
natural_factor,3,TTI,2006Q4,1,0.0,0.0,3,0.3333333333333333,0.0
natural_factor,3,TTI,2008Q2,1,-1.0,-1.0,1,1.0,-1.0
natural_factor,3,TTI,2009Q1,1,-1.0,-1.0,5,0.2,-0.2
natural_factor,3,TTI,2009Q3,1,-1.0,-1.0,6,0.16666666666666666,-0.16666666666666666
natural_factor,3,TTI,2010Q2,1,0.0,0.0,11,0.09090909090909091,0.0
natural_factor,3,TTI,2011Q1,1,0.0,0.0,6,0.16666666666666666,0.0
natural_factor,3,TTI,2017Q4,1,0.0,0.0,15,0.06666666666666667,0.0
natural_factor,3,USEG,2016Q4,1,1.0,1.0,11,0.09090909090909091,0.09090909090909091
natural_factor,3,USEG,2024Q3,3,-0.3333333333333333,-1.0,23,0.13043478260869565,-0.13043478260869565
natural_factor,3,VEI,2021Q3,1,-1.0,-1.0,37,0.02702702702702703,-0.02702702702702703
natural_factor,3,VOC,2020Q4,1,1.0,1.0,12,0.08333333333333333,0.08333333333333333
natural_factor,3,VTLE,2023Q2,1,2.0,2.0,17,0.058823529411764705,0.11764705882352941
natural_factor,3,VTLE,2024Q4,3,-0.3333333333333333,-1.0,30,0.1,-0.1
natural_factor,3,VTS,2017Q2,1,1.0,1.0,13,0.07692307692307693,0.07692307692307693
natural_factor,3,VTS,2018Q2,1,0.0,0.0,12,0.08333333333333333,0.0
natural_factor,3,WLL,2003Q4,1,1.0,1.0,2,0.5,0.5
natural_factor,3,WLL,2010Q3,1,1.0,1.0,23,0.043478260869565216,0.043478260869565216
natural_factor,3,WLL,2014Q4,2,-1.5,-3.0,12,0.16666666666666666,-0.5
natural_factor,3,WLL,2015Q1,2,0.0,0.0,7,0.2857142857142857,0.0
natural_factor,3,WLL,2015Q3,2,-2.0,-4.0,16,0.125,-0.5
natural_factor,3,WLL,2017Q4,1,-1.0,-1.0,15,0.06666666666666667,-0.06666666666666667
natural_factor,3,WLL,2019Q4,1,-1.0,-1.0,23,0.043478260869565216,-0.043478260869565216
natural_factor,3,WLL,2020Q2,2,-2.0,-4.0,20,0.1,-0.4
natural_factor,4,APA,2024Q1,1,0.0,0.0,2,0.5,0.0
natural_factor,4,AR,2021Q1,1,0.0,0.0,4,0.25,0.0
natural_factor,4,CRC,2015Q4,1,0.0,0.0,1,1.0,0.0
natural_factor,4,CRC,2023Q2,1,0.0,0.0,3,0.3333333333333333,0.0
natural_factor,4,EP,2013Q2,1,1.0,1.0,1,1.0,1.0
natural_factor,4,EP,2022Q4,1,0.0,0.0,5,0.2,0.0
natural_factor,4,EQT,2016Q1,2,0.0,0.0,2,1.0,0.0
natural_factor,4,EQT,2016Q4,1,0.0,0.0,1,1.0,0.0
natural_factor,4,EQT,2019Q1,1,0.0,0.0,2,0.5,0.0
natural_factor,4,EQT,2019Q4,1,0.0,0.0,2,0.5,0.0
natural_factor,4,EQT,2021Q1,2,0.0,0.0,4,0.5,0.0
natural_factor,4,EQT,2021Q2,1,0.0,0.0,2,0.5,0.0
natural_factor,4,EQT,2022Q1,3,0.0,0.0,3,1.0,0.0
natural_factor,4,EQT,2022Q2,1,0.0,0.0,2,0.5,0.0
natural_factor,4,EQT,2022Q4,2,0.0,0.0,5,0.4,0.0
natural_factor,4,EQT,2023Q1,1,0.0,0.0,3,0.3333333333333333,0.0
natural_factor,4,EQT,2023Q2,1,0.0,0.0,3,0.3333333333333333,0.0
natural_factor,4,EQT,2024Q1,1,0.0,0.0,2,0.5,0.0
natural_factor,4,EQT,2024Q3,1,0.0,0.0,1,1.0,0.0
natural_factor,4,EXE,2007Q3,1,0.0,0.0,1,1.0,0.0
natural_factor,4,FANG,2017Q4,1,0.0,0.0,1,1.0,0.0
natural_factor,4,FANG,2018Q2,1,0.0,0.0,2,0.5,0.0
natural_factor,4,FANG,2018Q3,2,0.0,0.0,2,1.0,0.0
natural_factor,4,FANG,2018Q4,1,0.0,0.0,1,1.0,0.0
natural_factor,4,HP,2004Q1,1,0.0,0.0,1,1.0,0.0
natural_factor,4,HP,2019Q4,1,0.0,0.0,2,0.5,0.0
natural_factor,4,HP,2021Q2,1,0.0,0.0,2,0.5,0.0
natural_factor,4,HP,2023Q3,1,0.0,0.0,2,0.5,0.0
natural_factor,4,HP,2023Q4,2,0.0,0.0,2,1.0,0.0
natural_factor,4,HP,2024Q2,2,0.0,0.0,3,0.6666666666666666,0.0
natural_factor,4,NESR,2018Q2,1,1.0,1.0,2,0.5,0.5
natural_factor,4,NEX,2009Q4,1,2.0,2.0,1,1.0,2.0
natural_factor,4,NEX,2019Q1,1,0.0,0.0,2,0.5,0.0
natural_factor,4,NEX,2019Q3,1,1.0,1.0,2,0.5,0.5
natural_factor,4,NEX,2023Q2,1,-1.0,-1.0,3,0.3333333333333333,-0.3333333333333333
natural_factor,4,PED,2022Q2,1,0.0,0.0,2,0.5,0.0
natural_factor,4,PED,2022Q3,1,1.0,1.0,1,1.0,1.0
natural_factor,4,PED,2022Q4,2,0.5,1.0,5,0.4,0.4
natural_factor,4,SLB,2021Q1,1,1.0,1.0,4,0.25,0.25
natural_factor,4,SLB,2024Q2,1,-1.0,-1.0,3,0.3333333333333333,-0.3333333333333333
natural_factor,4,STR,2023Q3,1,0.0,0.0,2,0.5,0.0
natural_factor,4,TTI,2019Q3,1,1.0,1.0,2,0.5,0.5
natural_factor,4,VOC,2023Q1,1,1.0,1.0,3,0.3333333333333333,0.3333333333333333
natural_factor,4,VTS,2017Q2,1,0.0,0.0,1,1.0,0.0
natural_factor,4,VTS,2023Q1,1,0.0,0.0,3,0.3333333333333333,0.0
supply_side,0,APA,2002Q1,1,0.0,0.0,1,1.0,0.0
supply_side,0,APA,2011Q4,1,0.0,0.0,1,1.0,0.0
supply_side,0,APA,2012Q3,1,0.0,0.0,3,0.3333333333333333,0.0
supply_side,0,APA,2014Q3,1,0.0,0.0,1,1.0,0.0
supply_side,0,APA,2016Q2,1,0.0,0.0,2,0.5,0.0
supply_side,0,APA,2020Q2,1,0.0,0.0,8,0.125,0.0
supply_side,0,APA,2022Q3,1,0.0,0.0,3,0.3333333333333333,0.0
supply_side,0,APA,2023Q4,2,0.0,0.0,2,1.0,0.0
supply_side,0,APA,2024Q4,1,1.0,1.0,10,0.1,0.1
supply_side,0,AR,2020Q1,1,0.0,0.0,9,0.1111111111111111,0.0
supply_side,0,AR,2020Q3,1,0.0,0.0,7,0.14285714285714285,0.0
supply_side,0,AR,2022Q1,1,0.0,0.0,5,0.2,0.0
supply_side,0,AR,2022Q2,1,0.0,0.0,9,0.1111111111111111,0.0
supply_side,0,BATL,2020Q2,1,0.0,0.0,8,0.125,0.0
supply_side,0,BRN,2015Q3,1,0.0,0.0,5,0.2,0.0
supply_side,0,BRN,2019Q3,1,0.0,0.0,7,0.14285714285714285,0.0
supply_side,0,BRN,2022Q2,1,0.0,0.0,9,0.1111111111111111,0.0
supply_side,0,BSM,2015Q4,1,0.0,0.0,1,1.0,0.0
supply_side,0,BSM,2016Q1,1,0.0,0.0,2,0.5,0.0
supply_side,0,BSM,2017Q2,1,0.0,0.0,3,0.3333333333333333,0.0
supply_side,0,BSM,2021Q1,1,0.0,0.0,6,0.16666666666666666,0.0
supply_side,0,BSM,2021Q2,1,0.0,0.0,9,0.1111111111111111,0.0
supply_side,0,BSM,2023Q1,1,0.0,0.0,8,0.125,0.0
supply_side,0,CCLP,2008Q1,1,0.0,0.0,1,1.0,0.0
supply_side,0,CLB,2009Q1,1,0.0,0.0,1,1.0,0.0
supply_side,0,CLB,2015Q2,1,0.0,0.0,1,1.0,0.0
supply_side,0,CLB,2020Q1,1,0.0,0.0,9,0.1111111111111111,0.0
supply_side,0,CPE,1998Q3,1,0.0,0.0,1,1.0,0.0
supply_side,0,CPE,2000Q1,1,0.0,0.0,1,1.0,0.0
supply_side,0,CPE,2006Q1,2,0.0,0.0,2,1.0,0.0
supply_side,0,CPE,2006Q2,3,0.0,0.0,3,1.0,0.0
supply_side,0,CPE,2010Q2,1,0.0,0.0,1,1.0,0.0
supply_side,0,CPE,2010Q3,1,0.0,0.0,1,1.0,0.0
supply_side,0,CPE,2019Q3,1,0.0,0.0,7,0.14285714285714285,0.0
supply_side,0,CPE,2021Q1,1,0.0,0.0,6,0.16666666666666666,0.0
supply_side,0,CPE,2021Q2,1,0.0,0.0,9,0.1111111111111111,0.0
supply_side,0,CRC,2006Q3,1,0.0,0.0,1,1.0,0.0
supply_side,0,CRC,2009Q3,1,0.0,0.0,1,1.0,0.0
supply_side,0,CRC,2015Q1,1,0.0,0.0,1,1.0,0.0
supply_side,0,CRC,2017Q4,1,0.0,0.0,3,0.3333333333333333,0.0
supply_side,0,CRC,2019Q4,1,0.0,0.0,5,0.2,0.0
supply_side,0,CRC,2023Q1,1,0.0,0.0,8,0.125,0.0
supply_side,0,CRC,2024Q1,1,0.0,0.0,6,0.16666666666666666,0.0
supply_side,0,CRC,2024Q4,2,0.0,0.0,10,0.2,0.0
supply_side,0,CRK,2023Q2,1,0.0,0.0,10,0.1,0.0
supply_side,0,DCP,2021Q1,1,0.0,0.0,6,0.16666666666666666,0.0
supply_side,0,DO,2025Q1,1,1.0,1.0,2,0.5,0.5
supply_side,0,DWSN,2020Q2,1,0.0,0.0,8,0.125,0.0
supply_side,0,EP,2019Q2,1,0.0,0.0,1,1.0,0.0
supply_side,0,EP,2021Q3,1,0.0,0.0,6,0.16666666666666666,0.0
supply_side,0,EQT,2017Q1,1,0.0,0.0,1,1.0,0.0
supply_side,0,EQT,2017Q2,1,0.0,0.0,3,0.3333333333333333,0.0
supply_side,0,EQT,2017Q4,1,0.0,0.0,3,0.3333333333333333,0.0
supply_side,0,EQT,2019Q3,2,1.0,2.0,7,0.2857142857142857,0.5714285714285714
supply_side,0,EQT,2019Q4,1,0.0,0.0,5,0.2,0.0
supply_side,0,EQT,2020Q2,1,0.0,0.0,8,0.125,0.0
supply_side,0,EQT,2020Q3,2,0.0,0.0,7,0.2857142857142857,0.0
supply_side,0,EQT,2020Q4,2,0.0,0.0,8,0.25,0.0
supply_side,0,EQT,2021Q2,3,0.0,0.0,9,0.3333333333333333,0.0
supply_side,0,EQT,2021Q3,1,0.0,0.0,6,0.16666666666666666,0.0
supply_side,0,EQT,2022Q1,1,0.0,0.0,5,0.2,0.0
supply_side,0,EQT,2022Q4,1,0.0,0.0,12,0.08333333333333333,0.0
supply_side,0,EQT,2024Q1,2,0.0,0.0,6,0.3333333333333333,0.0
supply_side,0,EQT,2024Q4,2,0.0,0.0,10,0.2,0.0
supply_side,0,FANG,2016Q1,1,0.0,0.0,2,0.5,0.0
supply_side,0,FANG,2017Q4,1,0.0,0.0,3,0.3333333333333333,0.0
supply_side,0,FANG,2018Q2,1,0.0,0.0,1,1.0,0.0
supply_side,0,HAL,2001Q2,1,0.0,0.0,1,1.0,0.0
supply_side,0,HAL,2003Q4,1,0.0,0.0,1,1.0,0.0
supply_side,0,HAL,2015Q3,2,-1.0,-2.0,5,0.4,-0.8
supply_side,0,HAL,2020Q2,1,-2.0,-2.0,8,0.125,-0.25
supply_side,0,HAL,2024Q3,1,1.0,1.0,2,0.5,0.5
supply_side,0,HESM,2024Q4,1,0.0,0.0,10,0.1,0.0
supply_side,0,HP,2007Q2,1,0.0,0.0,1,1.0,0.0
supply_side,0,HP,2011Q3,1,0.0,0.0,1,1.0,0.0
supply_side,0,HP,2012Q3,1,0.0,0.0,3,0.3333333333333333,0.0
supply_side,0,HP,2013Q1,1,0.0,0.0,1,1.0,0.0
supply_side,0,HP,2013Q4,1,0.0,0.0,1,1.0,0.0
supply_side,0,HP,2016Q4,1,0.0,0.0,1,1.0,0.0
supply_side,0,HP,2017Q2,1,0.0,0.0,3,0.3333333333333333,0.0
supply_side,0,HP,2017Q3,1,0.0,0.0,2,0.5,0.0
supply_side,0,HP,2019Q3,3,0.0,0.0,7,0.42857142857142855,0.0
supply_side,0,HP,2019Q4,2,0.0,0.0,5,0.4,0.0
supply_side,0,HP,2020Q1,5,0.0,0.0,9,0.5555555555555556,0.0
supply_side,0,HP,2020Q2,1,0.0,0.0,8,0.125,0.0
supply_side,0,HP,2020Q3,1,0.0,0.0,7,0.14285714285714285,0.0
supply_side,0,HP,2020Q4,3,0.0,0.0,8,0.375,0.0
supply_side,0,HP,2021Q1,1,0.0,0.0,6,0.16666666666666666,0.0
supply_side,0,HP,2021Q2,3,-1.0,-3.0,9,0.3333333333333333,-1.0
supply_side,0,HP,2021Q3,2,-0.5,-1.0,6,0.3333333333333333,-0.3333333333333333
supply_side,0,HP,2021Q4,2,-0.5,-1.0,3,0.6666666666666666,-0.6666666666666666
supply_side,0,HP,2022Q1,2,0.0,0.0,5,0.4,0.0
supply_side,0,HP,2022Q2,7,-0.2857142857142857,-2.0,9,0.7777777777777778,-1.5555555555555556
supply_side,0,HP,2022Q3,2,0.0,0.0,3,0.6666666666666666,0.0
supply_side,0,HP,2022Q4,8,0.125,1.0,12,0.6666666666666666,0.6666666666666666
supply_side,0,HP,2023Q1,5,0.2,1.0,8,0.625,0.625
supply_side,0,HP,2023Q2,7,-0.14285714285714285,-1.0,10,0.7,-0.7
supply_side,0,HP,2024Q1,1,0.0,0.0,6,0.16666666666666666,0.0
supply_side,0,NBR,2017Q3,1,1.0,1.0,2,0.5,0.5
supply_side,0,NBR,2022Q4,1,2.0,2.0,12,0.08333333333333333,0.16666666666666666
supply_side,0,NES,2020Q2,1,0.0,0.0,8,0.125,0.0
supply_side,0,PDCE,2020Q2,1,0.0,0.0,8,0.125,0.0
supply_side,0,PDCE,2024Q4,1,1.0,1.0,10,0.1,0.1
supply_side,0,PR,2024Q1,1,0.0,0.0,6,0.16666666666666666,0.0
supply_side,0,PTEN,2024Q4,1,0.0,0.0,10,0.1,0.0
supply_side,0,RES,2024Q4,1,2.0,2.0,10,0.1,0.2
supply_side,0,SDRL,2025Q1,1,1.0,1.0,2,0.5,0.5
supply_side,0,SLB,2012Q3,1,1.0,1.0,3,0.3333333333333333,0.3333333333333333
supply_side,0,SLB,2015Q3,2,-1.0,-2.0,5,0.4,-0.8
supply_side,0,SLB,2021Q3,1,-1.0,-1.0,6,0.16666666666666666,-0.16666666666666666
supply_side,0,SLB,2022Q4,1,2.0,2.0,12,0.08333333333333333,0.16666666666666666
supply_side,0,SLB,2023Q1,1,2.0,2.0,8,0.125,0.25
supply_side,0,SLB,2023Q2,2,1.5,3.0,10,0.2,0.6000000000000001
supply_side,0,SLB,2024Q3,1,1.0,1.0,2,0.5,0.5
supply_side,0,SLB,2024Q4,1,1.0,1.0,10,0.1,0.1
supply_side,0,STR,2012Q4,1,-1.0,-1.0,1,1.0,-1.0
supply_side,0,STR,2019Q4,1,0.0,0.0,5,0.2,0.0
supply_side,0,STR,2020Q1,2,-0.5,-1.0,9,0.2222222222222222,-0.2222222222222222
supply_side,0,STR,2020Q3,1,1.0,1.0,7,0.14285714285714285,0.14285714285714285
supply_side,0,STR,2021Q4,1,-1.0,-1.0,3,0.3333333333333333,-0.3333333333333333
supply_side,0,STR,2022Q1,1,0.0,0.0,5,0.2,0.0
supply_side,0,STR,2024Q1,1,1.0,1.0,6,0.16666666666666666,0.16666666666666666
supply_side,0,TTI,2016Q2,1,0.0,0.0,2,0.5,0.0
supply_side,0,TTI,2020Q3,2,0.5,1.0,7,0.2857142857142857,0.2857142857142857
supply_side,0,TTI,2020Q4,1,0.0,0.0,8,0.125,0.0
supply_side,0,TTI,2021Q1,1,0.0,0.0,6,0.16666666666666666,0.0
supply_side,0,TTI,2021Q2,1,0.0,0.0,9,0.1111111111111111,0.0
supply_side,0,TTI,2021Q3,1,-1.0,-1.0,6,0.16666666666666666,-0.16666666666666666
supply_side,0,TTI,2022Q4,1,0.0,0.0,12,0.08333333333333333,0.0
supply_side,0,VOC,2018Q4,1,-1.0,-1.0,1,1.0,-1.0
supply_side,0,VOC,2020Q4,1,0.0,0.0,8,0.125,0.0
supply_side,0,VTS,2020Q4,1,0.0,0.0,8,0.125,0.0
supply_side,0,VTS,2021Q1,1,0.0,0.0,6,0.16666666666666666,0.0
supply_side,0,WLL,1999Q3,1,0.0,0.0,1,1.0,0.0
supply_side,2,APA,2000Q4,1,0.0,0.0,1,1.0,0.0
supply_side,2,APA,2001Q3,1,0.0,0.0,1,1.0,0.0
supply_side,2,APA,2007Q2,1,1.0,1.0,1,1.0,1.0
supply_side,2,APA,2010Q2,1,0.0,0.0,3,0.3333333333333333,0.0
supply_side,2,APA,2010Q3,2,0.0,0.0,5,0.4,0.0
supply_side,2,APA,2011Q2,1,1.0,1.0,3,0.3333333333333333,0.3333333333333333
supply_side,2,APA,2013Q2,1,-1.0,-1.0,4,0.25,-0.25
supply_side,2,APA,2014Q4,1,0.0,0.0,4,0.25,0.0
supply_side,2,APA,2018Q4,1,0.0,0.0,2,0.5,0.0
supply_side,2,APA,2019Q1,1,0.0,0.0,9,0.1111111111111111,0.0
supply_side,2,APA,2020Q4,1,0.0,0.0,4,0.25,0.0
supply_side,2,APA,2022Q1,1,0.0,0.0,6,0.16666666666666666,0.0
supply_side,2,APA,2022Q4,1,0.0,0.0,4,0.25,0.0
supply_side,2,APA,2024Q1,1,0.0,0.0,7,0.14285714285714285,0.0
supply_side,2,AR,2018Q3,1,0.0,0.0,3,0.3333333333333333,0.0
supply_side,2,AR,2020Q2,1,0.0,0.0,6,0.16666666666666666,0.0
supply_side,2,AR,2020Q4,1,0.0,0.0,4,0.25,0.0
supply_side,2,AR,2021Q1,2,0.0,0.0,6,0.3333333333333333,0.0
supply_side,2,AR,2021Q4,1,0.0,0.0,2,0.5,0.0
supply_side,2,AR,2022Q1,1,0.0,0.0,6,0.16666666666666666,0.0
supply_side,2,AR,2022Q4,1,0.0,0.0,4,0.25,0.0
supply_side,2,AR,2023Q1,1,0.0,0.0,3,0.3333333333333333,0.0
supply_side,2,CPE,2019Q4,1,0.0,0.0,3,0.3333333333333333,0.0
supply_side,2,CRC,1998Q3,1,0.0,0.0,1,1.0,0.0
supply_side,2,CRC,2020Q3,1,0.0,0.0,5,0.2,0.0
supply_side,2,CRC,2020Q4,1,0.0,0.0,4,0.25,0.0
supply_side,2,CRC,2021Q1,1,0.0,0.0,6,0.16666666666666666,0.0
supply_side,2,DCP,2016Q3,1,0.0,0.0,6,0.16666666666666666,0.0
supply_side,2,DCP,2017Q4,1,0.0,0.0,5,0.2,0.0
supply_side,2,DO,2020Q2,1,-1.0,-1.0,6,0.16666666666666666,-0.16666666666666666
supply_side,2,EP,2006Q2,1,0.0,0.0,1,1.0,0.0
supply_side,2,EP,2020Q1,1,0.0,0.0,8,0.125,0.0
supply_side,2,EP,2022Q1,2,0.0,0.0,6,0.3333333333333333,0.0
supply_side,2,EQT,2003Q4,1,0.0,0.0,1,1.0,0.0
supply_side,2,EQT,2004Q1,1,0.0,0.0,1,1.0,0.0
supply_side,2,EQT,2009Q4,1,0.0,0.0,3,0.3333333333333333,0.0
supply_side,2,EQT,2011Q4,1,0.0,0.0,2,0.5,0.0
supply_side,2,EQT,2014Q4,1,-1.0,-1.0,4,0.25,-0.25
supply_side,2,EQT,2015Q2,1,0.0,0.0,5,0.2,0.0
supply_side,2,EQT,2015Q3,1,0.0,0.0,10,0.1,0.0
supply_side,2,EQT,2016Q4,2,0.0,0.0,5,0.4,0.0
supply_side,2,EQT,2017Q1,2,0.0,0.0,4,0.5,0.0
supply_side,2,EQT,2017Q2,2,0.0,0.0,5,0.4,0.0
supply_side,2,EQT,2017Q4,1,0.0,0.0,5,0.2,0.0
supply_side,2,EQT,2018Q1,1,0.0,0.0,6,0.16666666666666666,0.0
supply_side,2,EQT,2018Q2,1,0.0,0.0,10,0.1,0.0
supply_side,2,EQT,2018Q3,1,0.0,0.0,3,0.3333333333333333,0.0
supply_side,2,EQT,2019Q1,1,0.0,0.0,9,0.1111111111111111,0.0
supply_side,2,EQT,2019Q2,2,0.0,0.0,2,1.0,0.0
supply_side,2,EQT,2019Q3,3,0.0,0.0,3,1.0,0.0
supply_side,2,EQT,2019Q4,1,0.0,0.0,3,0.3333333333333333,0.0
supply_side,2,EQT,2020Q4,1,0.0,0.0,4,0.25,0.0
supply_side,2,EQT,2021Q1,1,0.0,0.0,6,0.16666666666666666,0.0
supply_side,2,EQT,2021Q2,1,0.0,0.0,3,0.3333333333333333,0.0
supply_side,2,EQT,2021Q3,1,0.0,0.0,3,0.3333333333333333,0.0
supply_side,2,EQT,2021Q4,1,0.0,0.0,2,0.5,0.0
supply_side,2,EQT,2022Q2,1,0.0,0.0,4,0.25,0.0
supply_side,2,EQT,2022Q4,2,0.0,0.0,4,0.5,0.0
supply_side,2,EQT,2023Q1,1,0.0,0.0,3,0.3333333333333333,0.0
supply_side,2,EQT,2023Q3,1,0.0,0.0,2,0.5,0.0
supply_side,2,EQT,2023Q4,2,1.0,2.0,3,0.6666666666666666,1.3333333333333333
supply_side,2,EQT,2024Q1,4,0.5,2.0,7,0.5714285714285714,1.1428571428571428
supply_side,2,EQT,2024Q4,1,-2.0,-2.0,3,0.3333333333333333,-0.6666666666666666
supply_side,2,FANG,2017Q4,1,0.0,0.0,5,0.2,0.0
supply_side,2,FANG,2020Q1,2,0.0,0.0,8,0.25,0.0
supply_side,2,FANG,2020Q2,1,-1.0,-1.0,6,0.16666666666666666,-0.16666666666666666
supply_side,2,FANG,2021Q1,1,-1.0,-1.0,6,0.16666666666666666,-0.16666666666666666
supply_side,2,FANG,2022Q3,1,-1.0,-1.0,3,0.3333333333333333,-0.3333333333333333
supply_side,2,HAL,2011Q2,1,-1.0,-1.0,3,0.3333333333333333,-0.3333333333333333
supply_side,2,HAL,2012Q1,7,-0.42857142857142855,-3.0,20,0.35,-1.0499999999999998
supply_side,2,HAL,2012Q4,1,-1.0,-1.0,4,0.25,-0.25
supply_side,2,HAL,2013Q1,3,0.0,0.0,12,0.25,0.0
supply_side,2,HAL,2013Q3,3,-1.3333333333333333,-4.0,5,0.6,-2.4
supply_side,2,HAL,2013Q4,2,-1.0,-2.0,5,0.4,-0.8
supply_side,2,HAL,2014Q2,1,1.0,1.0,7,0.14285714285714285,0.14285714285714285
supply_side,2,HAL,2014Q3,2,-1.0,-2.0,8,0.25,-0.5
supply_side,2,HAL,2015Q2,2,0.0,0.0,5,0.4,0.0
supply_side,2,HAL,2015Q3,4,-0.5,-2.0,10,0.4,-0.8
supply_side,2,HAL,2015Q4,2,1.5,3.0,5,0.4,1.2000000000000002
supply_side,2,HAL,2016Q1,4,-0.25,-1.0,6,0.6666666666666666,-0.6666666666666666
supply_side,2,HAL,2016Q2,3,-1.3333333333333333,-4.0,6,0.5,-2.0
supply_side,2,HAL,2017Q2,1,1.0,1.0,5,0.2,0.2
supply_side,2,HAL,2018Q4,1,-1.0,-1.0,2,0.5,-0.5
supply_side,2,HAL,2019Q1,2,-1.0,-2.0,9,0.2222222222222222,-0.4444444444444444
supply_side,2,HAL,2020Q1,1,-1.0,-1.0,8,0.125,-0.125
supply_side,2,HAL,2020Q2,1,-1.0,-1.0,6,0.16666666666666666,-0.16666666666666666
supply_side,2,HP,2001Q1,1,0.0,0.0,2,0.5,0.0
supply_side,2,HP,2006Q3,1,0.0,0.0,1,1.0,0.0
supply_side,2,HP,2008Q3,1,0.0,0.0,1,1.0,0.0
supply_side,2,HP,2009Q2,1,0.0,0.0,1,1.0,0.0
supply_side,2,HP,2009Q4,2,0.0,0.0,3,0.6666666666666666,0.0
supply_side,2,HP,2010Q1,1,0.0,0.0,1,1.0,0.0
supply_side,2,HP,2010Q3,3,0.0,0.0,5,0.6,0.0
supply_side,2,HP,2011Q1,2,-0.5,-1.0,4,0.5,-0.5
supply_side,2,HP,2011Q3,2,-0.5,-1.0,2,1.0,-1.0
supply_side,2,HP,2012Q4,1,0.0,0.0,4,0.25,0.0
supply_side,2,HP,2013Q1,2,0.0,0.0,12,0.16666666666666666,0.0
supply_side,2,HP,2014Q1,1,0.0,0.0,1,1.0,0.0
supply_side,2,HP,2014Q4,1,0.0,0.0,4,0.25,0.0
supply_side,2,HP,2015Q1,1,0.0,0.0,3,0.3333333333333333,0.0
supply_side,2,HP,2015Q4,1,0.0,0.0,5,0.2,0.0
supply_side,2,HP,2016Q1,1,0.0,0.0,6,0.16666666666666666,0.0
supply_side,2,HP,2016Q3,2,0.0,0.0,6,0.3333333333333333,0.0
supply_side,2,HP,2016Q4,1,0.0,0.0,5,0.2,0.0
supply_side,2,HP,2017Q1,1,0.0,0.0,4,0.25,0.0
supply_side,2,HP,2017Q3,1,0.0,0.0,2,0.5,0.0
supply_side,2,HP,2017Q4,1,0.0,0.0,5,0.2,0.0
supply_side,2,HP,2020Q1,1,0.0,0.0,8,0.125,0.0
supply_side,2,HP,2022Q1,1,0.0,0.0,6,0.16666666666666666,0.0
supply_side,2,HP,2022Q2,2,0.5,1.0,4,0.5,0.5
supply_side,2,HP,2023Q3,1,0.0,0.0,2,0.5,0.0
supply_side,2,HP,2024Q1,2,0.0,0.0,7,0.2857142857142857,0.0
supply_side,2,HP,2024Q2,2,0.0,0.0,3,0.6666666666666666,0.0
supply_side,2,HP,2024Q3,1,0.0,0.0,2,0.5,0.0
supply_side,2,MXC,2021Q2,2,0.0,0.0,3,0.6666666666666666,0.0
supply_side,2,MXC,2021Q3,1,-1.0,-1.0,3,0.3333333333333333,-0.3333333333333333
supply_side,2,NBR,2008Q4,1,-1.0,-1.0,1,1.0,-1.0
supply_side,2,NBR,2013Q1,1,-1.0,-1.0,12,0.08333333333333333,-0.08333333333333333
supply_side,2,NBR,2014Q2,1,2.0,2.0,7,0.14285714285714285,0.2857142857142857
supply_side,2,NBR,2014Q3,1,-1.0,-1.0,8,0.125,-0.125
supply_side,2,NBR,2016Q4,1,1.0,1.0,5,0.2,0.2
supply_side,2,NBR,2018Q2,3,-0.3333333333333333,-1.0,10,0.3,-0.3
supply_side,2,NE,2013Q1,1,-1.0,-1.0,12,0.08333333333333333,-0.08333333333333333
supply_side,2,PDCE,2019Q1,1,-2.0,-2.0,9,0.1111111111111111,-0.2222222222222222
supply_side,2,PR,2019Q1,1,0.0,0.0,9,0.1111111111111111,0.0
supply_side,2,PR,2024Q3,1,0.0,0.0,2,0.5,0.0
supply_side,2,PR,2024Q4,1,1.0,1.0,3,0.3333333333333333,0.3333333333333333
supply_side,2,PTEN,2017Q1,1,1.0,1.0,4,0.25,0.25
supply_side,2,PUMP,2014Q3,1,0.0,0.0,8,0.125,0.0
supply_side,2,PUMP,2020Q1,2,-2.0,-4.0,8,0.25,-1.0
supply_side,2,PUMP,2021Q1,1,-1.0,-1.0,6,0.16666666666666666,-0.16666666666666666
supply_side,2,RIG,2007Q3,1,0.0,0.0,1,1.0,0.0
supply_side,2,RIG,2010Q2,2,-1.0,-2.0,3,0.6666666666666666,-1.3333333333333333
supply_side,2,RIG,2010Q4,1,1.0,1.0,3,0.3333333333333333,0.3333333333333333
supply_side,2,RIG,2011Q2,1,-1.0,-1.0,3,0.3333333333333333,-0.3333333333333333
supply_side,2,RIG,2011Q4,1,-2.0,-2.0,2,0.5,-1.0
supply_side,2,RIG,2012Q1,11,-0.5454545454545454,-6.0,20,0.55,-3.3000000000000003
supply_side,2,RIG,2012Q2,3,-1.0,-3.0,3,1.0,-3.0
supply_side,2,RIG,2012Q3,3,-1.3333333333333333,-4.0,3,1.0,-4.0
supply_side,2,RIG,2012Q4,2,-1.0,-2.0,4,0.5,-1.0
supply_side,2,RIG,2013Q1,5,-0.2,-1.0,12,0.4166666666666667,-0.4166666666666667
supply_side,2,RIG,2013Q2,2,0.0,0.0,4,0.5,0.0
supply_side,2,RIG,2013Q3,2,-0.5,-1.0,5,0.4,-0.4
supply_side,2,RIG,2013Q4,3,-0.3333333333333333,-1.0,5,0.6,-0.6
supply_side,2,RIG,2014Q3,4,-0.75,-3.0,8,0.5,-1.5
supply_side,2,RIG,2015Q1,1,-1.0,-1.0,3,0.3333333333333333,-0.3333333333333333
supply_side,2,RIG,2015Q2,2,1.0,2.0,5,0.4,0.8
supply_side,2,RIG,2015Q3,3,-0.6666666666666666,-2.0,10,0.3,-0.6
supply_side,2,RIG,2018Q1,1,1.0,1.0,6,0.16666666666666666,0.16666666666666666
supply_side,2,RIG,2018Q2,1,1.0,1.0,10,0.1,0.1
supply_side,2,RIG,2019Q1,1,-1.0,-1.0,9,0.1111111111111111,-0.1111111111111111
supply_side,2,RIG,2020Q3,1,1.0,1.0,5,0.2,0.2
supply_side,2,RIG,2022Q3,1,-1.0,-1.0,3,0.3333333333333333,-0.3333333333333333
supply_side,2,SD,2016Q1,1,-2.0,-2.0,6,0.16666666666666666,-0.3333333333333333
supply_side,2,SD,2018Q1,4,-0.75,-3.0,6,0.6666666666666666,-2.0
supply_side,2,SD,2018Q2,4,-0.5,-2.0,10,0.4,-0.8
supply_side,2,SD,2018Q3,1,-1.0,-1.0,3,0.3333333333333333,-0.3333333333333333
supply_side,2,SLB,2010Q4,2,0.0,0.0,3,0.6666666666666666,0.0
supply_side,2,SLB,2011Q1,1,-1.0,-1.0,4,0.25,-0.25
supply_side,2,SLB,2012Q1,2,-0.5,-1.0,20,0.1,-0.1
supply_side,2,SLB,2014Q2,5,-0.2,-1.0,7,0.7142857142857143,-0.7142857142857143
supply_side,2,SLB,2015Q1,1,1.0,1.0,3,0.3333333333333333,0.3333333333333333
supply_side,2,SLB,2015Q3,1,1.0,1.0,10,0.1,0.1
supply_side,2,SLB,2015Q4,1,-2.0,-2.0,5,0.2,-0.4
supply_side,2,SLB,2016Q2,3,0.0,0.0,6,0.5,0.0
supply_side,2,SLB,2016Q3,1,-1.0,-1.0,6,0.16666666666666666,-0.16666666666666666
supply_side,2,SLB,2017Q2,2,0.0,0.0,5,0.4,0.0
supply_side,2,SLB,2017Q3,1,1.0,1.0,2,0.5,0.5
supply_side,2,SLB,2017Q4,1,1.0,1.0,5,0.2,0.2
supply_side,2,SLB,2018Q2,1,-1.0,-1.0,10,0.1,-0.1
supply_side,2,SLB,2019Q1,2,-1.0,-2.0,9,0.2222222222222222,-0.4444444444444444
supply_side,2,SLB,2019Q4,1,2.0,2.0,3,0.3333333333333333,0.6666666666666666
supply_side,2,SLB,2020Q1,1,-1.0,-1.0,8,0.125,-0.125
supply_side,2,SLB,2020Q2,1,-1.0,-1.0,6,0.16666666666666666,-0.16666666666666666
supply_side,2,SLB,2020Q3,1,-1.0,-1.0,5,0.2,-0.2
supply_side,2,SLB,2021Q3,1,-1.0,-1.0,3,0.3333333333333333,-0.3333333333333333
supply_side,2,SLB,2022Q3,1,1.0,1.0,3,0.3333333333333333,0.3333333333333333
supply_side,2,SLB,2023Q1,1,1.0,1.0,3,0.3333333333333333,0.3333333333333333
supply_side,2,SLB,2023Q4,1,2.0,2.0,3,0.3333333333333333,0.6666666666666666
supply_side,2,SLB,2024Q2,1,2.0,2.0,3,0.3333333333333333,0.6666666666666666
supply_side,2,SLB,2024Q4,1,-1.0,-1.0,3,0.3333333333333333,-0.3333333333333333
supply_side,2,STR,2013Q2,1,-1.0,-1.0,4,0.25,-0.25
supply_side,2,STR,2016Q3,1,0.0,0.0,6,0.16666666666666666,0.0
supply_side,2,STR,2023Q2,1,-1.0,-1.0,1,1.0,-1.0
supply_side,2,TTI,2011Q1,1,0.0,0.0,4,0.25,0.0
supply_side,2,TTI,2016Q4,1,0.0,0.0,5,0.2,0.0
supply_side,2,VOC,2015Q4,1,0.0,0.0,5,0.2,0.0
supply_side,2,VOC,2022Q2,1,-1.0,-1.0,4,0.25,-0.25
supply_side,2,WLL,2001Q1,1,0.0,0.0,2,0.5,0.0
supply_side,2,WLL,2014Q4,1,1.0,1.0,4,0.25,0.25
supply_side,2,WLL,2015Q3,1,-2.0,-2.0,10,0.1,-0.2
supply_side,2,WLL,2016Q3,1,0.0,0.0,6,0.16666666666666666,0.0
supply_side,2,WLL,2020Q2,1,-1.0,-1.0,6,0.16666666666666666,-0.16666666666666666
supply_side,2,WLL,2020Q3,2,-1.5,-3.0,5,0.4,-1.2000000000000002
supply_side,2,WLL,2022Q1,1,2.0,2.0,6,0.16666666666666666,0.3333333333333333
supply_side,3,ACDC,1999Q1,1,0.0,0.0,2,0.5,0.0
supply_side,3,AESI,2022Q1,1,0.0,0.0,21,0.047619047619047616,0.0
supply_side,3,AESI,2023Q1,1,1.0,1.0,19,0.05263157894736842,0.05263157894736842
supply_side,3,APA,1998Q4,2,-1.0,-2.0,2,1.0,-2.0
supply_side,3,APA,1999Q1,1,0.0,0.0,2,0.5,0.0
supply_side,3,APA,1999Q2,1,0.0,0.0,1,1.0,0.0
supply_side,3,APA,2003Q4,1,1.0,1.0,2,0.5,0.5
supply_side,3,APA,2004Q3,1,0.0,0.0,3,0.3333333333333333,0.0
supply_side,3,APA,2006Q3,1,0.0,0.0,2,0.5,0.0
supply_side,3,APA,2007Q2,3,0.0,0.0,3,1.0,0.0
supply_side,3,APA,2009Q1,1,-2.0,-2.0,2,0.5,-1.0
supply_side,3,APA,2009Q4,1,0.0,0.0,2,0.5,0.0
supply_side,3,APA,2010Q3,1,0.0,0.0,6,0.16666666666666666,0.0
supply_side,3,APA,2011Q2,1,1.0,1.0,5,0.2,0.2
supply_side,3,APA,2011Q4,1,0.0,0.0,2,0.5,0.0
supply_side,3,APA,2012Q2,2,0.5,1.0,5,0.4,0.4
supply_side,3,APA,2013Q3,1,0.0,0.0,5,0.2,0.0
supply_side,3,APA,2014Q3,1,0.0,0.0,4,0.25,0.0
supply_side,3,APA,2014Q4,1,0.0,0.0,14,0.07142857142857142,0.0
supply_side,3,APA,2015Q1,2,0.0,0.0,9,0.2222222222222222,0.0
supply_side,3,APA,2016Q4,2,-0.5,-1.0,14,0.14285714285714285,-0.14285714285714285
supply_side,3,APA,2017Q1,1,0.0,0.0,10,0.1,0.0
supply_side,3,APA,2017Q3,1,0.0,0.0,12,0.08333333333333333,0.0
supply_side,3,APA,2017Q4,1,0.0,0.0,19,0.05263157894736842,0.0
supply_side,3,APA,2018Q2,1,-1.0,-1.0,15,0.06666666666666667,-0.06666666666666667
supply_side,3,APA,2018Q4,2,1.0,2.0,10,0.2,0.4
supply_side,3,APA,2019Q1,1,0.0,0.0,14,0.07142857142857142,0.0
supply_side,3,APA,2019Q2,2,0.0,0.0,22,0.09090909090909091,0.0
supply_side,3,APA,2019Q3,2,0.5,1.0,15,0.13333333333333333,0.13333333333333333
supply_side,3,APA,2020Q1,1,0.0,0.0,39,0.02564102564102564,0.0
supply_side,3,APA,2020Q2,4,-0.25,-1.0,27,0.14814814814814814,-0.14814814814814814
supply_side,3,APA,2020Q4,6,0.0,0.0,27,0.2222222222222222,0.0
supply_side,3,APA,2021Q1,3,0.0,0.0,26,0.11538461538461539,0.0
supply_side,3,APA,2021Q3,5,0.0,0.0,18,0.2777777777777778,0.0
supply_side,3,APA,2021Q4,1,1.0,1.0,18,0.05555555555555555,0.05555555555555555
supply_side,3,APA,2022Q1,2,0.0,0.0,21,0.09523809523809523,0.0
supply_side,3,APA,2022Q2,2,0.0,0.0,14,0.14285714285714285,0.0
supply_side,3,APA,2022Q3,2,0.0,0.0,5,0.4,0.0
supply_side,3,APA,2022Q4,5,-0.2,-1.0,12,0.4166666666666667,-0.4166666666666667
supply_side,3,APA,2023Q1,2,1.0,2.0,19,0.10526315789473684,0.21052631578947367
supply_side,3,APA,2023Q2,6,0.16666666666666666,1.0,22,0.2727272727272727,0.2727272727272727
supply_side,3,APA,2023Q3,2,0.5,1.0,12,0.16666666666666666,0.16666666666666666
supply_side,3,APA,2024Q3,4,0.5,2.0,28,0.14285714285714285,0.2857142857142857
supply_side,3,AR,2005Q4,1,0.0,0.0,3,0.3333333333333333,0.0
supply_side,3,AR,2011Q1,1,0.0,0.0,4,0.25,0.0
supply_side,3,AR,2011Q2,1,0.0,0.0,5,0.2,0.0
supply_side,3,AR,2017Q1,1,1.0,1.0,10,0.1,0.1
supply_side,3,AR,2017Q3,1,-1.0,-1.0,12,0.08333333333333333,-0.08333333333333333
supply_side,3,AR,2017Q4,2,0.0,0.0,19,0.10526315789473684,0.0
supply_side,3,AR,2018Q2,1,0.0,0.0,15,0.06666666666666667,0.0
supply_side,3,AR,2018Q4,1,0.0,0.0,10,0.1,0.0
supply_side,3,AR,2019Q2,1,0.0,0.0,22,0.045454545454545456,0.0
supply_side,3,AR,2019Q4,1,0.0,0.0,18,0.05555555555555555,0.0
supply_side,3,AR,2020Q1,3,-0.6666666666666666,-2.0,39,0.07692307692307693,-0.15384615384615385
supply_side,3,AR,2020Q2,2,0.0,0.0,27,0.07407407407407407,0.0
supply_side,3,AR,2020Q4,1,0.0,0.0,27,0.037037037037037035,0.0
supply_side,3,AR,2021Q1,1,0.0,0.0,26,0.038461538461538464,0.0
supply_side,3,AR,2021Q3,2,0.0,0.0,18,0.1111111111111111,0.0
supply_side,3,AR,2021Q4,2,0.0,0.0,18,0.1111111111111111,0.0
supply_side,3,AR,2022Q1,1,0.0,0.0,21,0.047619047619047616,0.0
supply_side,3,AR,2022Q2,2,0.5,1.0,14,0.14285714285714285,0.14285714285714285
supply_side,3,AR,2022Q3,1,0.0,0.0,5,0.2,0.0
supply_side,3,AR,2022Q4,1,0.0,0.0,12,0.08333333333333333,0.0
supply_side,3,AR,2023Q2,2,0.0,0.0,22,0.09090909090909091,0.0
supply_side,3,AR,2023Q3,1,0.0,0.0,12,0.08333333333333333,0.0
supply_side,3,BRN,2014Q2,1,0.0,0.0,4,0.25,0.0
supply_side,3,BSM,2016Q1,1,0.0,0.0,11,0.09090909090909091,0.0
supply_side,3,CLB,2005Q1,1,0.0,0.0,2,0.5,0.0
supply_side,3,CLB,2011Q4,1,0.0,0.0,2,0.5,0.0
supply_side,3,CLB,2024Q4,1,2.0,2.0,17,0.058823529411764705,0.11764705882352941
supply_side,3,CNQ,2024Q3,1,1.0,1.0,28,0.03571428571428571,0.03571428571428571
supply_side,3,CPE,2016Q4,1,0.0,0.0,14,0.07142857142857142,0.0
supply_side,3,CPE,2017Q2,1,-1.0,-1.0,14,0.07142857142857142,-0.07142857142857142
supply_side,3,CPE,2019Q4,1,1.0,1.0,18,0.05555555555555555,0.05555555555555555
supply_side,3,CPE,2020Q1,4,0.0,0.0,39,0.10256410256410256,0.0
supply_side,3,CPE,2021Q1,2,0.0,0.0,26,0.07692307692307693,0.0
supply_side,3,CPE,2021Q2,1,1.0,1.0,10,0.1,0.1
supply_side,3,CPE,2021Q4,1,0.0,0.0,18,0.05555555555555555,0.0
supply_side,3,CPE,2022Q1,1,0.0,0.0,21,0.047619047619047616,0.0
supply_side,3,CPE,2022Q2,1,0.0,0.0,14,0.07142857142857142,0.0
supply_side,3,CRC,2014Q4,1,1.0,1.0,14,0.07142857142857142,0.07142857142857142
supply_side,3,CRC,2016Q4,1,0.0,0.0,14,0.07142857142857142,0.0
supply_side,3,CRC,2019Q4,1,0.0,0.0,18,0.05555555555555555,0.0
supply_side,3,CRC,2020Q2,1,0.0,0.0,27,0.037037037037037035,0.0
supply_side,3,CRK,2023Q1,2,-0.5,-1.0,19,0.10526315789473684,-0.10526315789473684
supply_side,3,DCP,2018Q3,1,0.0,0.0,14,0.07142857142857142,0.0
supply_side,3,DCP,2022Q2,1,1.0,1.0,14,0.07142857142857142,0.07142857142857142
supply_side,3,DO,2015Q3,1,1.0,1.0,10,0.1,0.1
supply_side,3,DO,2016Q1,1,1.0,1.0,11,0.09090909090909091,0.09090909090909091
supply_side,3,DO,2020Q2,1,-2.0,-2.0,27,0.037037037037037035,-0.07407407407407407
supply_side,3,EP,2010Q3,1,0.0,0.0,6,0.16666666666666666,0.0
supply_side,3,EP,2014Q4,1,0.0,0.0,14,0.07142857142857142,0.0
supply_side,3,EP,2015Q4,1,0.0,0.0,5,0.2,0.0
supply_side,3,EP,2020Q1,1,0.0,0.0,39,0.02564102564102564,0.0
supply_side,3,EP,2023Q2,1,0.0,0.0,22,0.045454545454545456,0.0
supply_side,3,EQT,2009Q4,1,0.0,0.0,2,0.5,0.0
supply_side,3,EQT,2010Q2,1,0.0,0.0,8,0.125,0.0
supply_side,3,EQT,2011Q1,1,0.0,0.0,4,0.25,0.0
supply_side,3,EQT,2014Q4,1,0.0,0.0,14,0.07142857142857142,0.0
supply_side,3,EQT,2015Q2,1,0.0,0.0,5,0.2,0.0
supply_side,3,EQT,2016Q1,1,0.0,0.0,11,0.09090909090909091,0.0
supply_side,3,EQT,2016Q3,2,0.0,0.0,6,0.3333333333333333,0.0
supply_side,3,EQT,2016Q4,1,0.0,0.0,14,0.07142857142857142,0.0
supply_side,3,EQT,2017Q1,1,1.0,1.0,10,0.1,0.1
supply_side,3,EQT,2017Q2,3,0.0,0.0,14,0.21428571428571427,0.0
supply_side,3,EQT,2017Q3,1,-1.0,-1.0,12,0.08333333333333333,-0.08333333333333333
supply_side,3,EQT,2017Q4,2,0.5,1.0,19,0.10526315789473684,0.10526315789473684
supply_side,3,EQT,2018Q2,1,0.0,0.0,15,0.06666666666666667,0.0
supply_side,3,EQT,2019Q1,6,0.0,0.0,14,0.42857142857142855,0.0
supply_side,3,EQT,2019Q2,4,0.0,0.0,22,0.18181818181818182,0.0
supply_side,3,EQT,2019Q3,2,1.0,2.0,15,0.13333333333333333,0.26666666666666666
supply_side,3,EQT,2019Q4,4,0.0,0.0,18,0.2222222222222222,0.0
supply_side,3,EQT,2020Q1,6,-0.5,-3.0,39,0.15384615384615385,-0.46153846153846156
supply_side,3,EQT,2020Q2,1,0.0,0.0,27,0.037037037037037035,0.0
supply_side,3,EQT,2020Q3,3,0.0,0.0,13,0.23076923076923078,0.0
supply_side,3,EQT,2020Q4,7,0.2857142857142857,2.0,27,0.25925925925925924,0.5185185185185185
supply_side,3,EQT,2021Q1,11,0.2727272727272727,3.0,26,0.4230769230769231,1.2692307692307692
supply_side,3,EQT,2021Q2,2,0.5,1.0,10,0.2,0.2
supply_side,3,EQT,2021Q3,3,0.0,0.0,18,0.16666666666666666,0.0
supply_side,3,EQT,2021Q4,7,0.14285714285714285,1.0,18,0.3888888888888889,0.3888888888888889
supply_side,3,EQT,2022Q1,5,0.4,2.0,21,0.23809523809523808,0.47619047619047616
supply_side,3,EQT,2022Q2,1,1.0,1.0,14,0.07142857142857142,0.07142857142857142
supply_side,3,EQT,2022Q4,1,0.0,0.0,12,0.08333333333333333,0.0
supply_side,3,EQT,2023Q1,5,0.4,2.0,19,0.2631578947368421,0.5263157894736842
supply_side,3,EQT,2023Q2,3,0.3333333333333333,1.0,22,0.13636363636363635,0.13636363636363635
supply_side,3,EQT,2023Q3,1,0.0,0.0,12,0.08333333333333333,0.0
supply_side,3,EQT,2024Q1,2,-0.5,-1.0,12,0.16666666666666666,-0.16666666666666666
supply_side,3,EQT,2024Q2,1,0.0,0.0,11,0.09090909090909091,0.0
supply_side,3,EQT,2024Q4,3,-0.3333333333333333,-1.0,17,0.17647058823529413,-0.17647058823529413
supply_side,3,FANG,2013Q4,1,1.0,1.0,6,0.16666666666666666,0.16666666666666666
supply_side,3,FANG,2017Q1,1,1.0,1.0,10,0.1,0.1
supply_side,3,FANG,2017Q2,2,-1.0,-2.0,14,0.14285714285714285,-0.2857142857142857
supply_side,3,FANG,2017Q3,1,1.0,1.0,12,0.08333333333333333,0.08333333333333333
supply_side,3,FANG,2017Q4,1,0.0,0.0,19,0.05263157894736842,0.0
supply_side,3,FANG,2018Q1,1,0.0,0.0,11,0.09090909090909091,0.0
supply_side,3,FANG,2018Q2,3,0.0,0.0,15,0.2,0.0
supply_side,3,FANG,2018Q3,7,0.14285714285714285,1.0,14,0.5,0.5
supply_side,3,FANG,2018Q4,5,0.0,0.0,10,0.5,0.0
supply_side,3,FANG,2019Q1,3,0.0,0.0,14,0.21428571428571427,0.0
supply_side,3,FANG,2019Q2,4,0.0,0.0,22,0.18181818181818182,0.0
supply_side,3,FANG,2019Q3,2,0.0,0.0,15,0.13333333333333333,0.0
supply_side,3,FANG,2020Q1,6,-0.8333333333333334,-5.0,39,0.15384615384615385,-0.7692307692307693
supply_side,3,FANG,2020Q2,1,0.0,0.0,27,0.037037037037037035,0.0
supply_side,3,FANG,2020Q4,3,1.3333333333333333,4.0,27,0.1111111111111111,0.4444444444444444
supply_side,3,FANG,2021Q1,2,-0.5,-1.0,26,0.07692307692307693,-0.07692307692307693
supply_side,3,FANG,2021Q2,1,1.0,1.0,10,0.1,0.1
supply_side,3,FANG,2021Q4,1,-1.0,-1.0,18,0.05555555555555555,-0.05555555555555555
supply_side,3,FANG,2024Q3,5,1.6,8.0,28,0.17857142857142858,1.4285714285714286
supply_side,3,FTSI,2014Q2,1,0.0,0.0,4,0.25,0.0
supply_side,3,GDP,2016Q1,1,-1.0,-1.0,11,0.09090909090909091,-0.09090909090909091
supply_side,3,GDP,2019Q1,1,-1.0,-1.0,14,0.07142857142857142,-0.07142857142857142
supply_side,3,HAL,2008Q4,3,0.6666666666666666,2.0,6,0.5,1.0
supply_side,3,HAL,2010Q1,1,-1.0,-1.0,2,0.5,-0.5
supply_side,3,HAL,2010Q2,3,0.6666666666666666,2.0,8,0.375,0.75
supply_side,3,HAL,2010Q4,1,-2.0,-2.0,4,0.25,-0.5
supply_side,3,HAL,2011Q1,1,0.0,0.0,4,0.25,0.0
supply_side,3,HAL,2012Q1,1,0.0,0.0,3,0.3333333333333333,0.0
supply_side,3,HAL,2012Q3,3,0.3333333333333333,1.0,7,0.42857142857142855,0.42857142857142855
supply_side,3,HAL,2013Q2,1,1.0,1.0,3,0.3333333333333333,0.3333333333333333
supply_side,3,HAL,2013Q3,1,1.0,1.0,5,0.2,0.2
supply_side,3,HAL,2013Q4,1,1.0,1.0,6,0.16666666666666666,0.16666666666666666
supply_side,3,HAL,2014Q4,5,0.0,0.0,14,0.35714285714285715,0.0
supply_side,3,HAL,2015Q1,2,0.0,0.0,9,0.2222222222222222,0.0
supply_side,3,HAL,2016Q2,1,-1.0,-1.0,5,0.2,-0.2
supply_side,3,HAL,2016Q3,1,-1.0,-1.0,6,0.16666666666666666,-0.16666666666666666
supply_side,3,HAL,2016Q4,2,0.0,0.0,14,0.14285714285714285,0.0
supply_side,3,HAL,2017Q1,1,-1.0,-1.0,10,0.1,-0.1
supply_side,3,HAL,2017Q2,1,-1.0,-1.0,14,0.07142857142857142,-0.07142857142857142
supply_side,3,HAL,2017Q3,3,0.3333333333333333,1.0,12,0.25,0.25
supply_side,3,HAL,2017Q4,1,0.0,0.0,19,0.05263157894736842,0.0
supply_side,3,HAL,2018Q1,1,-1.0,-1.0,11,0.09090909090909091,-0.09090909090909091
supply_side,3,HAL,2018Q2,1,2.0,2.0,15,0.06666666666666667,0.13333333333333333
supply_side,3,HAL,2019Q2,3,0.6666666666666666,2.0,22,0.13636363636363635,0.2727272727272727
supply_side,3,HAL,2019Q3,1,-1.0,-1.0,15,0.06666666666666667,-0.06666666666666667
supply_side,3,HAL,2019Q4,2,0.0,0.0,18,0.1111111111111111,0.0
supply_side,3,HAL,2020Q1,4,0.25,1.0,39,0.10256410256410256,0.10256410256410256
supply_side,3,HAL,2020Q2,4,-1.0,-4.0,27,0.14814814814814814,-0.5925925925925926
supply_side,3,HAL,2020Q4,3,-1.3333333333333333,-4.0,27,0.1111111111111111,-0.4444444444444444
supply_side,3,HAL,2021Q1,2,1.0,2.0,26,0.07692307692307693,0.15384615384615385
supply_side,3,HAL,2021Q2,1,1.0,1.0,10,0.1,0.1
supply_side,3,HAL,2021Q3,2,0.0,0.0,18,0.1111111111111111,0.0
supply_side,3,HAL,2022Q2,3,0.3333333333333333,1.0,14,0.21428571428571427,0.21428571428571427
supply_side,3,HAL,2022Q3,1,2.0,2.0,5,0.2,0.4
supply_side,3,HAL,2022Q4,1,2.0,2.0,12,0.08333333333333333,0.16666666666666666
supply_side,3,HAL,2023Q1,3,1.3333333333333333,4.0,19,0.15789473684210525,0.631578947368421
supply_side,3,HAL,2024Q4,1,2.0,2.0,17,0.058823529411764705,0.11764705882352941
supply_side,3,HESM,2014Q3,1,2.0,2.0,4,0.25,0.5
supply_side,3,HESM,2024Q4,1,1.0,1.0,17,0.058823529411764705,0.058823529411764705
supply_side,3,HLX,2012Q4,1,1.0,1.0,5,0.2,0.2
supply_side,3,HLX,2017Q4,1,-1.0,-1.0,19,0.05263157894736842,-0.05263157894736842
supply_side,3,HP,1998Q2,1,0.0,0.0,1,1.0,0.0
supply_side,3,HP,2000Q3,1,0.0,0.0,1,1.0,0.0
supply_side,3,HP,2001Q1,1,0.0,0.0,1,1.0,0.0
supply_side,3,HP,2002Q1,1,0.0,0.0,1,1.0,0.0
supply_side,3,HP,2004Q3,1,0.0,0.0,3,0.3333333333333333,0.0
supply_side,3,HP,2005Q2,1,0.0,0.0,1,1.0,0.0
supply_side,3,HP,2006Q3,1,0.0,0.0,2,0.5,0.0
supply_side,3,HP,2007Q3,1,0.0,0.0,2,0.5,0.0
supply_side,3,HP,2008Q3,2,0.0,0.0,2,1.0,0.0
supply_side,3,HP,2008Q4,1,0.0,0.0,6,0.16666666666666666,0.0
supply_side,3,HP,2009Q2,1,1.0,1.0,3,0.3333333333333333,0.3333333333333333
supply_side,3,HP,2010Q3,2,-0.5,-1.0,6,0.3333333333333333,-0.3333333333333333
supply_side,3,HP,2010Q4,1,0.0,0.0,4,0.25,0.0
supply_side,3,HP,2011Q1,1,0.0,0.0,4,0.25,0.0
supply_side,3,HP,2011Q2,1,0.0,0.0,5,0.2,0.0
supply_side,3,HP,2012Q3,2,0.0,0.0,7,0.2857142857142857,0.0
supply_side,3,HP,2012Q4,1,0.0,0.0,5,0.2,0.0
supply_side,3,HP,2013Q1,1,0.0,0.0,4,0.25,0.0
supply_side,3,HP,2013Q2,1,0.0,0.0,3,0.3333333333333333,0.0
supply_side,3,HP,2013Q4,2,0.0,0.0,6,0.3333333333333333,0.0
supply_side,3,HP,2014Q2,1,0.0,0.0,4,0.25,0.0
supply_side,3,HP,2015Q3,2,0.0,0.0,10,0.2,0.0
supply_side,3,HP,2016Q1,2,0.0,0.0,11,0.18181818181818182,0.0
supply_side,3,HP,2016Q4,1,0.0,0.0,14,0.07142857142857142,0.0
supply_side,3,HP,2017Q2,1,0.0,0.0,14,0.07142857142857142,0.0
supply_side,3,HP,2018Q1,1,0.0,0.0,11,0.09090909090909091,0.0
supply_side,3,HP,2018Q2,2,0.0,0.0,15,0.13333333333333333,0.0
supply_side,3,HP,2018Q3,1,0.0,0.0,14,0.07142857142857142,0.0
supply_side,3,HP,2019Q1,2,0.0,0.0,14,0.14285714285714285,0.0
supply_side,3,HP,2019Q2,1,0.0,0.0,22,0.045454545454545456,0.0
supply_side,3,HP,2019Q4,1,0.0,0.0,18,0.05555555555555555,0.0
supply_side,3,HP,2020Q1,2,-1.0,-2.0,39,0.05128205128205128,-0.10256410256410256
supply_side,3,HP,2020Q2,3,-0.6666666666666666,-2.0,27,0.1111111111111111,-0.2222222222222222
supply_side,3,HP,2020Q3,2,-0.5,-1.0,13,0.15384615384615385,-0.15384615384615385
supply_side,3,HP,2020Q4,1,0.0,0.0,27,0.037037037037037035,0.0
supply_side,3,HP,2021Q1,1,0.0,0.0,26,0.038461538461538464,0.0
supply_side,3,HP,2021Q2,1,0.0,0.0,10,0.1,0.0
supply_side,3,HP,2021Q4,1,0.0,0.0,18,0.05555555555555555,0.0
supply_side,3,HP,2022Q1,2,0.0,0.0,21,0.09523809523809523,0.0
supply_side,3,HP,2022Q2,2,0.0,0.0,14,0.14285714285714285,0.0
supply_side,3,HP,2023Q1,2,0.0,0.0,19,0.10526315789473684,0.0
supply_side,3,HP,2023Q3,2,0.0,0.0,12,0.16666666666666666,0.0
supply_side,3,HP,2024Q1,8,0.0,0.0,12,0.6666666666666666,0.0
supply_side,3,HP,2024Q2,8,0.0,0.0,11,0.7272727272727273,0.0
supply_side,3,HP,2024Q3,5,0.0,0.0,28,0.17857142857142858,0.0
supply_side,3,HP,2024Q4,5,-0.2,-1.0,17,0.29411764705882354,-0.29411764705882354
supply_side,3,MNR,2023Q4,1,1.0,1.0,6,0.16666666666666666,0.16666666666666666
supply_side,3,NBR,2005Q3,1,1.0,1.0,1,1.0,1.0
supply_side,3,NBR,2010Q3,1,2.0,2.0,6,0.16666666666666666,0.3333333333333333
supply_side,3,NBR,2012Q1,2,1.0,2.0,3,0.6666666666666666,1.3333333333333333
supply_side,3,NBR,2012Q3,1,1.0,1.0,7,0.14285714285714285,0.14285714285714285
supply_side,3,NBR,2013Q1,1,-1.0,-1.0,4,0.25,-0.25
supply_side,3,NBR,2014Q1,1,1.0,1.0,1,1.0,1.0
supply_side,3,NBR,2016Q2,1,-2.0,-2.0,5,0.2,-0.4
supply_side,3,NBR,2017Q3,1,1.0,1.0,12,0.08333333333333333,0.08333333333333333
supply_side,3,NBR,2019Q3,1,-2.0,-2.0,15,0.06666666666666667,-0.13333333333333333
supply_side,3,NBR,2020Q1,1,-1.0,-1.0,39,0.02564102564102564,-0.02564102564102564
supply_side,3,NBR,2024Q4,1,-1.0,-1.0,17,0.058823529411764705,-0.058823529411764705
supply_side,3,NE,2017Q3,1,-1.0,-1.0,12,0.08333333333333333,-0.08333333333333333
supply_side,3,NES,2013Q2,1,0.0,0.0,3,0.3333333333333333,0.0
supply_side,3,PDCE,2013Q3,1,-1.0,-1.0,5,0.2,-0.2
supply_side,3,PDCE,2016Q1,1,-1.0,-1.0,11,0.09090909090909091,-0.09090909090909091
supply_side,3,PDCE,2020Q3,1,0.0,0.0,13,0.07692307692307693,0.0
supply_side,3,PDCE,2022Q1,1,1.0,1.0,21,0.047619047619047616,0.047619047619047616
supply_side,3,PDCE,2022Q2,1,0.0,0.0,14,0.07142857142857142,0.0
supply_side,3,PDCE,2023Q2,2,0.0,0.0,22,0.09090909090909091,0.0
supply_side,3,PDCE,2023Q4,1,1.0,1.0,6,0.16666666666666666,0.16666666666666666
supply_side,3,PR,2017Q2,1,0.0,0.0,14,0.07142857142857142,0.0
supply_side,3,PR,2022Q1,1,1.0,1.0,21,0.047619047619047616,0.047619047619047616
supply_side,3,PR,2024Q3,3,-1.3333333333333333,-4.0,28,0.10714285714285714,-0.42857142857142855
supply_side,3,PTEN,2004Q2,1,1.0,1.0,1,1.0,1.0
supply_side,3,PTEN,2005Q1,1,-1.0,-1.0,2,0.5,-0.5
supply_side,3,PTEN,2009Q2,1,-1.0,-1.0,3,0.3333333333333333,-0.3333333333333333
supply_side,3,PTEN,2011Q3,1,1.0,1.0,2,0.5,0.5
supply_side,3,PTEN,2015Q2,1,-1.0,-1.0,5,0.2,-0.2
supply_side,3,PTEN,2019Q2,1,2.0,2.0,22,0.045454545454545456,0.09090909090909091
supply_side,3,PTEN,2019Q3,1,-2.0,-2.0,15,0.06666666666666667,-0.13333333333333333
supply_side,3,PTEN,2020Q1,1,-1.0,-1.0,39,0.02564102564102564,-0.02564102564102564
supply_side,3,PTEN,2021Q1,1,1.0,1.0,26,0.038461538461538464,0.038461538461538464
supply_side,3,PTEN,2023Q2,3,0.6666666666666666,2.0,22,0.13636363636363635,0.2727272727272727
supply_side,3,PTEN,2024Q4,1,-1.0,-1.0,17,0.058823529411764705,-0.058823529411764705
supply_side,3,PUMP,2017Q2,2,1.5,3.0,14,0.14285714285714285,0.42857142857142855
supply_side,3,PUMP,2019Q3,1,1.0,1.0,15,0.06666666666666667,0.06666666666666667
supply_side,3,PUMP,2019Q4,1,0.0,0.0,18,0.05555555555555555,0.0
supply_side,3,PUMP,2020Q2,2,-0.5,-1.0,27,0.07407407407407407,-0.07407407407407407
supply_side,3,PUMP,2021Q2,1,1.0,1.0,10,0.1,0.1
supply_side,3,PUMP,2021Q3,2,1.0,2.0,18,0.1111111111111111,0.2222222222222222
supply_side,3,PUMP,2022Q1,1,1.0,1.0,21,0.047619047619047616,0.047619047619047616
supply_side,3,PUMP,2024Q3,4,1.25,5.0,28,0.14285714285714285,0.7142857142857142
supply_side,3,RIG,2004Q3,1,1.0,1.0,3,0.3333333333333333,0.3333333333333333
supply_side,3,RIG,2005Q4,1,-1.0,-1.0,3,0.3333333333333333,-0.3333333333333333
supply_side,3,RIG,2010Q2,4,-0.25,-1.0,8,0.5,-0.5
supply_side,3,RIG,2010Q3,1,-2.0,-2.0,6,0.16666666666666666,-0.3333333333333333
supply_side,3,RIG,2011Q2,1,-1.0,-1.0,5,0.2,-0.2
supply_side,3,RIG,2013Q1,2,1.0,2.0,4,0.5,1.0
supply_side,3,RIG,2013Q4,1,1.0,1.0,6,0.16666666666666666,0.16666666666666666
supply_side,3,RIG,2014Q4,1,-2.0,-2.0,14,0.07142857142857142,-0.14285714285714285
supply_side,3,RIG,2015Q2,1,-1.0,-1.0,5,0.2,-0.2
supply_side,3,RIG,2015Q3,3,-0.3333333333333333,-1.0,10,0.3,-0.3
supply_side,3,RIG,2015Q4,1,-1.0,-1.0,5,0.2,-0.2
supply_side,3,RIG,2016Q1,2,0.0,0.0,11,0.18181818181818182,0.0
supply_side,3,RIG,2016Q2,1,-1.0,-1.0,5,0.2,-0.2
supply_side,3,RIG,2016Q4,2,-0.5,-1.0,14,0.14285714285714285,-0.14285714285714285
supply_side,3,RIG,2017Q1,2,0.5,1.0,10,0.2,0.2
supply_side,3,RIG,2017Q2,1,0.0,0.0,14,0.07142857142857142,0.0
supply_side,3,RIG,2017Q3,1,1.0,1.0,12,0.08333333333333333,0.08333333333333333
supply_side,3,RIG,2017Q4,4,-1.0,-4.0,19,0.21052631578947367,-0.8421052631578947
supply_side,3,RIG,2018Q1,7,1.1428571428571428,8.0,11,0.6363636363636364,5.090909090909091
supply_side,3,RIG,2018Q2,4,-0.75,-3.0,15,0.26666666666666666,-0.8
supply_side,3,RIG,2018Q3,4,0.75,3.0,14,0.2857142857142857,0.8571428571428571
supply_side,3,RIG,2019Q1,1,1.0,1.0,14,0.07142857142857142,0.07142857142857142
supply_side,3,RIG,2019Q2,1,0.0,0.0,22,0.045454545454545456,0.0
supply_side,3,RIG,2019Q3,2,0.0,0.0,15,0.13333333333333333,0.0
supply_side,3,RIG,2019Q4,1,-1.0,-1.0,18,0.05555555555555555,-0.05555555555555555
supply_side,3,RIG,2020Q1,3,-1.3333333333333333,-4.0,39,0.07692307692307693,-0.3076923076923077
supply_side,3,RIG,2020Q2,1,-1.0,-1.0,27,0.037037037037037035,-0.037037037037037035
supply_side,3,RIG,2020Q3,1,0.0,0.0,13,0.07692307692307693,0.0
supply_side,3,RIG,2020Q4,4,-0.25,-1.0,27,0.14814814814814814,-0.14814814814814814
supply_side,3,RIG,2021Q1,1,1.0,1.0,26,0.038461538461538464,0.038461538461538464
supply_side,3,RIG,2021Q2,1,1.0,1.0,10,0.1,0.1
supply_side,3,RIG,2022Q1,2,0.0,0.0,21,0.09523809523809523,0.0
supply_side,3,RIG,2023Q4,1,0.0,0.0,6,0.16666666666666666,0.0
supply_side,3,RIG,2024Q2,1,0.0,0.0,11,0.09090909090909091,0.0
supply_side,3,RNGR,2024Q3,1,2.0,2.0,28,0.03571428571428571,0.07142857142857142
supply_side,3,RNGR,2024Q4,1,-1.0,-1.0,17,0.058823529411764705,-0.058823529411764705
supply_side,3,SD,2016Q1,1,-2.0,-2.0,11,0.09090909090909091,-0.18181818181818182
supply_side,3,SD,2016Q2,1,-2.0,-2.0,5,0.2,-0.4
supply_side,3,SD,2017Q4,2,-1.0,-2.0,19,0.10526315789473684,-0.21052631578947367
supply_side,3,SDRL,2024Q4,1,1.0,1.0,17,0.058823529411764705,0.058823529411764705
supply_side,3,SLB,2003Q4,1,-1.0,-1.0,2,0.5,-0.5
supply_side,3,SLB,2004Q1,1,1.0,1.0,1,1.0,1.0
supply_side,3,SLB,2005Q4,1,1.0,1.0,3,0.3333333333333333,0.3333333333333333
supply_side,3,SLB,2007Q3,1,1.0,1.0,2,0.5,0.5
supply_side,3,SLB,2008Q4,2,-1.0,-2.0,6,0.3333333333333333,-0.6666666666666666
supply_side,3,SLB,2009Q1,1,0.0,0.0,2,0.5,0.0
supply_side,3,SLB,2009Q2,1,0.0,0.0,3,0.3333333333333333,0.0
supply_side,3,SLB,2009Q3,1,-2.0,-2.0,1,1.0,-2.0
supply_side,3,SLB,2010Q1,1,2.0,2.0,2,0.5,1.0
supply_side,3,SLB,2010Q4,2,1.5,3.0,4,0.5,1.5
supply_side,3,SLB,2011Q2,1,1.0,1.0,5,0.2,0.2
supply_side,3,SLB,2011Q3,1,2.0,2.0,2,0.5,1.0
supply_side,3,SLB,2012Q2,3,0.0,0.0,5,0.6,0.0
supply_side,3,SLB,2012Q3,1,1.0,1.0,7,0.14285714285714285,0.14285714285714285
supply_side,3,SLB,2012Q4,3,0.0,0.0,5,0.6,0.0
supply_side,3,SLB,2013Q3,2,0.5,1.0,5,0.4,0.4
supply_side,3,SLB,2014Q2,1,0.0,0.0,4,0.25,0.0
supply_side,3,SLB,2014Q3,1,2.0,2.0,4,0.25,0.5
supply_side,3,SLB,2014Q4,3,-1.3333333333333333,-4.0,14,0.21428571428571427,-0.8571428571428571
supply_side,3,SLB,2015Q1,1,-1.0,-1.0,9,0.1111111111111111,-0.1111111111111111
supply_side,3,SLB,2015Q3,2,0.5,1.0,10,0.2,0.2
supply_side,3,SLB,2015Q4,2,-1.0,-2.0,5,0.4,-0.8
supply_side,3,SLB,2016Q1,1,1.0,1.0,11,0.09090909090909091,0.09090909090909091
supply_side,3,SLB,2016Q2,1,-1.0,-1.0,5,0.2,-0.2
supply_side,3,SLB,2016Q3,2,-1.5,-3.0,6,0.3333333333333333,-1.0
supply_side,3,SLB,2016Q4,2,0.0,0.0,14,0.14285714285714285,0.0
supply_side,3,SLB,2017Q1,2,0.5,1.0,10,0.2,0.2
supply_side,3,SLB,2017Q2,1,-1.0,-1.0,14,0.07142857142857142,-0.07142857142857142
supply_side,3,SLB,2017Q3,2,1.0,2.0,12,0.16666666666666666,0.3333333333333333
supply_side,3,SLB,2017Q4,5,0.0,0.0,19,0.2631578947368421,0.0
supply_side,3,SLB,2018Q2,1,1.0,1.0,15,0.06666666666666667,0.06666666666666667
supply_side,3,SLB,2018Q3,1,2.0,2.0,14,0.07142857142857142,0.14285714285714285
supply_side,3,SLB,2018Q4,1,-2.0,-2.0,10,0.1,-0.2
supply_side,3,SLB,2019Q2,3,-0.3333333333333333,-1.0,22,0.13636363636363635,-0.13636363636363635
supply_side,3,SLB,2019Q3,3,-0.3333333333333333,-1.0,15,0.2,-0.2
supply_side,3,SLB,2019Q4,2,0.0,0.0,18,0.1111111111111111,0.0
supply_side,3,SLB,2020Q1,3,-1.3333333333333333,-4.0,39,0.07692307692307693,-0.3076923076923077
supply_side,3,SLB,2020Q2,1,-2.0,-2.0,27,0.037037037037037035,-0.07407407407407407
supply_side,3,SLB,2020Q3,4,-1.25,-5.0,13,0.3076923076923077,-1.5384615384615385
supply_side,3,SLB,2020Q4,2,-0.5,-1.0,27,0.07407407407407407,-0.07407407407407407
supply_side,3,SLB,2021Q1,2,-1.0,-2.0,26,0.07692307692307693,-0.15384615384615385
supply_side,3,SLB,2021Q3,2,1.0,2.0,18,0.1111111111111111,0.2222222222222222
supply_side,3,SLB,2021Q4,4,1.25,5.0,18,0.2222222222222222,1.1111111111111112
supply_side,3,SLB,2022Q1,2,1.5,3.0,21,0.09523809523809523,0.2857142857142857
supply_side,3,SLB,2022Q2,1,0.0,0.0,14,0.07142857142857142,0.0
supply_side,3,SLB,2022Q3,1,2.0,2.0,5,0.2,0.4
supply_side,3,SLB,2022Q4,4,-0.25,-1.0,12,0.3333333333333333,-0.3333333333333333
supply_side,3,SLB,2023Q1,4,0.75,3.0,19,0.21052631578947367,0.631578947368421
supply_side,3,SLB,2023Q2,5,0.8,4.0,22,0.22727272727272727,0.9090909090909091
supply_side,3,SLB,2023Q3,6,-0.5,-3.0,12,0.5,-1.5
supply_side,3,SLB,2023Q4,3,1.0,3.0,6,0.5,1.5
supply_side,3,SLB,2024Q1,2,1.0,2.0,12,0.16666666666666666,0.3333333333333333
supply_side,3,SLB,2024Q2,1,0.0,0.0,11,0.09090909090909091,0.0
supply_side,3,SLB,2024Q3,4,0.5,2.0,28,0.14285714285714285,0.2857142857142857
supply_side,3,STR,2015Q3,1,0.0,0.0,10,0.1,0.0
supply_side,3,STR,2019Q4,1,-1.0,-1.0,18,0.05555555555555555,-0.05555555555555555
supply_side,3,STR,2021Q2,1,0.0,0.0,10,0.1,0.0
supply_side,3,TTI,2021Q3,1,0.0,0.0,18,0.05555555555555555,0.0
supply_side,3,TUSK,2017Q1,1,2.0,2.0,10,0.1,0.2
supply_side,3,TUSK,2024Q3,1,0.0,0.0,28,0.03571428571428571,0.0
supply_side,3,VAL,2024Q4,2,0.0,0.0,17,0.11764705882352941,0.0
supply_side,3,VEI,2021Q3,1,1.0,1.0,18,0.05555555555555555,0.05555555555555555
supply_side,3,VEI,2021Q4,1,0.0,0.0,18,0.05555555555555555,0.0
supply_side,3,WLL,2013Q4,1,1.0,1.0,6,0.16666666666666666,0.16666666666666666
supply_side,3,WLL,2014Q3,1,2.0,2.0,4,0.25,0.5
supply_side,3,WLL,2014Q4,1,-1.0,-1.0,14,0.07142857142857142,-0.07142857142857142
supply_side,3,WLL,2015Q1,4,-0.75,-3.0,9,0.4444444444444444,-1.3333333333333333
supply_side,3,WLL,2015Q2,2,0.0,0.0,5,0.4,0.0
supply_side,3,WLL,2015Q3,1,1.0,1.0,10,0.1,0.1
supply_side,3,WLL,2015Q4,1,-1.0,-1.0,5,0.2,-0.2
supply_side,3,WLL,2016Q3,1,1.0,1.0,6,0.16666666666666666,0.16666666666666666
supply_side,3,WLL,2017Q2,1,-1.0,-1.0,14,0.07142857142857142,-0.07142857142857142
supply_side,3,WLL,2018Q1,1,-1.0,-1.0,11,0.09090909090909091,-0.09090909090909091
supply_side,3,WLL,2018Q2,1,-1.0,-1.0,15,0.06666666666666667,-0.06666666666666667
supply_side,3,WLL,2018Q4,1,-1.0,-1.0,10,0.1,-0.1
supply_side,3,WLL,2019Q2,2,-1.5,-3.0,22,0.09090909090909091,-0.2727272727272727
supply_side,3,WLL,2019Q4,3,-0.6666666666666666,-2.0,18,0.16666666666666666,-0.3333333333333333
supply_side,3,WLL,2020Q1,4,-1.25,-5.0,39,0.10256410256410256,-0.5128205128205128
supply_side,3,WLL,2020Q2,6,-1.8333333333333333,-11.0,27,0.2222222222222222,-2.444444444444444
supply_side,3,WLL,2020Q3,2,0.0,0.0,13,0.15384615384615385,0.0
supply_side,3,WLL,2021Q2,1,1.0,1.0,10,0.1,0.1
supply_side,3,WLL,2022Q1,2,1.0,2.0,21,0.09523809523809523,0.19047619047619047
supply_side,3,XOG,2016Q4,2,1.5,3.0,14,0.14285714285714285,0.42857142857142855
supply_side,4,EQT,2019Q2,1,0.0,0.0,1,1.0,0.0
supply_side,4,EQT,2019Q3,1,0.0,0.0,1,1.0,0.0
supply_side,4,HP,2015Q1,1,0.0,0.0,1,1.0,0.0
supply_side,4,PED,2022Q3,1,1.0,1.0,1,1.0,1.0
supply_side,4,PED,2022Q4,1,0.0,0.0,1,1.0,0.0
supply_side,4,RES,2014Q1,1,1.0,1.0,1,1.0,1.0
