dominant_LDA_topic,ticker,quarter,total_mentions,avg_sentiment,sum_sentiment,quarter_total_mentions,mention_percentage,weighted_sentiment
0,ACDC,2000Q3,1,0,0,8,0.125,0
0,AESI,2019Q3,1,0,0,157,0.006369427,0
0,AESI,2021Q3,2,0,0,216,0.009259259,0
0,AESI,2024Q4,1,0,0,146,0.006849315,0
0,APA,1999Q1,3,-0.666666667,-2,18,0.166666667,-0.333333333
0,APA,1999Q3,1,0,0,14,0.071428571,0
0,APA,2000Q3,1,1,1,8,0.125,0.125
0,APA,2000Q4,1,0,0,9,0.111111111,0
0,APA,2001Q1,2,1,2,22,0.090909091,0.181818182
0,APA,2001Q2,1,0,0,11,0.090909091,0
0,APA,2002Q1,1,0,0,32,0.03125,0
0,APA,2002Q4,2,0,0,9,0.222222222,0
0,APA,2007Q2,2,0,0,23,0.086956522,0
0,APA,2008Q3,1,-2,-2,8,0.125,-0.25
0,APA,2009Q3,1,0,0,27,0.037037037,0
0,APA,2011Q1,2,0,0,39,0.051282051,0
0,APA,2011Q2,1,0,0,35,0.028571429,0
0,APA,2011Q3,1,0,0,28,0.035714286,0
0,APA,2011Q4,1,0,0,38,0.026315789,0
0,APA,2012Q2,1,0,0,35,0.028571429,0
0,APA,2012Q3,2,0,0,54,0.037037037,0
0,APA,2012Q4,1,0,0,45,0.022222222,0
0,APA,2013Q4,2,-0.5,-1,41,0.048780488,-0.048780488
0,APA,2014Q2,1,0,0,38,0.026315789,0
0,APA,2014Q3,1,0,0,39,0.025641026,0
0,APA,2014Q4,1,0,0,81,0.012345679,0
0,APA,2016Q1,1,0,0,88,0.011363636,0
0,APA,2016Q2,2,1,2,90,0.022222222,0.044444444
0,APA,2016Q3,2,0.5,1,88,0.022727273,0.022727273
0,APA,2016Q4,1,0,0,73,0.01369863,0
0,APA,2017Q1,1,-1,-1,73,0.01369863,-0.01369863
0,APA,2018Q1,2,0,0,94,0.021276596,0
0,APA,2018Q3,2,0,0,126,0.015873016,0
0,APA,2018Q4,3,-0.333333333,-1,143,0.020979021,-0.020979021
0,APA,2019Q1,1,0,0,140,0.007142857,0
0,APA,2019Q3,1,0,0,157,0.006369427,0
0,APA,2019Q4,1,0,0,172,0.005813953,0
0,APA,2020Q1,1,0,0,213,0.004694836,0
0,APA,2020Q2,1,0,0,190,0.005263158,0
0,APA,2021Q2,1,0,0,193,0.005181347,0
0,APA,2021Q3,2,0,0,216,0.009259259,0
0,APA,2021Q4,1,1,1,164,0.006097561,0.006097561
0,APA,2022Q1,1,0,0,150,0.006666667,0
0,APA,2022Q2,1,0,0,131,0.007633588,0
0,APA,2022Q3,4,0,0,103,0.038834951,0
0,APA,2022Q4,4,0,0,153,0.026143791,0
0,APA,2023Q1,3,0.333333333,1,151,0.01986755,0.01986755
0,APA,2023Q2,3,0,0,212,0.014150943,0
0,APA,2023Q3,4,0,0,137,0.02919708,0
0,APA,2023Q4,4,0,0,130,0.030769231,0
0,APA,2024Q1,2,0,0,128,0.015625,0
0,APA,2024Q3,7,0.857142857,6,163,0.042944785,0.257668712
0,APA,2024Q4,4,0.5,2,146,0.02739726,0.054794521
0,AR,2009Q2,1,0,0,15,0.066666667,0
0,AR,2011Q2,1,0,0,35,0.028571429,0
0,AR,2015Q3,1,0,0,95,0.010526316,0
0,AR,2016Q1,1,0,0,88,0.011363636,0
0,AR,2017Q1,2,0,0,73,0.02739726,0
0,AR,2017Q2,1,0,0,98,0.010204082,0
0,AR,2017Q3,2,0,0,112,0.017857143,0
0,AR,2018Q2,2,0,0,130,0.015384615,0
0,AR,2018Q3,2,-0.5,-1,126,0.015873016,-0.015873016
0,AR,2018Q4,1,0,0,143,0.006993007,0
0,AR,2019Q1,2,0,0,140,0.014285714,0
0,AR,2019Q3,1,0,0,157,0.006369427,0
0,AR,2020Q1,1,0,0,213,0.004694836,0
0,AR,2020Q2,2,0,0,190,0.010526316,0
0,AR,2020Q3,1,0,0,144,0.006944444,0
0,AR,2021Q1,3,-0.333333333,-1,215,0.013953488,-0.013953488
0,AR,2021Q3,2,0,0,216,0.009259259,0
0,AR,2021Q4,2,0,0,164,0.012195122,0
0,AR,2022Q1,1,0,0,150,0.006666667,0
0,AR,2022Q2,2,0,0,131,0.015267176,0
0,AR,2022Q4,1,0,0,153,0.006535948,0
0,AR,2023Q1,4,0,0,151,0.026490066,0
0,AR,2023Q2,3,0,0,212,0.014150943,0
0,AR,2024Q4,1,0,0,146,0.006849315,0
0,BATL,2020Q2,1,0,0,190,0.005263158,0
0,BORR,2017Q3,1,0,0,112,0.008928571,0
0,BORR,2018Q4,1,0,0,143,0.006993007,0
0,BORR,2019Q3,1,0,0,157,0.006369427,0
0,BORR,2020Q3,2,0,0,144,0.013888889,0
0,BORR,2020Q4,1,0,0,180,0.005555556,0
0,BORR,2021Q2,1,0,0,193,0.005181347,0
0,BRN,2013Q1,2,0,0,68,0.029411765,0
0,BRN,2015Q3,1,0,0,95,0.010526316,0
0,BRN,2016Q2,2,0,0,90,0.022222222,0
0,BRN,2016Q3,1,0,0,88,0.011363636,0
0,BRN,2017Q2,1,0,0,98,0.010204082,0
0,BRN,2018Q1,1,0,0,94,0.010638298,0
0,BRN,2018Q4,1,0,0,143,0.006993007,0
0,BRN,2019Q1,1,0,0,140,0.007142857,0
0,BRN,2019Q3,1,0,0,157,0.006369427,0
0,BRN,2019Q4,2,0,0,172,0.011627907,0
0,BRN,2020Q1,3,0,0,213,0.014084507,0
0,BRN,2022Q2,3,0,0,131,0.022900763,0
0,BRN,2023Q1,1,0,0,151,0.006622517,0
0,BRN,2023Q2,2,0,0,212,0.009433962,0
0,BRN,2024Q1,3,0,0,128,0.0234375,0
0,BRN,2024Q2,1,0,0,102,0.009803922,0
0,BSM,2015Q4,2,0,0,74,0.027027027,0
0,BSM,2016Q1,1,0,0,88,0.011363636,0
0,BSM,2017Q1,1,0,0,73,0.01369863,0
0,BSM,2017Q2,1,0,0,98,0.010204082,0
0,BSM,2017Q4,1,0,0,125,0.008,0
0,BSM,2020Q4,4,0,0,180,0.022222222,0
0,BSM,2021Q1,5,0,0,215,0.023255814,0
0,BSM,2021Q2,2,0,0,193,0.010362694,0
0,BSM,2023Q1,1,0,0,151,0.006622517,0
0,BSM,2023Q4,1,0,0,130,0.007692308,0
0,CCLP,2008Q1,1,0,0,10,0.1,0
0,CLB,2002Q4,1,0,0,9,0.111111111,0
0,CLB,2004Q3,1,0,0,14,0.071428571,0
0,CLB,2005Q1,1,0,0,17,0.058823529,0
0,CLB,2009Q1,1,0,0,19,0.052631579,0
0,CLB,2011Q4,1,0,0,38,0.026315789,0
0,CLB,2012Q3,2,0,0,54,0.037037037,0
0,CLB,2014Q3,1,0,0,39,0.025641026,0
0,CLB,2015Q2,2,0,0,59,0.033898305,0
0,CLB,2017Q2,2,0,0,98,0.020408163,0
0,CLB,2018Q2,2,0,0,130,0.015384615,0
0,CLB,2020Q1,1,0,0,213,0.004694836,0
0,CPE,1998Q3,1,0,0,3,0.333333333,0
0,CPE,2000Q1,1,0,0,8,0.125,0
0,CPE,2000Q3,1,0,0,8,0.125,0
0,CPE,2005Q1,1,0,0,17,0.058823529,0
0,CPE,2006Q1,3,0,0,10,0.3,0
0,CPE,2006Q2,3,0,0,16,0.1875,0
0,CPE,2010Q2,2,0,0,55,0.036363636,0
0,CPE,2010Q3,1,0,0,92,0.010869565,0
0,CPE,2012Q1,1,0,0,48,0.020833333,0
0,CPE,2015Q3,1,0,0,95,0.010526316,0
0,CPE,2016Q4,1,0,0,73,0.01369863,0
0,CPE,2017Q2,1,0,0,98,0.010204082,0
0,CPE,2019Q3,2,0,0,157,0.012738854,0
0,CPE,2019Q4,2,0,0,172,0.011627907,0
0,CPE,2020Q3,1,0,0,144,0.006944444,0
0,CPE,2020Q4,1,0,0,180,0.005555556,0
0,CPE,2021Q1,6,0,0,215,0.027906977,0
0,CPE,2021Q2,3,0,0,193,0.015544041,0
0,CPE,2021Q3,2,0,0,216,0.009259259,0
0,CPE,2021Q4,2,0,0,164,0.012195122,0
0,CPE,2022Q3,1,0,0,103,0.009708738,0
0,CPE,2022Q4,2,0,0,153,0.013071895,0
0,CPE,2024Q2,1,0,0,102,0.009803922,0
0,CPE,2024Q4,1,0,0,146,0.006849315,0
0,CRC,2001Q2,1,0,0,11,0.090909091,0
0,CRC,2005Q2,1,0,0,18,0.055555556,0
0,CRC,2005Q4,1,0,0,17,0.058823529,0
0,CRC,2006Q3,2,0,0,18,0.111111111,0
0,CRC,2009Q2,1,0,0,15,0.066666667,0
0,CRC,2009Q3,1,0,0,27,0.037037037,0
0,CRC,2010Q4,1,0,0,41,0.024390244,0
0,CRC,2012Q1,2,1,2,48,0.041666667,0.083333333
0,CRC,2012Q4,1,0,0,45,0.022222222,0
0,CRC,2013Q1,1,0,0,68,0.014705882,0
0,CRC,2014Q1,1,0,0,29,0.034482759,0
0,CRC,2014Q3,1,0,0,39,0.025641026,0
0,CRC,2015Q1,2,0,0,73,0.02739726,0
0,CRC,2015Q2,1,0,0,59,0.016949153,0
0,CRC,2015Q4,1,0,0,74,0.013513514,0
0,CRC,2016Q1,1,0,0,88,0.011363636,0
0,CRC,2016Q3,1,0,0,88,0.011363636,0
0,CRC,2017Q4,1,0,0,125,0.008,0
0,CRC,2018Q2,1,0,0,130,0.007692308,0
0,CRC,2018Q3,2,0,0,126,0.015873016,0
0,CRC,2019Q3,1,0,0,157,0.006369427,0
0,CRC,2019Q4,5,0,0,172,0.029069767,0
0,CRC,2020Q1,3,0,0,213,0.014084507,0
0,CRC,2020Q2,4,0,0,190,0.021052632,0
0,CRC,2020Q3,2,0,0,144,0.013888889,0
0,CRC,2020Q4,3,0,0,180,0.016666667,0
0,CRC,2021Q1,5,0,0,215,0.023255814,0
0,CRC,2021Q3,1,0,0,216,0.00462963,0
0,CRC,2021Q4,3,0.333333333,1,164,0.018292683,0.018292683
0,CRC,2022Q1,4,0,0,150,0.026666667,0
0,CRC,2022Q2,1,0,0,131,0.007633588,0
0,CRC,2022Q3,3,0,0,103,0.029126214,0
0,CRC,2022Q4,1,0,0,153,0.006535948,0
0,CRC,2023Q1,9,0,0,151,0.059602649,0
0,CRC,2023Q2,2,0,0,212,0.009433962,0
0,CRC,2023Q3,1,0,0,137,0.00729927,0
0,CRC,2023Q4,2,0,0,130,0.015384615,0
0,CRC,2024Q1,1,0,0,128,0.0078125,0
0,CRC,2024Q3,2,0,0,163,0.012269939,0
0,CRC,2024Q4,3,0,0,146,0.020547945,0
0,CRK,2001Q1,1,0,0,22,0.045454545,0
0,CRK,2008Q4,1,0,0,18,0.055555556,0
0,CRK,2013Q1,2,0,0,68,0.029411765,0
0,CRK,2013Q2,1,0,0,47,0.021276596,0
0,CRK,2019Q2,1,0,0,154,0.006493506,0
0,CRK,2020Q1,1,0,0,213,0.004694836,0
0,CRK,2020Q4,1,0,0,180,0.005555556,0
0,CRK,2021Q1,1,0,0,215,0.004651163,0
0,CRK,2021Q3,1,0,0,216,0.00462963,0
0,CRK,2022Q4,3,0,0,153,0.019607843,0
0,CRK,2023Q1,2,0,0,151,0.013245033,0
0,CRK,2023Q2,3,-0.333333333,-1,212,0.014150943,-0.014150943
0,CRK,2023Q3,2,0,0,137,0.01459854,0
0,DCP,2006Q2,1,0,0,16,0.0625,0
0,DCP,2010Q2,1,0,0,55,0.018181818,0
0,DCP,2012Q3,1,0,0,54,0.018518519,0
0,DCP,2015Q2,1,0,0,59,0.016949153,0
0,DCP,2016Q3,1,0,0,88,0.011363636,0
0,DCP,2017Q1,1,0,0,73,0.01369863,0
0,DCP,2017Q2,1,0,0,98,0.010204082,0
0,DCP,2018Q3,2,0,0,126,0.015873016,0
0,DCP,2020Q1,1,0,0,213,0.004694836,0
0,DCP,2020Q2,1,0,0,190,0.005263158,0
0,DCP,2020Q4,1,0,0,180,0.005555556,0
0,DCP,2021Q1,4,0,0,215,0.018604651,0
0,DCP,2021Q2,1,0,0,193,0.005181347,0
0,DCP,2021Q3,1,0,0,216,0.00462963,0
0,DCP,2021Q4,1,0,0,164,0.006097561,0
0,DCP,2022Q1,1,0,0,150,0.006666667,0
0,DCP,2023Q1,1,0,0,151,0.006622517,0
0,DCP,2023Q3,1,0,0,137,0.00729927,0
0,DCP,2023Q4,1,0,0,130,0.007692308,0
0,DCP,2024Q4,1,0,0,146,0.006849315,0
0,DO,2018Q1,1,0,0,94,0.010638298,0
0,DO,2020Q2,4,0,0,190,0.021052632,0
0,DO,2025Q1,1,1,1,9,0.111111111,0.111111111
0,DWSN,2020Q2,1,0,0,190,0.005263158,0
0,EP,2004Q4,1,0,0,12,0.083333333,0
0,EP,2012Q3,1,0,0,54,0.018518519,0
0,EP,2013Q2,1,0,0,47,0.021276596,0
0,EP,2013Q3,1,0,0,55,0.018181818,0
0,EP,2015Q2,1,0,0,59,0.016949153,0
0,EP,2017Q1,2,0,0,73,0.02739726,0
0,EP,2017Q4,1,0,0,125,0.008,0
0,EP,2019Q1,1,0,0,140,0.007142857,0
0,EP,2019Q2,3,0,0,154,0.019480519,0
0,EP,2020Q1,2,0,0,213,0.009389671,0
0,EP,2020Q3,2,0,0,144,0.013888889,0
0,EP,2020Q4,2,0,0,180,0.011111111,0
0,EP,2021Q2,2,0,0,193,0.010362694,0
0,EP,2021Q3,4,0,0,216,0.018518519,0
0,EP,2022Q2,3,0,0,131,0.022900763,0
0,EP,2022Q3,1,0,0,103,0.009708738,0
0,EP,2023Q1,2,0,0,151,0.013245033,0
0,EP,2023Q2,1,0,0,212,0.004716981,0
0,EP,2024Q1,2,0,0,128,0.015625,0
0,EP,2024Q2,3,0,0,102,0.029411765,0
0,EP,2024Q3,1,0,0,163,0.006134969,0
0,EPM,2014Q4,1,0,0,81,0.012345679,0
0,EPM,2015Q2,1,0,0,59,0.016949153,0
0,EPM,2019Q1,1,0,0,140,0.007142857,0
0,EPM,2021Q4,1,0,0,164,0.006097561,0
0,EPM,2022Q4,1,0,0,153,0.006535948,0
0,EQT,2003Q4,1,0,0,11,0.090909091,0
0,EQT,2004Q2,1,0,0,11,0.090909091,0
0,EQT,2005Q1,1,0,0,17,0.058823529,0
0,EQT,2005Q4,2,0,0,17,0.117647059,0
0,EQT,2006Q3,1,0,0,18,0.055555556,0
0,EQT,2010Q3,1,0,0,92,0.010869565,0
0,EQT,2010Q4,2,0,0,41,0.048780488,0
0,EQT,2011Q1,1,0,0,39,0.025641026,0
0,EQT,2011Q2,2,0,0,35,0.057142857,0
0,EQT,2011Q4,2,0,0,38,0.052631579,0
0,EQT,2013Q2,1,0,0,47,0.021276596,0
0,EQT,2013Q4,1,0,0,41,0.024390244,0
0,EQT,2014Q1,2,0,0,29,0.068965517,0
0,EQT,2014Q2,1,0,0,38,0.026315789,0
0,EQT,2014Q4,5,0,0,81,0.061728395,0
0,EQT,2015Q2,1,0,0,59,0.016949153,0
0,EQT,2015Q3,1,0,0,95,0.010526316,0
0,EQT,2015Q4,2,0,0,74,0.027027027,0
0,EQT,2016Q1,4,0,0,88,0.045454545,0
0,EQT,2016Q2,1,0,0,90,0.011111111,0
0,EQT,2016Q3,3,0,0,88,0.034090909,0
0,EQT,2016Q4,1,0,0,73,0.01369863,0
0,EQT,2017Q1,1,0,0,73,0.01369863,0
0,EQT,2017Q2,3,0,0,98,0.030612245,0
0,EQT,2017Q3,6,0,0,112,0.053571429,0
0,EQT,2017Q4,6,0,0,125,0.048,0
0,EQT,2018Q1,3,0,0,94,0.031914894,0
0,EQT,2018Q3,1,0,0,126,0.007936508,0
0,EQT,2018Q4,7,0,0,143,0.048951049,0
0,EQT,2019Q1,3,0,0,140,0.021428571,0
0,EQT,2019Q2,7,0,0,154,0.045454545,0
0,EQT,2019Q3,7,0.285714286,2,157,0.044585987,0.089171975
0,EQT,2019Q4,8,0,0,172,0.046511628,0
0,EQT,2020Q1,11,0,0,213,0.051643192,0
0,EQT,2020Q2,7,0,0,190,0.036842105,0
0,EQT,2020Q3,12,0,0,144,0.083333333,0
0,EQT,2020Q4,15,0.066666667,1,180,0.083333333,0.083333333
0,EQT,2021Q1,12,0,0,215,0.055813953,0
0,EQT,2021Q2,24,0.041666667,1,193,0.124352332,0.124352332
0,EQT,2021Q3,20,0,0,216,0.092592593,0
0,EQT,2021Q4,21,0,0,164,0.12804878,0
0,EQT,2022Q1,20,0,0,150,0.133333333,0
0,EQT,2022Q2,11,0,0,131,0.083969466,0
0,EQT,2022Q3,8,0.125,1,103,0.077669903,0.077669903
0,EQT,2022Q4,17,0,0,153,0.111111111,0
0,EQT,2023Q1,13,0,0,151,0.086092715,0
0,EQT,2023Q2,24,0.041666667,1,212,0.113207547,0.113207547
0,EQT,2023Q3,15,0,0,137,0.109489051,0
0,EQT,2023Q4,7,0,0,130,0.053846154,0
0,EQT,2024Q1,17,0.058823529,1,128,0.1328125,0.1328125
0,EQT,2024Q2,16,0.1875,3,102,0.156862745,0.470588235
0,EQT,2024Q3,10,0.2,2,163,0.061349693,0.122699387
0,EQT,2024Q4,11,0,0,146,0.075342466,0
0,EXE,1998Q2,1,0,0,3,0.333333333,0
0,EXE,1999Q4,1,0,0,6,0.166666667,0
0,EXE,2000Q2,1,0,0,10,0.1,0
0,EXE,2016Q1,1,0,0,88,0.011363636,0
0,FANG,2014Q2,1,0,0,38,0.026315789,0
0,FANG,2016Q1,3,0,0,88,0.034090909,0
0,FANG,2016Q3,1,1,1,88,0.011363636,0.011363636
0,FANG,2016Q4,1,0,0,73,0.01369863,0
0,FANG,2017Q1,2,0,0,73,0.02739726,0
0,FANG,2017Q2,5,0,0,98,0.051020408,0
0,FANG,2017Q3,2,0,0,112,0.017857143,0
0,FANG,2017Q4,6,0,0,125,0.048,0
0,FANG,2018Q1,4,0,0,94,0.042553191,0
0,FANG,2018Q2,12,0,0,130,0.092307692,0
0,FANG,2018Q3,13,0,0,126,0.103174603,0
0,FANG,2018Q4,12,0,0,143,0.083916084,0
0,FANG,2019Q1,3,0,0,140,0.021428571,0
0,FANG,2019Q2,2,0,0,154,0.012987013,0
0,FANG,2019Q3,3,0,0,157,0.01910828,0
0,FANG,2020Q3,1,-2,-2,144,0.006944444,-0.013888889
0,FANG,2021Q2,1,0,0,193,0.005181347,0
0,FANG,2021Q3,1,0,0,216,0.00462963,0
0,FANG,2021Q4,1,0,0,164,0.006097561,0
0,FANG,2022Q1,2,0,0,150,0.013333333,0
0,FANG,2022Q2,1,0,0,131,0.007633588,0
0,FANG,2022Q3,1,0,0,103,0.009708738,0
0,FANG,2022Q4,1,0,0,153,0.006535948,0
0,FANG,2023Q2,1,1,1,212,0.004716981,0.004716981
0,FANG,2024Q1,1,0,0,128,0.0078125,0
0,FANG,2024Q3,1,0,0,163,0.006134969,0
0,GDP,2014Q4,1,0,0,81,0.012345679,0
0,GDP,2016Q2,2,0,0,90,0.022222222,0
0,GDP,2016Q4,1,0,0,73,0.01369863,0
0,GDP,2017Q2,2,0,0,98,0.020408163,0
0,GPRK,2025Q1,1,2,2,9,0.111111111,0.222222222
0,HAL,2001Q2,1,0,0,11,0.090909091,0
0,HAL,2003Q4,1,0,0,11,0.090909091,0
0,HAL,2011Q1,1,0,0,39,0.025641026,0
0,HAL,2015Q2,1,1,1,59,0.016949153,0.016949153
0,HAL,2015Q3,2,-1,-2,95,0.021052632,-0.042105263
0,HAL,2016Q2,1,-1,-1,90,0.011111111,-0.011111111
0,HAL,2017Q1,1,-1,-1,73,0.01369863,-0.01369863
0,HAL,2020Q2,1,-2,-2,190,0.005263158,-0.010526316
0,HAL,2020Q3,2,0,0,144,0.013888889,0
0,HAL,2022Q3,1,-1,-1,103,0.009708738,-0.009708738
0,HAL,2022Q4,1,0,0,153,0.006535948,0
0,HAL,2023Q2,2,0,0,212,0.009433962,0
0,HAL,2024Q3,1,1,1,163,0.006134969,0.006134969
0,HESM,2019Q4,1,2,2,172,0.005813953,0.011627907
0,HESM,2024Q4,1,0,0,146,0.006849315,0
0,HLX,2011Q1,1,0,0,39,0.025641026,0
0,HP,1998Q4,1,0,0,8,0.125,0
0,HP,1999Q1,1,0,0,18,0.055555556,0
0,HP,1999Q3,3,0.333333333,1,14,0.214285714,0.214285714
0,HP,1999Q4,1,-1,-1,6,0.166666667,-0.166666667
0,HP,2000Q1,1,0,0,8,0.125,0
0,HP,2000Q3,1,0,0,8,0.125,0
0,HP,2000Q4,2,0,0,9,0.222222222,0
0,HP,2001Q1,2,0,0,22,0.090909091,0
0,HP,2001Q3,1,0,0,10,0.1,0
0,HP,2001Q4,1,0,0,12,0.083333333,0
0,HP,2002Q1,4,0.5,2,32,0.125,0.25
0,HP,2002Q2,1,0,0,12,0.083333333,0
0,HP,2002Q3,1,0,0,8,0.125,0
0,HP,2002Q4,1,1,1,9,0.111111111,0.111111111
0,HP,2004Q1,2,0.5,1,19,0.105263158,0.105263158
0,HP,2004Q2,1,0,0,11,0.090909091,0
0,HP,2004Q3,1,0,0,14,0.071428571,0
0,HP,2004Q4,4,0,0,12,0.333333333,0
0,HP,2005Q1,2,0,0,17,0.117647059,0
0,HP,2005Q2,5,-0.2,-1,18,0.277777778,-0.277777778
0,HP,2005Q4,1,0,0,17,0.058823529,0
0,HP,2006Q4,1,0,0,10,0.1,0
0,HP,2007Q2,2,0,0,23,0.086956522,0
0,HP,2007Q3,2,0,0,12,0.166666667,0
0,HP,2008Q2,2,0,0,9,0.222222222,0
0,HP,2008Q3,1,0,0,8,0.125,0
0,HP,2009Q2,1,0,0,15,0.066666667,0
0,HP,2009Q3,3,0,0,27,0.111111111,0
0,HP,2009Q4,5,0.4,2,32,0.15625,0.3125
0,HP,2010Q1,2,0,0,25,0.08,0
0,HP,2010Q2,3,0,0,55,0.054545455,0
0,HP,2010Q3,7,0,0,92,0.076086957,0
0,HP,2010Q4,3,0,0,41,0.073170732,0
0,HP,2011Q1,3,0.333333333,1,39,0.076923077,0.076923077
0,HP,2011Q2,3,0,0,35,0.085714286,0
0,HP,2011Q3,5,0,0,28,0.178571429,0
0,HP,2011Q4,1,0,0,38,0.026315789,0
0,HP,2012Q1,1,0,0,48,0.020833333,0
0,HP,2012Q3,2,0,0,54,0.037037037,0
0,HP,2012Q4,3,0,0,45,0.066666667,0
0,HP,2013Q1,5,-0.2,-1,68,0.073529412,-0.073529412
0,HP,2013Q2,2,0,0,47,0.042553191,0
0,HP,2013Q3,3,0,0,55,0.054545455,0
0,HP,2013Q4,4,0,0,41,0.097560976,0
0,HP,2014Q1,2,0,0,29,0.068965517,0
0,HP,2014Q2,1,0,0,38,0.026315789,0
0,HP,2014Q4,2,0.5,1,81,0.024691358,0.024691358
0,HP,2015Q1,1,0,0,73,0.01369863,0
0,HP,2015Q2,5,0,0,59,0.084745763,0
0,HP,2015Q3,7,-0.142857143,-1,95,0.073684211,-0.073684211
0,HP,2015Q4,5,0,0,74,0.067567568,0
0,HP,2016Q1,1,0,0,88,0.011363636,0
0,HP,2016Q2,7,0,0,90,0.077777778,0
0,HP,2016Q3,7,0,0,88,0.079545455,0
0,HP,2016Q4,3,0.333333333,1,73,0.04109589,0.04109589
0,HP,2017Q1,1,0,0,73,0.01369863,0
0,HP,2017Q2,7,0,0,98,0.071428571,0
0,HP,2017Q3,3,0,0,112,0.026785714,0
0,HP,2017Q4,8,0,0,125,0.064,0
0,HP,2018Q1,3,0,0,94,0.031914894,0
0,HP,2018Q2,3,0,0,130,0.023076923,0
0,HP,2018Q3,4,0,0,126,0.031746032,0
0,HP,2018Q4,6,0.166666667,1,143,0.041958042,0.041958042
0,HP,2019Q1,3,0,0,140,0.021428571,0
0,HP,2019Q2,6,-0.166666667,-1,154,0.038961039,-0.038961039
0,HP,2019Q3,4,0,0,157,0.025477707,0
0,HP,2019Q4,13,0.230769231,3,172,0.075581395,0.226744186
0,HP,2020Q1,21,0,0,213,0.098591549,0
0,HP,2020Q2,12,-0.25,-3,190,0.063157895,-0.189473684
0,HP,2020Q3,12,0,0,144,0.083333333,0
0,HP,2020Q4,13,0,0,180,0.072222222,0
0,HP,2021Q1,10,-0.3,-3,215,0.046511628,-0.139534884
0,HP,2021Q2,23,-0.260869565,-6,193,0.119170984,-0.715025907
0,HP,2021Q3,10,-0.2,-2,216,0.046296296,-0.092592593
0,HP,2021Q4,11,0,0,164,0.067073171,0
0,HP,2022Q1,8,0.25,2,150,0.053333333,0.106666667
0,HP,2022Q2,20,0.05,1,131,0.152671756,0.152671756
0,HP,2022Q3,8,-0.125,-1,103,0.077669903,-0.077669903
0,HP,2022Q4,34,-0.088235294,-3,153,0.222222222,-0.666666667
0,HP,2023Q1,27,-0.037037037,-1,151,0.178807947,-0.178807947
0,HP,2023Q2,18,-0.055555556,-1,212,0.08490566,-0.08490566
0,HP,2023Q3,8,0,0,137,0.058394161,0
0,HP,2023Q4,11,0,0,130,0.084615385,0
0,HP,2024Q1,7,0,0,128,0.0546875,0
0,HP,2024Q2,3,0,0,102,0.029411765,0
0,HP,2024Q3,8,0,0,163,0.049079755,0
0,HP,2024Q4,3,0,0,146,0.020547945,0
0,KRP,2020Q3,1,0,0,144,0.006944444,0
0,KRP,2022Q1,1,0,0,150,0.006666667,0
0,MXC,2012Q1,1,0,0,48,0.020833333,0
0,MXC,2017Q4,1,0,0,125,0.008,0
0,NBR,1999Q1,1,0,0,18,0.055555556,0
0,NBR,2001Q4,1,2,2,12,0.083333333,0.166666667
0,NBR,2012Q1,1,0,0,48,0.020833333,0
0,NBR,2014Q1,1,0,0,29,0.034482759,0
0,NBR,2015Q4,1,-1,-1,74,0.013513514,-0.013513514
0,NBR,2017Q3,1,1,1,112,0.008928571,0.008928571
0,NBR,2021Q2,1,0,0,193,0.005181347,0
0,NBR,2022Q4,1,2,2,153,0.006535948,0.013071895
0,NBR,2023Q3,1,0,0,137,0.00729927,0
0,NBR,2024Q4,1,-1,-1,146,0.006849315,-0.006849315
0,NE,2000Q3,1,0,0,8,0.125,0
0,NE,2002Q2,1,0,0,12,0.083333333,0
0,NE,2003Q4,1,2,2,11,0.090909091,0.181818182
0,NE,2004Q2,1,0,0,11,0.090909091,0
0,NE,2004Q3,1,0,0,14,0.071428571,0
0,NE,2007Q1,1,1,1,9,0.111111111,0.111111111
0,NE,2007Q3,1,0,0,12,0.083333333,0
0,NE,2008Q2,1,0,0,9,0.111111111,0
0,NE,2009Q3,1,0,0,27,0.037037037,0
0,NE,2012Q4,1,0,0,45,0.022222222,0
0,NE,2014Q3,1,0,0,39,0.025641026,0
0,NE,2015Q4,1,0,0,74,0.013513514,0
0,NE,2016Q1,1,0,0,88,0.011363636,0
0,NE,2018Q2,1,0,0,130,0.007692308,0
0,NE,2019Q2,1,0,0,154,0.006493506,0
0,NE,2019Q4,1,0,0,172,0.005813953,0
0,NE,2020Q2,1,1,1,190,0.005263158,0.005263158
0,NE,2020Q3,1,0,0,144,0.006944444,0
0,NE,2020Q4,1,1,1,180,0.005555556,0.005555556
0,NE,2021Q2,1,0,0,193,0.005181347,0
0,NE,2022Q3,1,0,0,103,0.009708738,0
0,NE,2023Q3,1,0,0,137,0.00729927,0
0,NE,2024Q4,1,-1,-1,146,0.006849315,-0.006849315
0,NES,2004Q2,1,0,0,11,0.090909091,0
0,NES,2005Q3,1,0,0,6,0.166666667,0
0,NES,2010Q4,1,0,0,41,0.024390244,0
0,NES,2011Q3,1,0,0,28,0.035714286,0
0,NES,2013Q3,1,0,0,55,0.018181818,0
0,NES,2014Q1,1,-1,-1,29,0.034482759,-0.034482759
0,NES,2014Q4,1,0,0,81,0.012345679,0
0,NES,2015Q1,1,0,0,73,0.01369863,0
0,NES,2015Q4,1,0,0,74,0.013513514,0
0,NES,2017Q1,2,1,2,73,0.02739726,0.054794521
0,NES,2017Q4,1,0,0,125,0.008,0
0,NES,2018Q2,3,0,0,130,0.023076923,0
0,NES,2018Q3,1,0,0,126,0.007936508,0
0,NES,2019Q1,6,0.166666667,1,140,0.042857143,0.042857143
0,NES,2019Q2,3,0,0,154,0.019480519,0
0,NES,2020Q1,1,0,0,213,0.004694836,0
0,NES,2020Q2,1,0,0,190,0.005263158,0
0,NES,2020Q4,2,0,0,180,0.011111111,0
0,NES,2021Q1,1,0,0,215,0.004651163,0
0,NES,2021Q2,1,0,0,193,0.005181347,0
0,NES,2021Q4,3,0,0,164,0.018292683,0
0,NES,2023Q2,1,0,0,212,0.004716981,0
0,NES,2023Q3,1,0,0,137,0.00729927,0
0,NES,2023Q4,1,0,0,130,0.007692308,0
0,NEX,2010Q4,2,0,0,41,0.048780488,0
0,NEX,2011Q4,1,0,0,38,0.026315789,0
0,NEX,2017Q1,1,0,0,73,0.01369863,0
0,NEX,2017Q2,1,-1,-1,98,0.010204082,-0.010204082
0,NEX,2018Q2,1,0,0,130,0.007692308,0
0,NEX,2019Q3,2,0,0,157,0.012738854,0
0,NEX,2019Q4,1,0,0,172,0.005813953,0
0,NEX,2020Q1,2,0,0,213,0.009389671,0
0,NEX,2020Q2,3,-0.333333333,-1,190,0.015789474,-0.015789474
0,NEX,2020Q3,5,-0.4,-2,144,0.034722222,-0.069444444
0,NEX,2020Q4,3,-0.333333333,-1,180,0.016666667,-0.016666667
0,NEX,2021Q1,5,0.2,1,215,0.023255814,0.023255814
0,NEX,2021Q2,4,0,0,193,0.020725389,0
0,NEX,2021Q3,1,0,0,216,0.00462963,0
0,NEX,2021Q4,2,0,0,164,0.012195122,0
0,NEX,2022Q3,2,0,0,103,0.019417476,0
0,NEX,2023Q3,1,0,0,137,0.00729927,0
0,NEX,2024Q4,1,0,0,146,0.006849315,0
0,PDCE,2020Q2,1,0,0,190,0.005263158,0
0,PDCE,2020Q4,1,-1,-1,180,0.005555556,-0.005555556
0,PDCE,2024Q4,1,1,1,146,0.006849315,0.006849315
0,PED,2002Q2,1,0,0,12,0.083333333,0
0,PED,2003Q2,1,1,1,10,0.1,0.1
0,PED,2009Q1,1,0,0,19,0.052631579,0
0,PED,2010Q2,1,1,1,55,0.018181818,0.018181818
0,PED,2010Q3,2,0,0,92,0.02173913,0
0,PED,2011Q2,1,1,1,35,0.028571429,0.028571429
0,PED,2012Q1,1,0,0,48,0.020833333,0
0,PED,2012Q2,1,0,0,35,0.028571429,0
0,PED,2012Q3,2,0,0,54,0.037037037,0
0,PED,2012Q4,1,0,0,45,0.022222222,0
0,PED,2013Q1,3,-0.333333333,-1,68,0.044117647,-0.044117647
0,PED,2013Q2,3,0,0,47,0.063829787,0
0,PED,2013Q3,9,-0.444444444,-4,55,0.163636364,-0.654545455
0,PED,2013Q4,1,0,0,41,0.024390244,0
0,PED,2014Q1,2,-0.5,-1,29,0.068965517,-0.068965517
0,PED,2014Q2,4,-0.5,-2,38,0.105263158,-0.210526316
0,PED,2014Q3,1,0,0,39,0.025641026,0
0,PED,2014Q4,2,-0.5,-1,81,0.024691358,-0.024691358
0,PED,2015Q1,5,-0.6,-3,73,0.068493151,-0.205479452
0,PED,2015Q2,4,0,0,59,0.06779661,0
0,PED,2015Q3,2,-0.5,-1,95,0.021052632,-0.021052632
0,PED,2016Q1,3,0,0,88,0.034090909,0
0,PED,2016Q3,2,0,0,88,0.022727273,0
0,PED,2017Q2,1,1,1,98,0.010204082,0.010204082
0,PED,2018Q2,1,0,0,130,0.007692308,0
0,PED,2019Q3,1,0,0,157,0.006369427,0
0,PED,2021Q1,2,-0.5,-1,215,0.009302326,-0.009302326
0,PED,2022Q3,1,0,0,103,0.009708738,0
0,PED,2023Q2,1,0,0,212,0.004716981,0
0,PHX,2009Q1,1,0,0,19,0.052631579,0
0,PHX,2011Q4,1,0,0,38,0.026315789,0
0,PHX,2018Q2,1,0,0,130,0.007692308,0
0,PHX,2019Q4,1,0,0,172,0.005813953,0
0,PHX,2022Q1,1,0,0,150,0.006666667,0
0,PHX,2023Q2,2,0,0,212,0.009433962,0
0,PR,1998Q4,1,1,1,8,0.125,0.125
0,PR,2000Q1,2,1,2,8,0.25,0.5
0,PR,2000Q2,2,0.5,1,10,0.2,0.2
0,PR,2000Q3,2,0,0,8,0.25,0
0,PR,2002Q3,1,1,1,8,0.125,0.125
0,PR,2002Q4,1,0,0,9,0.111111111,0
0,PR,2004Q1,1,0,0,19,0.052631579,0
0,PR,2004Q2,1,0,0,11,0.090909091,0
0,PR,2004Q3,1,0,0,14,0.071428571,0
0,PR,2006Q2,2,0.5,1,16,0.125,0.125
0,PR,2006Q3,2,-1,-2,18,0.111111111,-0.222222222
0,PR,2007Q2,1,0,0,23,0.043478261,0
0,PR,2007Q3,1,0,0,12,0.083333333,0
0,PR,2008Q2,1,1,1,9,0.111111111,0.111111111
0,PR,2010Q1,1,0,0,25,0.04,0
0,PR,2010Q3,1,0,0,92,0.010869565,0
0,PR,2010Q4,1,0,0,41,0.024390244,0
0,PR,2011Q1,1,0,0,39,0.025641026,0
0,PR,2011Q3,1,0,0,28,0.035714286,0
0,PR,2011Q4,1,0,0,38,0.026315789,0
0,PR,2012Q3,2,0.5,1,54,0.037037037,0.037037037
0,PR,2013Q2,1,0,0,47,0.021276596,0
0,PR,2013Q3,1,0,0,55,0.018181818,0
0,PR,2013Q4,1,0,0,41,0.024390244,0
0,PR,2014Q3,1,0,0,39,0.025641026,0
0,PR,2015Q1,1,0,0,73,0.01369863,0
0,PR,2016Q2,1,0,0,90,0.011111111,0
0,PR,2017Q1,1,0,0,73,0.01369863,0
0,PR,2017Q3,1,-1,-1,112,0.008928571,-0.008928571
0,PR,2017Q4,1,0,0,125,0.008,0
0,PR,2018Q2,1,0,0,130,0.007692308,0
0,PR,2018Q3,2,0,0,126,0.015873016,0
0,PR,2019Q3,1,1,1,157,0.006369427,0.006369427
0,PR,2020Q1,4,0.25,1,213,0.018779343,0.018779343
0,PR,2020Q2,1,-1,-1,190,0.005263158,-0.005263158
0,PR,2020Q3,2,0.5,1,144,0.013888889,0.013888889
0,PR,2020Q4,4,0.25,1,180,0.022222222,0.022222222
0,PR,2021Q1,2,0,0,215,0.009302326,0
0,PR,2021Q2,2,0.5,1,193,0.010362694,0.010362694
0,PR,2021Q3,2,0,0,216,0.009259259,0
0,PR,2022Q1,1,0,0,150,0.006666667,0
0,PR,2022Q2,1,0,0,131,0.007633588,0
0,PR,2022Q3,1,0,0,103,0.009708738,0
0,PR,2022Q4,3,0,0,153,0.019607843,0
0,PR,2023Q2,3,0.666666667,2,212,0.014150943,0.028301887
0,PR,2023Q3,1,0,0,137,0.00729927,0
0,PR,2023Q4,2,0.5,1,130,0.015384615,0.015384615
0,PR,2024Q1,3,0.333333333,1,128,0.0234375,0.0234375
0,PR,2024Q3,1,0,0,163,0.006134969,0
0,PR,2024Q4,2,0,0,146,0.01369863,0
0,PTEN,2003Q4,1,0,0,11,0.090909091,0
0,PTEN,2011Q1,1,0,0,39,0.025641026,0
0,PTEN,2020Q2,1,0,0,190,0.005263158,0
0,PTEN,2022Q1,1,0,0,150,0.006666667,0
0,PTEN,2024Q4,1,0,0,146,0.006849315,0
0,PUMP,2020Q3,1,0,0,144,0.006944444,0
0,PUMP,2022Q2,1,0,0,131,0.007633588,0
0,RES,2024Q4,2,1,2,146,0.01369863,0.02739726
0,RIG,2010Q2,1,-2,-2,55,0.018181818,-0.036363636
0,RIG,2012Q4,1,-1,-1,45,0.022222222,-0.022222222
0,RIG,2013Q1,1,-2,-2,68,0.014705882,-0.029411765
0,RIG,2017Q1,1,1,1,73,0.01369863,0.01369863
0,RIG,2018Q1,1,0,0,94,0.010638298,0
0,RIG,2018Q2,1,1,1,130,0.007692308,0.007692308
0,RIG,2023Q2,1,0,0,212,0.004716981,0
0,RIG,2024Q4,1,1,1,146,0.006849315,0.006849315
0,SD,2002Q1,1,0,0,32,0.03125,0
0,SD,2017Q4,1,-1,-1,125,0.008,-0.008
0,SD,2020Q2,1,0,0,190,0.005263158,0
0,SDRL,2024Q4,1,0,0,146,0.006849315,0
0,SDRL,2025Q1,1,1,1,9,0.111111111,0.111111111
0,SLB,2000Q2,1,1,1,10,0.1,0.1
0,SLB,2005Q1,1,-1,-1,17,0.058823529,-0.058823529
0,SLB,2007Q2,1,0,0,23,0.043478261,0
0,SLB,2011Q4,1,1,1,38,0.026315789,0.026315789
0,SLB,2012Q3,1,1,1,54,0.018518519,0.018518519
0,SLB,2013Q2,1,2,2,47,0.021276596,0.042553191
0,SLB,2015Q3,3,-0.333333333,-1,95,0.031578947,-0.031578947
0,SLB,2015Q4,1,0,0,74,0.013513514,0
0,SLB,2016Q1,1,1,1,88,0.011363636,0.011363636
0,SLB,2016Q2,1,-1,-1,90,0.011111111,-0.011111111
0,SLB,2017Q3,1,1,1,112,0.008928571,0.008928571
0,SLB,2018Q4,1,0,0,143,0.006993007,0
0,SLB,2019Q1,1,1,1,140,0.007142857,0.007142857
0,SLB,2019Q3,1,0,0,157,0.006369427,0
0,SLB,2020Q3,1,2,2,144,0.006944444,0.013888889
0,SLB,2020Q4,2,0.5,1,180,0.011111111,0.011111111
0,SLB,2021Q1,2,0,0,215,0.009302326,0
0,SLB,2021Q2,1,0,0,193,0.005181347,0
0,SLB,2021Q3,1,-1,-1,216,0.00462963,-0.00462963
0,SLB,2021Q4,3,-0.333333333,-1,164,0.018292683,-0.018292683
0,SLB,2022Q1,1,1,1,150,0.006666667,0.006666667
0,SLB,2022Q3,2,0.5,1,103,0.019417476,0.019417476
0,SLB,2022Q4,4,1,4,153,0.026143791,0.104575163
0,SLB,2023Q1,1,2,2,151,0.006622517,0.013245033
0,SLB,2023Q2,5,0.8,4,212,0.023584906,0.094339623
0,SLB,2023Q3,5,-0.2,-1,137,0.03649635,-0.03649635
0,SLB,2023Q4,1,0,0,130,0.007692308,0
0,SLB,2024Q1,1,1,1,128,0.0078125,0.0078125
0,SLB,2024Q2,1,0,0,102,0.009803922,0
0,SLB,2024Q3,2,1.5,3,163,0.012269939,0.036809816
0,SLB,2024Q4,2,0,0,146,0.01369863,0
0,STR,1999Q3,1,1,1,14,0.071428571,0.071428571
0,STR,2004Q4,1,0,0,12,0.083333333,0
0,STR,2006Q4,1,0,0,10,0.1,0
0,STR,2008Q4,1,0,0,18,0.055555556,0
0,STR,2009Q2,1,0,0,15,0.066666667,0
0,STR,2009Q4,1,0,0,32,0.03125,0
0,STR,2010Q2,3,0,0,55,0.054545455,0
0,STR,2010Q3,1,0,0,92,0.010869565,0
0,STR,2011Q3,1,1,1,28,0.035714286,0.035714286
0,STR,2012Q2,1,-1,-1,35,0.028571429,-0.028571429
0,STR,2012Q4,1,-1,-1,45,0.022222222,-0.022222222
0,STR,2013Q3,2,1,2,55,0.036363636,0.072727273
0,STR,2014Q1,1,1,1,29,0.034482759,0.034482759
0,STR,2014Q3,1,0,0,39,0.025641026,0
0,STR,2014Q4,1,0,0,81,0.012345679,0
0,STR,2015Q1,3,0,0,73,0.04109589,0
0,STR,2016Q1,2,0,0,88,0.022727273,0
0,STR,2016Q2,1,0,0,90,0.011111111,0
0,STR,2016Q3,3,0,0,88,0.034090909,0
0,STR,2016Q4,1,0,0,73,0.01369863,0
0,STR,2017Q1,2,0,0,73,0.02739726,0
0,STR,2017Q3,4,0,0,112,0.035714286,0
0,STR,2018Q1,2,0,0,94,0.021276596,0
0,STR,2018Q2,2,0.5,1,130,0.015384615,0.015384615
0,STR,2018Q3,1,0,0,126,0.007936508,0
0,STR,2018Q4,2,0,0,143,0.013986014,0
0,STR,2019Q1,3,0,0,140,0.021428571,0
0,STR,2019Q2,6,-0.166666667,-1,154,0.038961039,-0.038961039
0,STR,2019Q3,5,0,0,157,0.031847134,0
0,STR,2019Q4,6,0,0,172,0.034883721,0
0,STR,2020Q1,22,-0.363636364,-8,213,0.103286385,-0.82629108
0,STR,2020Q2,19,-0.315789474,-6,190,0.1,-0.6
0,STR,2020Q3,18,-0.111111111,-2,144,0.125,-0.25
0,STR,2020Q4,13,-0.307692308,-4,180,0.072222222,-0.288888889
0,STR,2021Q1,19,0.157894737,3,215,0.088372093,0.265116279
0,STR,2021Q2,13,0.153846154,2,193,0.067357513,0.134715026
0,STR,2021Q3,15,0.2,3,216,0.069444444,0.208333333
0,STR,2021Q4,13,-0.076923077,-1,164,0.079268293,-0.079268293
0,STR,2022Q1,8,0.125,1,150,0.053333333,0.053333333
0,STR,2022Q2,7,0,0,131,0.053435115,0
0,STR,2022Q3,18,-0.166666667,-3,103,0.174757282,-0.524271845
0,STR,2022Q4,4,0.5,2,153,0.026143791,0.052287582
0,STR,2023Q1,5,0,0,151,0.033112583,0
0,STR,2023Q2,8,0.375,3,212,0.037735849,0.113207547
0,STR,2023Q3,11,0.090909091,1,137,0.080291971,0.080291971
0,STR,2023Q4,2,0,0,130,0.015384615,0
0,STR,2024Q1,5,0.2,1,128,0.0390625,0.0390625
0,STR,2024Q2,3,0.333333333,1,102,0.029411765,0.029411765
0,STR,2024Q3,2,0,0,163,0.012269939,0
0,TTI,2000Q2,2,0.5,1,10,0.2,0.2
0,TTI,2001Q4,1,0,0,12,0.083333333,0
0,TTI,2002Q1,2,0,0,32,0.0625,0
0,TTI,2004Q1,1,0,0,19,0.052631579,0
0,TTI,2007Q3,1,1,1,12,0.083333333,0.083333333
0,TTI,2009Q3,1,0,0,27,0.037037037,0
0,TTI,2016Q2,1,0,0,90,0.011111111,0
0,TTI,2017Q1,4,0,0,73,0.054794521,0
0,TTI,2018Q3,1,0,0,126,0.007936508,0
0,TTI,2020Q1,1,0,0,213,0.004694836,0
0,TTI,2020Q3,2,0.5,1,144,0.013888889,0.013888889
0,TTI,2020Q4,1,0,0,180,0.005555556,0
0,TTI,2021Q1,1,0,0,215,0.004651163,0
0,TTI,2021Q2,1,0,0,193,0.005181347,0
0,TTI,2021Q3,1,-1,-1,216,0.00462963,-0.00462963
0,TTI,2022Q4,2,0,0,153,0.013071895,0
0,TTI,2023Q4,1,0,0,130,0.007692308,0
0,USEG,2025Q1,1,1,1,9,0.111111111,0.111111111
0,VAL,2015Q3,1,1,1,95,0.010526316,0.010526316
0,VOC,1999Q2,1,0,0,6,0.166666667,0
0,VOC,2001Q4,1,1,1,12,0.083333333,0.083333333
0,VOC,2005Q2,1,0,0,18,0.055555556,0
0,VOC,2009Q1,1,0,0,19,0.052631579,0
0,VOC,2011Q1,1,0,0,39,0.025641026,0
0,VOC,2015Q3,1,0,0,95,0.010526316,0
0,VOC,2015Q4,1,-1,-1,74,0.013513514,-0.013513514
0,VOC,2016Q2,1,1,1,90,0.011111111,0.011111111
0,VOC,2017Q3,1,0,0,112,0.008928571,0
0,VOC,2018Q1,2,0,0,94,0.021276596,0
0,VOC,2018Q2,3,0,0,130,0.023076923,0
0,VOC,2018Q3,4,-0.25,-1,126,0.031746032,-0.031746032
0,VOC,2018Q4,1,-1,-1,143,0.006993007,-0.006993007
0,VOC,2019Q1,1,0,0,140,0.007142857,0
0,VOC,2019Q2,1,-1,-1,154,0.006493506,-0.006493506
0,VOC,2019Q3,2,-1,-2,157,0.012738854,-0.025477707
0,VOC,2019Q4,1,0,0,172,0.005813953,0
0,VOC,2020Q4,3,-0.333333333,-1,180,0.016666667,-0.016666667
0,VOC,2021Q1,3,0,0,215,0.013953488,0
0,VOC,2021Q2,16,-0.1875,-3,193,0.082901554,-0.248704663
0,VOC,2021Q3,6,0,0,216,0.027777778,0
0,VOC,2021Q4,9,-0.111111111,-1,164,0.054878049,-0.054878049
0,VOC,2022Q1,1,0,0,150,0.006666667,0
0,VOC,2022Q2,1,-1,-1,131,0.007633588,-0.007633588
0,VOC,2022Q4,2,1,2,153,0.013071895,0.026143791
0,VOC,2023Q1,1,0,0,151,0.006622517,0
0,VOC,2023Q2,1,1,1,212,0.004716981,0.004716981
0,VOC,2024Q4,1,1,1,146,0.006849315,0.006849315
0,VTS,2013Q4,1,0,0,41,0.024390244,0
0,VTS,2015Q2,1,0,0,59,0.016949153,0
0,VTS,2015Q4,1,0,0,74,0.013513514,0
0,VTS,2016Q4,1,0,0,73,0.01369863,0
0,VTS,2018Q2,3,-0.333333333,-1,130,0.023076923,-0.023076923
0,VTS,2018Q4,2,0,0,143,0.013986014,0
0,VTS,2019Q2,1,0,0,154,0.006493506,0
0,VTS,2019Q3,3,0,0,157,0.01910828,0
0,VTS,2019Q4,1,0,0,172,0.005813953,0
0,VTS,2020Q1,1,0,0,213,0.004694836,0
0,VTS,2020Q4,2,0,0,180,0.011111111,0
0,VTS,2021Q1,8,0,0,215,0.037209302,0
0,VTS,2021Q2,3,0,0,193,0.015544041,0
0,VTS,2021Q3,1,1,1,216,0.00462963,0.00462963
0,VTS,2021Q4,3,0,0,164,0.018292683,0
0,VTS,2022Q1,1,0,0,150,0.006666667,0
0,VTS,2022Q2,1,0,0,131,0.007633588,0
0,VTS,2022Q3,3,-0.333333333,-1,103,0.029126214,-0.029126214
0,VTS,2022Q4,1,0,0,153,0.006535948,0
0,VTS,2023Q1,2,-1,-2,151,0.013245033,-0.026490066
0,VTS,2023Q2,1,0,0,212,0.004716981,0
0,VTS,2023Q3,1,0,0,137,0.00729927,0
0,VTS,2023Q4,1,0,0,130,0.007692308,0
0,VTS,2024Q2,4,0,0,102,0.039215686,0
0,WLL,1999Q3,1,0,0,14,0.071428571,0
0,WLL,2000Q1,1,0,0,8,0.125,0
0,WLL,2001Q1,2,0.5,1,22,0.090909091,0.090909091
0,WLL,2015Q3,1,-1,-1,95,0.010526316,-0.010526316
0,WLL,2020Q2,2,0,0,190,0.010526316,0
1,APA,2018Q3,1,0,0,126,0.007936508,0
1,EQT,2008Q1,1,0,0,10,0.1,0
1,EQT,2014Q4,1,0,0,81,0.012345679,0
1,EQT,2018Q3,1,0,0,126,0.007936508,0
1,EQT,2019Q1,1,0,0,140,0.007142857,0
1,EQT,2022Q1,2,0,0,150,0.013333333,0
1,EQT,2022Q2,1,0,0,131,0.007633588,0
2,ACDC,1999Q1,1,0,0,18,0.055555556,0
2,ACDC,2015Q3,1,0,0,95,0.010526316,0
2,ACDC,2022Q2,1,-1,-1,131,0.007633588,-0.007633588
2,ACDC,2023Q1,1,0,0,151,0.006622517,0
2,ACDC,2024Q2,1,0,0,102,0.009803922,0
2,AESI,2020Q4,1,0,0,180,0.005555556,0
2,AESI,2021Q3,1,0,0,216,0.00462963,0
2,AESI,2021Q4,4,0,0,164,0.024390244,0
2,AESI,2022Q4,1,0,0,153,0.006535948,0
2,AESI,2023Q1,2,0,0,151,0.013245033,0
2,APA,1998Q4,2,0,0,8,0.25,0
2,APA,1999Q1,6,0.333333333,2,18,0.333333333,0.666666667
2,APA,1999Q3,2,0,0,14,0.142857143,0
2,APA,1999Q4,1,0,0,6,0.166666667,0
2,APA,2000Q1,1,0,0,8,0.125,0
2,APA,2000Q4,1,0,0,9,0.111111111,0
2,APA,2001Q1,2,0,0,22,0.090909091,0
2,APA,2001Q3,2,-0.5,-1,10,0.2,-0.2
2,APA,2001Q4,2,0,0,12,0.166666667,0
2,APA,2002Q1,1,0,0,32,0.03125,0
2,APA,2002Q2,2,0,0,12,0.166666667,0
2,APA,2002Q3,1,0,0,8,0.125,0
2,APA,2002Q4,1,0,0,9,0.111111111,0
2,APA,2003Q1,1,0,0,3,0.333333333,0
2,APA,2003Q2,4,-0.5,-2,10,0.4,-0.8
2,APA,2004Q1,1,0,0,19,0.052631579,0
2,APA,2004Q3,1,1,1,14,0.071428571,0.071428571
2,APA,2005Q1,1,0,0,17,0.058823529,0
2,APA,2005Q3,1,0,0,6,0.166666667,0
2,APA,2006Q1,1,0,0,10,0.1,0
2,APA,2006Q2,2,0,0,16,0.125,0
2,APA,2007Q1,2,0,0,9,0.222222222,0
2,APA,2007Q2,10,0.2,2,23,0.434782609,0.869565217
2,APA,2007Q4,1,0,0,6,0.166666667,0
2,APA,2008Q1,2,0,0,10,0.2,0
2,APA,2008Q2,1,0,0,9,0.111111111,0
2,APA,2009Q3,1,0,0,27,0.037037037,0
2,APA,2010Q1,1,0,0,25,0.04,0
2,APA,2010Q2,4,0.25,1,55,0.072727273,0.072727273
2,APA,2010Q3,6,-0.166666667,-1,92,0.065217391,-0.065217391
2,APA,2010Q4,3,0,0,41,0.073170732,0
2,APA,2011Q1,1,0,0,39,0.025641026,0
2,APA,2011Q2,3,0.333333333,1,35,0.085714286,0.085714286
2,APA,2011Q3,3,0,0,28,0.107142857,0
2,APA,2011Q4,5,0,0,38,0.131578947,0
2,APA,2012Q1,6,0,0,48,0.125,0
2,APA,2012Q2,4,-0.25,-1,35,0.114285714,-0.114285714
2,APA,2012Q3,9,-0.111111111,-1,54,0.166666667,-0.166666667
2,APA,2012Q4,7,0,0,45,0.155555556,0
2,APA,2013Q2,5,-0.6,-3,47,0.106382979,-0.319148936
2,APA,2013Q3,1,0,0,55,0.018181818,0
2,APA,2013Q4,1,0,0,41,0.024390244,0
2,APA,2014Q2,4,0,0,38,0.105263158,0
2,APA,2014Q3,3,-0.333333333,-1,39,0.076923077,-0.076923077
2,APA,2014Q4,3,0,0,81,0.037037037,0
2,APA,2015Q1,3,0,0,73,0.04109589,0
2,APA,2015Q2,3,0,0,59,0.050847458,0
2,APA,2015Q4,1,0,0,74,0.013513514,0
2,APA,2016Q1,1,0,0,88,0.011363636,0
2,APA,2016Q2,3,-0.333333333,-1,90,0.033333333,-0.033333333
2,APA,2016Q3,2,0,0,88,0.022727273,0
2,APA,2016Q4,3,0,0,73,0.04109589,0
2,APA,2017Q1,4,-0.25,-1,73,0.054794521,-0.054794521
2,APA,2017Q2,1,0,0,98,0.010204082,0
2,APA,2017Q4,6,0,0,125,0.048,0
2,APA,2018Q1,2,0,0,94,0.021276596,0
2,APA,2018Q2,5,0.2,1,130,0.038461538,0.038461538
2,APA,2018Q3,7,0.428571429,3,126,0.055555556,0.166666667
2,APA,2018Q4,12,-0.166666667,-2,143,0.083916084,-0.167832168
2,APA,2019Q1,7,0,0,140,0.05,0
2,APA,2019Q2,10,0,0,154,0.064935065,0
2,APA,2019Q3,2,0,0,157,0.012738854,0
2,APA,2019Q4,3,0,0,172,0.01744186,0
2,APA,2020Q1,2,0,0,213,0.009389671,0
2,APA,2020Q2,4,0,0,190,0.021052632,0
2,APA,2020Q3,2,0.5,1,144,0.013888889,0.013888889
2,APA,2020Q4,5,0,0,180,0.027777778,0
2,APA,2021Q1,4,0,0,215,0.018604651,0
2,APA,2021Q2,2,0,0,193,0.010362694,0
2,APA,2021Q3,3,0,0,216,0.013888889,0
2,APA,2021Q4,4,0.25,1,164,0.024390244,0.024390244
2,APA,2022Q1,3,-1,-3,150,0.02,-0.06
2,APA,2022Q3,3,0,0,103,0.029126214,0
2,APA,2022Q4,3,0,0,153,0.019607843,0
2,APA,2023Q1,2,0,0,151,0.013245033,0
2,APA,2023Q2,6,0.333333333,2,212,0.028301887,0.056603774
2,APA,2023Q3,8,-0.125,-1,137,0.058394161,-0.058394161
2,APA,2023Q4,7,-0.285714286,-2,130,0.053846154,-0.107692308
2,APA,2024Q1,5,0,0,128,0.0390625,0
2,APA,2024Q3,3,0,0,163,0.018404908,0
2,APA,2024Q4,1,0,0,146,0.006849315,0
2,APA,2025Q1,1,-1,-1,9,0.111111111,-0.111111111
2,AR,2013Q4,1,0,0,41,0.024390244,0
2,AR,2015Q4,1,-1,-1,74,0.013513514,-0.013513514
2,AR,2018Q1,1,-1,-1,94,0.010638298,-0.010638298
2,AR,2018Q2,1,0,0,130,0.007692308,0
2,AR,2018Q3,3,0,0,126,0.023809524,0
2,AR,2019Q1,1,0,0,140,0.007142857,0
2,AR,2020Q2,2,0,0,190,0.010526316,0
2,AR,2020Q4,2,0,0,180,0.011111111,0
2,AR,2021Q1,3,0,0,215,0.013953488,0
2,AR,2021Q2,1,0,0,193,0.005181347,0
2,AR,2021Q4,1,0,0,164,0.006097561,0
2,AR,2022Q1,6,0,0,150,0.04,0
2,AR,2022Q2,2,0,0,131,0.015267176,0
2,AR,2022Q3,1,0,0,103,0.009708738,0
2,AR,2022Q4,2,0,0,153,0.013071895,0
2,AR,2023Q1,3,0,0,151,0.01986755,0
2,AR,2023Q2,5,0,0,212,0.023584906,0
2,AR,2023Q4,1,0,0,130,0.007692308,0
2,BATL,2013Q3,1,0,0,55,0.018181818,0
2,BATL,2018Q4,1,0,0,143,0.006993007,0
2,BATL,2020Q2,1,0,0,190,0.005263158,0
2,BORR,2016Q1,1,0,0,88,0.011363636,0
2,BORR,2017Q3,1,0,0,112,0.008928571,0
2,BORR,2020Q3,1,0,0,144,0.006944444,0
2,BORR,2021Q1,1,0,0,215,0.004651163,0
2,BORR,2021Q2,2,0,0,193,0.010362694,0
2,BRN,2013Q4,1,0,0,41,0.024390244,0
2,BRN,2015Q3,1,0,0,95,0.010526316,0
2,BRN,2016Q2,2,0,0,90,0.022222222,0
2,BRN,2017Q3,1,0,0,112,0.008928571,0
2,BRN,2018Q4,1,0,0,143,0.006993007,0
2,BRN,2020Q1,3,0,0,213,0.014084507,0
2,BRN,2022Q1,1,0,0,150,0.006666667,0
2,BRN,2022Q4,1,0,0,153,0.006535948,0
2,BRN,2023Q1,2,0,0,151,0.013245033,0
2,BRN,2023Q2,1,0,0,212,0.004716981,0
2,BRN,2024Q1,1,-1,-1,128,0.0078125,-0.0078125
2,BRN,2024Q2,1,-1,-1,102,0.009803922,-0.009803922
2,BSM,2009Q1,1,0,0,19,0.052631579,0
2,BSM,2010Q2,2,0,0,55,0.036363636,0
2,BSM,2017Q3,1,0,0,112,0.008928571,0
2,BSM,2019Q2,1,0,0,154,0.006493506,0
2,BSM,2020Q4,1,0,0,180,0.005555556,0
2,BSM,2021Q1,7,0.142857143,1,215,0.03255814,0.03255814
2,BSM,2023Q3,1,0,0,137,0.00729927,0
2,CLB,1998Q3,1,0,0,3,0.333333333,0
2,CLB,1999Q1,2,0,0,18,0.111111111,0
2,CLB,2004Q2,2,0,0,11,0.181818182,0
2,CLB,2010Q2,1,0,0,55,0.018181818,0
2,CLB,2018Q2,1,0,0,130,0.007692308,0
2,CLB,2023Q2,2,0,0,212,0.009433962,0
2,CLB,2023Q3,1,0,0,137,0.00729927,0
2,CPE,2002Q1,1,0,0,32,0.03125,0
2,CPE,2006Q1,1,-1,-1,10,0.1,-0.1
2,CPE,2006Q2,1,0,0,16,0.0625,0
2,CPE,2017Q4,1,0,0,125,0.008,0
2,CPE,2019Q3,2,0,0,157,0.012738854,0
2,CPE,2019Q4,1,0,0,172,0.005813953,0
2,CPE,2021Q1,1,0,0,215,0.004651163,0
2,CPE,2021Q2,2,0,0,193,0.010362694,0
2,CPE,2021Q4,1,1,1,164,0.006097561,0.006097561
2,CPE,2023Q4,1,0,0,130,0.007692308,0
2,CPE,2024Q1,1,0,0,128,0.0078125,0
2,CRC,1998Q2,1,0,0,3,0.333333333,0
2,CRC,1998Q3,1,0,0,3,0.333333333,0
2,CRC,2005Q1,1,0,0,17,0.058823529,0
2,CRC,2005Q2,1,0,0,18,0.055555556,0
2,CRC,2007Q3,1,0,0,12,0.083333333,0
2,CRC,2012Q1,2,0,0,48,0.041666667,0
2,CRC,2014Q3,1,-1,-1,39,0.025641026,-0.025641026
2,CRC,2016Q2,1,0,0,90,0.011111111,0
2,CRC,2016Q3,2,-0.5,-1,88,0.022727273,-0.022727273
2,CRC,2018Q4,1,0,0,143,0.006993007,0
2,CRC,2019Q3,1,2,2,157,0.006369427,0.012738854
2,CRC,2019Q4,2,0,0,172,0.011627907,0
2,CRC,2020Q1,2,0,0,213,0.009389671,0
2,CRC,2020Q2,2,0,0,190,0.010526316,0
2,CRC,2020Q3,3,0,0,144,0.020833333,0
2,CRC,2020Q4,1,0,0,180,0.005555556,0
2,CRC,2021Q1,1,0,0,215,0.004651163,0
2,CRC,2021Q2,3,0,0,193,0.015544041,0
2,CRC,2022Q1,2,-0.5,-1,150,0.013333333,-0.013333333
2,CRC,2022Q3,1,0,0,103,0.009708738,0
2,CRC,2022Q4,2,0,0,153,0.013071895,0
2,CRC,2023Q1,2,0,0,151,0.013245033,0
2,CRC,2023Q2,3,0,0,212,0.014150943,0
2,CRC,2024Q1,2,0,0,128,0.015625,0
2,CRC,2024Q4,3,0.666666667,2,146,0.020547945,0.04109589
2,CRK,2007Q4,1,0,0,6,0.166666667,0
2,CRK,2013Q1,2,0,0,68,0.029411765,0
2,CRK,2019Q4,1,0,0,172,0.005813953,0
2,CRK,2020Q1,1,0,0,213,0.004694836,0
2,CRK,2022Q4,2,0,0,153,0.013071895,0
2,CRK,2023Q1,1,0,0,151,0.006622517,0
2,CRK,2023Q2,1,0,0,212,0.004716981,0
2,CRK,2023Q3,1,0,0,137,0.00729927,0
2,DCP,2005Q4,1,0,0,17,0.058823529,0
2,DCP,2006Q2,2,0,0,16,0.125,0
2,DCP,2008Q3,1,0,0,8,0.125,0
2,DCP,2010Q2,1,0,0,55,0.018181818,0
2,DCP,2011Q1,1,0,0,39,0.025641026,0
2,DCP,2011Q4,1,0,0,38,0.026315789,0
2,DCP,2012Q1,1,0,0,48,0.020833333,0
2,DCP,2012Q2,1,0,0,35,0.028571429,0
2,DCP,2015Q3,1,0,0,95,0.010526316,0
2,DCP,2016Q3,1,0,0,88,0.011363636,0
2,DCP,2017Q1,1,0,0,73,0.01369863,0
2,DCP,2017Q4,2,0,0,125,0.016,0
2,DCP,2018Q3,1,0,0,126,0.007936508,0
2,DCP,2020Q2,1,0,0,190,0.005263158,0
2,DCP,2021Q1,2,-0.5,-1,215,0.009302326,-0.009302326
2,DCP,2021Q4,2,0,0,164,0.012195122,0
2,DCP,2022Q1,1,2,2,150,0.006666667,0.013333333
2,DCP,2023Q1,1,0,0,151,0.006622517,0
2,DCP,2023Q2,1,0,0,212,0.004716981,0
2,DCP,2023Q3,2,1,2,137,0.01459854,0.02919708
2,DO,2018Q1,1,0,0,94,0.010638298,0
2,DO,2020Q2,2,-0.5,-1,190,0.010526316,-0.010526316
2,DWSN,2014Q4,1,0,0,81,0.012345679,0
2,DWSN,2020Q2,1,-1,-1,190,0.005263158,-0.005263158
2,EP,2001Q1,2,0,0,22,0.090909091,0
2,EP,2006Q2,1,0,0,16,0.0625,0
2,EP,2010Q2,1,0,0,55,0.018181818,0
2,EP,2015Q3,1,0,0,95,0.010526316,0
2,EP,2017Q3,1,0,0,112,0.008928571,0
2,EP,2019Q2,1,-1,-1,154,0.006493506,-0.006493506
2,EP,2019Q3,1,0,0,157,0.006369427,0
2,EP,2020Q1,1,0,0,213,0.004694836,0
2,EP,2020Q2,1,0,0,190,0.005263158,0
2,EP,2020Q4,2,0,0,180,0.011111111,0
2,EP,2021Q2,1,0,0,193,0.005181347,0
2,EP,2022Q1,2,0,0,150,0.013333333,0
2,EP,2022Q3,2,0,0,103,0.019417476,0
2,EP,2023Q1,1,0,0,151,0.006622517,0
2,EP,2023Q2,1,0,0,212,0.004716981,0
2,EP,2023Q4,1,0,0,130,0.007692308,0
2,EP,2024Q1,1,0,0,128,0.0078125,0
2,EP,2024Q2,1,0,0,102,0.009803922,0
2,EPM,2000Q1,1,0,0,8,0.125,0
2,EPM,2018Q4,1,0,0,143,0.006993007,0
2,EPM,2019Q2,1,0,0,154,0.006493506,0
2,EPM,2019Q4,1,0,0,172,0.005813953,0
2,EPM,2020Q4,1,0,0,180,0.005555556,0
2,EPM,2021Q1,1,0,0,215,0.004651163,0
2,EPM,2022Q3,1,0,0,103,0.009708738,0
2,EPSN,2010Q2,1,0,0,55,0.018181818,0
2,EQT,2002Q3,1,0,0,8,0.125,0
2,EQT,2003Q2,1,0,0,10,0.1,0
2,EQT,2003Q4,1,0,0,11,0.090909091,0
2,EQT,2004Q1,1,0,0,19,0.052631579,0
2,EQT,2005Q2,1,0,0,18,0.055555556,0
2,EQT,2005Q4,2,0,0,17,0.117647059,0
2,EQT,2007Q4,1,0,0,6,0.166666667,0
2,EQT,2008Q2,1,0,0,9,0.111111111,0
2,EQT,2009Q4,2,0,0,32,0.0625,0
2,EQT,2010Q3,1,0,0,92,0.010869565,0
2,EQT,2011Q1,5,0,0,39,0.128205128,0
2,EQT,2011Q2,4,0,0,35,0.114285714,0
2,EQT,2011Q4,2,0,0,38,0.052631579,0
2,EQT,2012Q1,2,0,0,48,0.041666667,0
2,EQT,2012Q3,2,0,0,54,0.037037037,0
2,EQT,2012Q4,2,0,0,45,0.044444444,0
2,EQT,2013Q1,3,0,0,68,0.044117647,0
2,EQT,2013Q2,4,0,0,47,0.085106383,0
2,EQT,2013Q3,1,0,0,55,0.018181818,0
2,EQT,2013Q4,4,0,0,41,0.097560976,0
2,EQT,2014Q1,1,0,0,29,0.034482759,0
2,EQT,2014Q3,2,0,0,39,0.051282051,0
2,EQT,2014Q4,6,-0.166666667,-1,81,0.074074074,-0.074074074
2,EQT,2015Q1,4,0,0,73,0.054794521,0
2,EQT,2015Q2,6,0,0,59,0.101694915,0
2,EQT,2015Q3,3,0,0,95,0.031578947,0
2,EQT,2015Q4,6,0,0,74,0.081081081,0
2,EQT,2016Q1,7,0,0,88,0.079545455,0
2,EQT,2016Q2,6,0,0,90,0.066666667,0
2,EQT,2016Q3,8,0,0,88,0.090909091,0
2,EQT,2016Q4,5,0,0,73,0.068493151,0
2,EQT,2017Q1,6,0,0,73,0.082191781,0
2,EQT,2017Q2,10,0,0,98,0.102040816,0
2,EQT,2017Q3,17,-0.117647059,-2,112,0.151785714,-0.303571429
2,EQT,2017Q4,9,0,0,125,0.072,0
2,EQT,2018Q1,3,0,0,94,0.031914894,0
2,EQT,2018Q2,5,0,0,130,0.038461538,0
2,EQT,2018Q3,6,0,0,126,0.047619048,0
2,EQT,2018Q4,20,0.05,1,143,0.13986014,0.13986014
2,EQT,2019Q1,14,0,0,140,0.1,0
2,EQT,2019Q2,31,0.032258065,1,154,0.201298701,0.201298701
2,EQT,2019Q3,24,0,0,157,0.152866242,0
2,EQT,2019Q4,17,0,0,172,0.098837209,0
2,EQT,2020Q1,5,-0.2,-1,213,0.023474178,-0.023474178
2,EQT,2020Q2,4,0,0,190,0.021052632,0
2,EQT,2020Q3,13,0,0,144,0.090277778,0
2,EQT,2020Q4,20,0,0,180,0.111111111,0
2,EQT,2021Q1,16,0,0,215,0.074418605,0
2,EQT,2021Q2,26,0,0,193,0.134715026,0
2,EQT,2021Q3,26,0,0,216,0.12037037,0
2,EQT,2021Q4,20,0.05,1,164,0.12195122,0.12195122
2,EQT,2022Q1,14,0,0,150,0.093333333,0
2,EQT,2022Q2,12,0,0,131,0.091603053,0
2,EQT,2022Q3,2,0,0,103,0.019417476,0
2,EQT,2022Q4,14,0.142857143,2,153,0.091503268,0.183006536
2,EQT,2023Q1,6,0,0,151,0.039735099,0
2,EQT,2023Q2,21,0.095238095,2,212,0.099056604,0.198113208
2,EQT,2023Q3,14,0.142857143,2,137,0.102189781,0.204379562
2,EQT,2023Q4,19,0.473684211,9,130,0.146153846,1.315384615
2,EQT,2024Q1,20,0.4,8,128,0.15625,1.25
2,EQT,2024Q2,9,-0.111111111,-1,102,0.088235294,-0.088235294
2,EQT,2024Q3,6,0.166666667,1,163,0.036809816,0.036809816
2,EQT,2024Q4,6,-0.166666667,-1,146,0.04109589,-0.04109589
2,EXE,2001Q1,1,0,0,22,0.045454545,0
2,EXE,2001Q3,1,0,0,10,0.1,0
2,EXE,2002Q2,1,0,0,12,0.083333333,0
2,EXE,2003Q3,2,0,0,4,0.5,0
2,EXE,2014Q4,1,0,0,81,0.012345679,0
2,EXE,2015Q3,1,0,0,95,0.010526316,0
2,EXE,2015Q4,1,0,0,74,0.013513514,0
2,EXE,2024Q4,2,0,0,146,0.01369863,0
2,FANG,2016Q3,1,0,0,88,0.011363636,0
2,FANG,2016Q4,1,0,0,73,0.01369863,0
2,FANG,2017Q2,1,0,0,98,0.010204082,0
2,FANG,2017Q3,1,0,0,112,0.008928571,0
2,FANG,2017Q4,2,0,0,125,0.016,0
2,FANG,2018Q1,1,0,0,94,0.010638298,0
2,FANG,2018Q2,11,0,0,130,0.084615385,0
2,FANG,2018Q3,7,0,0,126,0.055555556,0
2,FANG,2018Q4,7,0,0,143,0.048951049,0
2,FANG,2019Q2,1,-1,-1,154,0.006493506,-0.006493506
2,FANG,2019Q3,5,0.2,1,157,0.031847134,0.031847134
2,FANG,2020Q1,3,0,0,213,0.014084507,0
2,FANG,2020Q2,2,-0.5,-1,190,0.010526316,-0.010526316
2,FANG,2020Q4,3,0,0,180,0.016666667,0
2,FANG,2021Q1,6,-0.5,-3,215,0.027906977,-0.08372093
2,FANG,2021Q2,2,0.5,1,193,0.010362694,0.010362694
2,FANG,2021Q3,2,0,0,216,0.009259259,0
2,FANG,2022Q1,1,0,0,150,0.006666667,0
2,FANG,2022Q2,1,0,0,131,0.007633588,0
2,FANG,2022Q3,1,-1,-1,103,0.009708738,-0.009708738
2,FANG,2022Q4,1,0,0,153,0.006535948,0
2,FANG,2023Q3,1,0,0,137,0.00729927,0
2,FANG,2024Q1,1,0,0,128,0.0078125,0
2,GDP,2016Q2,3,0.333333333,1,90,0.033333333,0.033333333
2,GDP,2018Q4,1,0,0,143,0.006993007,0
2,GPRK,2017Q3,1,0,0,112,0.008928571,0
2,GPRK,2017Q4,1,0,0,125,0.008,0
2,GPRK,2018Q1,1,0,0,94,0.010638298,0
2,HAL,2009Q3,1,0,0,27,0.037037037,0
2,HAL,2011Q2,1,-1,-1,35,0.028571429,-0.028571429
2,HAL,2012Q1,7,-0.428571429,-3,48,0.145833333,-0.4375
2,HAL,2012Q4,1,-1,-1,45,0.022222222,-0.022222222
2,HAL,2013Q1,6,-0.666666667,-4,68,0.088235294,-0.352941176
2,HAL,2013Q3,3,-1.333333333,-4,55,0.054545455,-0.218181818
2,HAL,2013Q4,2,-1,-2,41,0.048780488,-0.097560976
2,HAL,2014Q1,1,1,1,29,0.034482759,0.034482759
2,HAL,2014Q2,2,0,0,38,0.052631579,0
2,HAL,2014Q3,2,-1,-2,39,0.051282051,-0.102564103
2,HAL,2014Q4,3,0,0,81,0.037037037,0
2,HAL,2015Q1,1,0,0,73,0.01369863,0
2,HAL,2015Q2,3,0.333333333,1,59,0.050847458,0.050847458
2,HAL,2015Q3,6,-0.333333333,-2,95,0.063157895,-0.126315789
2,HAL,2015Q4,7,-0.428571429,-3,74,0.094594595,-0.283783784
2,HAL,2016Q1,5,-0.4,-2,88,0.056818182,-0.113636364
2,HAL,2016Q2,8,-1.25,-10,90,0.088888889,-0.888888889
2,HAL,2016Q3,3,-0.666666667,-2,88,0.034090909,-0.068181818
2,HAL,2016Q4,2,1,2,73,0.02739726,0.054794521
2,HAL,2017Q1,1,-2,-2,73,0.01369863,-0.02739726
2,HAL,2017Q2,3,0,0,98,0.030612245,0
2,HAL,2017Q3,1,-1,-1,112,0.008928571,-0.008928571
2,HAL,2017Q4,1,1,1,125,0.008,0.008
2,HAL,2018Q2,1,-1,-1,130,0.007692308,-0.007692308
2,HAL,2018Q4,3,-0.333333333,-1,143,0.020979021,-0.020979021
2,HAL,2019Q1,3,-1,-3,140,0.021428571,-0.064285714
2,HAL,2019Q2,1,-1,-1,154,0.006493506,-0.006493506
2,HAL,2019Q3,7,-0.285714286,-2,157,0.044585987,-0.089171975
2,HAL,2020Q1,3,-1,-3,213,0.014084507,-0.042253521
2,HAL,2020Q2,2,-1,-2,190,0.010526316,-0.021052632
2,HAL,2020Q3,1,0,0,144,0.006944444,0
2,HAL,2020Q4,1,-1,-1,180,0.005555556,-0.005555556
2,HAL,2021Q2,2,0,0,193,0.010362694,0
2,HAL,2021Q3,3,0.333333333,1,216,0.013888889,0.013888889
2,HAL,2022Q1,1,2,2,150,0.006666667,0.013333333
2,HAL,2022Q2,2,0.5,1,131,0.015267176,0.015267176
2,HAL,2023Q1,1,-1,-1,151,0.006622517,-0.006622517
2,HAL,2023Q2,3,0.333333333,1,212,0.014150943,0.014150943
2,HAL,2023Q3,2,-1,-2,137,0.01459854,-0.02919708
2,HAL,2024Q3,1,0,0,163,0.006134969,0
2,HAL,2024Q4,1,0,0,146,0.006849315,0
2,HLX,2011Q1,2,0,0,39,0.051282051,0
2,HLX,2016Q4,1,0,0,73,0.01369863,0
2,HP,1998Q4,2,0,0,8,0.25,0
2,HP,1999Q2,3,0,0,6,0.5,0
2,HP,1999Q3,3,0,0,14,0.214285714,0
2,HP,1999Q4,1,0,0,6,0.166666667,0
2,HP,2000Q1,1,0,0,8,0.125,0
2,HP,2000Q2,1,0,0,10,0.1,0
2,HP,2000Q4,2,0,0,9,0.222222222,0
2,HP,2001Q1,3,0,0,22,0.136363636,0
2,HP,2001Q2,2,0,0,11,0.181818182,0
2,HP,2001Q3,4,0,0,10,0.4,0
2,HP,2001Q4,3,0,0,12,0.25,0
2,HP,2002Q1,15,0,0,32,0.46875,0
2,HP,2002Q2,4,0,0,12,0.333333333,0
2,HP,2002Q3,2,0,0,8,0.25,0
2,HP,2003Q1,1,0,0,3,0.333333333,0
2,HP,2003Q2,1,0,0,10,0.1,0
2,HP,2003Q3,1,0,0,4,0.25,0
2,HP,2003Q4,1,0,0,11,0.090909091,0
2,HP,2004Q1,2,0,0,19,0.105263158,0
2,HP,2004Q2,1,0,0,11,0.090909091,0
2,HP,2004Q4,2,0.5,1,12,0.166666667,0.166666667
2,HP,2005Q1,5,0,0,17,0.294117647,0
2,HP,2005Q2,5,0,0,18,0.277777778,0
2,HP,2005Q3,1,0,0,6,0.166666667,0
2,HP,2005Q4,3,0,0,17,0.176470588,0
2,HP,2006Q1,3,0.333333333,1,10,0.3,0.3
2,HP,2006Q2,3,0,0,16,0.1875,0
2,HP,2006Q3,9,0.444444444,4,18,0.5,2
2,HP,2006Q4,3,0,0,10,0.3,0
2,HP,2007Q2,2,0,0,23,0.086956522,0
2,HP,2008Q1,3,0,0,10,0.3,0
2,HP,2008Q2,1,0,0,9,0.111111111,0
2,HP,2008Q3,1,0,0,8,0.125,0
2,HP,2008Q4,2,0,0,18,0.111111111,0
2,HP,2009Q1,5,0,0,19,0.263157895,0
2,HP,2009Q2,3,0,0,15,0.2,0
2,HP,2009Q3,5,0,0,27,0.185185185,0
2,HP,2009Q4,13,0.076923077,1,32,0.40625,0.40625
2,HP,2010Q1,4,0,0,25,0.16,0
2,HP,2010Q2,3,0,0,55,0.054545455,0
2,HP,2010Q3,27,0,0,92,0.293478261,0
2,HP,2010Q4,6,0,0,41,0.146341463,0
2,HP,2011Q1,2,-0.5,-1,39,0.051282051,-0.051282051
2,HP,2011Q2,3,0,0,35,0.085714286,0
2,HP,2011Q3,6,-0.166666667,-1,28,0.214285714,-0.214285714
2,HP,2011Q4,5,0.2,1,38,0.131578947,0.131578947
2,HP,2012Q1,4,0,0,48,0.083333333,0
2,HP,2012Q2,7,0,0,35,0.2,0
2,HP,2012Q3,7,0,0,54,0.12962963,0
2,HP,2012Q4,10,0,0,45,0.222222222,0
2,HP,2013Q1,13,0,0,68,0.191176471,0
2,HP,2013Q2,10,0,0,47,0.212765957,0
2,HP,2013Q3,4,0,0,55,0.072727273,0
2,HP,2013Q4,2,0,0,41,0.048780488,0
2,HP,2014Q1,6,0,0,29,0.206896552,0
2,HP,2014Q2,2,0,0,38,0.052631579,0
2,HP,2014Q3,5,0,0,39,0.128205128,0
2,HP,2014Q4,16,0.0625,1,81,0.197530864,0.197530864
2,HP,2015Q1,12,0,0,73,0.164383562,0
2,HP,2015Q2,8,0,0,59,0.13559322,0
2,HP,2015Q3,13,0,0,95,0.136842105,0
2,HP,2015Q4,17,-0.058823529,-1,74,0.22972973,-0.22972973
2,HP,2016Q1,10,0,0,88,0.113636364,0
2,HP,2016Q2,14,0,0,90,0.155555556,0
2,HP,2016Q3,11,0,0,88,0.125,0
2,HP,2016Q4,10,-0.1,-1,73,0.136986301,-0.136986301
2,HP,2017Q1,5,0,0,73,0.068493151,0
2,HP,2017Q2,9,0,0,98,0.091836735,0
2,HP,2017Q3,13,0,0,112,0.116071429,0
2,HP,2017Q4,15,0,0,125,0.12,0
2,HP,2018Q1,11,-0.090909091,-1,94,0.117021277,-0.117021277
2,HP,2018Q2,8,0.25,2,130,0.061538462,0.123076923
2,HP,2018Q3,6,-0.166666667,-1,126,0.047619048,-0.047619048
2,HP,2018Q4,3,0,0,143,0.020979021,0
2,HP,2019Q1,20,0,0,140,0.142857143,0
2,HP,2019Q2,11,-0.363636364,-4,154,0.071428571,-0.285714286
2,HP,2019Q3,6,-0.166666667,-1,157,0.038216561,-0.038216561
2,HP,2019Q4,37,-0.027027027,-1,172,0.215116279,-0.215116279
2,HP,2020Q1,25,0.04,1,213,0.117370892,0.117370892
2,HP,2020Q2,9,-0.111111111,-1,190,0.047368421,-0.047368421
2,HP,2020Q3,4,0,0,144,0.027777778,0
2,HP,2020Q4,2,0,0,180,0.011111111,0
2,HP,2021Q1,4,-0.25,-1,215,0.018604651,-0.018604651
2,HP,2021Q2,2,0,0,193,0.010362694,0
2,HP,2021Q3,10,0,0,216,0.046296296,0
2,HP,2021Q4,3,0.333333333,1,164,0.018292683,0.018292683
2,HP,2022Q1,8,0,0,150,0.053333333,0
2,HP,2022Q2,4,0.25,1,131,0.030534351,0.030534351
2,HP,2022Q3,2,0,0,103,0.019417476,0
2,HP,2022Q4,4,0,0,153,0.026143791,0
2,HP,2023Q1,5,0,0,151,0.033112583,0
2,HP,2023Q2,12,-0.083333333,-1,212,0.056603774,-0.056603774
2,HP,2023Q3,16,0,0,137,0.116788321,0
2,HP,2023Q4,14,0,0,130,0.107692308,0
2,HP,2024Q1,13,0,0,128,0.1015625,0
2,HP,2024Q2,12,0,0,102,0.117647059,0
2,HP,2024Q3,12,0,0,163,0.073619632,0
2,HP,2024Q4,2,0,0,146,0.01369863,0
2,IOGPQ,2018Q2,1,-2,-2,130,0.007692308,-0.015384615
2,MNR,2008Q1,1,0,0,10,0.1,0
2,MNR,2012Q3,1,0,0,54,0.018518519,0
2,MNR,2023Q1,1,-2,-2,151,0.006622517,-0.013245033
2,MNR,2023Q2,1,1,1,212,0.004716981,0.004716981
2,MNR,2023Q4,1,1,1,130,0.007692308,0.007692308
2,MXC,2021Q2,2,0,0,193,0.010362694,0
2,MXC,2021Q3,1,-1,-1,216,0.00462963,-0.00462963
2,NBR,2001Q4,1,0,0,12,0.083333333,0
2,NBR,2008Q4,2,-1,-2,18,0.111111111,-0.222222222
2,NBR,2009Q2,1,-1,-1,15,0.066666667,-0.066666667
2,NBR,2010Q2,1,-1,-1,55,0.018181818,-0.018181818
2,NBR,2010Q4,1,-1,-1,41,0.024390244,-0.024390244
2,NBR,2011Q4,4,-0.25,-1,38,0.105263158,-0.105263158
2,NBR,2013Q1,1,-1,-1,68,0.014705882,-0.014705882
2,NBR,2013Q2,1,-1,-1,47,0.021276596,-0.021276596
2,NBR,2013Q3,1,-1,-1,55,0.018181818,-0.018181818
2,NBR,2014Q2,3,0,0,38,0.078947368,0
2,NBR,2014Q3,2,-1,-2,39,0.051282051,-0.102564103
2,NBR,2014Q4,5,-0.2,-1,81,0.061728395,-0.061728395
2,NBR,2015Q1,2,-0.5,-1,73,0.02739726,-0.02739726
2,NBR,2015Q2,2,-0.5,-1,59,0.033898305,-0.033898305
2,NBR,2016Q4,1,1,1,73,0.01369863,0.01369863
2,NBR,2018Q2,3,-0.333333333,-1,130,0.023076923,-0.023076923
2,NBR,2019Q1,1,-1,-1,140,0.007142857,-0.007142857
2,NBR,2022Q1,1,0,0,150,0.006666667,0
2,NBR,2022Q2,1,0,0,131,0.007633588,0
2,NBR,2023Q1,1,0,0,151,0.006622517,0
2,NBR,2023Q2,1,0,0,212,0.004716981,0
2,NBR,2023Q3,1,0,0,137,0.00729927,0
2,NBR,2024Q3,1,0,0,163,0.006134969,0
2,NE,2013Q1,1,-1,-1,68,0.014705882,-0.014705882
2,NE,2015Q4,1,-1,-1,74,0.013513514,-0.013513514
2,NE,2017Q1,1,0,0,73,0.01369863,0
2,NE,2018Q1,1,1,1,94,0.010638298,0.010638298
2,NE,2019Q4,2,-1,-2,172,0.011627907,-0.023255814
2,NE,2024Q3,1,0,0,163,0.006134969,0
2,NE,2024Q4,1,0,0,146,0.006849315,0
2,NES,2016Q4,1,0,0,73,0.01369863,0
2,NES,2020Q2,1,0,0,190,0.005263158,0
2,NES,2024Q3,1,0,0,163,0.006134969,0
2,NEX,2004Q3,1,0,0,14,0.071428571,0
2,NEX,2007Q1,1,0,0,9,0.111111111,0
2,NEX,2008Q4,2,0,0,18,0.111111111,0
2,NEX,2009Q4,1,0,0,32,0.03125,0
2,NEX,2012Q3,1,0,0,54,0.018518519,0
2,NEX,2013Q3,1,0,0,55,0.018181818,0
2,NEX,2016Q3,1,0,0,88,0.011363636,0
2,NEX,2016Q4,2,0,0,73,0.02739726,0
2,NEX,2017Q1,1,0,0,73,0.01369863,0
2,NEX,2017Q2,2,0,0,98,0.020408163,0
2,NEX,2017Q3,2,-0.5,-1,112,0.017857143,-0.017857143
2,NEX,2018Q1,4,0.25,1,94,0.042553191,0.042553191
2,NEX,2018Q3,1,0,0,126,0.007936508,0
2,NEX,2018Q4,2,0,0,143,0.013986014,0
2,NEX,2019Q3,6,0.166666667,1,157,0.038216561,0.038216561
2,NEX,2020Q1,1,0,0,213,0.004694836,0
2,NEX,2020Q2,1,0,0,190,0.005263158,0
2,NEX,2020Q3,1,0,0,144,0.006944444,0
2,NEX,2020Q4,1,0,0,180,0.005555556,0
2,NEX,2021Q2,1,1,1,193,0.005181347,0.005181347
2,NEX,2023Q2,1,0,0,212,0.004716981,0
2,PDCE,2017Q2,1,-2,-2,98,0.010204082,-0.020408163
2,PDCE,2017Q3,1,1,1,112,0.008928571,0.008928571
2,PDCE,2017Q4,1,-1,-1,125,0.008,-0.008
2,PDCE,2019Q1,1,-2,-2,140,0.007142857,-0.014285714
2,PDCE,2019Q2,1,-1,-1,154,0.006493506,-0.006493506
2,PDCE,2019Q3,1,2,2,157,0.006369427,0.012738854
2,PDCE,2020Q2,1,-1,-1,190,0.005263158,-0.005263158
2,PDCE,2023Q2,1,1,1,212,0.004716981,0.004716981
2,PED,2010Q3,1,-1,-1,92,0.010869565,-0.010869565
2,PED,2013Q1,1,0,0,68,0.014705882,0
2,PED,2013Q2,1,0,0,47,0.021276596,0
2,PED,2013Q3,2,0,0,55,0.036363636,0
2,PED,2013Q4,1,0,0,41,0.024390244,0
2,PED,2014Q1,1,0,0,29,0.034482759,0
2,PED,2014Q2,1,-1,-1,38,0.026315789,-0.026315789
2,PED,2015Q4,1,0,0,74,0.013513514,0
2,PED,2016Q3,1,0,0,88,0.011363636,0
2,PED,2020Q3,1,0,0,144,0.006944444,0
2,PR,1999Q4,1,0,0,6,0.166666667,0
2,PR,2001Q1,1,0,0,22,0.045454545,0
2,PR,2002Q3,2,0,0,8,0.25,0
2,PR,2002Q4,1,0,0,9,0.111111111,0
2,PR,2004Q2,1,0,0,11,0.090909091,0
2,PR,2004Q3,1,0,0,14,0.071428571,0
2,PR,2004Q4,1,1,1,12,0.083333333,0.083333333
2,PR,2006Q3,1,0,0,18,0.055555556,0
2,PR,2006Q4,1,0,0,10,0.1,0
2,PR,2007Q1,1,1,1,9,0.111111111,0.111111111
2,PR,2007Q2,1,-1,-1,23,0.043478261,-0.043478261
2,PR,2007Q3,1,0,0,12,0.083333333,0
2,PR,2008Q2,1,0,0,9,0.111111111,0
2,PR,2009Q3,1,0,0,27,0.037037037,0
2,PR,2010Q3,1,0,0,92,0.010869565,0
2,PR,2011Q2,1,0,0,35,0.028571429,0
2,PR,2011Q3,1,0,0,28,0.035714286,0
2,PR,2013Q3,1,0,0,55,0.018181818,0
2,PR,2014Q3,1,0,0,39,0.025641026,0
2,PR,2015Q1,1,0,0,73,0.01369863,0
2,PR,2015Q4,4,0,0,74,0.054054054,0
2,PR,2016Q1,2,0,0,88,0.022727273,0
2,PR,2016Q3,1,0,0,88,0.011363636,0
2,PR,2016Q4,1,0,0,73,0.01369863,0
2,PR,2017Q3,9,0.222222222,2,112,0.080357143,0.160714286
2,PR,2017Q4,1,0,0,125,0.008,0
2,PR,2018Q1,1,0,0,94,0.010638298,0
2,PR,2018Q2,1,0,0,130,0.007692308,0
2,PR,2018Q3,2,0,0,126,0.015873016,0
2,PR,2018Q4,3,0,0,143,0.020979021,0
2,PR,2019Q1,2,0.5,1,140,0.014285714,0.014285714
2,PR,2019Q2,1,0,0,154,0.006493506,0
2,PR,2019Q3,2,0,0,157,0.012738854,0
2,PR,2019Q4,1,0,0,172,0.005813953,0
2,PR,2020Q1,1,-1,-1,213,0.004694836,-0.004694836
2,PR,2020Q2,2,0.5,1,190,0.010526316,0.010526316
2,PR,2020Q3,1,0,0,144,0.006944444,0
2,PR,2020Q4,3,0.666666667,2,180,0.016666667,0.033333333
2,PR,2021Q1,2,0,0,215,0.009302326,0
2,PR,2021Q2,2,0,0,193,0.010362694,0
2,PR,2021Q3,1,0,0,216,0.00462963,0
2,PR,2021Q4,1,1,1,164,0.006097561,0.006097561
2,PR,2022Q1,2,-0.5,-1,150,0.013333333,-0.013333333
2,PR,2022Q3,4,0,0,103,0.038834951,0
2,PR,2024Q2,1,0,0,102,0.009803922,0
2,PR,2024Q3,2,0,0,163,0.012269939,0
2,PR,2024Q4,1,1,1,146,0.006849315,0.006849315
2,PTEN,2017Q1,1,1,1,73,0.01369863,0.01369863
2,PTEN,2024Q4,1,1,1,146,0.006849315,0.006849315
2,PUMP,2014Q3,1,0,0,39,0.025641026,0
2,PUMP,2019Q3,1,2,2,157,0.006369427,0.012738854
2,PUMP,2019Q4,2,-1.5,-3,172,0.011627907,-0.034883721
2,PUMP,2020Q1,2,-2,-4,213,0.009389671,-0.037558685
2,PUMP,2020Q2,1,-1,-1,190,0.005263158,-0.005263158
2,PUMP,2020Q4,2,0.5,1,180,0.011111111,0.011111111
2,PUMP,2021Q1,2,0,0,215,0.009302326,0
2,PUMP,2021Q2,1,1,1,193,0.005181347,0.005181347
2,PUMP,2021Q3,1,-1,-1,216,0.00462963,-0.00462963
2,PUMP,2021Q4,1,-1,-1,164,0.006097561,-0.006097561
2,RES,2013Q3,1,0,0,55,0.018181818,0
2,RES,2016Q2,1,0,0,90,0.011111111,0
2,RIG,2000Q2,1,0,0,10,0.1,0
2,RIG,2007Q3,1,0,0,12,0.083333333,0
2,RIG,2010Q2,2,-1,-2,55,0.036363636,-0.072727273
2,RIG,2010Q4,1,1,1,41,0.024390244,0.024390244
2,RIG,2011Q2,1,-1,-1,35,0.028571429,-0.028571429
2,RIG,2011Q4,2,-2,-4,38,0.052631579,-0.210526316
2,RIG,2012Q1,11,-0.545454545,-6,48,0.229166667,-1.375
2,RIG,2012Q2,3,-1,-3,35,0.085714286,-0.257142857
2,RIG,2012Q3,4,-1.25,-5,54,0.074074074,-0.37037037
2,RIG,2012Q4,2,-1,-2,45,0.044444444,-0.088888889
2,RIG,2013Q1,10,-0.6,-6,68,0.147058824,-0.882352941
2,RIG,2013Q2,2,0,0,47,0.042553191,0
2,RIG,2013Q3,2,-0.5,-1,55,0.036363636,-0.036363636
2,RIG,2013Q4,3,-0.333333333,-1,41,0.073170732,-0.073170732
2,RIG,2014Q3,4,-0.75,-3,39,0.102564103,-0.307692308
2,RIG,2015Q1,1,-1,-1,73,0.01369863,-0.01369863
2,RIG,2015Q2,2,1,2,59,0.033898305,0.06779661
2,RIG,2015Q3,3,-0.666666667,-2,95,0.031578947,-0.063157895
2,RIG,2016Q2,1,-1,-1,90,0.011111111,-0.011111111
2,RIG,2016Q3,1,1,1,88,0.011363636,0.011363636
2,RIG,2017Q1,2,-1,-2,73,0.02739726,-0.054794521
2,RIG,2017Q2,2,1,2,98,0.020408163,0.040816327
2,RIG,2017Q3,2,-1.5,-3,112,0.017857143,-0.053571429
2,RIG,2017Q4,2,1,2,125,0.016,0.032
2,RIG,2018Q1,1,1,1,94,0.010638298,0.010638298
2,RIG,2018Q2,3,-0.333333333,-1,130,0.023076923,-0.023076923
2,RIG,2018Q3,1,1,1,126,0.007936508,0.007936508
2,RIG,2018Q4,2,1.5,3,143,0.013986014,0.041958042
2,RIG,2019Q1,2,0,0,140,0.014285714,0
2,RIG,2019Q2,3,1,3,154,0.019480519,0.058441558
2,RIG,2019Q4,2,0.5,1,172,0.011627907,0.011627907
2,RIG,2020Q3,1,1,1,144,0.006944444,0.006944444
2,RIG,2020Q4,1,-1,-1,180,0.005555556,-0.005555556
2,RIG,2021Q3,1,1,1,216,0.00462963,0.00462963
2,RIG,2021Q4,1,2,2,164,0.006097561,0.012195122
2,RIG,2022Q3,1,-1,-1,103,0.009708738,-0.009708738
2,RIG,2024Q4,1,-1,-1,146,0.006849315,-0.006849315
2,SD,2016Q1,4,-1.5,-6,88,0.045454545,-0.272727273
2,SD,2016Q3,3,-0.666666667,-2,88,0.034090909,-0.068181818
2,SD,2017Q4,5,-0.2,-1,125,0.04,-0.04
2,SD,2018Q1,9,-0.555555556,-5,94,0.095744681,-0.478723404
2,SD,2018Q2,7,-0.714285714,-5,130,0.053846154,-0.269230769
2,SD,2018Q3,3,-0.666666667,-2,126,0.023809524,-0.047619048
2,SD,2020Q1,1,0,0,213,0.004694836,0
2,SLB,2004Q3,2,0,0,14,0.142857143,0
2,SLB,2004Q4,1,0,0,12,0.083333333,0
2,SLB,2006Q2,1,0,0,16,0.0625,0
2,SLB,2009Q2,1,1,1,15,0.066666667,0.066666667
2,SLB,2010Q3,1,-1,-1,92,0.010869565,-0.010869565
2,SLB,2010Q4,4,-0.5,-2,41,0.097560976,-0.195121951
2,SLB,2011Q1,1,-1,-1,39,0.025641026,-0.025641026
2,SLB,2012Q1,2,-0.5,-1,48,0.041666667,-0.041666667
2,SLB,2012Q4,1,2,2,45,0.022222222,0.044444444
2,SLB,2014Q1,1,-1,-1,29,0.034482759,-0.034482759
2,SLB,2014Q2,6,-0.333333333,-2,38,0.157894737,-0.315789474
2,SLB,2015Q1,2,0,0,73,0.02739726,0
2,SLB,2015Q2,1,0,0,59,0.016949153,0
2,SLB,2015Q3,4,-0.5,-2,95,0.042105263,-0.084210526
2,SLB,2015Q4,2,-1,-2,74,0.027027027,-0.054054054
2,SLB,2016Q2,6,0.166666667,1,90,0.066666667,0.066666667
2,SLB,2016Q3,1,-1,-1,88,0.011363636,-0.011363636
2,SLB,2016Q4,1,0,0,73,0.01369863,0
2,SLB,2017Q1,1,0,0,73,0.01369863,0
2,SLB,2017Q2,3,0.333333333,1,98,0.030612245,0.030612245
2,SLB,2017Q3,4,0.5,2,112,0.035714286,0.071428571
2,SLB,2017Q4,2,0,0,125,0.016,0
2,SLB,2018Q2,2,0,0,130,0.015384615,0
2,SLB,2018Q4,3,0.333333333,1,143,0.020979021,0.020979021
2,SLB,2019Q1,5,-0.4,-2,140,0.035714286,-0.071428571
2,SLB,2019Q3,2,-1,-2,157,0.012738854,-0.025477707
2,SLB,2019Q4,2,0.5,1,172,0.011627907,0.011627907
2,SLB,2020Q1,1,-1,-1,213,0.004694836,-0.004694836
2,SLB,2020Q2,1,-1,-1,190,0.005263158,-0.005263158
2,SLB,2020Q3,3,-0.666666667,-2,144,0.020833333,-0.041666667
2,SLB,2020Q4,2,-0.5,-1,180,0.011111111,-0.011111111
2,SLB,2021Q1,1,1,1,215,0.004651163,0.004651163
2,SLB,2021Q2,4,1,4,193,0.020725389,0.082901554
2,SLB,2021Q3,4,-0.5,-2,216,0.018518519,-0.037037037
2,SLB,2022Q1,2,-0.5,-1,150,0.013333333,-0.013333333
2,SLB,2022Q3,5,0.2,1,103,0.048543689,0.048543689
2,SLB,2023Q1,3,0.666666667,2,151,0.01986755,0.039735099
2,SLB,2023Q2,4,-0.5,-2,212,0.018867925,-0.037735849
2,SLB,2023Q3,4,0,0,137,0.02919708,0
2,SLB,2023Q4,5,0.4,2,130,0.038461538,0.076923077
2,SLB,2024Q1,1,0,0,128,0.0078125,0
2,SLB,2024Q2,3,0.333333333,1,102,0.029411765,0.029411765
2,SLB,2024Q3,3,-0.333333333,-1,163,0.018404908,-0.018404908
2,SLB,2024Q4,3,-0.666666667,-2,146,0.020547945,-0.04109589
2,STR,2010Q3,1,-1,-1,92,0.010869565,-0.010869565
2,STR,2012Q3,1,0,0,54,0.018518519,0
2,STR,2013Q1,2,-0.5,-1,68,0.029411765,-0.029411765
2,STR,2013Q2,1,-1,-1,47,0.021276596,-0.021276596
2,STR,2013Q3,2,0,0,55,0.036363636,0
2,STR,2013Q4,1,0,0,41,0.024390244,0
2,STR,2014Q2,1,0,0,38,0.026315789,0
2,STR,2014Q4,2,-0.5,-1,81,0.024691358,-0.024691358
2,STR,2015Q1,5,-0.2,-1,73,0.068493151,-0.068493151
2,STR,2015Q2,3,0,0,59,0.050847458,0
2,STR,2015Q3,6,-0.333333333,-2,95,0.063157895,-0.126315789
2,STR,2015Q4,2,-0.5,-1,74,0.027027027,-0.027027027
2,STR,2016Q1,2,0,0,88,0.022727273,0
2,STR,2016Q3,2,0,0,88,0.022727273,0
2,STR,2018Q1,1,0,0,94,0.010638298,0
2,STR,2018Q3,1,1,1,126,0.007936508,0.007936508
2,STR,2018Q4,2,0,0,143,0.013986014,0
2,STR,2019Q2,1,0,0,154,0.006493506,0
2,STR,2019Q4,1,0,0,172,0.005813953,0
2,STR,2020Q1,3,-1,-3,213,0.014084507,-0.042253521
2,STR,2020Q2,2,-0.5,-1,190,0.010526316,-0.010526316
2,STR,2020Q3,3,0,0,144,0.020833333,0
2,STR,2020Q4,2,-0.5,-1,180,0.011111111,-0.011111111
2,STR,2021Q1,4,0.25,1,215,0.018604651,0.018604651
2,STR,2021Q3,3,-0.333333333,-1,216,0.013888889,-0.013888889
2,STR,2021Q4,1,0,0,164,0.006097561,0
2,STR,2022Q2,1,0,0,131,0.007633588,0
2,STR,2022Q3,1,0,0,103,0.009708738,0
2,STR,2023Q1,1,1,1,151,0.006622517,0.006622517
2,STR,2023Q2,3,-0.666666667,-2,212,0.014150943,-0.028301887
2,STR,2023Q4,5,-0.2,-1,130,0.038461538,-0.038461538
2,STR,2024Q2,1,0,0,102,0.009803922,0
2,STR,2024Q4,1,0,0,146,0.006849315,0
2,TTI,2009Q3,1,1,1,27,0.037037037,0.037037037
2,TTI,2011Q1,1,0,0,39,0.025641026,0
2,TTI,2016Q4,1,0,0,73,0.01369863,0
2,TTI,2017Q1,1,0,0,73,0.01369863,0
2,TTI,2020Q1,3,-0.333333333,-1,213,0.014084507,-0.014084507
2,TTI,2020Q4,3,0,0,180,0.016666667,0
2,TTI,2021Q4,1,0,0,164,0.006097561,0
2,TUSK,2015Q2,1,1,1,59,0.016949153,0.016949153
2,TUSK,2018Q3,1,0,0,126,0.007936508,0
2,USEG,2024Q4,1,1,1,146,0.006849315,0.006849315
2,VEI,2021Q3,1,-1,-1,216,0.00462963,-0.00462963
2,VEI,2021Q4,1,1,1,164,0.006097561,0.006097561
2,VOC,2013Q4,1,0,0,41,0.024390244,0
2,VOC,2015Q2,1,1,1,59,0.016949153,0.016949153
2,VOC,2015Q4,1,0,0,74,0.013513514,0
2,VOC,2017Q2,2,-0.5,-1,98,0.020408163,-0.020408163
2,VOC,2017Q4,1,0,0,125,0.008,0
2,VOC,2018Q3,1,0,0,126,0.007936508,0
2,VOC,2019Q1,1,0,0,140,0.007142857,0
2,VOC,2020Q1,1,-2,-2,213,0.004694836,-0.009389671
2,VOC,2020Q2,1,0,0,190,0.005263158,0
2,VOC,2020Q3,4,0,0,144,0.027777778,0
2,VOC,2021Q1,2,-0.5,-1,215,0.009302326,-0.009302326
2,VOC,2021Q2,1,0,0,193,0.005181347,0
2,VOC,2021Q3,2,0,0,216,0.009259259,0
2,VOC,2021Q4,1,0,0,164,0.006097561,0
2,VOC,2022Q2,1,-1,-1,131,0.007633588,-0.007633588
2,VOC,2022Q4,3,0,0,153,0.019607843,0
2,VOC,2023Q2,1,0,0,212,0.004716981,0
2,VTS,2020Q1,1,0,0,213,0.004694836,0
2,WLL,1999Q4,1,0,0,6,0.166666667,0
2,WLL,2000Q4,3,0,0,9,0.333333333,0
2,WLL,2001Q1,3,0,0,22,0.136363636,0
2,WLL,2001Q2,5,0,0,11,0.454545455,0
2,WLL,2001Q3,1,0,0,10,0.1,0
2,WLL,2003Q4,1,1,1,11,0.090909091,0.090909091
2,WLL,2014Q1,1,-1,-1,29,0.034482759,-0.034482759
2,WLL,2014Q4,1,1,1,81,0.012345679,0.012345679
2,WLL,2015Q3,1,-2,-2,95,0.010526316,-0.021052632
2,WLL,2016Q3,1,0,0,88,0.011363636,0
2,WLL,2019Q3,1,1,1,157,0.006369427,0.006369427
2,WLL,2020Q2,1,-1,-1,190,0.005263158,-0.005263158
2,WLL,2020Q3,3,-1.666666667,-5,144,0.020833333,-0.104166667
2,WLL,2021Q1,1,0,0,215,0.004651163,0
2,WLL,2022Q1,1,2,2,150,0.006666667,0.013333333
2,XOG,2016Q4,2,0,0,73,0.02739726,0
2,XOG,2019Q2,1,-1,-1,154,0.006493506,-0.006493506
2,XOG,2021Q2,3,0,0,193,0.015544041,0
3,ACDC,1999Q1,1,0,0,18,0.055555556,0
3,ACDC,2022Q2,2,0.5,1,131,0.015267176,0.015267176
3,AESI,2020Q2,1,0,0,190,0.005263158,0
3,AESI,2021Q3,1,0,0,216,0.00462963,0
3,AESI,2022Q1,2,0.5,1,150,0.013333333,0.013333333
3,AESI,2023Q1,1,1,1,151,0.006622517,0.006622517
3,APA,1998Q4,2,-1,-2,8,0.25,-0.5
3,APA,1999Q1,2,0,0,18,0.111111111,0
3,APA,1999Q2,1,0,0,6,0.166666667,0
3,APA,1999Q3,1,0,0,14,0.071428571,0
3,APA,2000Q2,1,0,0,10,0.1,0
3,APA,2002Q1,1,0,0,32,0.03125,0
3,APA,2002Q4,1,0,0,9,0.111111111,0
3,APA,2003Q2,2,0.5,1,10,0.2,0.2
3,APA,2003Q4,1,1,1,11,0.090909091,0.090909091
3,APA,2004Q3,1,0,0,14,0.071428571,0
3,APA,2005Q2,1,0,0,18,0.055555556,0
3,APA,2006Q3,1,0,0,18,0.055555556,0
3,APA,2007Q1,1,0,0,9,0.111111111,0
3,APA,2007Q2,4,0,0,23,0.173913043,0
3,APA,2009Q1,1,-2,-2,19,0.052631579,-0.105263158
3,APA,2009Q3,2,-0.5,-1,27,0.074074074,-0.074074074
3,APA,2009Q4,1,0,0,32,0.03125,0
3,APA,2010Q1,1,0,0,25,0.04,0
3,APA,2010Q2,1,0,0,55,0.018181818,0
3,APA,2010Q3,3,-0.333333333,-1,92,0.032608696,-0.032608696
3,APA,2010Q4,1,0,0,41,0.024390244,0
3,APA,2011Q2,1,1,1,35,0.028571429,0.028571429
3,APA,2011Q4,2,0,0,38,0.052631579,0
3,APA,2012Q1,1,0,0,48,0.020833333,0
3,APA,2012Q2,4,0,0,35,0.114285714,0
3,APA,2012Q3,2,0,0,54,0.037037037,0
3,APA,2012Q4,1,-1,-1,45,0.022222222,-0.022222222
3,APA,2013Q1,1,0,0,68,0.014705882,0
3,APA,2013Q3,1,0,0,55,0.018181818,0
3,APA,2013Q4,1,0,0,41,0.024390244,0
3,APA,2014Q2,1,0,0,38,0.026315789,0
3,APA,2014Q3,3,0,0,39,0.076923077,0
3,APA,2014Q4,1,0,0,81,0.012345679,0
3,APA,2015Q1,2,0,0,73,0.02739726,0
3,APA,2015Q2,1,-1,-1,59,0.016949153,-0.016949153
3,APA,2015Q3,3,0,0,95,0.031578947,0
3,APA,2015Q4,1,0,0,74,0.013513514,0
3,APA,2016Q2,2,0,0,90,0.022222222,0
3,APA,2016Q3,1,0,0,88,0.011363636,0
3,APA,2016Q4,2,-0.5,-1,73,0.02739726,-0.02739726
3,APA,2017Q1,3,0,0,73,0.04109589,0
3,APA,2017Q2,1,0,0,98,0.010204082,0
3,APA,2017Q3,2,0,0,112,0.017857143,0
3,APA,2017Q4,2,0,0,125,0.016,0
3,APA,2018Q1,1,0,0,94,0.010638298,0
3,APA,2018Q2,5,-0.2,-1,130,0.038461538,-0.038461538
3,APA,2018Q4,6,-0.333333333,-2,143,0.041958042,-0.083916084
3,APA,2019Q1,2,0,0,140,0.014285714,0
3,APA,2019Q2,3,0,0,154,0.019480519,0
3,APA,2019Q3,2,0.5,1,157,0.012738854,0.012738854
3,APA,2019Q4,2,0,0,172,0.011627907,0
3,APA,2020Q1,5,-0.2,-1,213,0.023474178,-0.023474178
3,APA,2020Q2,7,0,0,190,0.036842105,0
3,APA,2020Q3,3,0,0,144,0.020833333,0
3,APA,2020Q4,9,0,0,180,0.05,0
3,APA,2021Q1,7,0.142857143,1,215,0.03255814,0.03255814
3,APA,2021Q2,3,0,0,193,0.015544041,0
3,APA,2021Q3,12,-0.083333333,-1,216,0.055555556,-0.055555556
3,APA,2021Q4,8,0.25,2,164,0.048780488,0.097560976
3,APA,2022Q1,4,0,0,150,0.026666667,0
3,APA,2022Q2,7,0,0,131,0.053435115,0
3,APA,2022Q3,7,0,0,103,0.067961165,0
3,APA,2022Q4,8,-0.125,-1,153,0.052287582,-0.052287582
3,APA,2023Q1,8,0.25,2,151,0.052980132,0.105960265
3,APA,2023Q2,11,0,0,212,0.051886792,0
3,APA,2023Q3,7,0.142857143,1,137,0.051094891,0.051094891
3,APA,2023Q4,6,0,0,130,0.046153846,0
3,APA,2024Q2,1,0,0,102,0.009803922,0
3,APA,2024Q3,7,0.571428571,4,163,0.042944785,0.171779141
3,APA,2024Q4,3,0,0,146,0.020547945,0
3,APA,2025Q1,1,-1,-1,9,0.111111111,-0.111111111
3,AR,2005Q4,1,0,0,17,0.058823529,0
3,AR,2009Q4,1,0,0,32,0.03125,0
3,AR,2011Q1,1,0,0,39,0.025641026,0
3,AR,2011Q2,2,0,0,35,0.057142857,0
3,AR,2014Q1,2,0,0,29,0.068965517,0
3,AR,2016Q1,3,0,0,88,0.034090909,0
3,AR,2016Q2,1,0,0,90,0.011111111,0
3,AR,2016Q3,8,0,0,88,0.090909091,0
3,AR,2017Q1,3,0.333333333,1,73,0.04109589,0.04109589
3,AR,2017Q2,3,0,0,98,0.030612245,0
3,AR,2017Q3,7,-0.285714286,-2,112,0.0625,-0.125
3,AR,2017Q4,2,0,0,125,0.016,0
3,AR,2018Q1,3,0,0,94,0.031914894,0
3,AR,2018Q2,2,0,0,130,0.015384615,0
3,AR,2018Q3,1,0,0,126,0.007936508,0
3,AR,2018Q4,2,0,0,143,0.013986014,0
3,AR,2019Q1,5,0,0,140,0.035714286,0
3,AR,2019Q2,5,0,0,154,0.032467532,0
3,AR,2019Q3,3,0,0,157,0.01910828,0
3,AR,2019Q4,4,0,0,172,0.023255814,0
3,AR,2020Q1,6,-0.666666667,-4,213,0.028169014,-0.112676056
3,AR,2020Q2,8,0,0,190,0.042105263,0
3,AR,2020Q3,2,0,0,144,0.013888889,0
3,AR,2020Q4,5,0,0,180,0.027777778,0
3,AR,2021Q1,7,0,0,215,0.03255814,0
3,AR,2021Q2,1,0,0,193,0.005181347,0
3,AR,2021Q3,9,0,0,216,0.041666667,0
3,AR,2021Q4,11,0,0,164,0.067073171,0
3,AR,2022Q1,2,0,0,150,0.013333333,0
3,AR,2022Q2,3,0.333333333,1,131,0.022900763,0.022900763
3,AR,2022Q3,1,0,0,103,0.009708738,0
3,AR,2022Q4,1,0,0,153,0.006535948,0
3,AR,2023Q1,1,-2,-2,151,0.006622517,-0.013245033
3,AR,2023Q2,6,0,0,212,0.028301887,0
3,AR,2023Q3,1,0,0,137,0.00729927,0
3,AR,2023Q4,2,0,0,130,0.015384615,0
3,AR,2024Q1,1,0,0,128,0.0078125,0
3,AR,2024Q2,2,0,0,102,0.019607843,0
3,AR,2024Q3,5,0.6,3,163,0.030674847,0.09202454
3,AR,2024Q4,6,0.333333333,2,146,0.04109589,0.082191781
3,BATL,2024Q3,1,-1,-1,163,0.006134969,-0.006134969
3,BATL,2024Q4,2,-1,-2,146,0.01369863,-0.02739726
3,BORR,2017Q1,1,0,0,73,0.01369863,0
3,BORR,2021Q1,1,0,0,215,0.004651163,0
3,BORR,2021Q2,1,0,0,193,0.005181347,0
3,BORR,2024Q3,1,0,0,163,0.006134969,0
3,BRN,2014Q2,1,0,0,38,0.026315789,0
3,BRN,2016Q2,1,0,0,90,0.011111111,0
3,BRN,2017Q4,1,0,0,125,0.008,0
3,BRN,2020Q1,1,0,0,213,0.004694836,0
3,BRN,2021Q1,1,0,0,215,0.004651163,0
3,BRN,2022Q2,1,0,0,131,0.007633588,0
3,BRN,2022Q3,1,0,0,103,0.009708738,0
3,BRN,2023Q1,1,0,0,151,0.006622517,0
3,BRN,2024Q3,1,0,0,163,0.006134969,0
3,BSM,2016Q1,1,0,0,88,0.011363636,0
3,BSM,2016Q3,1,0,0,88,0.011363636,0
3,BSM,2019Q4,1,-1,-1,172,0.005813953,-0.005813953
3,BSM,2021Q1,1,0,0,215,0.004651163,0
3,BSM,2021Q4,1,0,0,164,0.006097561,0
3,CHRD,2024Q3,2,1,2,163,0.012269939,0.024539877
3,CLB,1999Q1,1,0,0,18,0.055555556,0
3,CLB,2005Q1,1,0,0,17,0.058823529,0
3,CLB,2009Q2,1,0,0,15,0.066666667,0
3,CLB,2011Q4,2,0,0,38,0.052631579,0
3,CLB,2014Q2,1,0,0,38,0.026315789,0
3,CLB,2019Q1,1,0,0,140,0.007142857,0
3,CLB,2024Q4,1,2,2,146,0.006849315,0.01369863
3,CNQ,2024Q3,2,1,2,163,0.012269939,0.024539877
3,CPE,2013Q2,1,0,0,47,0.021276596,0
3,CPE,2016Q1,1,1,1,88,0.011363636,0.011363636
3,CPE,2016Q2,1,0,0,90,0.011111111,0
3,CPE,2016Q4,2,0,0,73,0.02739726,0
3,CPE,2017Q2,1,-1,-1,98,0.010204082,-0.010204082
3,CPE,2019Q3,3,0,0,157,0.01910828,0
3,CPE,2019Q4,2,0.5,1,172,0.011627907,0.011627907
3,CPE,2020Q1,4,0,0,213,0.018779343,0
3,CPE,2020Q2,4,-0.5,-2,190,0.021052632,-0.042105263
3,CPE,2021Q1,3,0,0,215,0.013953488,0
3,CPE,2021Q2,3,0.333333333,1,193,0.015544041,0.015544041
3,CPE,2021Q4,1,0,0,164,0.006097561,0
3,CPE,2022Q1,1,0,0,150,0.006666667,0
3,CPE,2022Q2,1,0,0,131,0.007633588,0
3,CPE,2023Q3,1,0,0,137,0.00729927,0
3,CRC,1999Q3,1,0,0,14,0.071428571,0
3,CRC,2013Q1,1,0,0,68,0.014705882,0
3,CRC,2013Q2,1,0,0,47,0.021276596,0
3,CRC,2014Q4,1,1,1,81,0.012345679,0.012345679
3,CRC,2016Q3,1,0,0,88,0.011363636,0
3,CRC,2016Q4,1,0,0,73,0.01369863,0
3,CRC,2017Q2,1,0,0,98,0.010204082,0
3,CRC,2017Q4,1,0,0,125,0.008,0
3,CRC,2018Q2,2,0,0,130,0.015384615,0
3,CRC,2018Q4,1,0,0,143,0.006993007,0
3,CRC,2019Q3,1,0,0,157,0.006369427,0
3,CRC,2019Q4,2,0,0,172,0.011627907,0
3,CRC,2020Q1,1,0,0,213,0.004694836,0
3,CRC,2020Q2,2,0,0,190,0.010526316,0
3,CRC,2020Q3,1,0,0,144,0.006944444,0
3,CRC,2020Q4,2,-1.5,-3,180,0.011111111,-0.033333333
3,CRC,2021Q1,3,0,0,215,0.013953488,0
3,CRC,2022Q3,1,1,1,103,0.009708738,0.009708738
3,CRC,2022Q4,1,0,0,153,0.006535948,0
3,CRC,2023Q1,3,-0.333333333,-1,151,0.01986755,-0.01986755
3,CRC,2023Q2,2,0,0,212,0.009433962,0
3,CRC,2023Q3,1,0,0,137,0.00729927,0
3,CRC,2024Q4,3,0.666666667,2,146,0.020547945,0.04109589
3,CRK,2004Q1,1,1,1,19,0.052631579,0.052631579
3,CRK,2013Q4,1,0,0,41,0.024390244,0
3,CRK,2014Q3,1,-1,-1,39,0.025641026,-0.025641026
3,CRK,2016Q2,1,-1,-1,90,0.011111111,-0.011111111
3,CRK,2018Q2,1,0,0,130,0.007692308,0
3,CRK,2019Q2,1,0,0,154,0.006493506,0
3,CRK,2021Q1,1,0,0,215,0.004651163,0
3,CRK,2022Q4,1,0,0,153,0.006535948,0
3,CRK,2023Q1,2,-0.5,-1,151,0.013245033,-0.013245033
3,CRK,2023Q2,4,-0.25,-1,212,0.018867925,-0.018867925
3,DCP,2008Q3,1,1,1,8,0.125,0.125
3,DCP,2009Q3,1,0,0,27,0.037037037,0
3,DCP,2010Q2,1,0,0,55,0.018181818,0
3,DCP,2012Q3,1,-1,-1,54,0.018518519,-0.018518519
3,DCP,2012Q4,1,0,0,45,0.022222222,0
3,DCP,2017Q1,1,0,0,73,0.01369863,0
3,DCP,2017Q4,2,0.5,1,125,0.016,0.016
3,DCP,2018Q3,1,0,0,126,0.007936508,0
3,DCP,2019Q2,1,0,0,154,0.006493506,0
3,DCP,2020Q1,1,0,0,213,0.004694836,0
3,DCP,2022Q2,1,1,1,131,0.007633588,0.007633588
3,DCP,2023Q1,2,0,0,151,0.013245033,0
3,DCP,2023Q2,1,2,2,212,0.004716981,0.009433962
3,DCP,2023Q3,2,0,0,137,0.01459854,0
3,DCP,2023Q4,1,0,0,130,0.007692308,0
3,DCP,2024Q3,2,1,2,163,0.012269939,0.024539877
3,DCP,2024Q4,2,0,0,146,0.01369863,0
3,DO,2010Q2,1,-1,-1,55,0.018181818,-0.018181818
3,DO,2015Q3,1,1,1,95,0.010526316,0.010526316
3,DO,2016Q1,1,1,1,88,0.011363636,0.011363636
3,DO,2020Q2,4,-1.25,-5,190,0.021052632,-0.105263158
3,DO,2024Q3,1,1,1,163,0.006134969,0.006134969
3,EP,2001Q1,1,0,0,22,0.045454545,0
3,EP,2004Q1,1,0,0,19,0.052631579,0
3,EP,2010Q3,1,0,0,92,0.010869565,0
3,EP,2012Q3,1,0,0,54,0.018518519,0
3,EP,2013Q1,1,0,0,68,0.014705882,0
3,EP,2014Q4,1,0,0,81,0.012345679,0
3,EP,2015Q4,1,0,0,74,0.013513514,0
3,EP,2016Q2,1,0,0,90,0.011111111,0
3,EP,2019Q2,1,0,0,154,0.006493506,0
3,EP,2020Q1,4,0,0,213,0.018779343,0
3,EP,2021Q1,2,0,0,215,0.009302326,0
3,EP,2021Q3,2,0,0,216,0.009259259,0
3,EP,2021Q4,1,0,0,164,0.006097561,0
3,EP,2022Q1,1,0,0,150,0.006666667,0
3,EP,2022Q3,1,0,0,103,0.009708738,0
3,EP,2023Q2,2,0,0,212,0.009433962,0
3,EP,2024Q2,1,0,0,102,0.009803922,0
3,EP,2024Q4,1,0,0,146,0.006849315,0
3,EQT,2001Q2,1,0,0,11,0.090909091,0
3,EQT,2001Q4,1,0,0,12,0.083333333,0
3,EQT,2003Q2,1,0,0,10,0.1,0
3,EQT,2005Q4,2,0,0,17,0.117647059,0
3,EQT,2007Q1,2,0,0,9,0.222222222,0
3,EQT,2008Q1,1,0,0,10,0.1,0
3,EQT,2008Q4,1,0,0,18,0.055555556,0
3,EQT,2009Q3,1,1,1,27,0.037037037,0.037037037
3,EQT,2009Q4,1,0,0,32,0.03125,0
3,EQT,2010Q2,1,0,0,55,0.018181818,0
3,EQT,2011Q1,2,0,0,39,0.051282051,0
3,EQT,2011Q3,1,1,1,28,0.035714286,0.035714286
3,EQT,2011Q4,1,0,0,38,0.026315789,0
3,EQT,2012Q2,1,0,0,35,0.028571429,0
3,EQT,2013Q3,1,0,0,55,0.018181818,0
3,EQT,2014Q1,2,0,0,29,0.068965517,0
3,EQT,2014Q2,1,0,0,38,0.026315789,0
3,EQT,2014Q4,2,0,0,81,0.024691358,0
3,EQT,2015Q2,1,0,0,59,0.016949153,0
3,EQT,2015Q4,1,0,0,74,0.013513514,0
3,EQT,2016Q1,4,0,0,88,0.045454545,0
3,EQT,2016Q2,1,0,0,90,0.011111111,0
3,EQT,2016Q3,3,0,0,88,0.034090909,0
3,EQT,2016Q4,4,0,0,73,0.054794521,0
3,EQT,2017Q1,2,0.5,1,73,0.02739726,0.02739726
3,EQT,2017Q2,7,0,0,98,0.071428571,0
3,EQT,2017Q3,7,-0.142857143,-1,112,0.0625,-0.0625
3,EQT,2017Q4,2,0.5,1,125,0.016,0.016
3,EQT,2018Q2,3,0,0,130,0.023076923,0
3,EQT,2018Q3,3,0,0,126,0.023809524,0
3,EQT,2018Q4,5,0,0,143,0.034965035,0
3,EQT,2019Q1,9,0,0,140,0.064285714,0
3,EQT,2019Q2,14,0,0,154,0.090909091,0
3,EQT,2019Q3,9,0,0,157,0.057324841,0
3,EQT,2019Q4,6,-0.166666667,-1,172,0.034883721,-0.034883721
3,EQT,2020Q1,8,-0.5,-4,213,0.037558685,-0.150234742
3,EQT,2020Q2,1,0,0,190,0.005263158,0
3,EQT,2020Q3,5,-0.4,-2,144,0.034722222,-0.069444444
3,EQT,2020Q4,7,0.285714286,2,180,0.038888889,0.077777778
3,EQT,2021Q1,14,0.214285714,3,215,0.065116279,0.195348837
3,EQT,2021Q2,7,0.285714286,2,193,0.03626943,0.07253886
3,EQT,2021Q3,14,0.142857143,2,216,0.064814815,0.12962963
3,EQT,2021Q4,10,0.1,1,164,0.06097561,0.06097561
3,EQT,2022Q1,10,0.5,5,150,0.066666667,0.333333333
3,EQT,2022Q2,3,1,3,131,0.022900763,0.06870229
3,EQT,2022Q4,2,0,0,153,0.013071895,0
3,EQT,2023Q1,7,0.142857143,1,151,0.046357616,0.046357616
3,EQT,2023Q2,6,0.833333333,5,212,0.028301887,0.141509434
3,EQT,2023Q3,5,0,0,137,0.03649635,0
3,EQT,2023Q4,14,0,0,130,0.107692308,0
3,EQT,2024Q1,18,0.055555556,1,128,0.140625,0.140625
3,EQT,2024Q2,13,0.076923077,1,102,0.12745098,0.12745098
3,EQT,2024Q3,11,0.363636364,4,163,0.067484663,0.26993865
3,EQT,2024Q4,9,0.111111111,1,146,0.061643836,0.061643836
3,ERF,2025Q1,1,2,2,9,0.111111111,0.222222222
3,EXE,2024Q3,2,1.5,3,163,0.012269939,0.036809816
3,FANG,2013Q4,1,1,1,41,0.024390244,0.024390244
3,FANG,2014Q3,1,0,0,39,0.025641026,0
3,FANG,2016Q1,3,0.333333333,1,88,0.034090909,0.034090909
3,FANG,2016Q3,1,1,1,88,0.011363636,0.011363636
3,FANG,2016Q4,1,0,0,73,0.01369863,0
3,FANG,2017Q1,1,1,1,73,0.01369863,0.01369863
3,FANG,2017Q2,2,-1,-2,98,0.020408163,-0.040816327
3,FANG,2017Q3,4,0.25,1,112,0.035714286,0.035714286
3,FANG,2017Q4,6,0,0,125,0.048,0
3,FANG,2018Q1,7,0.142857143,1,94,0.074468085,0.074468085
3,FANG,2018Q2,6,0,0,130,0.046153846,0
3,FANG,2018Q3,15,0,0,126,0.119047619,0
3,FANG,2018Q4,11,0,0,143,0.076923077,0
3,FANG,2019Q1,4,0,0,140,0.028571429,0
3,FANG,2019Q2,5,0,0,154,0.032467532,0
3,FANG,2019Q3,2,0,0,157,0.012738854,0
3,FANG,2019Q4,2,0,0,172,0.011627907,0
3,FANG,2020Q1,11,-0.454545455,-5,213,0.051643192,-0.258215962
3,FANG,2020Q2,5,0.2,1,190,0.026315789,0.026315789
3,FANG,2020Q3,3,-1.333333333,-4,144,0.020833333,-0.083333333
3,FANG,2020Q4,5,0.6,3,180,0.027777778,0.083333333
3,FANG,2021Q1,4,-0.25,-1,215,0.018604651,-0.018604651
3,FANG,2021Q2,1,1,1,193,0.005181347,0.005181347
3,FANG,2021Q3,3,1,3,216,0.013888889,0.041666667
3,FANG,2021Q4,3,0,0,164,0.018292683,0
3,FANG,2022Q1,3,0,0,150,0.02,0
3,FANG,2022Q4,3,0,0,153,0.019607843,0
3,FANG,2023Q2,4,0,0,212,0.018867925,0
3,FANG,2024Q3,11,0.727272727,8,163,0.067484663,0.539877301
3,FANG,2024Q4,5,0,0,146,0.034246575,0
3,FANG,2025Q1,1,1,1,9,0.111111111,0.111111111
3,FTI,2024Q3,1,2,2,163,0.006134969,0.012269939
3,FTSI,2014Q2,1,0,0,38,0.026315789,0
3,GDP,2016Q1,2,-1.5,-3,88,0.022727273,-0.068181818
3,GDP,2016Q4,2,0,0,73,0.02739726,0
3,GDP,2018Q4,1,0,0,143,0.006993007,0
3,GDP,2019Q1,1,-1,-1,140,0.007142857,-0.007142857
3,HAL,2008Q4,3,0.666666667,2,18,0.166666667,0.333333333
3,HAL,2009Q3,1,1,1,27,0.037037037,0.037037037
3,HAL,2009Q4,1,0,0,32,0.03125,0
3,HAL,2010Q1,3,0,0,25,0.12,0
3,HAL,2010Q2,14,-0.071428571,-1,55,0.254545455,-0.254545455
3,HAL,2010Q3,7,0.142857143,1,92,0.076086957,0.076086957
3,HAL,2010Q4,4,-1.5,-6,41,0.097560976,-0.585365854
3,HAL,2011Q1,7,0.142857143,1,39,0.179487179,0.179487179
3,HAL,2011Q2,4,0.75,3,35,0.114285714,0.342857143
3,HAL,2011Q3,3,0.666666667,2,28,0.107142857,0.214285714
3,HAL,2011Q4,2,0,0,38,0.052631579,0
3,HAL,2012Q1,1,0,0,48,0.020833333,0
3,HAL,2012Q2,4,0,0,35,0.114285714,0
3,HAL,2012Q3,4,0.5,2,54,0.074074074,0.148148148
3,HAL,2012Q4,1,1,1,45,0.022222222,0.022222222
3,HAL,2013Q1,1,1,1,68,0.014705882,0.014705882
3,HAL,2013Q2,5,0.2,1,47,0.106382979,0.106382979
3,HAL,2013Q3,5,0.2,1,55,0.090909091,0.090909091
3,HAL,2013Q4,1,1,1,41,0.024390244,0.024390244
3,HAL,2014Q2,2,1.5,3,38,0.052631579,0.157894737
3,HAL,2014Q3,1,1,1,39,0.025641026,0.025641026
3,HAL,2014Q4,13,0.384615385,5,81,0.160493827,0.802469136
3,HAL,2015Q1,7,-0.285714286,-2,73,0.095890411,-0.191780822
3,HAL,2015Q2,2,1,2,59,0.033898305,0.06779661
3,HAL,2015Q3,5,-0.8,-4,95,0.052631579,-0.210526316
3,HAL,2016Q1,3,-1,-3,88,0.034090909,-0.102272727
3,HAL,2016Q2,2,-1,-2,90,0.022222222,-0.044444444
3,HAL,2016Q3,1,-1,-1,88,0.011363636,-0.011363636
3,HAL,2016Q4,4,-0.75,-3,73,0.054794521,-0.164383562
3,HAL,2017Q1,2,-0.5,-1,73,0.02739726,-0.02739726
3,HAL,2017Q2,2,0,0,98,0.020408163,0
3,HAL,2017Q3,4,0.5,2,112,0.035714286,0.071428571
3,HAL,2017Q4,2,-0.5,-1,125,0.016,-0.016
3,HAL,2018Q1,5,0.2,1,94,0.053191489,0.053191489
3,HAL,2018Q2,2,0.5,1,130,0.015384615,0.015384615
3,HAL,2018Q3,5,-1.2,-6,126,0.03968254,-0.238095238
3,HAL,2018Q4,2,0,0,143,0.013986014,0
3,HAL,2019Q1,4,-0.75,-3,140,0.028571429,-0.085714286
3,HAL,2019Q2,8,0.5,4,154,0.051948052,0.207792208
3,HAL,2019Q3,7,0.428571429,3,157,0.044585987,0.133757962
3,HAL,2019Q4,6,-0.333333333,-2,172,0.034883721,-0.069767442
3,HAL,2020Q1,5,0.4,2,213,0.023474178,0.046948357
3,HAL,2020Q2,13,-0.846153846,-11,190,0.068421053,-0.752631579
3,HAL,2020Q3,4,0.75,3,144,0.027777778,0.083333333
3,HAL,2020Q4,4,-1.25,-5,180,0.022222222,-0.111111111
3,HAL,2021Q1,5,1.4,7,215,0.023255814,0.162790698
3,HAL,2021Q2,3,-0.333333333,-1,193,0.015544041,-0.015544041
3,HAL,2021Q3,13,0.461538462,6,216,0.060185185,0.361111111
3,HAL,2021Q4,2,1.5,3,164,0.012195122,0.036585366
3,HAL,2022Q1,3,-0.666666667,-2,150,0.02,-0.04
3,HAL,2022Q2,10,0.3,3,131,0.076335878,0.229007634
3,HAL,2022Q3,1,2,2,103,0.009708738,0.019417476
3,HAL,2022Q4,1,2,2,153,0.006535948,0.013071895
3,HAL,2023Q1,4,1,4,151,0.026490066,0.105960265
3,HAL,2024Q4,1,2,2,146,0.006849315,0.01369863
3,HESM,2014Q3,1,2,2,39,0.025641026,0.051282051
3,HESM,2023Q4,1,2,2,130,0.007692308,0.015384615
3,HESM,2024Q3,3,1.666666667,5,163,0.018404908,0.09202454
3,HESM,2024Q4,2,0.5,1,146,0.01369863,0.01369863
3,HLX,2012Q4,1,1,1,45,0.022222222,0.022222222
3,HLX,2017Q4,1,-1,-1,125,0.008,-0.008
3,HLX,2024Q4,1,0,0,146,0.006849315,0
3,HP,1998Q2,1,0,0,3,0.333333333,0
3,HP,1999Q2,1,0,0,6,0.166666667,0
3,HP,1999Q3,1,0,0,14,0.071428571,0
3,HP,2000Q2,1,0,0,10,0.1,0
3,HP,2000Q3,1,0,0,8,0.125,0
3,HP,2001Q1,2,0,0,22,0.090909091,0
3,HP,2001Q3,1,0,0,10,0.1,0
3,HP,2001Q4,1,0,0,12,0.083333333,0
3,HP,2002Q1,6,0,0,32,0.1875,0
3,HP,2002Q4,1,0,0,9,0.111111111,0
3,HP,2003Q4,1,0,0,11,0.090909091,0
3,HP,2004Q1,2,-0.5,-1,19,0.105263158,-0.105263158
3,HP,2004Q3,2,0,0,14,0.142857143,0
3,HP,2004Q4,2,0,0,12,0.166666667,0
3,HP,2005Q1,2,0,0,17,0.117647059,0
3,HP,2005Q2,3,0,0,18,0.166666667,0
3,HP,2006Q3,1,0,0,18,0.055555556,0
3,HP,2006Q4,1,0,0,10,0.1,0
3,HP,2007Q3,1,0,0,12,0.083333333,0
3,HP,2008Q1,1,0,0,10,0.1,0
3,HP,2008Q3,2,0,0,8,0.25,0
3,HP,2008Q4,1,0,0,18,0.055555556,0
3,HP,2009Q1,2,-0.5,-1,19,0.105263158,-0.105263158
3,HP,2009Q2,2,0,0,15,0.133333333,0
3,HP,2009Q3,1,1,1,27,0.037037037,0.037037037
3,HP,2009Q4,1,0,0,32,0.03125,0
3,HP,2010Q1,5,-0.2,-1,25,0.2,-0.2
3,HP,2010Q2,3,-0.333333333,-1,55,0.054545455,-0.054545455
3,HP,2010Q3,15,-0.333333333,-5,92,0.163043478,-0.815217391
3,HP,2010Q4,5,0,0,41,0.12195122,0
3,HP,2011Q1,2,0,0,39,0.051282051,0
3,HP,2011Q2,2,0,0,35,0.057142857,0
3,HP,2011Q3,2,0,0,28,0.071428571,0
3,HP,2011Q4,3,0,0,38,0.078947368,0
3,HP,2012Q2,2,0,0,35,0.057142857,0
3,HP,2012Q3,4,0,0,54,0.074074074,0
3,HP,2012Q4,3,0,0,45,0.066666667,0
3,HP,2013Q1,3,0,0,68,0.044117647,0
3,HP,2013Q2,3,-0.333333333,-1,47,0.063829787,-0.063829787
3,HP,2013Q3,1,0,0,55,0.018181818,0
3,HP,2013Q4,5,0,0,41,0.12195122,0
3,HP,2014Q1,2,0,0,29,0.068965517,0
3,HP,2014Q2,1,0,0,38,0.026315789,0
3,HP,2014Q3,1,0,0,39,0.025641026,0
3,HP,2015Q2,2,0,0,59,0.033898305,0
3,HP,2015Q3,7,-0.142857143,-1,95,0.073684211,-0.073684211
3,HP,2015Q4,4,-0.25,-1,74,0.054054054,-0.054054054
3,HP,2016Q1,3,0,0,88,0.034090909,0
3,HP,2016Q2,7,0,0,90,0.077777778,0
3,HP,2016Q3,5,0,0,88,0.056818182,0
3,HP,2016Q4,3,0,0,73,0.04109589,0
3,HP,2017Q1,1,0,0,73,0.01369863,0
3,HP,2017Q2,4,0.25,1,98,0.040816327,0.040816327
3,HP,2017Q4,3,0,0,125,0.024,0
3,HP,2018Q1,2,0,0,94,0.021276596,0
3,HP,2018Q2,2,0,0,130,0.015384615,0
3,HP,2018Q3,1,0,0,126,0.007936508,0
3,HP,2018Q4,2,0,0,143,0.013986014,0
3,HP,2019Q1,7,0.142857143,1,140,0.05,0.05
3,HP,2019Q2,4,0,0,154,0.025974026,0
3,HP,2019Q3,4,0.25,1,157,0.025477707,0.025477707
3,HP,2019Q4,9,0,0,172,0.052325581,0
3,HP,2020Q1,6,-0.333333333,-2,213,0.028169014,-0.056338028
3,HP,2020Q2,5,-0.6,-3,190,0.026315789,-0.078947368
3,HP,2020Q3,3,-1,-3,144,0.020833333,-0.0625
3,HP,2020Q4,3,0,0,180,0.016666667,0
3,HP,2021Q1,1,0,0,215,0.004651163,0
3,HP,2021Q2,2,0,0,193,0.010362694,0
3,HP,2021Q4,2,0,0,164,0.012195122,0
3,HP,2022Q1,6,-0.333333333,-2,150,0.04,-0.08
3,HP,2022Q2,11,-0.090909091,-1,131,0.083969466,-0.083969466
3,HP,2022Q3,3,0,0,103,0.029126214,0
3,HP,2022Q4,4,0,0,153,0.026143791,0
3,HP,2023Q1,4,0,0,151,0.026490066,0
3,HP,2023Q2,4,-0.25,-1,212,0.018867925,-0.018867925
3,HP,2023Q3,5,0,0,137,0.03649635,0
3,HP,2023Q4,2,0,0,130,0.015384615,0
3,HP,2024Q1,14,0,0,128,0.109375,0
3,HP,2024Q2,14,0,0,102,0.137254902,0
3,HP,2024Q3,12,0,0,163,0.073619632,0
3,HP,2024Q4,14,-0.071428571,-1,146,0.095890411,-0.095890411
3,IOGPQ,2018Q2,1,-1,-1,130,0.007692308,-0.007692308
3,KGS,2024Q3,1,1,1,163,0.006134969,0.006134969
3,KRP,2019Q4,1,1,1,172,0.005813953,0.005813953
3,KRP,2024Q4,1,1,1,146,0.006849315,0.006849315
3,LNG,2024Q4,1,1,1,146,0.006849315,0.006849315
3,MNR,2023Q4,1,1,1,130,0.007692308,0.007692308
3,MXC,2017Q4,1,0,0,125,0.008,0
3,NBR,2005Q3,1,1,1,6,0.166666667,0.166666667
3,NBR,2006Q4,2,0,0,10,0.2,0
3,NBR,2007Q4,1,1,1,6,0.166666667,0.166666667
3,NBR,2008Q4,1,-1,-1,18,0.055555556,-0.055555556
3,NBR,2009Q1,2,0,0,19,0.105263158,0
3,NBR,2010Q1,3,-0.333333333,-1,25,0.12,-0.12
3,NBR,2010Q3,1,2,2,92,0.010869565,0.02173913
3,NBR,2011Q2,1,1,1,35,0.028571429,0.028571429
3,NBR,2012Q1,2,1,2,48,0.041666667,0.083333333
3,NBR,2012Q3,1,1,1,54,0.018518519,0.018518519
3,NBR,2012Q4,2,-1.5,-3,45,0.044444444,-0.133333333
3,NBR,2013Q1,1,-1,-1,68,0.014705882,-0.014705882
3,NBR,2013Q3,2,-1.5,-3,55,0.036363636,-0.109090909
3,NBR,2014Q1,1,1,1,29,0.034482759,0.034482759
3,NBR,2014Q2,2,0.5,1,38,0.052631579,0.052631579
3,NBR,2014Q4,1,-2,-2,81,0.012345679,-0.024691358
3,NBR,2015Q1,2,-1,-2,73,0.02739726,-0.054794521
3,NBR,2015Q3,2,-0.5,-1,95,0.021052632,-0.021052632
3,NBR,2016Q2,1,-2,-2,90,0.011111111,-0.022222222
3,NBR,2017Q3,1,1,1,112,0.008928571,0.008928571
3,NBR,2017Q4,2,0,0,125,0.016,0
3,NBR,2018Q1,1,0,0,94,0.010638298,0
3,NBR,2019Q3,1,-2,-2,157,0.006369427,-0.012738854
3,NBR,2020Q1,2,0,0,213,0.009389671,0
3,NBR,2023Q2,1,-1,-1,212,0.004716981,-0.004716981
3,NBR,2024Q3,1,1,1,163,0.006134969,0.006134969
3,NBR,2024Q4,1,-1,-1,146,0.006849315,-0.006849315
3,NE,2017Q3,1,-1,-1,112,0.008928571,-0.008928571
3,NES,2013Q2,1,0,0,47,0.021276596,0
3,NES,2014Q3,1,2,2,39,0.025641026,0.051282051
3,NES,2017Q1,1,0,0,73,0.01369863,0
3,NES,2017Q2,1,-1,-1,98,0.010204082,-0.010204082
3,NESR,2017Q2,1,1,1,98,0.010204082,0.010204082
3,NEX,2016Q4,1,0,0,73,0.01369863,0
3,NEX,2017Q1,1,0,0,73,0.01369863,0
3,NEX,2017Q2,1,1,1,98,0.010204082,0.010204082
3,NEX,2018Q1,2,0,0,94,0.021276596,0
3,NEX,2018Q2,1,0,0,130,0.007692308,0
3,NEX,2018Q4,1,0,0,143,0.006993007,0
3,NEX,2019Q3,1,-1,-1,157,0.006369427,-0.006369427
3,NEX,2020Q2,2,0,0,190,0.010526316,0
3,NEX,2023Q2,2,-0.5,-1,212,0.009433962,-0.009433962
3,NEX,2024Q1,1,0,0,128,0.0078125,0
3,PDCE,2013Q3,1,-1,-1,55,0.018181818,-0.018181818
3,PDCE,2016Q1,2,0,0,88,0.022727273,0
3,PDCE,2016Q3,3,1.333333333,4,88,0.034090909,0.136363636
3,PDCE,2017Q1,1,1,1,73,0.01369863,0.01369863
3,PDCE,2019Q1,2,1,2,140,0.014285714,0.028571429
3,PDCE,2020Q2,1,-1,-1,190,0.005263158,-0.005263158
3,PDCE,2020Q3,1,0,0,144,0.006944444,0
3,PDCE,2020Q4,2,0.5,1,180,0.011111111,0.011111111
3,PDCE,2022Q1,1,1,1,150,0.006666667,0.006666667
3,PDCE,2022Q2,1,0,0,131,0.007633588,0
3,PDCE,2023Q2,2,0,0,212,0.009433962,0
3,PDCE,2023Q4,2,0.5,1,130,0.015384615,0.015384615
3,PDCE,2024Q3,2,1.5,3,163,0.012269939,0.036809816
3,PDS,2024Q4,3,0,0,146,0.020547945,0
3,PED,2024Q4,1,-1,-1,146,0.006849315,-0.006849315
3,PHX,2010Q3,1,-1,-1,92,0.010869565,-0.010869565
3,PHX,2024Q4,1,-1,-1,146,0.006849315,-0.006849315
3,PNRG,2024Q3,1,-1,-1,163,0.006134969,-0.006134969
3,PR,2017Q2,1,0,0,98,0.010204082,0
3,PR,2020Q2,1,0,0,190,0.005263158,0
3,PR,2021Q1,1,0,0,215,0.004651163,0
3,PR,2022Q1,1,1,1,150,0.006666667,0.006666667
3,PR,2024Q3,5,-0.6,-3,163,0.030674847,-0.09202454
3,PR,2024Q4,1,-1,-1,146,0.006849315,-0.006849315
3,PTEN,2004Q2,1,1,1,11,0.090909091,0.090909091
3,PTEN,2005Q1,1,-1,-1,17,0.058823529,-0.058823529
3,PTEN,2005Q3,1,1,1,6,0.166666667,0.166666667
3,PTEN,2005Q4,2,-1.5,-3,17,0.117647059,-0.352941176
3,PTEN,2009Q2,1,-1,-1,15,0.066666667,-0.066666667
3,PTEN,2009Q3,1,1,1,27,0.037037037,0.037037037
3,PTEN,2010Q1,1,1,1,25,0.04,0.04
3,PTEN,2010Q3,1,-1,-1,92,0.010869565,-0.010869565
3,PTEN,2011Q3,1,1,1,28,0.035714286,0.035714286
3,PTEN,2015Q2,1,-1,-1,59,0.016949153,-0.016949153
3,PTEN,2016Q4,2,1.5,3,73,0.02739726,0.082191781
3,PTEN,2017Q3,1,1,1,112,0.008928571,0.008928571
3,PTEN,2019Q2,1,2,2,154,0.006493506,0.012987013
3,PTEN,2019Q3,1,-2,-2,157,0.006369427,-0.012738854
3,PTEN,2020Q1,1,-1,-1,213,0.004694836,-0.004694836
3,PTEN,2021Q1,1,1,1,215,0.004651163,0.004651163
3,PTEN,2023Q2,3,0.666666667,2,212,0.014150943,0.028301887
3,PTEN,2024Q3,1,2,2,163,0.006134969,0.012269939
3,PTEN,2024Q4,2,-1,-2,146,0.01369863,-0.02739726
3,PUMP,2017Q2,2,1.5,3,98,0.020408163,0.06122449
3,PUMP,2019Q3,1,1,1,157,0.006369427,0.006369427
3,PUMP,2019Q4,3,-1,-3,172,0.01744186,-0.052325581
3,PUMP,2020Q2,2,-0.5,-1,190,0.010526316,-0.010526316
3,PUMP,2021Q2,2,0,0,193,0.010362694,0
3,PUMP,2021Q3,2,1,2,216,0.009259259,0.018518519
3,PUMP,2021Q4,1,0,0,164,0.006097561,0
3,PUMP,2022Q1,1,1,1,150,0.006666667,0.006666667
3,PUMP,2024Q3,4,1.25,5,163,0.024539877,0.122699387
3,PUMP,2024Q4,1,1,1,146,0.006849315,0.006849315
3,RES,2024Q2,1,1,1,102,0.009803922,0.009803922
3,RES,2024Q4,2,1,2,146,0.01369863,0.02739726
3,RIG,2004Q3,1,1,1,14,0.071428571,0.071428571
3,RIG,2005Q4,1,-1,-1,17,0.058823529,-0.058823529
3,RIG,2008Q3,1,1,1,8,0.125,0.125
3,RIG,2009Q4,1,1,1,32,0.03125,0.03125
3,RIG,2010Q1,1,1,1,25,0.04,0.04
3,RIG,2010Q2,6,-0.666666667,-4,55,0.109090909,-0.436363636
3,RIG,2010Q3,10,-0.3,-3,92,0.108695652,-0.326086957
3,RIG,2010Q4,3,0.666666667,2,41,0.073170732,0.146341463
3,RIG,2011Q2,2,0,0,35,0.057142857,0
3,RIG,2012Q1,1,-1,-1,48,0.020833333,-0.020833333
3,RIG,2012Q3,2,-1,-2,54,0.037037037,-0.074074074
3,RIG,2012Q4,1,1,1,45,0.022222222,0.022222222
3,RIG,2013Q1,4,-0.25,-1,68,0.058823529,-0.058823529
3,RIG,2013Q4,1,1,1,41,0.024390244,0.024390244
3,RIG,2014Q4,1,-2,-2,81,0.012345679,-0.024691358
3,RIG,2015Q1,2,-1.5,-3,73,0.02739726,-0.082191781
3,RIG,2015Q2,1,-1,-1,59,0.016949153,-0.016949153
3,RIG,2015Q3,4,-0.5,-2,95,0.042105263,-0.084210526
3,RIG,2015Q4,1,-1,-1,74,0.013513514,-0.013513514
3,RIG,2016Q1,2,0,0,88,0.022727273,0
3,RIG,2016Q2,2,-0.5,-1,90,0.022222222,-0.022222222
3,RIG,2016Q4,4,0.25,1,73,0.054794521,0.054794521
3,RIG,2017Q1,5,0,0,73,0.068493151,0
3,RIG,2017Q2,3,-0.333333333,-1,98,0.030612245,-0.030612245
3,RIG,2017Q3,3,0.333333333,1,112,0.026785714,0.026785714
3,RIG,2017Q4,7,-0.285714286,-2,125,0.056,-0.112
3,RIG,2018Q1,11,0.818181818,9,94,0.117021277,1.053191489
3,RIG,2018Q2,7,-0.142857143,-1,130,0.053846154,-0.053846154
3,RIG,2018Q3,17,0.764705882,13,126,0.134920635,1.753968254
3,RIG,2018Q4,4,0.75,3,143,0.027972028,0.083916084
3,RIG,2019Q1,7,0.428571429,3,140,0.05,0.15
3,RIG,2019Q2,4,0,0,154,0.025974026,0
3,RIG,2019Q3,6,0.166666667,1,157,0.038216561,0.038216561
3,RIG,2019Q4,4,-0.25,-1,172,0.023255814,-0.023255814
3,RIG,2020Q1,8,-0.5,-4,213,0.037558685,-0.150234742
3,RIG,2020Q2,2,-1,-2,190,0.010526316,-0.021052632
3,RIG,2020Q3,1,0,0,144,0.006944444,0
3,RIG,2020Q4,5,0,0,180,0.027777778,0
3,RIG,2021Q1,2,1,2,215,0.009302326,0.018604651
3,RIG,2021Q2,2,0,0,193,0.010362694,0
3,RIG,2021Q3,1,1,1,216,0.00462963,0.00462963
3,RIG,2022Q1,2,0,0,150,0.013333333,0
3,RIG,2022Q4,1,1,1,153,0.006535948,0.006535948
3,RIG,2023Q4,1,0,0,130,0.007692308,0
3,RIG,2024Q2,1,0,0,102,0.009803922,0
3,RIG,2024Q3,2,0.5,1,163,0.012269939,0.012269939
3,RIG,2024Q4,2,0,0,146,0.01369863,0
3,RNGR,2024Q3,1,2,2,163,0.006134969,0.012269939
3,RNGR,2024Q4,4,-1.25,-5,146,0.02739726,-0.136986301
3,SD,2009Q3,1,1,1,27,0.037037037,0.037037037
3,SD,2013Q1,1,-1,-1,68,0.014705882,-0.014705882
3,SD,2015Q3,1,1,1,95,0.010526316,0.010526316
3,SD,2016Q1,5,-1.8,-9,88,0.056818182,-0.511363636
3,SD,2016Q2,3,-1.333333333,-4,90,0.033333333,-0.133333333
3,SD,2017Q1,1,0,0,73,0.01369863,0
3,SD,2017Q4,7,-0.285714286,-2,125,0.056,-0.112
3,SD,2018Q1,2,0,0,94,0.021276596,0
3,SD,2018Q2,4,0,0,130,0.030769231,0
3,SDRL,2024Q3,1,1,1,163,0.006134969,0.006134969
3,SDRL,2024Q4,2,1,2,146,0.01369863,0.02739726
3,SLB,2002Q2,2,-0.5,-1,12,0.166666667,-0.166666667
3,SLB,2003Q1,1,1,1,3,0.333333333,0.333333333
3,SLB,2003Q3,1,-1,-1,4,0.25,-0.25
3,SLB,2003Q4,1,-1,-1,11,0.090909091,-0.090909091
3,SLB,2004Q1,3,1,3,19,0.157894737,0.473684211
3,SLB,2004Q3,1,-1,-1,14,0.071428571,-0.071428571
3,SLB,2005Q3,1,1,1,6,0.166666667,0.166666667
3,SLB,2005Q4,1,1,1,17,0.058823529,0.058823529
3,SLB,2006Q1,2,0,0,10,0.2,0
3,SLB,2007Q3,2,0.5,1,12,0.166666667,0.166666667
3,SLB,2007Q4,2,0,0,6,0.333333333,0
3,SLB,2008Q4,3,-1,-3,18,0.166666667,-0.5
3,SLB,2009Q1,3,-0.333333333,-1,19,0.157894737,-0.157894737
3,SLB,2009Q2,2,0,0,15,0.133333333,0
3,SLB,2009Q3,2,-1.5,-3,27,0.074074074,-0.222222222
3,SLB,2010Q1,2,2,4,25,0.08,0.32
3,SLB,2010Q4,2,1.5,3,41,0.048780488,0.146341463
3,SLB,2011Q1,1,2,2,39,0.025641026,0.051282051
3,SLB,2011Q2,2,1,2,35,0.057142857,0.114285714
3,SLB,2011Q3,2,1.5,3,28,0.071428571,0.214285714
3,SLB,2012Q2,6,-0.333333333,-2,35,0.171428571,-0.342857143
3,SLB,2012Q3,1,1,1,54,0.018518519,0.018518519
3,SLB,2012Q4,3,0,0,45,0.066666667,0
3,SLB,2013Q1,2,-0.5,-1,68,0.029411765,-0.029411765
3,SLB,2013Q2,1,1,1,47,0.021276596,0.021276596
3,SLB,2013Q3,6,1,6,55,0.109090909,0.654545455
3,SLB,2013Q4,2,1.5,3,41,0.048780488,0.146341463
3,SLB,2014Q2,1,0,0,38,0.026315789,0
3,SLB,2014Q3,1,2,2,39,0.025641026,0.051282051
3,SLB,2014Q4,5,-1,-5,81,0.061728395,-0.308641975
3,SLB,2015Q1,4,-0.75,-3,73,0.054794521,-0.164383562
3,SLB,2015Q3,6,0.166666667,1,95,0.063157895,0.063157895
3,SLB,2015Q4,2,-1,-2,74,0.027027027,-0.054054054
3,SLB,2016Q1,2,0,0,88,0.022727273,0
3,SLB,2016Q2,2,0,0,90,0.022222222,0
3,SLB,2016Q3,2,-1.5,-3,88,0.022727273,-0.068181818
3,SLB,2016Q4,2,0,0,73,0.02739726,0
3,SLB,2017Q1,2,0.5,1,73,0.02739726,0.02739726
3,SLB,2017Q2,2,0,0,98,0.020408163,0
3,SLB,2017Q3,4,0,0,112,0.035714286,0
3,SLB,2017Q4,7,0,0,125,0.056,0
3,SLB,2018Q1,1,0,0,94,0.010638298,0
3,SLB,2018Q2,4,0.5,2,130,0.030769231,0.061538462
3,SLB,2018Q3,3,0.666666667,2,126,0.023809524,0.047619048
3,SLB,2018Q4,4,-0.5,-2,143,0.027972028,-0.055944056
3,SLB,2019Q1,5,-0.4,-2,140,0.035714286,-0.071428571
3,SLB,2019Q2,9,0.222222222,2,154,0.058441558,0.116883117
3,SLB,2019Q3,8,0.5,4,157,0.050955414,0.203821656
3,SLB,2019Q4,8,-0.625,-5,172,0.046511628,-0.23255814
3,SLB,2020Q1,6,-0.5,-3,213,0.028169014,-0.084507042
3,SLB,2020Q2,7,-1.285714286,-9,190,0.036842105,-0.331578947
3,SLB,2020Q3,8,-0.875,-7,144,0.055555556,-0.388888889
3,SLB,2020Q4,7,-1,-7,180,0.038888889,-0.272222222
3,SLB,2021Q1,6,-0.166666667,-1,215,0.027906977,-0.027906977
3,SLB,2021Q2,5,0.2,1,193,0.025906736,0.025906736
3,SLB,2021Q3,22,0.363636364,8,216,0.101851852,0.814814815
3,SLB,2021Q4,4,1.25,5,164,0.024390244,0.12195122
3,SLB,2022Q1,5,0.6,3,150,0.033333333,0.1
3,SLB,2022Q2,8,0,0,131,0.061068702,0
3,SLB,2022Q3,3,0.666666667,2,103,0.029126214,0.058252427
3,SLB,2022Q4,6,-0.5,-3,153,0.039215686,-0.117647059
3,SLB,2023Q1,8,0.625,5,151,0.052980132,0.264900662
3,SLB,2023Q2,6,0.666666667,4,212,0.028301887,0.113207547
3,SLB,2023Q3,9,-0.333333333,-3,137,0.065693431,-0.197080292
3,SLB,2023Q4,8,0.375,3,130,0.061538462,0.184615385
3,SLB,2024Q1,3,0.666666667,2,128,0.0234375,0.046875
3,SLB,2024Q2,4,0.75,3,102,0.039215686,0.117647059
3,SLB,2024Q3,6,-0.166666667,-1,163,0.036809816,-0.036809816
3,STR,2009Q4,1,-1,-1,32,0.03125,-0.03125
3,STR,2013Q3,1,0,0,55,0.018181818,0
3,STR,2015Q2,1,0,0,59,0.016949153,0
3,STR,2015Q3,1,0,0,95,0.010526316,0
3,STR,2019Q1,2,-0.5,-1,140,0.014285714,-0.014285714
3,STR,2019Q3,1,0,0,157,0.006369427,0
3,STR,2019Q4,1,-1,-1,172,0.005813953,-0.005813953
3,STR,2020Q2,1,0,0,190,0.005263158,0
3,STR,2020Q3,1,0,0,144,0.006944444,0
3,STR,2021Q1,1,-1,-1,215,0.004651163,-0.004651163
3,STR,2021Q2,1,0,0,193,0.005181347,0
3,STR,2022Q3,2,0,0,103,0.019417476,0
3,STR,2023Q2,1,1,1,212,0.004716981,0.004716981
3,STR,2024Q4,1,1,1,146,0.006849315,0.006849315
3,TTI,2006Q4,1,0,0,10,0.1,0
3,TTI,2008Q2,1,-1,-1,9,0.111111111,-0.111111111
3,TTI,2008Q4,1,-2,-2,18,0.055555556,-0.111111111
3,TTI,2009Q1,1,-1,-1,19,0.052631579,-0.052631579
3,TTI,2009Q3,1,-1,-1,27,0.037037037,-0.037037037
3,TTI,2009Q4,2,0,0,32,0.0625,0
3,TTI,2010Q1,1,1,1,25,0.04,0.04
3,TTI,2010Q2,1,0,0,55,0.018181818,0
3,TTI,2010Q4,1,0,0,41,0.024390244,0
3,TTI,2011Q1,1,0,0,39,0.025641026,0
3,TTI,2017Q4,1,0,0,125,0.008,0
3,TTI,2019Q3,1,-1,-1,157,0.006369427,-0.006369427
3,TTI,2021Q3,1,0,0,216,0.00462963,0
3,TTI,2023Q1,1,0,0,151,0.006622517,0
3,TTI,2023Q2,1,-1,-1,212,0.004716981,-0.004716981
3,TTI,2024Q4,1,0,0,146,0.006849315,0
3,TUSK,2017Q1,1,2,2,73,0.01369863,0.02739726
3,TUSK,2024Q3,1,0,0,163,0.006134969,0
3,TUSK,2024Q4,2,0,0,146,0.01369863,0
3,USEG,2016Q4,1,1,1,73,0.01369863,0.01369863
3,USEG,2024Q3,6,0.166666667,1,163,0.036809816,0.036809816
3,VAL,2024Q4,2,0,0,146,0.01369863,0
3,VEI,2021Q3,3,0.333333333,1,216,0.013888889,0.013888889
3,VEI,2021Q4,1,0,0,164,0.006097561,0
3,VOC,2020Q4,1,1,1,180,0.005555556,0.005555556
3,VTLE,2023Q2,1,2,2,212,0.004716981,0.009433962
3,VTLE,2024Q3,2,0.5,1,163,0.012269939,0.012269939
3,VTLE,2024Q4,3,-0.333333333,-1,146,0.020547945,-0.020547945
3,VTS,2017Q2,1,1,1,98,0.010204082,0.010204082
3,VTS,2018Q2,1,0,0,130,0.007692308,0
3,WLL,2003Q4,1,1,1,11,0.090909091,0.090909091
3,WLL,2004Q1,3,1,3,19,0.157894737,0.473684211
3,WLL,2010Q3,1,1,1,92,0.010869565,0.010869565
3,WLL,2013Q4,1,1,1,41,0.024390244,0.024390244
3,WLL,2014Q3,1,2,2,39,0.025641026,0.051282051
3,WLL,2014Q4,3,-1.333333333,-4,81,0.037037037,-0.148148148
3,WLL,2015Q1,11,-0.545454545,-6,73,0.150684932,-0.904109589
3,WLL,2015Q2,2,0,0,59,0.033898305,0
3,WLL,2015Q3,3,-1,-3,95,0.031578947,-0.094736842
3,WLL,2015Q4,2,-1.5,-3,74,0.027027027,-0.081081081
3,WLL,2016Q1,1,-2,-2,88,0.011363636,-0.022727273
3,WLL,2016Q3,1,1,1,88,0.011363636,0.011363636
3,WLL,2017Q2,3,-0.333333333,-1,98,0.030612245,-0.030612245
3,WLL,2017Q4,1,-1,-1,125,0.008,-0.008
3,WLL,2018Q1,2,0,0,94,0.021276596,0
3,WLL,2018Q2,1,-1,-1,130,0.007692308,-0.007692308
3,WLL,2018Q4,1,-1,-1,143,0.006993007,-0.006993007
3,WLL,2019Q1,4,0.5,2,140,0.028571429,0.057142857
3,WLL,2019Q2,2,-1.5,-3,154,0.012987013,-0.038961039
3,WLL,2019Q3,1,2,2,157,0.006369427,0.012738854
3,WLL,2019Q4,4,-0.75,-3,172,0.023255814,-0.069767442
3,WLL,2020Q1,8,-1.5,-12,213,0.037558685,-0.450704225
3,WLL,2020Q2,18,-1.777777778,-32,190,0.094736842,-3.031578947
3,WLL,2020Q3,5,-0.2,-1,144,0.034722222,-0.034722222
3,WLL,2020Q4,1,-1,-1,180,0.005555556,-0.005555556
3,WLL,2021Q2,1,1,1,193,0.005181347,0.005181347
3,WLL,2022Q1,2,1,2,150,0.013333333,0.026666667
3,WLL,2025Q1,1,1,1,9,0.111111111,0.111111111
3,XOG,2016Q4,2,1.5,3,73,0.02739726,0.082191781
4,APA,2020Q4,1,2,2,180,0.005555556,0.011111111
4,APA,2022Q4,1,0,0,153,0.006535948,0
4,APA,2024Q1,1,0,0,128,0.0078125,0
4,AR,2021Q1,1,0,0,215,0.004651163,0
4,AR,2021Q3,1,0,0,216,0.00462963,0
4,AR,2024Q1,1,0,0,128,0.0078125,0
4,CPE,2021Q2,1,0,0,193,0.005181347,0
4,CRC,2015Q4,1,0,0,74,0.013513514,0
4,CRC,2023Q2,1,0,0,212,0.004716981,0
4,EP,2013Q2,1,1,1,47,0.021276596,0.021276596
4,EP,2020Q4,1,-1,-1,180,0.005555556,-0.005555556
4,EP,2022Q4,1,0,0,153,0.006535948,0
4,EQT,2006Q3,1,0,0,18,0.055555556,0
4,EQT,2007Q1,1,0,0,9,0.111111111,0
4,EQT,2011Q1,1,0,0,39,0.025641026,0
4,EQT,2016Q1,3,0,0,88,0.034090909,0
4,EQT,2016Q3,1,0,0,88,0.011363636,0
4,EQT,2016Q4,1,0,0,73,0.01369863,0
4,EQT,2017Q3,1,0,0,112,0.008928571,0
4,EQT,2018Q3,1,0,0,126,0.007936508,0
4,EQT,2018Q4,2,0,0,143,0.013986014,0
4,EQT,2019Q1,2,0,0,140,0.014285714,0
4,EQT,2019Q2,1,0,0,154,0.006493506,0
4,EQT,2019Q3,4,0,0,157,0.025477707,0
4,EQT,2019Q4,1,0,0,172,0.005813953,0
4,EQT,2021Q1,3,0,0,215,0.013953488,0
4,EQT,2021Q2,1,0,0,193,0.005181347,0
4,EQT,2022Q1,5,0,0,150,0.033333333,0
4,EQT,2022Q2,1,0,0,131,0.007633588,0
4,EQT,2022Q3,1,0,0,103,0.009708738,0
4,EQT,2022Q4,3,0,0,153,0.019607843,0
4,EQT,2023Q1,2,0,0,151,0.013245033,0
4,EQT,2023Q2,2,0,0,212,0.009433962,0
4,EQT,2024Q1,1,0,0,128,0.0078125,0
4,EQT,2024Q3,1,0,0,163,0.006134969,0
4,EXE,2007Q3,1,0,0,12,0.083333333,0
4,EXE,2024Q4,1,0,0,146,0.006849315,0
4,FANG,2017Q4,1,0,0,125,0.008,0
4,FANG,2018Q1,1,0,0,94,0.010638298,0
4,FANG,2018Q2,1,0,0,130,0.007692308,0
4,FANG,2018Q3,2,0,0,126,0.015873016,0
4,FANG,2018Q4,2,0,0,143,0.013986014,0
4,FANG,2021Q1,1,-2,-2,215,0.004651163,-0.009302326
4,HAL,2020Q4,1,1,1,180,0.005555556,0.005555556
4,HLX,2017Q2,1,0,0,98,0.010204082,0
4,HP,2004Q1,1,0,0,19,0.052631579,0
4,HP,2004Q2,1,0,0,11,0.090909091,0
4,HP,2010Q3,1,0,0,92,0.010869565,0
4,HP,2012Q1,1,0,0,48,0.020833333,0
4,HP,2015Q1,1,0,0,73,0.01369863,0
4,HP,2015Q4,1,0,0,74,0.013513514,0
4,HP,2019Q4,1,0,0,172,0.005813953,0
4,HP,2021Q2,1,0,0,193,0.005181347,0
4,HP,2023Q3,1,0,0,137,0.00729927,0
4,HP,2023Q4,3,0,0,130,0.023076923,0
4,HP,2024Q2,2,0,0,102,0.019607843,0
4,HP,2024Q3,1,0,0,163,0.006134969,0
4,NES,2013Q4,1,0,0,41,0.024390244,0
4,NESR,2018Q2,1,1,1,130,0.007692308,0.007692308
4,NEX,2009Q4,1,2,2,32,0.03125,0.0625
4,NEX,2019Q1,1,0,0,140,0.007142857,0
4,NEX,2019Q3,2,0.5,1,157,0.012738854,0.012738854
4,NEX,2022Q1,1,0,0,150,0.006666667,0
4,NEX,2023Q2,1,-1,-1,212,0.004716981,-0.004716981
4,NEX,2023Q4,1,0,0,130,0.007692308,0
4,PED,2022Q1,1,0,0,150,0.006666667,0
4,PED,2022Q2,1,0,0,131,0.007633588,0
4,PED,2022Q3,3,1,3,103,0.029126214,0.087378641
4,PED,2022Q4,3,0.333333333,1,153,0.019607843,0.019607843
4,RES,2014Q1,1,1,1,29,0.034482759,0.034482759
4,SLB,2021Q1,2,0.5,1,215,0.009302326,0.009302326
4,SLB,2022Q2,2,-0.5,-1,131,0.015267176,-0.015267176
4,SLB,2022Q4,2,1,2,153,0.013071895,0.026143791
4,SLB,2023Q2,1,0,0,212,0.004716981,0
4,SLB,2024Q1,1,0,0,128,0.0078125,0
4,SLB,2024Q2,1,-1,-1,102,0.009803922,-0.009803922
4,STR,2023Q3,1,0,0,137,0.00729927,0
4,STR,2024Q2,1,-1,-1,102,0.009803922,-0.009803922
4,TTI,2019Q3,1,1,1,157,0.006369427,0.006369427
4,TTI,2020Q1,1,0,0,213,0.004694836,0
4,TTI,2021Q4,1,0,0,164,0.006097561,0
4,VOC,2023Q1,1,1,1,151,0.006622517,0.006622517
4,VTS,2017Q2,1,0,0,98,0.010204082,0
4,VTS,2023Q1,1,0,0,151,0.006622517,0
