dominant_dictionary_topic,ticker,quarter,total_mentions,avg_sentiment,sum_sentiment,quarter_total_mentions,mention_percentage,weighted_sentiment
demand_side,ACDC,2022Q2,1,2,2,131,0.007633588,0.015267176
demand_side,AESI,2021Q3,1,0,0,216,0.00462963,0
demand_side,APA,2001Q3,1,-1,-1,10,0.1,-0.1
demand_side,APA,2005Q2,1,0,0,18,0.055555556,0
demand_side,APA,2010Q3,1,0,0,92,0.010869565,0
demand_side,APA,2013Q1,1,0,0,68,0.014705882,0
demand_side,APA,2013Q2,2,-1,-2,47,0.042553191,-0.085106383
demand_side,APA,2013Q4,1,0,0,41,0.024390244,0
demand_side,APA,2016Q1,1,0,0,88,0.011363636,0
demand_side,APA,2017Q1,1,0,0,73,0.01369863,0
demand_side,APA,2018Q3,1,1,1,126,0.007936508,0.007936508
demand_side,APA,2018Q4,1,-1,-1,143,0.006993007,-0.006993007
demand_side,APA,2019Q1,2,0,0,140,0.014285714,0
demand_side,APA,2019Q2,1,0,0,154,0.006493506,0
demand_side,APA,2019Q4,1,0,0,172,0.005813953,0
demand_side,APA,2020Q4,2,0,0,180,0.011111111,0
demand_side,APA,2021Q3,3,0,0,216,0.013888889,0
demand_side,APA,2021Q4,2,0,0,164,0.012195122,0
demand_side,APA,2022Q1,1,-2,-2,150,0.006666667,-0.013333333
demand_side,APA,2022Q2,3,0,0,131,0.022900763,0
demand_side,APA,2022Q3,2,0,0,103,0.019417476,0
demand_side,APA,2022Q4,2,0,0,153,0.013071895,0
demand_side,APA,2023Q1,1,0,0,151,0.006622517,0
demand_side,APA,2023Q2,2,0,0,212,0.009433962,0
demand_side,APA,2023Q4,1,0,0,130,0.007692308,0
demand_side,APA,2024Q2,1,0,0,102,0.009803922,0
demand_side,APA,2024Q3,1,0,0,163,0.006134969,0
demand_side,AR,2011Q2,1,0,0,35,0.028571429,0
demand_side,AR,2016Q3,2,0,0,88,0.022727273,0
demand_side,AR,2017Q3,2,0,0,112,0.017857143,0
demand_side,AR,2018Q1,1,0,0,94,0.010638298,0
demand_side,AR,2018Q4,1,0,0,143,0.006993007,0
demand_side,AR,2019Q1,1,0,0,140,0.007142857,0
demand_side,AR,2019Q2,1,0,0,154,0.006493506,0
demand_side,AR,2019Q3,1,0,0,157,0.006369427,0
demand_side,AR,2020Q1,1,0,0,213,0.004694836,0
demand_side,AR,2021Q3,1,0,0,216,0.00462963,0
demand_side,AR,2021Q4,1,0,0,164,0.006097561,0
demand_side,AR,2023Q1,1,0,0,151,0.006622517,0
demand_side,AR,2023Q2,2,0,0,212,0.009433962,0
demand_side,BATL,2013Q3,1,0,0,55,0.018181818,0
demand_side,BATL,2024Q3,1,-1,-1,163,0.006134969,-0.006134969
demand_side,BORR,2017Q3,1,0,0,112,0.008928571,0
demand_side,BRN,2018Q4,1,0,0,143,0.006993007,0
demand_side,BSM,2015Q4,1,0,0,74,0.013513514,0
demand_side,BSM,2019Q2,1,0,0,154,0.006493506,0
demand_side,BSM,2021Q1,1,0,0,215,0.004651163,0
demand_side,CLB,1999Q1,1,0,0,18,0.055555556,0
demand_side,CLB,2015Q2,1,0,0,59,0.016949153,0
demand_side,CPE,2000Q3,1,0,0,8,0.125,0
demand_side,CPE,2010Q2,1,0,0,55,0.018181818,0
demand_side,CPE,2016Q4,1,0,0,73,0.01369863,0
demand_side,CPE,2017Q2,1,0,0,98,0.010204082,0
demand_side,CPE,2019Q4,1,0,0,172,0.005813953,0
demand_side,CPE,2020Q2,2,-1,-2,190,0.010526316,-0.021052632
demand_side,CPE,2021Q1,1,0,0,215,0.004651163,0
demand_side,CPE,2022Q4,1,0,0,153,0.006535948,0
demand_side,CRC,2009Q2,1,0,0,15,0.066666667,0
demand_side,CRC,2016Q3,1,0,0,88,0.011363636,0
demand_side,CRC,2018Q2,1,0,0,130,0.007692308,0
demand_side,CRC,2020Q1,1,0,0,213,0.004694836,0
demand_side,CRC,2020Q2,1,0,0,190,0.005263158,0
demand_side,CRC,2024Q1,1,0,0,128,0.0078125,0
demand_side,CRK,2023Q1,1,0,0,151,0.006622517,0
demand_side,DCP,2017Q1,1,0,0,73,0.01369863,0
demand_side,DCP,2024Q3,1,2,2,163,0.006134969,0.012269939
demand_side,EP,2015Q3,1,0,0,95,0.010526316,0
demand_side,EP,2021Q3,1,0,0,216,0.00462963,0
demand_side,EP,2024Q4,1,0,0,146,0.006849315,0
demand_side,EPM,2022Q4,1,0,0,153,0.006535948,0
demand_side,EQT,2001Q2,1,0,0,11,0.090909091,0
demand_side,EQT,2006Q3,1,0,0,18,0.055555556,0
demand_side,EQT,2012Q3,1,0,0,54,0.018518519,0
demand_side,EQT,2013Q4,1,0,0,41,0.024390244,0
demand_side,EQT,2015Q1,1,0,0,73,0.01369863,0
demand_side,EQT,2016Q1,1,0,0,88,0.011363636,0
demand_side,EQT,2017Q2,2,0,0,98,0.020408163,0
demand_side,EQT,2017Q3,2,0,0,112,0.017857143,0
demand_side,EQT,2018Q3,2,0,0,126,0.015873016,0
demand_side,EQT,2018Q4,3,0,0,143,0.020979021,0
demand_side,EQT,2019Q3,4,0,0,157,0.025477707,0
demand_side,EQT,2020Q1,1,0,0,213,0.004694836,0
demand_side,EQT,2020Q3,1,0,0,144,0.006944444,0
demand_side,EQT,2020Q4,2,0.5,1,180,0.011111111,0.011111111
demand_side,EQT,2021Q1,6,0,0,215,0.027906977,0
demand_side,EQT,2021Q2,3,0,0,193,0.015544041,0
demand_side,EQT,2021Q3,2,0,0,216,0.009259259,0
demand_side,EQT,2021Q4,3,0,0,164,0.018292683,0
demand_side,EQT,2022Q1,4,0,0,150,0.026666667,0
demand_side,EQT,2022Q2,2,0,0,131,0.015267176,0
demand_side,EQT,2022Q3,1,0,0,103,0.009708738,0
demand_side,EQT,2022Q4,5,0,0,153,0.032679739,0
demand_side,EQT,2023Q1,3,0,0,151,0.01986755,0
demand_side,EQT,2023Q2,1,0,0,212,0.004716981,0
demand_side,EQT,2023Q3,1,1,1,137,0.00729927,0.00729927
demand_side,EQT,2023Q4,4,0,0,130,0.030769231,0
demand_side,EQT,2024Q1,4,0.25,1,128,0.03125,0.03125
demand_side,EQT,2024Q2,3,0,0,102,0.029411765,0
demand_side,EQT,2024Q4,2,0,0,146,0.01369863,0
demand_side,FANG,2017Q3,1,0,0,112,0.008928571,0
demand_side,FANG,2017Q4,3,0,0,125,0.024,0
demand_side,FANG,2018Q2,3,0,0,130,0.023076923,0
demand_side,FANG,2018Q3,1,0,0,126,0.007936508,0
demand_side,FANG,2018Q4,4,0,0,143,0.027972028,0
demand_side,FANG,2019Q3,1,0,0,157,0.006369427,0
demand_side,FANG,2020Q1,1,0,0,213,0.004694836,0
demand_side,FANG,2020Q2,1,0,0,190,0.005263158,0
demand_side,FANG,2021Q1,1,0,0,215,0.004651163,0
demand_side,FANG,2021Q3,1,0,0,216,0.00462963,0
demand_side,FANG,2022Q2,1,0,0,131,0.007633588,0
demand_side,FANG,2022Q4,1,0,0,153,0.006535948,0
demand_side,FANG,2023Q2,1,1,1,212,0.004716981,0.004716981
demand_side,FANG,2024Q3,1,0,0,163,0.006134969,0
demand_side,HAL,2010Q2,2,0,0,55,0.036363636,0
demand_side,HAL,2010Q4,1,-2,-2,41,0.024390244,-0.048780488
demand_side,HAL,2011Q1,2,0.5,1,39,0.051282051,0.051282051
demand_side,HAL,2012Q2,2,-1.5,-3,35,0.057142857,-0.171428571
demand_side,HAL,2013Q2,2,-0.5,-1,47,0.042553191,-0.042553191
demand_side,HAL,2014Q4,1,-1,-1,81,0.012345679,-0.012345679
demand_side,HAL,2015Q1,2,-0.5,-1,73,0.02739726,-0.02739726
demand_side,HAL,2016Q2,1,-1,-1,90,0.011111111,-0.011111111
demand_side,HAL,2016Q3,1,-1,-1,88,0.011363636,-0.011363636
demand_side,HAL,2018Q2,1,-1,-1,130,0.007692308,-0.007692308
demand_side,HAL,2018Q4,1,-1,-1,143,0.006993007,-0.006993007
demand_side,HAL,2019Q3,2,0.5,1,157,0.012738854,0.012738854
demand_side,HAL,2020Q2,1,-2,-2,190,0.005263158,-0.010526316
demand_side,HAL,2021Q1,1,1,1,215,0.004651163,0.004651163
demand_side,HAL,2021Q2,1,-1,-1,193,0.005181347,-0.005181347
demand_side,HAL,2021Q3,1,1,1,216,0.00462963,0.00462963
demand_side,HAL,2021Q4,1,1,1,164,0.006097561,0.006097561
demand_side,HP,2001Q1,1,0,0,22,0.045454545,0
demand_side,HP,2001Q2,1,0,0,11,0.090909091,0
demand_side,HP,2002Q2,1,0,0,12,0.083333333,0
demand_side,HP,2004Q2,1,0,0,11,0.090909091,0
demand_side,HP,2006Q4,1,0,0,10,0.1,0
demand_side,HP,2008Q1,1,0,0,10,0.1,0
demand_side,HP,2009Q1,1,0,0,19,0.052631579,0
demand_side,HP,2010Q1,2,0,0,25,0.08,0
demand_side,HP,2010Q2,2,0,0,55,0.036363636,0
demand_side,HP,2010Q3,2,-1,-2,92,0.02173913,-0.043478261
demand_side,HP,2010Q4,2,0,0,41,0.048780488,0
demand_side,HP,2012Q3,2,0,0,54,0.037037037,0
demand_side,HP,2012Q4,1,0,0,45,0.022222222,0
demand_side,HP,2013Q2,2,-0.5,-1,47,0.042553191,-0.042553191
demand_side,HP,2015Q3,2,0,0,95,0.021052632,0
demand_side,HP,2015Q4,3,-0.333333333,-1,74,0.040540541,-0.040540541
demand_side,HP,2016Q2,5,0,0,90,0.055555556,0
demand_side,HP,2016Q3,2,0,0,88,0.022727273,0
demand_side,HP,2017Q1,1,0,0,73,0.01369863,0
demand_side,HP,2017Q2,1,0,0,98,0.010204082,0
demand_side,HP,2017Q4,1,0,0,125,0.008,0
demand_side,HP,2018Q1,1,0,0,94,0.010638298,0
demand_side,HP,2018Q3,1,0,0,126,0.007936508,0
demand_side,HP,2019Q4,3,0,0,172,0.01744186,0
demand_side,HP,2020Q1,3,-0.333333333,-1,213,0.014084507,-0.014084507
demand_side,HP,2020Q2,1,0,0,190,0.005263158,0
demand_side,HP,2020Q3,1,1,1,144,0.006944444,0.006944444
demand_side,HP,2020Q4,1,0,0,180,0.005555556,0
demand_side,HP,2021Q1,2,0,0,215,0.009302326,0
demand_side,HP,2021Q2,2,0,0,193,0.010362694,0
demand_side,HP,2021Q3,1,1,1,216,0.00462963,0.00462963
demand_side,HP,2022Q1,3,-0.666666667,-2,150,0.02,-0.04
demand_side,HP,2022Q3,2,-0.5,-1,103,0.019417476,-0.019417476
demand_side,HP,2022Q4,3,0,0,153,0.019607843,0
demand_side,HP,2023Q1,1,0,0,151,0.006622517,0
demand_side,HP,2023Q2,1,0,0,212,0.004716981,0
demand_side,HP,2023Q3,3,0,0,137,0.02189781,0
demand_side,HP,2023Q4,3,0,0,130,0.023076923,0
demand_side,HP,2024Q3,2,0,0,163,0.012269939,0
demand_side,KGS,2024Q3,1,1,1,163,0.006134969,0.006134969
demand_side,NBR,2010Q1,1,1,1,25,0.04,0.04
demand_side,NE,2017Q1,1,0,0,73,0.01369863,0
demand_side,NE,2020Q2,1,1,1,190,0.005263158,0.005263158
demand_side,NE,2020Q3,1,0,0,144,0.006944444,0
demand_side,NE,2020Q4,1,1,1,180,0.005555556,0.005555556
demand_side,NE,2024Q4,1,-1,-1,146,0.006849315,-0.006849315
demand_side,NES,2016Q4,1,0,0,73,0.01369863,0
demand_side,NES,2018Q2,1,1,1,130,0.007692308,0.007692308
demand_side,NES,2019Q2,2,0,0,154,0.012987013,0
demand_side,NEX,2008Q4,1,0,0,18,0.055555556,0
demand_side,NEX,2019Q3,1,-1,-1,157,0.006369427,-0.006369427
demand_side,NEX,2019Q4,1,0,0,172,0.005813953,0
demand_side,NEX,2021Q1,1,1,1,215,0.004651163,0.004651163
demand_side,NEX,2021Q2,3,0,0,193,0.015544041,0
demand_side,NEX,2022Q1,1,0,0,150,0.006666667,0
demand_side,NEX,2022Q3,1,0,0,103,0.009708738,0
demand_side,NEX,2023Q2,2,0,0,212,0.009433962,0
demand_side,NEX,2023Q4,1,0,0,130,0.007692308,0
demand_side,PDCE,2020Q2,1,-1,-1,190,0.005263158,-0.005263158
demand_side,PDCE,2023Q4,1,0,0,130,0.007692308,0
demand_side,PED,2018Q2,1,0,0,130,0.007692308,0
demand_side,PED,2022Q1,1,0,0,150,0.006666667,0
demand_side,PR,2023Q2,1,2,2,212,0.004716981,0.009433962
demand_side,PR,2024Q4,1,0,0,146,0.006849315,0
demand_side,PTEN,2010Q1,1,1,1,25,0.04,0.04
demand_side,PTEN,2010Q3,1,-1,-1,92,0.010869565,-0.010869565
demand_side,PTEN,2024Q4,1,1,1,146,0.006849315,0.006849315
demand_side,PUMP,2021Q2,1,-1,-1,193,0.005181347,-0.005181347
demand_side,RIG,2012Q1,1,-1,-1,48,0.020833333,-0.020833333
demand_side,RIG,2018Q1,1,0,0,94,0.010638298,0
demand_side,RIG,2018Q3,1,1,1,126,0.007936508,0.007936508
demand_side,RIG,2018Q4,2,1.5,3,143,0.013986014,0.041958042
demand_side,RIG,2019Q4,1,-2,-2,172,0.005813953,-0.011627907
demand_side,SD,2018Q2,1,1,1,130,0.007692308,0.007692308
demand_side,SLB,2004Q3,1,-1,-1,14,0.071428571,-0.071428571
demand_side,SLB,2012Q2,2,-1.5,-3,35,0.057142857,-0.171428571
demand_side,SLB,2013Q2,1,1,1,47,0.021276596,0.021276596
demand_side,SLB,2016Q2,1,1,1,90,0.011111111,0.011111111
demand_side,SLB,2017Q3,1,-1,-1,112,0.008928571,-0.008928571
demand_side,SLB,2018Q2,2,0,0,130,0.015384615,0
demand_side,SLB,2018Q4,1,-1,-1,143,0.006993007,-0.006993007
demand_side,SLB,2019Q1,1,1,1,140,0.007142857,0.007142857
demand_side,SLB,2019Q3,1,1,1,157,0.006369427,0.006369427
demand_side,SLB,2020Q1,3,0.333333333,1,213,0.014084507,0.014084507
demand_side,SLB,2020Q3,1,-1,-1,144,0.006944444,-0.006944444
demand_side,SLB,2021Q1,2,0.5,1,215,0.009302326,0.009302326
demand_side,SLB,2021Q2,2,0,0,193,0.010362694,0
demand_side,SLB,2021Q3,6,0.5,3,216,0.027777778,0.083333333
demand_side,SLB,2022Q3,2,-0.5,-1,103,0.019417476,-0.019417476
demand_side,SLB,2023Q1,1,2,2,151,0.006622517,0.013245033
demand_side,SLB,2023Q3,1,1,1,137,0.00729927,0.00729927
demand_side,SLB,2023Q4,1,0,0,130,0.007692308,0
demand_side,SLB,2024Q4,1,0,0,146,0.006849315,0
demand_side,STR,2010Q2,1,0,0,55,0.018181818,0
demand_side,STR,2013Q3,1,0,0,55,0.018181818,0
demand_side,STR,2015Q1,1,0,0,73,0.01369863,0
demand_side,STR,2016Q3,1,0,0,88,0.011363636,0
demand_side,STR,2018Q1,1,0,0,94,0.010638298,0
demand_side,STR,2019Q1,2,-1,-2,140,0.014285714,-0.028571429
demand_side,STR,2019Q3,1,-1,-1,157,0.006369427,-0.006369427
demand_side,STR,2019Q4,1,0,0,172,0.005813953,0
demand_side,STR,2020Q1,4,-0.5,-2,213,0.018779343,-0.037558685
demand_side,STR,2020Q2,2,-0.5,-1,190,0.010526316,-0.010526316
demand_side,STR,2020Q3,3,0,0,144,0.020833333,0
demand_side,STR,2020Q4,1,0,0,180,0.005555556,0
demand_side,STR,2021Q1,2,0,0,215,0.009302326,0
demand_side,STR,2021Q3,3,0,0,216,0.013888889,0
demand_side,STR,2022Q3,6,-0.166666667,-1,103,0.058252427,-0.058252427
demand_side,STR,2023Q2,1,0,0,212,0.004716981,0
demand_side,STR,2023Q3,1,1,1,137,0.00729927,0.00729927
demand_side,STR,2024Q2,1,-1,-1,102,0.009803922,-0.009803922
demand_side,STR,2024Q4,1,0,0,146,0.006849315,0
demand_side,TTI,2022Q4,1,0,0,153,0.006535948,0
demand_side,VOC,2001Q4,1,1,1,12,0.083333333,0.083333333
demand_side,VOC,2021Q1,1,0,0,215,0.004651163,0
demand_side,VOC,2021Q4,1,0,0,164,0.006097561,0
demand_side,VTLE,2024Q3,1,1,1,163,0.006134969,0.006134969
demand_side,VTS,2023Q1,1,-2,-2,151,0.006622517,-0.013245033
demand_side,VTS,2024Q2,1,0,0,102,0.009803922,0
demand_side,WLL,2020Q2,3,-2,-6,190,0.015789474,-0.094736842
esg_regulation,AESI,2020Q2,1,0,0,190,0.005263158,0
esg_regulation,APA,2002Q1,1,0,0,32,0.03125,0
esg_regulation,APA,2002Q2,1,0,0,12,0.083333333,0
esg_regulation,APA,2002Q3,1,0,0,8,0.125,0
esg_regulation,APA,2003Q2,1,0,0,10,0.1,0
esg_regulation,APA,2011Q1,1,0,0,39,0.025641026,0
esg_regulation,APA,2014Q2,1,0,0,38,0.026315789,0
esg_regulation,APA,2017Q4,1,0,0,125,0.008,0
esg_regulation,APA,2018Q2,1,0,0,130,0.007692308,0
esg_regulation,APA,2019Q2,1,0,0,154,0.006493506,0
esg_regulation,APA,2020Q1,1,0,0,213,0.004694836,0
esg_regulation,APA,2020Q4,1,2,2,180,0.005555556,0.011111111
esg_regulation,AR,2015Q3,1,0,0,95,0.010526316,0
esg_regulation,AR,2022Q2,1,0,0,131,0.007633588,0
esg_regulation,AR,2023Q2,1,0,0,212,0.004716981,0
esg_regulation,AR,2024Q1,1,0,0,128,0.0078125,0
esg_regulation,BORR,2020Q3,1,0,0,144,0.006944444,0
esg_regulation,BRN,2022Q3,1,0,0,103,0.009708738,0
esg_regulation,CPE,2020Q3,1,0,0,144,0.006944444,0
esg_regulation,CPE,2021Q1,1,0,0,215,0.004651163,0
esg_regulation,CPE,2021Q2,1,0,0,193,0.005181347,0
esg_regulation,CRC,2015Q2,1,0,0,59,0.016949153,0
esg_regulation,CRC,2021Q4,1,0,0,164,0.006097561,0
esg_regulation,DCP,2021Q3,1,0,0,216,0.00462963,0
esg_regulation,EP,2020Q4,1,-1,-1,180,0.005555556,-0.005555556
esg_regulation,EP,2022Q3,1,0,0,103,0.009708738,0
esg_regulation,EQT,2007Q1,1,0,0,9,0.111111111,0
esg_regulation,EQT,2008Q2,1,0,0,9,0.111111111,0
esg_regulation,EQT,2011Q1,1,0,0,39,0.025641026,0
esg_regulation,EQT,2016Q3,1,0,0,88,0.011363636,0
esg_regulation,EQT,2017Q3,1,0,0,112,0.008928571,0
esg_regulation,EQT,2018Q4,3,0,0,143,0.020979021,0
esg_regulation,EQT,2019Q1,2,0,0,140,0.014285714,0
esg_regulation,EQT,2019Q2,1,0,0,154,0.006493506,0
esg_regulation,EQT,2019Q3,3,0,0,157,0.01910828,0
esg_regulation,EQT,2019Q4,1,0,0,172,0.005813953,0
esg_regulation,EQT,2020Q1,1,0,0,213,0.004694836,0
esg_regulation,EQT,2020Q2,1,0,0,190,0.005263158,0
esg_regulation,EQT,2021Q2,2,0.5,1,193,0.010362694,0.010362694
esg_regulation,EQT,2021Q3,1,0,0,216,0.00462963,0
esg_regulation,EQT,2021Q4,1,0,0,164,0.006097561,0
esg_regulation,EQT,2022Q1,1,1,1,150,0.006666667,0.006666667
esg_regulation,EQT,2022Q3,1,0,0,103,0.009708738,0
esg_regulation,EQT,2023Q2,1,0,0,212,0.004716981,0
esg_regulation,EXE,2024Q4,1,0,0,146,0.006849315,0
esg_regulation,FANG,2016Q4,1,0,0,73,0.01369863,0
esg_regulation,FANG,2017Q4,1,0,0,125,0.008,0
esg_regulation,FANG,2018Q1,2,0,0,94,0.021276596,0
esg_regulation,FANG,2018Q2,1,0,0,130,0.007692308,0
esg_regulation,FANG,2018Q3,3,0,0,126,0.023809524,0
esg_regulation,FANG,2018Q4,2,0,0,143,0.013986014,0
esg_regulation,FANG,2021Q1,1,-2,-2,215,0.004651163,-0.009302326
esg_regulation,FANG,2024Q3,2,0.5,1,163,0.012269939,0.012269939
esg_regulation,FTI,2024Q3,1,2,2,163,0.006134969,0.012269939
esg_regulation,HAL,2020Q1,1,-1,-1,213,0.004694836,-0.004694836
esg_regulation,HAL,2020Q4,1,1,1,180,0.005555556,0.005555556
esg_regulation,HLX,2017Q2,1,0,0,98,0.010204082,0
esg_regulation,HP,1999Q2,1,0,0,6,0.166666667,0
esg_regulation,HP,1999Q3,1,0,0,14,0.071428571,0
esg_regulation,HP,2002Q1,1,0,0,32,0.03125,0
esg_regulation,HP,2004Q2,1,0,0,11,0.090909091,0
esg_regulation,HP,2009Q3,1,0,0,27,0.037037037,0
esg_regulation,HP,2010Q3,3,0,0,92,0.032608696,0
esg_regulation,HP,2011Q4,1,0,0,38,0.026315789,0
esg_regulation,HP,2012Q2,1,0,0,35,0.028571429,0
esg_regulation,HP,2013Q1,1,0,0,68,0.014705882,0
esg_regulation,HP,2013Q2,1,0,0,47,0.021276596,0
esg_regulation,HP,2014Q2,1,0,0,38,0.026315789,0
esg_regulation,HP,2015Q4,1,0,0,74,0.013513514,0
esg_regulation,HP,2016Q1,1,0,0,88,0.011363636,0
esg_regulation,HP,2016Q3,1,0,0,88,0.011363636,0
esg_regulation,HP,2019Q4,2,0,0,172,0.011627907,0
esg_regulation,HP,2020Q3,1,0,0,144,0.006944444,0
esg_regulation,HP,2020Q4,2,0,0,180,0.011111111,0
esg_regulation,HP,2021Q3,1,-1,-1,216,0.00462963,-0.00462963
esg_regulation,HP,2021Q4,2,0,0,164,0.012195122,0
esg_regulation,HP,2022Q1,1,0,0,150,0.006666667,0
esg_regulation,HP,2022Q3,1,0,0,103,0.009708738,0
esg_regulation,HP,2022Q4,1,0,0,153,0.006535948,0
esg_regulation,HP,2023Q2,1,0,0,212,0.004716981,0
esg_regulation,HP,2023Q3,1,0,0,137,0.00729927,0
esg_regulation,HP,2023Q4,1,0,0,130,0.007692308,0
esg_regulation,HP,2024Q2,2,0,0,102,0.019607843,0
esg_regulation,HP,2024Q3,1,0,0,163,0.006134969,0
esg_regulation,NES,2017Q1,1,1,1,73,0.01369863,0.01369863
esg_regulation,NES,2018Q2,1,-1,-1,130,0.007692308,-0.007692308
esg_regulation,NES,2019Q2,1,0,0,154,0.006493506,0
esg_regulation,NEX,2024Q4,1,0,0,146,0.006849315,0
esg_regulation,PED,2003Q2,1,1,1,10,0.1,0.1
esg_regulation,PED,2022Q3,1,0,0,103,0.009708738,0
esg_regulation,PR,2002Q4,1,0,0,9,0.111111111,0
esg_regulation,PR,2011Q3,1,0,0,28,0.035714286,0
esg_regulation,PR,2019Q4,1,0,0,172,0.005813953,0
esg_regulation,PR,2020Q4,1,2,2,180,0.005555556,0.011111111
esg_regulation,RES,2024Q4,1,0,0,146,0.006849315,0
esg_regulation,RIG,2016Q2,1,-1,-1,90,0.011111111,-0.011111111
esg_regulation,RIG,2017Q1,1,-1,-1,73,0.01369863,-0.01369863
esg_regulation,RIG,2019Q2,1,1,1,154,0.006493506,0.006493506
esg_regulation,SLB,2019Q2,1,0,0,154,0.006493506,0
esg_regulation,SLB,2021Q1,2,0,0,215,0.009302326,0
esg_regulation,SLB,2021Q4,3,-0.333333333,-1,164,0.018292683,-0.018292683
esg_regulation,SLB,2022Q2,4,-0.25,-1,131,0.030534351,-0.030534351
esg_regulation,SLB,2022Q3,2,0,0,103,0.019417476,0
esg_regulation,SLB,2022Q4,4,0.25,1,153,0.026143791,0.026143791
esg_regulation,SLB,2023Q2,3,0,0,212,0.014150943,0
esg_regulation,SLB,2023Q3,3,-0.333333333,-1,137,0.02189781,-0.02189781
esg_regulation,SLB,2023Q4,2,-0.5,-1,130,0.015384615,-0.015384615
esg_regulation,SLB,2024Q1,1,0,0,128,0.0078125,0
esg_regulation,SLB,2024Q2,2,0,0,102,0.019607843,0
esg_regulation,STR,2020Q1,1,0,0,213,0.004694836,0
esg_regulation,STR,2021Q3,2,-0.5,-1,216,0.009259259,-0.009259259
esg_regulation,STR,2022Q3,1,0,0,103,0.009708738,0
esg_regulation,TTI,2021Q4,1,0,0,164,0.006097561,0
esg_regulation,USEG,2025Q1,1,1,1,9,0.111111111,0.111111111
esg_regulation,VOC,2009Q1,1,0,0,19,0.052631579,0
esg_regulation,VOC,2011Q1,1,0,0,39,0.025641026,0
esg_regulation,VOC,2016Q2,1,1,1,90,0.011111111,0.011111111
esg_regulation,VOC,2018Q1,1,0,0,94,0.010638298,0
esg_regulation,VOC,2021Q3,1,0,0,216,0.00462963,0
esg_regulation,VOC,2022Q4,1,0,0,153,0.006535948,0
esg_regulation,VTS,2024Q2,1,0,0,102,0.009803922,0
financial_risk,ACDC,2022Q2,1,-1,-1,131,0.007633588,-0.007633588
financial_risk,ACDC,2024Q2,1,0,0,102,0.009803922,0
financial_risk,AESI,2021Q4,1,0,0,164,0.006097561,0
financial_risk,AESI,2022Q1,1,1,1,150,0.006666667,0.006666667
financial_risk,AESI,2023Q1,1,0,0,151,0.006622517,0
financial_risk,APA,1999Q1,3,0,0,18,0.166666667,0
financial_risk,APA,1999Q3,1,0,0,14,0.071428571,0
financial_risk,APA,2000Q3,1,1,1,8,0.125,0.125
financial_risk,APA,2001Q1,2,1,2,22,0.090909091,0.181818182
financial_risk,APA,2001Q4,1,0,0,12,0.083333333,0
financial_risk,APA,2002Q2,1,0,0,12,0.083333333,0
financial_risk,APA,2003Q1,1,0,0,3,0.333333333,0
financial_risk,APA,2003Q2,2,0.5,1,10,0.2,0.2
financial_risk,APA,2006Q2,1,0,0,16,0.0625,0
financial_risk,APA,2007Q1,1,0,0,9,0.111111111,0
financial_risk,APA,2007Q2,2,0,0,23,0.086956522,0
financial_risk,APA,2010Q1,1,0,0,25,0.04,0
financial_risk,APA,2010Q3,1,-1,-1,92,0.010869565,-0.010869565
financial_risk,APA,2010Q4,1,0,0,41,0.024390244,0
financial_risk,APA,2011Q1,1,0,0,39,0.025641026,0
financial_risk,APA,2011Q3,1,0,0,28,0.035714286,0
financial_risk,APA,2011Q4,3,0,0,38,0.078947368,0
financial_risk,APA,2012Q1,4,0,0,48,0.083333333,0
financial_risk,APA,2012Q2,2,-0.5,-1,35,0.057142857,-0.057142857
financial_risk,APA,2012Q3,4,-0.25,-1,54,0.074074074,-0.074074074
financial_risk,APA,2012Q4,2,-0.5,-1,45,0.044444444,-0.044444444
financial_risk,APA,2013Q3,1,0,0,55,0.018181818,0
financial_risk,APA,2015Q1,2,0,0,73,0.02739726,0
financial_risk,APA,2015Q3,1,0,0,95,0.010526316,0
financial_risk,APA,2015Q4,1,0,0,74,0.013513514,0
financial_risk,APA,2016Q2,2,-0.5,-1,90,0.022222222,-0.022222222
financial_risk,APA,2016Q3,1,0,0,88,0.011363636,0
financial_risk,APA,2017Q1,1,0,0,73,0.01369863,0
financial_risk,APA,2017Q2,1,0,0,98,0.010204082,0
financial_risk,APA,2017Q3,1,0,0,112,0.008928571,0
financial_risk,APA,2017Q4,2,0,0,125,0.016,0
financial_risk,APA,2018Q1,2,0,0,94,0.021276596,0
financial_risk,APA,2018Q2,3,0,0,130,0.023076923,0
financial_risk,APA,2018Q3,3,0.666666667,2,126,0.023809524,0.047619048
financial_risk,APA,2018Q4,4,-0.75,-3,143,0.027972028,-0.083916084
financial_risk,APA,2019Q1,3,0,0,140,0.021428571,0
financial_risk,APA,2019Q2,1,0,0,154,0.006493506,0
financial_risk,APA,2019Q3,1,-1,-1,157,0.006369427,-0.006369427
financial_risk,APA,2020Q1,3,-0.333333333,-1,213,0.014084507,-0.014084507
financial_risk,APA,2020Q2,1,-1,-1,190,0.005263158,-0.005263158
financial_risk,APA,2020Q4,1,0,0,180,0.005555556,0
financial_risk,APA,2021Q2,1,0,0,193,0.005181347,0
financial_risk,APA,2021Q3,3,0,0,216,0.013888889,0
financial_risk,APA,2022Q1,1,0,0,150,0.006666667,0
financial_risk,APA,2022Q2,1,0,0,131,0.007633588,0
financial_risk,APA,2022Q3,1,0,0,103,0.009708738,0
financial_risk,APA,2022Q4,2,0,0,153,0.013071895,0
financial_risk,APA,2023Q1,4,0,0,151,0.026490066,0
financial_risk,APA,2023Q2,2,0,0,212,0.009433962,0
financial_risk,APA,2023Q3,6,0,0,137,0.04379562,0
financial_risk,APA,2024Q1,2,0,0,128,0.015625,0
financial_risk,APA,2024Q3,6,1.166666667,7,163,0.036809816,0.257668712
financial_risk,APA,2024Q4,4,0,0,146,0.02739726,0
financial_risk,AR,2009Q2,1,0,0,15,0.066666667,0
financial_risk,AR,2016Q1,3,0,0,88,0.034090909,0
financial_risk,AR,2016Q2,1,0,0,90,0.011111111,0
financial_risk,AR,2016Q3,4,0,0,88,0.045454545,0
financial_risk,AR,2017Q2,1,0,0,98,0.010204082,0
financial_risk,AR,2017Q3,3,0,0,112,0.026785714,0
financial_risk,AR,2018Q1,1,0,0,94,0.010638298,0
financial_risk,AR,2018Q2,1,0,0,130,0.007692308,0
financial_risk,AR,2018Q3,2,0,0,126,0.015873016,0
financial_risk,AR,2019Q1,2,0,0,140,0.014285714,0
financial_risk,AR,2019Q4,1,0,0,172,0.005813953,0
financial_risk,AR,2020Q1,1,-2,-2,213,0.004694836,-0.009389671
financial_risk,AR,2020Q2,2,0,0,190,0.010526316,0
financial_risk,AR,2020Q3,1,0,0,144,0.006944444,0
financial_risk,AR,2020Q4,3,0,0,180,0.016666667,0
financial_risk,AR,2021Q1,6,0,0,215,0.027906977,0
financial_risk,AR,2021Q3,3,0,0,216,0.013888889,0
financial_risk,AR,2021Q4,3,0,0,164,0.018292683,0
financial_risk,AR,2022Q4,1,0,0,153,0.006535948,0
financial_risk,AR,2023Q1,1,-2,-2,151,0.006622517,-0.013245033
financial_risk,AR,2023Q2,1,0,0,212,0.004716981,0
financial_risk,AR,2023Q4,1,0,0,130,0.007692308,0
financial_risk,AR,2024Q2,1,0,0,102,0.009803922,0
financial_risk,AR,2024Q3,3,0.666666667,2,163,0.018404908,0.036809816
financial_risk,AR,2024Q4,4,0.5,2,146,0.02739726,0.054794521
financial_risk,BATL,2020Q2,1,0,0,190,0.005263158,0
financial_risk,BORR,2017Q1,1,0,0,73,0.01369863,0
financial_risk,BORR,2021Q2,1,0,0,193,0.005181347,0
financial_risk,BORR,2024Q3,1,0,0,163,0.006134969,0
financial_risk,BRN,2013Q1,1,0,0,68,0.014705882,0
financial_risk,BRN,2016Q2,1,0,0,90,0.011111111,0
financial_risk,BRN,2016Q3,1,0,0,88,0.011363636,0
financial_risk,BRN,2017Q4,1,0,0,125,0.008,0
financial_risk,BRN,2022Q2,1,0,0,131,0.007633588,0
financial_risk,BRN,2024Q3,1,0,0,163,0.006134969,0
financial_risk,BSM,2010Q2,2,0,0,55,0.036363636,0
financial_risk,BSM,2016Q3,1,0,0,88,0.011363636,0
financial_risk,CHRD,2024Q3,2,1,2,163,0.012269939,0.024539877
financial_risk,CLB,1998Q3,1,0,0,3,0.333333333,0
financial_risk,CLB,2004Q3,1,0,0,14,0.071428571,0
financial_risk,CLB,2009Q2,1,0,0,15,0.066666667,0
financial_risk,CLB,2019Q1,1,0,0,140,0.007142857,0
financial_risk,CNQ,2024Q3,1,1,1,163,0.006134969,0.006134969
financial_risk,CPE,2016Q2,1,0,0,90,0.011111111,0
financial_risk,CPE,2019Q3,1,0,0,157,0.006369427,0
financial_risk,CPE,2019Q4,1,0,0,172,0.005813953,0
financial_risk,CPE,2020Q2,1,1,1,190,0.005263158,0.005263158
financial_risk,CPE,2021Q1,1,0,0,215,0.004651163,0
financial_risk,CPE,2021Q2,4,0,0,193,0.020725389,0
financial_risk,CPE,2021Q3,1,0,0,216,0.00462963,0
financial_risk,CPE,2021Q4,1,0,0,164,0.006097561,0
financial_risk,CPE,2022Q3,1,0,0,103,0.009708738,0
financial_risk,CPE,2022Q4,1,0,0,153,0.006535948,0
financial_risk,CRC,2013Q2,1,0,0,47,0.021276596,0
financial_risk,CRC,2014Q3,1,-1,-1,39,0.025641026,-0.025641026
financial_risk,CRC,2017Q2,1,0,0,98,0.010204082,0
financial_risk,CRC,2018Q2,2,0,0,130,0.015384615,0
financial_risk,CRC,2019Q4,3,0,0,172,0.01744186,0
financial_risk,CRC,2020Q4,2,-1.5,-3,180,0.011111111,-0.033333333
financial_risk,CRC,2021Q1,1,0,0,215,0.004651163,0
financial_risk,CRC,2022Q1,2,-0.5,-1,150,0.013333333,-0.013333333
financial_risk,CRC,2022Q3,1,1,1,103,0.009708738,0.009708738
financial_risk,CRC,2022Q4,1,0,0,153,0.006535948,0
financial_risk,CRC,2023Q1,3,-0.333333333,-1,151,0.01986755,-0.01986755
financial_risk,CRC,2023Q2,2,0,0,212,0.009433962,0
financial_risk,CRC,2023Q3,1,0,0,137,0.00729927,0
financial_risk,CRC,2024Q4,5,0.8,4,146,0.034246575,0.136986301
financial_risk,CRK,2001Q1,1,0,0,22,0.045454545,0
financial_risk,CRK,2004Q1,1,1,1,19,0.052631579,0.052631579
financial_risk,CRK,2013Q1,3,0,0,68,0.044117647,0
financial_risk,CRK,2016Q2,1,-1,-1,90,0.011111111,-0.011111111
financial_risk,CRK,2023Q2,2,0,0,212,0.009433962,0
financial_risk,DCP,2009Q3,1,0,0,27,0.037037037,0
financial_risk,DCP,2010Q2,2,0,0,55,0.036363636,0
financial_risk,DCP,2011Q4,1,0,0,38,0.026315789,0
financial_risk,DCP,2012Q4,1,0,0,45,0.022222222,0
financial_risk,DCP,2017Q1,1,0,0,73,0.01369863,0
financial_risk,DCP,2017Q4,1,0,0,125,0.008,0
financial_risk,DCP,2018Q3,1,0,0,126,0.007936508,0
financial_risk,DCP,2019Q2,1,0,0,154,0.006493506,0
financial_risk,DCP,2020Q1,1,0,0,213,0.004694836,0
financial_risk,DCP,2021Q4,2,0,0,164,0.012195122,0
financial_risk,DCP,2023Q1,1,0,0,151,0.006622517,0
financial_risk,DCP,2023Q2,1,2,2,212,0.004716981,0.009433962
financial_risk,DCP,2023Q3,2,0,0,137,0.01459854,0
financial_risk,DCP,2024Q4,1,0,0,146,0.006849315,0
financial_risk,DO,2010Q2,1,-1,-1,55,0.018181818,-0.018181818
financial_risk,DO,2020Q2,4,-0.75,-3,190,0.021052632,-0.063157895
financial_risk,DO,2024Q3,1,1,1,163,0.006134969,0.006134969
financial_risk,DWSN,2020Q2,1,-1,-1,190,0.005263158,-0.005263158
financial_risk,EP,2012Q3,2,0,0,54,0.037037037,0
financial_risk,EP,2019Q3,1,0,0,157,0.006369427,0
financial_risk,EP,2020Q3,1,0,0,144,0.006944444,0
financial_risk,EP,2021Q1,1,0,0,215,0.004651163,0
financial_risk,EP,2021Q2,1,0,0,193,0.005181347,0
financial_risk,EP,2021Q3,2,0,0,216,0.009259259,0
financial_risk,EP,2022Q2,2,0,0,131,0.015267176,0
financial_risk,EP,2023Q1,1,0,0,151,0.006622517,0
financial_risk,EP,2023Q2,2,0,0,212,0.009433962,0
financial_risk,EP,2024Q1,1,0,0,128,0.0078125,0
financial_risk,EP,2024Q2,1,0,0,102,0.009803922,0
financial_risk,EPM,2015Q2,1,0,0,59,0.016949153,0
financial_risk,EQT,2003Q2,1,0,0,10,0.1,0
financial_risk,EQT,2005Q2,1,0,0,18,0.055555556,0
financial_risk,EQT,2005Q4,3,0,0,17,0.176470588,0
financial_risk,EQT,2008Q4,1,0,0,18,0.055555556,0
financial_risk,EQT,2011Q1,1,0,0,39,0.025641026,0
financial_risk,EQT,2011Q2,1,0,0,35,0.028571429,0
financial_risk,EQT,2011Q3,1,1,1,28,0.035714286,0.035714286
financial_risk,EQT,2013Q1,1,0,0,68,0.014705882,0
financial_risk,EQT,2013Q2,1,0,0,47,0.021276596,0
financial_risk,EQT,2014Q1,2,0,0,29,0.068965517,0
financial_risk,EQT,2014Q4,1,0,0,81,0.012345679,0
financial_risk,EQT,2015Q1,1,0,0,73,0.01369863,0
financial_risk,EQT,2015Q4,2,0,0,74,0.027027027,0
financial_risk,EQT,2016Q1,3,0,0,88,0.034090909,0
financial_risk,EQT,2016Q3,2,0,0,88,0.022727273,0
financial_risk,EQT,2017Q1,2,0,0,73,0.02739726,0
financial_risk,EQT,2017Q2,1,0,0,98,0.010204082,0
financial_risk,EQT,2017Q3,11,0,0,112,0.098214286,0
financial_risk,EQT,2017Q4,1,0,0,125,0.008,0
financial_risk,EQT,2018Q2,1,0,0,130,0.007692308,0
financial_risk,EQT,2018Q3,3,0,0,126,0.023809524,0
financial_risk,EQT,2018Q4,4,-0.25,-1,143,0.027972028,-0.027972028
financial_risk,EQT,2019Q1,2,0,0,140,0.014285714,0
financial_risk,EQT,2019Q2,6,0,0,154,0.038961039,0
financial_risk,EQT,2019Q3,5,0,0,157,0.031847134,0
financial_risk,EQT,2019Q4,3,-0.333333333,-1,172,0.01744186,-0.01744186
financial_risk,EQT,2020Q1,1,-1,-1,213,0.004694836,-0.004694836
financial_risk,EQT,2020Q3,2,0,0,144,0.013888889,0
financial_risk,EQT,2021Q1,1,0,0,215,0.004651163,0
financial_risk,EQT,2021Q2,4,0.25,1,193,0.020725389,0.020725389
financial_risk,EQT,2021Q3,6,0.166666667,1,216,0.027777778,0.027777778
financial_risk,EQT,2021Q4,2,0.5,1,164,0.012195122,0.012195122
financial_risk,EQT,2022Q1,6,0.333333333,2,150,0.04,0.08
financial_risk,EQT,2022Q2,1,0,0,131,0.007633588,0
financial_risk,EQT,2022Q4,2,1,2,153,0.013071895,0.026143791
financial_risk,EQT,2023Q1,4,-0.25,-1,151,0.026490066,-0.026490066
financial_risk,EQT,2023Q2,6,0.5,3,212,0.028301887,0.08490566
financial_risk,EQT,2023Q3,6,0,0,137,0.04379562,0
financial_risk,EQT,2023Q4,7,0.285714286,2,130,0.053846154,0.107692308
financial_risk,EQT,2024Q1,8,0.5,4,128,0.0625,0.25
financial_risk,EQT,2024Q2,3,0.333333333,1,102,0.029411765,0.029411765
financial_risk,EQT,2024Q3,7,0.571428571,4,163,0.042944785,0.171779141
financial_risk,EQT,2024Q4,2,1,2,146,0.01369863,0.02739726
financial_risk,ERF,2025Q1,1,2,2,9,0.111111111,0.222222222
financial_risk,EXE,2024Q3,2,1.5,3,163,0.012269939,0.036809816
financial_risk,FANG,2016Q1,1,0,0,88,0.011363636,0
financial_risk,FANG,2016Q4,1,0,0,73,0.01369863,0
financial_risk,FANG,2017Q4,3,0,0,125,0.024,0
financial_risk,FANG,2018Q1,4,0,0,94,0.042553191,0
financial_risk,FANG,2018Q2,5,0,0,130,0.038461538,0
financial_risk,FANG,2018Q3,3,0,0,126,0.023809524,0
financial_risk,FANG,2018Q4,1,0,0,143,0.006993007,0
financial_risk,FANG,2019Q1,1,0,0,140,0.007142857,0
financial_risk,FANG,2019Q2,1,0,0,154,0.006493506,0
financial_risk,FANG,2019Q4,1,0,0,172,0.005813953,0
financial_risk,FANG,2020Q1,2,-0.5,-1,213,0.009389671,-0.009389671
financial_risk,FANG,2020Q2,3,0.333333333,1,190,0.015789474,0.015789474
financial_risk,FANG,2020Q3,2,-1.5,-3,144,0.013888889,-0.041666667
financial_risk,FANG,2020Q4,2,-0.5,-1,180,0.011111111,-0.011111111
financial_risk,FANG,2021Q4,2,0,0,164,0.012195122,0
financial_risk,FANG,2022Q1,1,0,0,150,0.006666667,0
financial_risk,FANG,2022Q3,1,0,0,103,0.009708738,0
financial_risk,FANG,2023Q2,2,0,0,212,0.009433962,0
financial_risk,FANG,2024Q3,3,0,0,163,0.018404908,0
financial_risk,FANG,2024Q4,3,0.333333333,1,146,0.020547945,0.020547945
financial_risk,GDP,2016Q1,1,-2,-2,88,0.011363636,-0.022727273
financial_risk,GDP,2016Q2,1,1,1,90,0.011111111,0.011111111
financial_risk,HAL,2009Q3,1,1,1,27,0.037037037,0.037037037
financial_risk,HAL,2010Q1,2,0.5,1,25,0.08,0.08
financial_risk,HAL,2010Q2,4,-0.25,-1,55,0.072727273,-0.072727273
financial_risk,HAL,2010Q3,2,0.5,1,92,0.02173913,0.02173913
financial_risk,HAL,2010Q4,2,-1,-2,41,0.048780488,-0.097560976
financial_risk,HAL,2011Q1,1,2,2,39,0.025641026,0.051282051
financial_risk,HAL,2011Q2,3,0.666666667,2,35,0.085714286,0.171428571
financial_risk,HAL,2011Q4,2,0,0,38,0.052631579,0
financial_risk,HAL,2012Q2,1,1,1,35,0.028571429,0.028571429
financial_risk,HAL,2013Q1,2,-1,-2,68,0.029411765,-0.058823529
financial_risk,HAL,2013Q2,2,0.5,1,47,0.042553191,0.042553191
financial_risk,HAL,2013Q3,3,0.333333333,1,55,0.054545455,0.054545455
financial_risk,HAL,2014Q3,1,1,1,39,0.025641026,0.025641026
financial_risk,HAL,2015Q1,1,-1,-1,73,0.01369863,-0.01369863
financial_risk,HAL,2015Q2,1,1,1,59,0.016949153,0.016949153
financial_risk,HAL,2015Q3,2,-1,-2,95,0.021052632,-0.042105263
financial_risk,HAL,2016Q1,1,-1,-1,88,0.011363636,-0.011363636
financial_risk,HAL,2016Q2,1,-1,-1,90,0.011111111,-0.011111111
financial_risk,HAL,2016Q4,1,-1,-1,73,0.01369863,-0.01369863
financial_risk,HAL,2017Q4,1,-1,-1,125,0.008,-0.008
financial_risk,HAL,2018Q3,3,-1.333333333,-4,126,0.023809524,-0.095238095
financial_risk,HAL,2018Q4,1,-1,-1,143,0.006993007,-0.006993007
financial_risk,HAL,2019Q1,2,-0.5,-1,140,0.014285714,-0.014285714
financial_risk,HAL,2019Q2,2,0,0,154,0.012987013,0
financial_risk,HAL,2019Q3,6,0.333333333,2,157,0.038216561,0.076433121
financial_risk,HAL,2020Q1,1,1,1,213,0.004694836,0.004694836
financial_risk,HAL,2020Q2,3,-1,-3,190,0.015789474,-0.047368421
financial_risk,HAL,2020Q3,1,-1,-1,144,0.006944444,-0.006944444
financial_risk,HAL,2021Q2,1,-1,-1,193,0.005181347,-0.005181347
financial_risk,HAL,2021Q3,2,0.5,1,216,0.009259259,0.009259259
financial_risk,HAL,2022Q2,7,0.428571429,3,131,0.053435115,0.160305344
financial_risk,HAL,2023Q1,1,0,0,151,0.006622517,0
financial_risk,HAL,2023Q2,1,1,1,212,0.004716981,0.004716981
financial_risk,HESM,2024Q3,2,2,4,163,0.012269939,0.049079755
financial_risk,HLX,2011Q1,1,0,0,39,0.025641026,0
financial_risk,HLX,2024Q4,1,0,0,146,0.006849315,0
financial_risk,HP,1998Q4,1,0,0,8,0.125,0
financial_risk,HP,1999Q2,2,0,0,6,0.333333333,0
financial_risk,HP,1999Q4,1,0,0,6,0.166666667,0
financial_risk,HP,2000Q2,1,0,0,10,0.1,0
financial_risk,HP,2001Q1,1,0,0,22,0.045454545,0
financial_risk,HP,2001Q3,1,0,0,10,0.1,0
financial_risk,HP,2001Q4,2,0,0,12,0.166666667,0
financial_risk,HP,2002Q1,3,0,0,32,0.09375,0
financial_risk,HP,2002Q3,1,0,0,8,0.125,0
financial_risk,HP,2003Q2,1,0,0,10,0.1,0
financial_risk,HP,2003Q3,1,0,0,4,0.25,0
financial_risk,HP,2003Q4,1,0,0,11,0.090909091,0
financial_risk,HP,2004Q3,1,0,0,14,0.071428571,0
financial_risk,HP,2004Q4,2,0,0,12,0.166666667,0
financial_risk,HP,2005Q1,2,0,0,17,0.117647059,0
financial_risk,HP,2005Q2,1,0,0,18,0.055555556,0
financial_risk,HP,2006Q1,1,0,0,10,0.1,0
financial_risk,HP,2006Q2,2,0,0,16,0.125,0
financial_risk,HP,2006Q4,1,0,0,10,0.1,0
financial_risk,HP,2007Q2,1,0,0,23,0.043478261,0
financial_risk,HP,2007Q3,1,0,0,12,0.083333333,0
financial_risk,HP,2008Q1,2,0,0,10,0.2,0
financial_risk,HP,2009Q1,2,0,0,19,0.105263158,0
financial_risk,HP,2009Q2,1,-1,-1,15,0.066666667,-0.066666667
financial_risk,HP,2009Q3,2,0.5,1,27,0.074074074,0.074074074
financial_risk,HP,2009Q4,3,0.666666667,2,32,0.09375,0.1875
financial_risk,HP,2010Q1,3,-0.666666667,-2,25,0.12,-0.24
financial_risk,HP,2010Q3,12,-0.083333333,-1,92,0.130434783,-0.130434783
financial_risk,HP,2010Q4,1,0,0,41,0.024390244,0
financial_risk,HP,2011Q2,3,0,0,35,0.085714286,0
financial_risk,HP,2011Q3,2,0,0,28,0.071428571,0
financial_risk,HP,2011Q4,2,0,0,38,0.052631579,0
financial_risk,HP,2012Q1,1,0,0,48,0.020833333,0
financial_risk,HP,2012Q2,4,0,0,35,0.114285714,0
financial_risk,HP,2012Q3,3,0,0,54,0.055555556,0
financial_risk,HP,2012Q4,3,0,0,45,0.066666667,0
financial_risk,HP,2013Q1,4,0,0,68,0.058823529,0
financial_risk,HP,2013Q2,5,0,0,47,0.106382979,0
financial_risk,HP,2013Q4,3,0,0,41,0.073170732,0
financial_risk,HP,2014Q1,1,0,0,29,0.034482759,0
financial_risk,HP,2014Q2,1,0,0,38,0.026315789,0
financial_risk,HP,2014Q3,1,0,0,39,0.025641026,0
financial_risk,HP,2014Q4,3,0,0,81,0.037037037,0
financial_risk,HP,2015Q1,3,0,0,73,0.04109589,0
financial_risk,HP,2015Q2,1,0,0,59,0.016949153,0
financial_risk,HP,2015Q3,3,0.333333333,1,95,0.031578947,0.031578947
financial_risk,HP,2015Q4,7,0,0,74,0.094594595,0
financial_risk,HP,2016Q1,4,0,0,88,0.045454545,0
financial_risk,HP,2016Q2,6,0,0,90,0.066666667,0
financial_risk,HP,2016Q3,3,0,0,88,0.034090909,0
financial_risk,HP,2016Q4,4,0,0,73,0.054794521,0
financial_risk,HP,2017Q2,2,0,0,98,0.020408163,0
financial_risk,HP,2017Q3,2,0,0,112,0.017857143,0
financial_risk,HP,2017Q4,8,0,0,125,0.064,0
financial_risk,HP,2018Q1,5,-0.2,-1,94,0.053191489,-0.053191489
financial_risk,HP,2018Q3,1,0,0,126,0.007936508,0
financial_risk,HP,2018Q4,2,0,0,143,0.013986014,0
financial_risk,HP,2019Q1,4,0,0,140,0.028571429,0
financial_risk,HP,2019Q2,8,-0.125,-1,154,0.051948052,-0.051948052
financial_risk,HP,2019Q4,10,0,0,172,0.058139535,0
financial_risk,HP,2020Q1,11,0.272727273,3,213,0.051643192,0.154929577
financial_risk,HP,2020Q2,4,0,0,190,0.021052632,0
financial_risk,HP,2020Q3,2,0,0,144,0.013888889,0
financial_risk,HP,2021Q1,1,-1,-1,215,0.004651163,-0.004651163
financial_risk,HP,2021Q2,1,0,0,193,0.005181347,0
financial_risk,HP,2021Q3,1,0,0,216,0.00462963,0
financial_risk,HP,2021Q4,1,0,0,164,0.006097561,0
financial_risk,HP,2022Q1,3,0.333333333,1,150,0.02,0.02
financial_risk,HP,2022Q2,5,0,0,131,0.038167939,0
financial_risk,HP,2022Q3,3,0,0,103,0.029126214,0
financial_risk,HP,2022Q4,7,-0.142857143,-1,153,0.045751634,-0.045751634
financial_risk,HP,2023Q1,6,-0.333333333,-2,151,0.039735099,-0.079470199
financial_risk,HP,2023Q2,7,-0.142857143,-1,212,0.033018868,-0.033018868
financial_risk,HP,2023Q3,3,0,0,137,0.02189781,0
financial_risk,HP,2023Q4,5,0,0,130,0.038461538,0
financial_risk,HP,2024Q1,6,0,0,128,0.046875,0
financial_risk,HP,2024Q2,7,0,0,102,0.068627451,0
financial_risk,HP,2024Q3,6,0,0,163,0.036809816,0
financial_risk,KRP,2020Q3,1,0,0,144,0.006944444,0
financial_risk,MNR,2023Q4,1,1,1,130,0.007692308,0.007692308
financial_risk,NBR,1999Q1,1,0,0,18,0.055555556,0
financial_risk,NBR,2006Q4,1,-1,-1,10,0.1,-0.1
financial_risk,NBR,2009Q1,1,-1,-1,19,0.052631579,-0.052631579
financial_risk,NBR,2010Q1,2,-1,-2,25,0.08,-0.16
financial_risk,NBR,2011Q4,1,1,1,38,0.026315789,0.026315789
financial_risk,NBR,2013Q3,1,-2,-2,55,0.018181818,-0.036363636
financial_risk,NBR,2014Q4,1,-2,-2,81,0.012345679,-0.024691358
financial_risk,NBR,2015Q1,1,-1,-1,73,0.01369863,-0.01369863
financial_risk,NBR,2015Q2,1,0,0,59,0.016949153,0
financial_risk,NBR,2015Q3,1,1,1,95,0.010526316,0.010526316
financial_risk,NBR,2017Q4,1,0,0,125,0.008,0
financial_risk,NBR,2018Q1,1,0,0,94,0.010638298,0
financial_risk,NBR,2020Q1,1,1,1,213,0.004694836,0.004694836
financial_risk,NBR,2023Q2,2,-0.5,-1,212,0.009433962,-0.009433962
financial_risk,NBR,2023Q3,1,0,0,137,0.00729927,0
financial_risk,NBR,2024Q3,1,1,1,163,0.006134969,0.006134969
financial_risk,NBR,2024Q4,1,-1,-1,146,0.006849315,-0.006849315
financial_risk,NES,2013Q4,1,0,0,41,0.024390244,0
financial_risk,NES,2019Q1,2,0,0,140,0.014285714,0
financial_risk,NES,2020Q1,1,0,0,213,0.004694836,0
financial_risk,NES,2020Q4,1,0,0,180,0.005555556,0
financial_risk,NES,2024Q3,1,0,0,163,0.006134969,0
financial_risk,NEX,2008Q4,1,0,0,18,0.055555556,0
financial_risk,NEX,2013Q3,1,0,0,55,0.018181818,0
financial_risk,NEX,2016Q4,2,0,0,73,0.02739726,0
financial_risk,NEX,2017Q1,2,0,0,73,0.02739726,0
financial_risk,NEX,2017Q2,1,1,1,98,0.010204082,0.010204082
financial_risk,NEX,2018Q1,3,0,0,94,0.031914894,0
financial_risk,NEX,2018Q2,1,0,0,130,0.007692308,0
financial_risk,NEX,2018Q4,2,0,0,143,0.013986014,0
financial_risk,NEX,2019Q3,3,0.333333333,1,157,0.01910828,0.01910828
financial_risk,NEX,2020Q1,1,0,0,213,0.004694836,0
financial_risk,NEX,2020Q2,2,0,0,190,0.010526316,0
financial_risk,NEX,2023Q2,1,-1,-1,212,0.004716981,-0.004716981
financial_risk,NEX,2024Q1,1,0,0,128,0.0078125,0
financial_risk,PDCE,2019Q1,1,1,1,140,0.007142857,0.007142857
financial_risk,PDCE,2019Q3,1,2,2,157,0.006369427,0.012738854
financial_risk,PDCE,2020Q2,1,-1,-1,190,0.005263158,-0.005263158
financial_risk,PDCE,2020Q4,3,0,0,180,0.016666667,0
financial_risk,PDCE,2024Q3,2,1.5,3,163,0.012269939,0.036809816
financial_risk,PDS,2024Q4,3,0,0,146,0.020547945,0
financial_risk,PED,2015Q1,1,-2,-2,73,0.01369863,-0.02739726
financial_risk,PED,2022Q3,1,1,1,103,0.009708738,0.009708738
financial_risk,PED,2024Q4,1,-1,-1,146,0.006849315,-0.006849315
financial_risk,PHX,2022Q1,1,0,0,150,0.006666667,0
financial_risk,PR,1999Q4,1,0,0,6,0.166666667,0
financial_risk,PR,2001Q1,1,0,0,22,0.045454545,0
financial_risk,PR,2004Q2,1,0,0,11,0.090909091,0
financial_risk,PR,2004Q3,1,0,0,14,0.071428571,0
financial_risk,PR,2014Q3,2,0,0,39,0.051282051,0
financial_risk,PR,2015Q1,1,0,0,73,0.01369863,0
financial_risk,PR,2017Q1,1,0,0,73,0.01369863,0
financial_risk,PR,2017Q3,1,0,0,112,0.008928571,0
financial_risk,PR,2018Q3,1,0,0,126,0.007936508,0
financial_risk,PR,2019Q1,1,1,1,140,0.007142857,0.007142857
financial_risk,PR,2019Q3,1,1,1,157,0.006369427,0.006369427
financial_risk,PR,2020Q2,1,0,0,190,0.005263158,0
financial_risk,PR,2020Q4,1,0,0,180,0.005555556,0
financial_risk,PR,2021Q1,1,0,0,215,0.004651163,0
financial_risk,PR,2021Q2,1,0,0,193,0.005181347,0
financial_risk,PR,2021Q3,1,0,0,216,0.00462963,0
financial_risk,PR,2024Q1,1,1,1,128,0.0078125,0.0078125
financial_risk,PR,2024Q3,2,0.5,1,163,0.012269939,0.012269939
financial_risk,PR,2024Q4,1,-1,-1,146,0.006849315,-0.006849315
financial_risk,PTEN,2005Q4,1,-2,-2,17,0.058823529,-0.117647059
financial_risk,PUMP,2019Q4,1,-2,-2,172,0.005813953,-0.011627907
financial_risk,PUMP,2021Q1,1,1,1,215,0.004651163,0.004651163
financial_risk,RES,2024Q2,1,1,1,102,0.009803922,0.009803922
financial_risk,RES,2024Q4,2,1,2,146,0.01369863,0.02739726
financial_risk,RIG,2000Q2,1,0,0,10,0.1,0
financial_risk,RIG,2010Q2,1,-1,-1,55,0.018181818,-0.018181818
financial_risk,RIG,2010Q3,2,0.5,1,92,0.02173913,0.02173913
financial_risk,RIG,2012Q3,1,-1,-1,54,0.018518519,-0.018518519
financial_risk,RIG,2012Q4,1,1,1,45,0.022222222,0.022222222
financial_risk,RIG,2013Q1,2,-1,-2,68,0.029411765,-0.058823529
financial_risk,RIG,2015Q1,2,-1.5,-3,73,0.02739726,-0.082191781
financial_risk,RIG,2015Q3,1,-1,-1,95,0.010526316,-0.010526316
financial_risk,RIG,2016Q4,1,1,1,73,0.01369863,0.01369863
financial_risk,RIG,2017Q1,1,-1,-1,73,0.01369863,-0.01369863
financial_risk,RIG,2017Q2,1,-2,-2,98,0.010204082,-0.020408163
financial_risk,RIG,2017Q3,1,-2,-2,112,0.008928571,-0.017857143
financial_risk,RIG,2017Q4,1,1,1,125,0.008,0.008
financial_risk,RIG,2018Q3,1,1,1,126,0.007936508,0.007936508
financial_risk,RIG,2018Q4,2,2,4,143,0.013986014,0.055944056
financial_risk,RIG,2019Q1,1,1,1,140,0.007142857,0.007142857
financial_risk,RIG,2019Q3,1,1,1,157,0.006369427,0.006369427
financial_risk,RIG,2019Q4,1,2,2,172,0.005813953,0.011627907
financial_risk,RIG,2020Q1,1,0,0,213,0.004694836,0
financial_risk,RIG,2020Q4,1,1,1,180,0.005555556,0.005555556
financial_risk,RIG,2021Q3,1,1,1,216,0.00462963,0.00462963
financial_risk,RIG,2022Q4,1,1,1,153,0.006535948,0.006535948
financial_risk,RIG,2024Q3,2,0.5,1,163,0.012269939,0.012269939
financial_risk,RIG,2024Q4,3,0.333333333,1,146,0.020547945,0.020547945
financial_risk,RNGR,2024Q4,3,-1.333333333,-4,146,0.020547945,-0.082191781
financial_risk,SD,2009Q3,1,1,1,27,0.037037037,0.037037037
financial_risk,SD,2016Q1,4,-1.75,-7,88,0.045454545,-0.318181818
financial_risk,SD,2016Q2,2,-1,-2,90,0.022222222,-0.044444444
financial_risk,SD,2016Q3,2,0,0,88,0.022727273,0
financial_risk,SD,2017Q4,3,0.666666667,2,125,0.024,0.048
financial_risk,SD,2018Q1,1,2,2,94,0.010638298,0.021276596
financial_risk,SD,2018Q2,1,-1,-1,130,0.007692308,-0.007692308
financial_risk,SDRL,2024Q3,1,1,1,163,0.006134969,0.006134969
financial_risk,SDRL,2024Q4,2,0.5,1,146,0.01369863,0.01369863
financial_risk,SLB,2000Q2,1,1,1,10,0.1,0.1
financial_risk,SLB,2002Q2,2,-0.5,-1,12,0.166666667,-0.166666667
financial_risk,SLB,2004Q1,1,1,1,19,0.052631579,0.052631579
financial_risk,SLB,2004Q3,2,0,0,14,0.142857143,0
financial_risk,SLB,2011Q2,1,1,1,35,0.028571429,0.028571429
financial_risk,SLB,2011Q3,1,1,1,28,0.035714286,0.035714286
financial_risk,SLB,2012Q2,1,1,1,35,0.028571429,0.028571429
financial_risk,SLB,2013Q2,1,2,2,47,0.021276596,0.042553191
financial_risk,SLB,2013Q3,2,1,2,55,0.036363636,0.072727273
financial_risk,SLB,2014Q1,1,-1,-1,29,0.034482759,-0.034482759
financial_risk,SLB,2014Q2,1,-1,-1,38,0.026315789,-0.026315789
financial_risk,SLB,2015Q3,1,-1,-1,95,0.010526316,-0.010526316
financial_risk,SLB,2016Q1,1,1,1,88,0.011363636,0.011363636
financial_risk,SLB,2017Q2,1,1,1,98,0.010204082,0.010204082
financial_risk,SLB,2017Q3,2,0,0,112,0.017857143,0
financial_risk,SLB,2017Q4,2,0,0,125,0.016,0
financial_risk,SLB,2018Q4,2,-1,-2,143,0.013986014,-0.027972028
financial_risk,SLB,2019Q1,2,0,0,140,0.014285714,0
financial_risk,SLB,2019Q2,2,0,0,154,0.012987013,0
financial_risk,SLB,2019Q3,5,0.6,3,157,0.031847134,0.095541401
financial_risk,SLB,2020Q2,5,-1.2,-6,190,0.026315789,-0.157894737
financial_risk,SLB,2021Q1,1,0,0,215,0.004651163,0
financial_risk,SLB,2021Q2,4,0.5,2,193,0.020725389,0.041450777
financial_risk,SLB,2021Q3,3,0,0,216,0.013888889,0
financial_risk,SLB,2022Q1,3,0.333333333,1,150,0.02,0.02
financial_risk,SLB,2022Q2,5,0,0,131,0.038167939,0
financial_risk,SLB,2022Q3,1,0,0,103,0.009708738,0
financial_risk,SLB,2022Q4,3,0.333333333,1,153,0.019607843,0.019607843
financial_risk,SLB,2023Q1,2,-0.5,-1,151,0.013245033,-0.013245033
financial_risk,SLB,2023Q3,4,0.5,2,137,0.02919708,0.058394161
financial_risk,SLB,2023Q4,2,0,0,130,0.015384615,0
financial_risk,SLB,2024Q1,2,0,0,128,0.015625,0
financial_risk,SLB,2024Q2,3,1,3,102,0.029411765,0.088235294
financial_risk,SLB,2024Q3,1,-1,-1,163,0.006134969,-0.006134969
financial_risk,STR,2010Q3,1,0,0,92,0.010869565,0
financial_risk,STR,2013Q1,1,-1,-1,68,0.014705882,-0.014705882
financial_risk,STR,2013Q3,1,0,0,55,0.018181818,0
financial_risk,STR,2014Q1,1,1,1,29,0.034482759,0.034482759
financial_risk,STR,2014Q3,1,0,0,39,0.025641026,0
financial_risk,STR,2014Q4,2,-0.5,-1,81,0.024691358,-0.024691358
financial_risk,STR,2015Q1,1,0,0,73,0.01369863,0
financial_risk,STR,2015Q2,1,0,0,59,0.016949153,0
financial_risk,STR,2016Q1,2,0,0,88,0.022727273,0
financial_risk,STR,2018Q2,1,0,0,130,0.007692308,0
financial_risk,STR,2018Q4,1,0,0,143,0.006993007,0
financial_risk,STR,2019Q2,1,0,0,154,0.006493506,0
financial_risk,STR,2019Q3,1,1,1,157,0.006369427,0.006369427
financial_risk,STR,2020Q1,2,-0.5,-1,213,0.009389671,-0.009389671
financial_risk,STR,2020Q2,2,0,0,190,0.010526316,0
financial_risk,STR,2020Q3,3,0,0,144,0.020833333,0
financial_risk,STR,2020Q4,4,-0.25,-1,180,0.022222222,-0.022222222
financial_risk,STR,2021Q1,6,0,0,215,0.027906977,0
financial_risk,STR,2021Q3,2,0,0,216,0.009259259,0
financial_risk,STR,2021Q4,1,0,0,164,0.006097561,0
financial_risk,STR,2022Q2,1,0,0,131,0.007633588,0
financial_risk,STR,2022Q3,1,0,0,103,0.009708738,0
financial_risk,STR,2022Q4,1,2,2,153,0.006535948,0.013071895
financial_risk,STR,2023Q2,3,0,0,212,0.014150943,0
financial_risk,STR,2023Q3,4,-0.25,-1,137,0.02919708,-0.02919708
financial_risk,STR,2024Q1,1,-1,-1,128,0.0078125,-0.0078125
financial_risk,STR,2024Q3,1,0,0,163,0.006134969,0
financial_risk,STR,2024Q4,1,1,1,146,0.006849315,0.006849315
financial_risk,TTI,2002Q1,1,0,0,32,0.03125,0
financial_risk,TTI,2008Q4,1,-2,-2,18,0.055555556,-0.111111111
financial_risk,TTI,2009Q4,2,0,0,32,0.0625,0
financial_risk,TTI,2010Q1,1,1,1,25,0.04,0.04
financial_risk,TTI,2010Q4,1,0,0,41,0.024390244,0
financial_risk,TTI,2017Q1,1,0,0,73,0.01369863,0
financial_risk,TTI,2019Q3,1,-1,-1,157,0.006369427,-0.006369427
financial_risk,TTI,2020Q1,1,0,0,213,0.004694836,0
financial_risk,TTI,2023Q1,1,0,0,151,0.006622517,0
financial_risk,TTI,2023Q2,1,-1,-1,212,0.004716981,-0.004716981
financial_risk,TTI,2024Q4,1,0,0,146,0.006849315,0
financial_risk,TUSK,2024Q4,2,0,0,146,0.01369863,0
financial_risk,USEG,2024Q3,3,0.666666667,2,163,0.018404908,0.036809816
financial_risk,VEI,2021Q3,1,1,1,216,0.00462963,0.00462963
financial_risk,VOC,2017Q2,1,1,1,98,0.010204082,0.010204082
financial_risk,VOC,2022Q4,1,1,1,153,0.006535948,0.006535948
financial_risk,VTLE,2024Q3,1,0,0,163,0.006134969,0
financial_risk,VTS,2015Q4,1,0,0,74,0.013513514,0
financial_risk,VTS,2018Q2,2,-1,-2,130,0.015384615,-0.030769231
financial_risk,VTS,2021Q1,3,0,0,215,0.013953488,0
financial_risk,VTS,2022Q2,1,0,0,131,0.007633588,0
financial_risk,VTS,2022Q4,1,0,0,153,0.006535948,0
financial_risk,VTS,2023Q1,1,0,0,151,0.006622517,0
financial_risk,VTS,2023Q4,1,0,0,130,0.007692308,0
financial_risk,WLL,2004Q1,3,1,3,19,0.157894737,0.473684211
financial_risk,WLL,2015Q1,5,-0.6,-3,73,0.068493151,-0.205479452
financial_risk,WLL,2015Q4,1,-2,-2,74,0.013513514,-0.027027027
financial_risk,WLL,2016Q1,1,-2,-2,88,0.011363636,-0.022727273
financial_risk,WLL,2017Q2,2,0,0,98,0.020408163,0
financial_risk,WLL,2018Q1,1,1,1,94,0.010638298,0.010638298
financial_risk,WLL,2019Q1,3,1,3,140,0.021428571,0.064285714
financial_risk,WLL,2019Q3,1,2,2,157,0.006369427,0.012738854
financial_risk,WLL,2020Q1,4,-1.75,-7,213,0.018779343,-0.131455399
financial_risk,WLL,2020Q2,8,-1.25,-10,190,0.042105263,-0.421052632
financial_risk,WLL,2020Q3,4,-0.75,-3,144,0.027777778,-0.083333333
financial_risk,WLL,2020Q4,1,-1,-1,180,0.005555556,-0.005555556
financial_risk,WLL,2021Q1,1,0,0,215,0.004651163,0
financial_risk,WLL,2025Q1,1,1,1,9,0.111111111,0.111111111
financial_risk,XOG,2021Q2,1,0,0,193,0.005181347,0
geopolitical_risk,APA,1999Q1,1,0,0,18,0.055555556,0
geopolitical_risk,APA,2003Q2,1,0,0,10,0.1,0
geopolitical_risk,APA,2006Q2,1,0,0,16,0.0625,0
geopolitical_risk,APA,2012Q3,1,-1,-1,54,0.018518519,-0.018518519
geopolitical_risk,APA,2017Q4,1,0,0,125,0.008,0
geopolitical_risk,APA,2018Q4,1,0,0,143,0.006993007,0
geopolitical_risk,APA,2019Q2,1,0,0,154,0.006493506,0
geopolitical_risk,APA,2021Q1,1,0,0,215,0.004651163,0
geopolitical_risk,APA,2021Q4,1,1,1,164,0.006097561,0.006097561
geopolitical_risk,APA,2022Q3,1,0,0,103,0.009708738,0
geopolitical_risk,APA,2022Q4,2,0,0,153,0.013071895,0
geopolitical_risk,APA,2023Q2,1,0,0,212,0.004716981,0
geopolitical_risk,APA,2023Q3,1,0,0,137,0.00729927,0
geopolitical_risk,APA,2025Q1,1,-1,-1,9,0.111111111,-0.111111111
geopolitical_risk,AR,2017Q3,1,0,0,112,0.008928571,0
geopolitical_risk,AR,2018Q2,1,0,0,130,0.007692308,0
geopolitical_risk,AR,2019Q2,1,0,0,154,0.006493506,0
geopolitical_risk,AR,2019Q3,2,0,0,157,0.012738854,0
geopolitical_risk,AR,2021Q3,2,0,0,216,0.009259259,0
geopolitical_risk,AR,2024Q2,1,0,0,102,0.009803922,0
geopolitical_risk,BRN,2015Q3,1,0,0,95,0.010526316,0
geopolitical_risk,BRN,2017Q3,1,0,0,112,0.008928571,0
geopolitical_risk,BRN,2020Q1,1,0,0,213,0.004694836,0
geopolitical_risk,BSM,2020Q4,1,0,0,180,0.005555556,0
geopolitical_risk,CPE,2021Q1,1,0,0,215,0.004651163,0
geopolitical_risk,CRC,2005Q2,1,0,0,18,0.055555556,0
geopolitical_risk,CRC,2007Q3,1,0,0,12,0.083333333,0
geopolitical_risk,CRC,2018Q4,1,0,0,143,0.006993007,0
geopolitical_risk,CRC,2021Q1,1,0,0,215,0.004651163,0
geopolitical_risk,CRC,2023Q4,1,0,0,130,0.007692308,0
geopolitical_risk,CRK,2020Q1,1,0,0,213,0.004694836,0
geopolitical_risk,DCP,2012Q1,1,0,0,48,0.020833333,0
geopolitical_risk,EQT,2005Q1,1,0,0,17,0.058823529,0
geopolitical_risk,EQT,2012Q1,1,0,0,48,0.020833333,0
geopolitical_risk,EQT,2014Q4,1,0,0,81,0.012345679,0
geopolitical_risk,EQT,2015Q2,1,0,0,59,0.016949153,0
geopolitical_risk,EQT,2017Q3,1,0,0,112,0.008928571,0
geopolitical_risk,EQT,2018Q2,2,0,0,130,0.015384615,0
geopolitical_risk,EQT,2018Q3,1,0,0,126,0.007936508,0
geopolitical_risk,EQT,2019Q2,2,0,0,154,0.012987013,0
geopolitical_risk,EQT,2020Q2,1,0,0,190,0.005263158,0
geopolitical_risk,EQT,2020Q3,1,0,0,144,0.006944444,0
geopolitical_risk,EQT,2021Q2,1,0,0,193,0.005181347,0
geopolitical_risk,EQT,2021Q3,1,0,0,216,0.00462963,0
geopolitical_risk,EQT,2022Q2,2,0,0,131,0.015267176,0
geopolitical_risk,EQT,2022Q4,2,0,0,153,0.013071895,0
geopolitical_risk,EQT,2023Q2,2,0,0,212,0.009433962,0
geopolitical_risk,EQT,2023Q4,1,0,0,130,0.007692308,0
geopolitical_risk,EQT,2024Q2,2,0,0,102,0.019607843,0
geopolitical_risk,EXE,2001Q1,1,0,0,22,0.045454545,0
geopolitical_risk,FANG,2018Q1,1,1,1,94,0.010638298,0.010638298
geopolitical_risk,FANG,2018Q4,1,0,0,143,0.006993007,0
geopolitical_risk,FANG,2020Q2,1,0,0,190,0.005263158,0
geopolitical_risk,FANG,2021Q3,2,0.5,1,216,0.009259259,0.009259259
geopolitical_risk,FANG,2022Q2,1,0,0,131,0.007633588,0
geopolitical_risk,FANG,2024Q1,1,0,0,128,0.0078125,0
geopolitical_risk,HAL,2019Q1,1,-1,-1,140,0.007142857,-0.007142857
geopolitical_risk,HAL,2019Q4,2,0,0,172,0.011627907,0
geopolitical_risk,HAL,2022Q1,2,-1.5,-3,150,0.013333333,-0.04
geopolitical_risk,HAL,2023Q1,1,-1,-1,151,0.006622517,-0.006622517
geopolitical_risk,HP,2002Q1,1,0,0,32,0.03125,0
geopolitical_risk,HP,2004Q3,1,0,0,14,0.071428571,0
geopolitical_risk,HP,2005Q2,1,0,0,18,0.055555556,0
geopolitical_risk,HP,2006Q3,1,0,0,18,0.055555556,0
geopolitical_risk,HP,2010Q3,2,0,0,92,0.02173913,0
geopolitical_risk,HP,2010Q4,1,0,0,41,0.024390244,0
geopolitical_risk,HP,2012Q4,1,0,0,45,0.022222222,0
geopolitical_risk,HP,2013Q3,1,0,0,55,0.018181818,0
geopolitical_risk,HP,2015Q1,1,0,0,73,0.01369863,0
geopolitical_risk,HP,2015Q3,3,-0.333333333,-1,95,0.031578947,-0.031578947
geopolitical_risk,HP,2018Q2,1,2,2,130,0.007692308,0.015384615
geopolitical_risk,HP,2019Q1,1,0,0,140,0.007142857,0
geopolitical_risk,HP,2019Q2,1,-2,-2,154,0.006493506,-0.012987013
geopolitical_risk,HP,2019Q3,1,0,0,157,0.006369427,0
geopolitical_risk,HP,2019Q4,3,0,0,172,0.01744186,0
geopolitical_risk,HP,2020Q1,2,0,0,213,0.009389671,0
geopolitical_risk,HP,2020Q2,2,-0.5,-1,190,0.010526316,-0.010526316
geopolitical_risk,HP,2020Q3,1,0,0,144,0.006944444,0
geopolitical_risk,HP,2020Q4,2,0,0,180,0.011111111,0
geopolitical_risk,HP,2021Q2,4,-0.25,-1,193,0.020725389,-0.020725389
geopolitical_risk,HP,2021Q3,2,0,0,216,0.009259259,0
geopolitical_risk,HP,2022Q1,2,0,0,150,0.013333333,0
geopolitical_risk,HP,2022Q4,1,0,0,153,0.006535948,0
geopolitical_risk,HP,2023Q1,1,0,0,151,0.006622517,0
geopolitical_risk,HP,2023Q2,3,-0.333333333,-1,212,0.014150943,-0.014150943
geopolitical_risk,HP,2024Q1,2,0,0,128,0.015625,0
geopolitical_risk,HP,2024Q3,1,0,0,163,0.006134969,0
geopolitical_risk,NBR,2010Q4,1,-1,-1,41,0.024390244,-0.024390244
geopolitical_risk,NE,2003Q4,1,2,2,11,0.090909091,0.181818182
geopolitical_risk,NE,2019Q4,2,-1,-2,172,0.011627907,-0.023255814
geopolitical_risk,NE,2022Q3,1,0,0,103,0.009708738,0
geopolitical_risk,NES,2020Q2,1,0,0,190,0.005263158,0
geopolitical_risk,NEX,2019Q3,1,0,0,157,0.006369427,0
geopolitical_risk,PR,2006Q3,1,0,0,18,0.055555556,0
geopolitical_risk,PR,2006Q4,1,0,0,10,0.1,0
geopolitical_risk,PR,2017Q3,2,0,0,112,0.017857143,0
geopolitical_risk,PR,2018Q3,1,0,0,126,0.007936508,0
geopolitical_risk,PR,2019Q3,1,0,0,157,0.006369427,0
geopolitical_risk,PR,2021Q4,1,1,1,164,0.006097561,0.006097561
geopolitical_risk,PR,2022Q1,1,-1,-1,150,0.006666667,-0.006666667
geopolitical_risk,PUMP,2019Q4,1,-1,-1,172,0.005813953,-0.005813953
geopolitical_risk,RIG,2018Q3,2,1.5,3,126,0.015873016,0.047619048
geopolitical_risk,RIG,2019Q2,1,0,0,154,0.006493506,0
geopolitical_risk,SD,2017Q4,1,-1,-1,125,0.008,-0.008
geopolitical_risk,SLB,2010Q4,1,-1,-1,41,0.024390244,-0.024390244
geopolitical_risk,SLB,2015Q1,1,-2,-2,73,0.01369863,-0.02739726
geopolitical_risk,SLB,2017Q3,1,-1,-1,112,0.008928571,-0.008928571
geopolitical_risk,SLB,2019Q1,1,1,1,140,0.007142857,0.007142857
geopolitical_risk,SLB,2019Q4,4,-1,-4,172,0.023255814,-0.093023256
geopolitical_risk,SLB,2022Q1,2,-1,-2,150,0.013333333,-0.026666667
geopolitical_risk,SLB,2023Q1,1,1,1,151,0.006622517,0.006622517
geopolitical_risk,SLB,2023Q2,2,-1,-2,212,0.009433962,-0.018867925
geopolitical_risk,SLB,2023Q3,1,-1,-1,137,0.00729927,-0.00729927
geopolitical_risk,SLB,2023Q4,3,0.333333333,1,130,0.023076923,0.023076923
geopolitical_risk,SLB,2024Q2,1,-1,-1,102,0.009803922,-0.009803922
geopolitical_risk,SLB,2024Q3,1,1,1,163,0.006134969,0.006134969
geopolitical_risk,STR,2011Q3,1,1,1,28,0.035714286,0.035714286
geopolitical_risk,STR,2015Q4,1,0,0,74,0.013513514,0
geopolitical_risk,STR,2016Q1,2,0,0,88,0.022727273,0
geopolitical_risk,STR,2016Q2,1,0,0,90,0.011111111,0
geopolitical_risk,STR,2020Q1,2,-0.5,-1,213,0.009389671,-0.009389671
geopolitical_risk,STR,2020Q2,1,0,0,190,0.005263158,0
geopolitical_risk,STR,2020Q3,2,0,0,144,0.013888889,0
geopolitical_risk,STR,2020Q4,1,0,0,180,0.005555556,0
geopolitical_risk,STR,2022Q1,1,1,1,150,0.006666667,0.006666667
geopolitical_risk,STR,2022Q2,1,0,0,131,0.007633588,0
geopolitical_risk,TTI,2001Q4,1,0,0,12,0.083333333,0
geopolitical_risk,TTI,2020Q1,3,-0.333333333,-1,213,0.014084507,-0.014084507
geopolitical_risk,TUSK,2015Q2,1,1,1,59,0.016949153,0.016949153
geopolitical_risk,USEG,2024Q4,1,1,1,146,0.006849315,0.006849315
geopolitical_risk,VOC,2020Q1,1,-2,-2,213,0.004694836,-0.009389671
geopolitical_risk,VOC,2020Q3,1,-1,-1,144,0.006944444,-0.006944444
geopolitical_risk,VOC,2022Q4,1,0,0,153,0.006535948,0
geopolitical_risk,VTS,2019Q3,1,0,0,157,0.006369427,0
geopolitical_risk,WLL,2001Q2,1,0,0,11,0.090909091,0
geopolitical_risk,WLL,2019Q1,1,-1,-1,140,0.007142857,-0.007142857
natural_factor,ACDC,1999Q1,1,0,0,18,0.055555556,0
natural_factor,ACDC,2000Q3,1,0,0,8,0.125,0
natural_factor,ACDC,2015Q3,1,0,0,95,0.010526316,0
natural_factor,ACDC,2022Q2,1,-1,-1,131,0.007633588,-0.007633588
natural_factor,ACDC,2023Q1,1,0,0,151,0.006622517,0
natural_factor,AESI,2019Q3,1,0,0,157,0.006369427,0
natural_factor,AESI,2020Q4,1,0,0,180,0.005555556,0
natural_factor,AESI,2021Q3,3,0,0,216,0.013888889,0
natural_factor,AESI,2021Q4,3,0,0,164,0.018292683,0
natural_factor,AESI,2022Q4,1,0,0,153,0.006535948,0
natural_factor,AESI,2023Q1,1,0,0,151,0.006622517,0
natural_factor,AESI,2024Q4,1,0,0,146,0.006849315,0
natural_factor,APA,1998Q4,2,0,0,8,0.25,0
natural_factor,APA,1999Q1,6,0,0,18,0.333333333,0
natural_factor,APA,1999Q3,3,0,0,14,0.214285714,0
natural_factor,APA,1999Q4,1,0,0,6,0.166666667,0
natural_factor,APA,2000Q1,1,0,0,8,0.125,0
natural_factor,APA,2000Q2,1,0,0,10,0.1,0
natural_factor,APA,2000Q4,1,0,0,9,0.111111111,0
natural_factor,APA,2001Q1,2,0,0,22,0.090909091,0
natural_factor,APA,2001Q2,1,0,0,11,0.090909091,0
natural_factor,APA,2001Q4,1,0,0,12,0.083333333,0
natural_factor,APA,2002Q1,1,0,0,32,0.03125,0
natural_factor,APA,2002Q4,4,0,0,9,0.444444444,0
natural_factor,APA,2003Q2,2,-1,-2,10,0.2,-0.4
natural_factor,APA,2004Q1,1,0,0,19,0.052631579,0
natural_factor,APA,2004Q3,1,1,1,14,0.071428571,0.071428571
natural_factor,APA,2005Q1,1,0,0,17,0.058823529,0
natural_factor,APA,2005Q3,1,0,0,6,0.166666667,0
natural_factor,APA,2006Q1,1,0,0,10,0.1,0
natural_factor,APA,2007Q1,2,0,0,9,0.222222222,0
natural_factor,APA,2007Q2,10,0.1,1,23,0.434782609,0.434782609
natural_factor,APA,2007Q4,1,0,0,6,0.166666667,0
natural_factor,APA,2008Q1,2,0,0,10,0.2,0
natural_factor,APA,2008Q2,1,0,0,9,0.111111111,0
natural_factor,APA,2008Q3,1,-2,-2,8,0.125,-0.25
natural_factor,APA,2009Q3,4,-0.25,-1,27,0.148148148,-0.148148148
natural_factor,APA,2010Q1,1,0,0,25,0.04,0
natural_factor,APA,2010Q2,4,0.25,1,55,0.072727273,0.072727273
natural_factor,APA,2010Q3,4,-0.25,-1,92,0.043478261,-0.043478261
natural_factor,APA,2010Q4,3,0,0,41,0.073170732,0
natural_factor,APA,2011Q1,1,0,0,39,0.025641026,0
natural_factor,APA,2011Q2,3,0,0,35,0.085714286,0
natural_factor,APA,2011Q3,3,0,0,28,0.107142857,0
natural_factor,APA,2011Q4,3,0,0,38,0.078947368,0
natural_factor,APA,2012Q1,3,0,0,48,0.0625,0
natural_factor,APA,2012Q2,5,-0.2,-1,35,0.142857143,-0.142857143
natural_factor,APA,2012Q3,7,0.142857143,1,54,0.12962963,0.12962963
natural_factor,APA,2012Q4,7,0,0,45,0.155555556,0
natural_factor,APA,2013Q2,2,0,0,47,0.042553191,0
natural_factor,APA,2013Q4,3,-0.333333333,-1,41,0.073170732,-0.073170732
natural_factor,APA,2014Q2,5,0,0,38,0.131578947,0
natural_factor,APA,2014Q3,5,-0.2,-1,39,0.128205128,-0.128205128
natural_factor,APA,2014Q4,3,0,0,81,0.037037037,0
natural_factor,APA,2015Q1,1,0,0,73,0.01369863,0
natural_factor,APA,2015Q2,4,-0.25,-1,59,0.06779661,-0.06779661
natural_factor,APA,2015Q3,2,0,0,95,0.021052632,0
natural_factor,APA,2015Q4,1,0,0,74,0.013513514,0
natural_factor,APA,2016Q1,1,0,0,88,0.011363636,0
natural_factor,APA,2016Q2,4,0.5,2,90,0.044444444,0.088888889
natural_factor,APA,2016Q3,4,0.25,1,88,0.045454545,0.045454545
natural_factor,APA,2016Q4,4,0,0,73,0.054794521,0
natural_factor,APA,2017Q1,5,-0.4,-2,73,0.068493151,-0.136986301
natural_factor,APA,2017Q2,1,0,0,98,0.010204082,0
natural_factor,APA,2017Q4,3,0,0,125,0.024,0
natural_factor,APA,2018Q1,3,0,0,94,0.031914894,0
natural_factor,APA,2018Q2,5,0.2,1,130,0.038461538,0.038461538
natural_factor,APA,2018Q3,6,0,0,126,0.047619048,0
natural_factor,APA,2018Q4,12,-0.25,-3,143,0.083916084,-0.251748252
natural_factor,APA,2019Q1,3,0,0,140,0.021428571,0
natural_factor,APA,2019Q2,7,0,0,154,0.045454545,0
natural_factor,APA,2019Q3,2,0.5,1,157,0.012738854,0.012738854
natural_factor,APA,2019Q4,5,0,0,172,0.029069767,0
natural_factor,APA,2020Q1,3,0,0,213,0.014084507,0
natural_factor,APA,2020Q2,6,0.333333333,2,190,0.031578947,0.063157895
natural_factor,APA,2020Q3,5,0.2,1,144,0.034722222,0.034722222
natural_factor,APA,2020Q4,4,0,0,180,0.022222222,0
natural_factor,APA,2021Q1,7,0.142857143,1,215,0.03255814,0.03255814
natural_factor,APA,2021Q2,5,0,0,193,0.025906736,0
natural_factor,APA,2021Q3,6,-0.166666667,-1,216,0.027777778,-0.027777778
natural_factor,APA,2021Q4,9,0.222222222,2,164,0.054878049,0.109756098
natural_factor,APA,2022Q1,3,-0.333333333,-1,150,0.02,-0.02
natural_factor,APA,2022Q2,2,0,0,131,0.015267176,0
natural_factor,APA,2022Q3,7,0,0,103,0.067961165,0
natural_factor,APA,2022Q4,4,0,0,153,0.026143791,0
natural_factor,APA,2023Q1,6,0.166666667,1,151,0.039735099,0.039735099
natural_factor,APA,2023Q2,9,0.111111111,1,212,0.04245283,0.04245283
natural_factor,APA,2023Q3,10,-0.1,-1,137,0.072992701,-0.072992701
natural_factor,APA,2023Q4,14,-0.142857143,-2,130,0.107692308,-0.215384615
natural_factor,APA,2024Q1,5,0,0,128,0.0390625,0
natural_factor,APA,2024Q3,6,0.166666667,1,163,0.036809816,0.036809816
natural_factor,APA,2024Q4,3,0.333333333,1,146,0.020547945,0.020547945
natural_factor,APA,2025Q1,1,-1,-1,9,0.111111111,-0.111111111
natural_factor,AR,2009Q4,1,0,0,32,0.03125,0
natural_factor,AR,2011Q2,1,0,0,35,0.028571429,0
natural_factor,AR,2013Q4,1,0,0,41,0.024390244,0
natural_factor,AR,2014Q1,2,0,0,29,0.068965517,0
natural_factor,AR,2015Q4,1,-1,-1,74,0.013513514,-0.013513514
natural_factor,AR,2016Q1,1,0,0,88,0.011363636,0
natural_factor,AR,2016Q3,2,0,0,88,0.022727273,0
natural_factor,AR,2017Q1,4,0,0,73,0.054794521,0
natural_factor,AR,2017Q2,3,0,0,98,0.030612245,0
natural_factor,AR,2017Q3,2,-0.5,-1,112,0.017857143,-0.017857143
natural_factor,AR,2018Q1,2,-0.5,-1,94,0.021276596,-0.021276596
natural_factor,AR,2018Q2,2,0,0,130,0.015384615,0
natural_factor,AR,2018Q3,3,-0.333333333,-1,126,0.023809524,-0.023809524
natural_factor,AR,2018Q4,1,0,0,143,0.006993007,0
natural_factor,AR,2019Q1,5,0,0,140,0.035714286,0
natural_factor,AR,2019Q2,2,0,0,154,0.012987013,0
natural_factor,AR,2019Q3,1,0,0,157,0.006369427,0
natural_factor,AR,2019Q4,2,0,0,172,0.011627907,0
natural_factor,AR,2020Q1,1,0,0,213,0.004694836,0
natural_factor,AR,2020Q2,7,0,0,190,0.036842105,0
natural_factor,AR,2020Q3,1,0,0,144,0.006944444,0
natural_factor,AR,2020Q4,2,0,0,180,0.011111111,0
natural_factor,AR,2021Q1,5,-0.2,-1,215,0.023255814,-0.023255814
natural_factor,AR,2021Q2,2,0,0,193,0.010362694,0
natural_factor,AR,2021Q3,4,0,0,216,0.018518519,0
natural_factor,AR,2021Q4,7,0,0,164,0.042682927,0
natural_factor,AR,2022Q1,6,0,0,150,0.04,0
natural_factor,AR,2022Q2,3,0,0,131,0.022900763,0
natural_factor,AR,2022Q3,1,0,0,103,0.009708738,0
natural_factor,AR,2022Q4,1,0,0,153,0.006535948,0
natural_factor,AR,2023Q1,5,0,0,151,0.033112583,0
natural_factor,AR,2023Q2,8,0,0,212,0.037735849,0
natural_factor,AR,2023Q4,2,0,0,130,0.015384615,0
natural_factor,AR,2024Q1,1,0,0,128,0.0078125,0
natural_factor,AR,2024Q3,2,0.5,1,163,0.012269939,0.012269939
natural_factor,AR,2024Q4,3,0,0,146,0.020547945,0
natural_factor,BATL,2018Q4,1,0,0,143,0.006993007,0
natural_factor,BATL,2024Q4,2,-1,-2,146,0.01369863,-0.02739726
natural_factor,BORR,2016Q1,1,0,0,88,0.011363636,0
natural_factor,BORR,2017Q3,1,0,0,112,0.008928571,0
natural_factor,BORR,2018Q4,1,0,0,143,0.006993007,0
natural_factor,BORR,2019Q3,1,0,0,157,0.006369427,0
natural_factor,BORR,2020Q3,2,0,0,144,0.013888889,0
natural_factor,BORR,2020Q4,1,0,0,180,0.005555556,0
natural_factor,BORR,2021Q1,2,0,0,215,0.009302326,0
natural_factor,BORR,2021Q2,3,0,0,193,0.015544041,0
natural_factor,BRN,2013Q1,1,0,0,68,0.014705882,0
natural_factor,BRN,2013Q4,1,0,0,41,0.024390244,0
natural_factor,BRN,2016Q2,4,0,0,90,0.044444444,0
natural_factor,BRN,2017Q2,1,0,0,98,0.010204082,0
natural_factor,BRN,2018Q1,1,0,0,94,0.010638298,0
natural_factor,BRN,2018Q4,1,0,0,143,0.006993007,0
natural_factor,BRN,2019Q1,1,0,0,140,0.007142857,0
natural_factor,BRN,2019Q4,2,0,0,172,0.011627907,0
natural_factor,BRN,2020Q1,6,0,0,213,0.028169014,0
natural_factor,BRN,2021Q1,1,0,0,215,0.004651163,0
natural_factor,BRN,2022Q1,1,0,0,150,0.006666667,0
natural_factor,BRN,2022Q2,2,0,0,131,0.015267176,0
natural_factor,BRN,2022Q4,1,0,0,153,0.006535948,0
natural_factor,BRN,2023Q1,4,0,0,151,0.026490066,0
natural_factor,BRN,2023Q2,3,0,0,212,0.014150943,0
natural_factor,BRN,2024Q1,4,-0.25,-1,128,0.03125,-0.03125
natural_factor,BRN,2024Q2,2,-0.5,-1,102,0.019607843,-0.019607843
natural_factor,BSM,2009Q1,1,0,0,19,0.052631579,0
natural_factor,BSM,2017Q1,1,0,0,73,0.01369863,0
natural_factor,BSM,2017Q3,1,0,0,112,0.008928571,0
natural_factor,BSM,2017Q4,1,0,0,125,0.008,0
natural_factor,BSM,2019Q4,1,-1,-1,172,0.005813953,-0.005813953
natural_factor,BSM,2020Q4,4,0,0,180,0.022222222,0
natural_factor,BSM,2021Q1,11,0.090909091,1,215,0.051162791,0.051162791
natural_factor,BSM,2021Q2,1,0,0,193,0.005181347,0
natural_factor,BSM,2021Q4,1,0,0,164,0.006097561,0
natural_factor,BSM,2023Q3,1,0,0,137,0.00729927,0
natural_factor,BSM,2023Q4,1,0,0,130,0.007692308,0
natural_factor,CLB,1999Q1,2,0,0,18,0.111111111,0
natural_factor,CLB,2002Q4,1,0,0,9,0.111111111,0
natural_factor,CLB,2004Q2,2,0,0,11,0.181818182,0
natural_factor,CLB,2005Q1,1,0,0,17,0.058823529,0
natural_factor,CLB,2010Q2,1,0,0,55,0.018181818,0
natural_factor,CLB,2011Q4,2,0,0,38,0.052631579,0
natural_factor,CLB,2012Q3,2,0,0,54,0.037037037,0
natural_factor,CLB,2014Q2,1,0,0,38,0.026315789,0
natural_factor,CLB,2014Q3,1,0,0,39,0.025641026,0
natural_factor,CLB,2017Q2,2,0,0,98,0.020408163,0
natural_factor,CLB,2018Q2,3,0,0,130,0.023076923,0
natural_factor,CLB,2023Q2,2,0,0,212,0.009433962,0
natural_factor,CLB,2023Q3,1,0,0,137,0.00729927,0
natural_factor,CPE,2002Q1,1,0,0,32,0.03125,0
natural_factor,CPE,2005Q1,1,0,0,17,0.058823529,0
natural_factor,CPE,2006Q1,2,-0.5,-1,10,0.2,-0.2
natural_factor,CPE,2006Q2,1,0,0,16,0.0625,0
natural_factor,CPE,2012Q1,1,0,0,48,0.020833333,0
natural_factor,CPE,2013Q2,1,0,0,47,0.021276596,0
natural_factor,CPE,2015Q3,1,0,0,95,0.010526316,0
natural_factor,CPE,2016Q1,1,1,1,88,0.011363636,0.011363636
natural_factor,CPE,2016Q4,1,0,0,73,0.01369863,0
natural_factor,CPE,2017Q4,1,0,0,125,0.008,0
natural_factor,CPE,2019Q3,5,0,0,157,0.031847134,0
natural_factor,CPE,2019Q4,1,0,0,172,0.005813953,0
natural_factor,CPE,2020Q2,1,-1,-1,190,0.005263158,-0.005263158
natural_factor,CPE,2020Q4,1,0,0,180,0.005555556,0
natural_factor,CPE,2021Q1,3,0,0,215,0.013953488,0
natural_factor,CPE,2021Q2,2,0,0,193,0.010362694,0
natural_factor,CPE,2021Q3,1,0,0,216,0.00462963,0
natural_factor,CPE,2021Q4,2,0.5,1,164,0.012195122,0.012195122
natural_factor,CPE,2023Q3,1,0,0,137,0.00729927,0
natural_factor,CPE,2023Q4,1,0,0,130,0.007692308,0
natural_factor,CPE,2024Q1,1,0,0,128,0.0078125,0
natural_factor,CPE,2024Q2,1,0,0,102,0.009803922,0
natural_factor,CPE,2024Q4,1,0,0,146,0.006849315,0
natural_factor,CRC,1998Q2,1,0,0,3,0.333333333,0
natural_factor,CRC,1999Q3,1,0,0,14,0.071428571,0
natural_factor,CRC,2001Q2,1,0,0,11,0.090909091,0
natural_factor,CRC,2005Q1,1,0,0,17,0.058823529,0
natural_factor,CRC,2005Q2,1,0,0,18,0.055555556,0
natural_factor,CRC,2005Q4,1,0,0,17,0.058823529,0
natural_factor,CRC,2006Q3,1,0,0,18,0.055555556,0
natural_factor,CRC,2010Q4,1,0,0,41,0.024390244,0
natural_factor,CRC,2012Q1,4,0.5,2,48,0.083333333,0.166666667
natural_factor,CRC,2012Q4,1,0,0,45,0.022222222,0
natural_factor,CRC,2013Q1,2,0,0,68,0.029411765,0
natural_factor,CRC,2014Q1,1,0,0,29,0.034482759,0
natural_factor,CRC,2014Q3,1,0,0,39,0.025641026,0
natural_factor,CRC,2015Q1,1,0,0,73,0.01369863,0
natural_factor,CRC,2015Q4,2,0,0,74,0.027027027,0
natural_factor,CRC,2016Q1,1,0,0,88,0.011363636,0
natural_factor,CRC,2016Q2,1,0,0,90,0.011111111,0
natural_factor,CRC,2016Q3,3,-0.333333333,-1,88,0.034090909,-0.034090909
natural_factor,CRC,2017Q4,1,0,0,125,0.008,0
natural_factor,CRC,2018Q3,2,0,0,126,0.015873016,0
natural_factor,CRC,2018Q4,1,0,0,143,0.006993007,0
natural_factor,CRC,2019Q3,3,0.666666667,2,157,0.01910828,0.038216561
natural_factor,CRC,2019Q4,4,0,0,172,0.023255814,0
natural_factor,CRC,2020Q1,5,0,0,213,0.023474178,0
natural_factor,CRC,2020Q2,6,0,0,190,0.031578947,0
natural_factor,CRC,2020Q3,5,0,0,144,0.034722222,0
natural_factor,CRC,2020Q4,3,0,0,180,0.016666667,0
natural_factor,CRC,2021Q1,6,0,0,215,0.027906977,0
natural_factor,CRC,2021Q2,3,0,0,193,0.015544041,0
natural_factor,CRC,2021Q3,1,0,0,216,0.00462963,0
natural_factor,CRC,2021Q4,2,0.5,1,164,0.012195122,0.012195122
natural_factor,CRC,2022Q1,4,0,0,150,0.026666667,0
natural_factor,CRC,2022Q2,1,0,0,131,0.007633588,0
natural_factor,CRC,2022Q3,4,0,0,103,0.038834951,0
natural_factor,CRC,2022Q4,3,0,0,153,0.019607843,0
natural_factor,CRC,2023Q1,10,0,0,151,0.066225166,0
natural_factor,CRC,2023Q2,6,0,0,212,0.028301887,0
natural_factor,CRC,2023Q3,1,0,0,137,0.00729927,0
natural_factor,CRC,2023Q4,1,0,0,130,0.007692308,0
natural_factor,CRC,2024Q1,1,0,0,128,0.0078125,0
natural_factor,CRC,2024Q3,2,0,0,163,0.012269939,0
natural_factor,CRC,2024Q4,2,0,0,146,0.01369863,0
natural_factor,CRK,2007Q4,1,0,0,6,0.166666667,0
natural_factor,CRK,2008Q4,1,0,0,18,0.055555556,0
natural_factor,CRK,2013Q1,1,0,0,68,0.014705882,0
natural_factor,CRK,2013Q2,1,0,0,47,0.021276596,0
natural_factor,CRK,2013Q4,1,0,0,41,0.024390244,0
natural_factor,CRK,2014Q3,1,-1,-1,39,0.025641026,-0.025641026
natural_factor,CRK,2018Q2,1,0,0,130,0.007692308,0
natural_factor,CRK,2019Q2,2,0,0,154,0.012987013,0
natural_factor,CRK,2019Q4,1,0,0,172,0.005813953,0
natural_factor,CRK,2020Q1,1,0,0,213,0.004694836,0
natural_factor,CRK,2020Q4,1,0,0,180,0.005555556,0
natural_factor,CRK,2021Q1,2,0,0,215,0.009302326,0
natural_factor,CRK,2021Q3,1,0,0,216,0.00462963,0
natural_factor,CRK,2022Q4,6,0,0,153,0.039215686,0
natural_factor,CRK,2023Q1,2,0,0,151,0.013245033,0
natural_factor,CRK,2023Q2,5,-0.4,-2,212,0.023584906,-0.047169811
natural_factor,CRK,2023Q3,3,0,0,137,0.02189781,0
natural_factor,DCP,2005Q4,1,0,0,17,0.058823529,0
natural_factor,DCP,2006Q2,3,0,0,16,0.1875,0
natural_factor,DCP,2008Q3,2,0.5,1,8,0.25,0.25
natural_factor,DCP,2010Q2,1,0,0,55,0.018181818,0
natural_factor,DCP,2011Q1,1,0,0,39,0.025641026,0
natural_factor,DCP,2012Q2,1,0,0,35,0.028571429,0
natural_factor,DCP,2012Q3,2,-0.5,-1,54,0.037037037,-0.037037037
natural_factor,DCP,2015Q2,1,0,0,59,0.016949153,0
natural_factor,DCP,2015Q3,1,0,0,95,0.010526316,0
natural_factor,DCP,2016Q3,1,0,0,88,0.011363636,0
natural_factor,DCP,2017Q1,1,0,0,73,0.01369863,0
natural_factor,DCP,2017Q2,1,0,0,98,0.010204082,0
natural_factor,DCP,2017Q4,2,0.5,1,125,0.016,0.016
natural_factor,DCP,2018Q3,2,0,0,126,0.015873016,0
natural_factor,DCP,2020Q1,1,0,0,213,0.004694836,0
natural_factor,DCP,2020Q2,2,0,0,190,0.010526316,0
natural_factor,DCP,2020Q4,1,0,0,180,0.005555556,0
natural_factor,DCP,2021Q1,5,-0.2,-1,215,0.023255814,-0.023255814
natural_factor,DCP,2021Q2,1,0,0,193,0.005181347,0
natural_factor,DCP,2021Q4,1,0,0,164,0.006097561,0
natural_factor,DCP,2022Q1,2,1,2,150,0.013333333,0.026666667
natural_factor,DCP,2023Q1,3,0,0,151,0.01986755,0
natural_factor,DCP,2023Q2,1,0,0,212,0.004716981,0
natural_factor,DCP,2023Q3,3,0.666666667,2,137,0.02189781,0.04379562
natural_factor,DCP,2023Q4,2,0,0,130,0.015384615,0
natural_factor,DCP,2024Q3,1,0,0,163,0.006134969,0
natural_factor,DCP,2024Q4,2,0,0,146,0.01369863,0
natural_factor,DO,2018Q1,2,0,0,94,0.021276596,0
natural_factor,DO,2020Q2,4,0,0,190,0.021052632,0
natural_factor,DWSN,2014Q4,1,0,0,81,0.012345679,0
natural_factor,EP,2001Q1,3,0,0,22,0.136363636,0
natural_factor,EP,2004Q1,1,0,0,19,0.052631579,0
natural_factor,EP,2004Q4,1,0,0,12,0.083333333,0
natural_factor,EP,2010Q2,1,0,0,55,0.018181818,0
natural_factor,EP,2013Q1,1,0,0,68,0.014705882,0
natural_factor,EP,2013Q2,2,0.5,1,47,0.042553191,0.042553191
natural_factor,EP,2013Q3,1,0,0,55,0.018181818,0
natural_factor,EP,2015Q2,1,0,0,59,0.016949153,0
natural_factor,EP,2016Q2,1,0,0,90,0.011111111,0
natural_factor,EP,2017Q1,2,0,0,73,0.02739726,0
natural_factor,EP,2017Q3,1,0,0,112,0.008928571,0
natural_factor,EP,2017Q4,1,0,0,125,0.008,0
natural_factor,EP,2019Q1,1,0,0,140,0.007142857,0
natural_factor,EP,2019Q2,4,-0.25,-1,154,0.025974026,-0.025974026
natural_factor,EP,2020Q1,5,0,0,213,0.023474178,0
natural_factor,EP,2020Q2,1,0,0,190,0.005263158,0
natural_factor,EP,2020Q3,1,0,0,144,0.006944444,0
natural_factor,EP,2020Q4,4,0,0,180,0.022222222,0
natural_factor,EP,2021Q1,1,0,0,215,0.004651163,0
natural_factor,EP,2021Q2,2,0,0,193,0.010362694,0
natural_factor,EP,2021Q3,2,0,0,216,0.009259259,0
natural_factor,EP,2021Q4,1,0,0,164,0.006097561,0
natural_factor,EP,2022Q1,1,0,0,150,0.006666667,0
natural_factor,EP,2022Q2,1,0,0,131,0.007633588,0
natural_factor,EP,2022Q3,3,0,0,103,0.029126214,0
natural_factor,EP,2022Q4,1,0,0,153,0.006535948,0
natural_factor,EP,2023Q1,2,0,0,151,0.013245033,0
natural_factor,EP,2023Q2,1,0,0,212,0.004716981,0
natural_factor,EP,2023Q4,1,0,0,130,0.007692308,0
natural_factor,EP,2024Q1,2,0,0,128,0.015625,0
natural_factor,EP,2024Q2,4,0,0,102,0.039215686,0
natural_factor,EP,2024Q3,1,0,0,163,0.006134969,0
natural_factor,EPM,2000Q1,1,0,0,8,0.125,0
natural_factor,EPM,2014Q4,1,0,0,81,0.012345679,0
natural_factor,EPM,2018Q4,1,0,0,143,0.006993007,0
natural_factor,EPM,2019Q1,1,0,0,140,0.007142857,0
natural_factor,EPM,2019Q2,1,0,0,154,0.006493506,0
natural_factor,EPM,2019Q4,1,0,0,172,0.005813953,0
natural_factor,EPM,2020Q4,1,0,0,180,0.005555556,0
natural_factor,EPM,2021Q1,1,0,0,215,0.004651163,0
natural_factor,EPM,2021Q4,1,0,0,164,0.006097561,0
natural_factor,EPM,2022Q3,1,0,0,103,0.009708738,0
natural_factor,EPSN,2010Q2,1,0,0,55,0.018181818,0
natural_factor,EQT,2001Q4,1,0,0,12,0.083333333,0
natural_factor,EQT,2002Q3,1,0,0,8,0.125,0
natural_factor,EQT,2003Q2,1,0,0,10,0.1,0
natural_factor,EQT,2003Q4,1,0,0,11,0.090909091,0
natural_factor,EQT,2004Q2,1,0,0,11,0.090909091,0
natural_factor,EQT,2005Q4,3,0,0,17,0.176470588,0
natural_factor,EQT,2006Q3,1,0,0,18,0.055555556,0
natural_factor,EQT,2007Q1,2,0,0,9,0.222222222,0
natural_factor,EQT,2007Q4,1,0,0,6,0.166666667,0
natural_factor,EQT,2008Q1,2,0,0,10,0.2,0
natural_factor,EQT,2009Q3,1,1,1,27,0.037037037,0.037037037
natural_factor,EQT,2009Q4,1,0,0,32,0.03125,0
natural_factor,EQT,2010Q3,2,0,0,92,0.02173913,0
natural_factor,EQT,2010Q4,2,0,0,41,0.048780488,0
natural_factor,EQT,2011Q1,6,0,0,39,0.153846154,0
natural_factor,EQT,2011Q2,5,0,0,35,0.142857143,0
natural_factor,EQT,2011Q4,4,0,0,38,0.105263158,0
natural_factor,EQT,2012Q1,1,0,0,48,0.020833333,0
natural_factor,EQT,2012Q2,1,0,0,35,0.028571429,0
natural_factor,EQT,2012Q3,1,0,0,54,0.018518519,0
natural_factor,EQT,2012Q4,2,0,0,45,0.044444444,0
natural_factor,EQT,2013Q1,2,0,0,68,0.029411765,0
natural_factor,EQT,2013Q2,4,0,0,47,0.085106383,0
natural_factor,EQT,2013Q3,2,0,0,55,0.036363636,0
natural_factor,EQT,2013Q4,4,0,0,41,0.097560976,0
natural_factor,EQT,2014Q1,3,0,0,29,0.103448276,0
natural_factor,EQT,2014Q2,2,0,0,38,0.052631579,0
natural_factor,EQT,2014Q3,2,0,0,39,0.051282051,0
natural_factor,EQT,2014Q4,10,0,0,81,0.12345679,0
natural_factor,EQT,2015Q1,2,0,0,73,0.02739726,0
natural_factor,EQT,2015Q2,5,0,0,59,0.084745763,0
natural_factor,EQT,2015Q3,3,0,0,95,0.031578947,0
natural_factor,EQT,2015Q4,7,0,0,74,0.094594595,0
natural_factor,EQT,2016Q1,13,0,0,88,0.147727273,0
natural_factor,EQT,2016Q2,8,0,0,90,0.088888889,0
natural_factor,EQT,2016Q3,10,0,0,88,0.113636364,0
natural_factor,EQT,2016Q4,8,0,0,73,0.109589041,0
natural_factor,EQT,2017Q1,3,0,0,73,0.04109589,0
natural_factor,EQT,2017Q2,11,0,0,98,0.112244898,0
natural_factor,EQT,2017Q3,15,-0.133333333,-2,112,0.133928571,-0.267857143
natural_factor,EQT,2017Q4,12,0,0,125,0.096,0
natural_factor,EQT,2018Q1,5,0,0,94,0.053191489,0
natural_factor,EQT,2018Q2,3,0,0,130,0.023076923,0
natural_factor,EQT,2018Q3,5,0,0,126,0.03968254,0
natural_factor,EQT,2018Q4,24,0.083333333,2,143,0.167832168,0.335664336
natural_factor,EQT,2019Q1,18,0,0,140,0.128571429,0
natural_factor,EQT,2019Q2,37,0.027027027,1,154,0.24025974,0.24025974
natural_factor,EQT,2019Q3,24,-0.083333333,-2,157,0.152866242,-0.305732484
natural_factor,EQT,2019Q4,22,0,0,172,0.127906977,0
natural_factor,EQT,2020Q1,15,-0.066666667,-1,213,0.070422535,-0.070422535
natural_factor,EQT,2020Q2,8,0,0,190,0.042105263,0
natural_factor,EQT,2020Q3,21,-0.095238095,-2,144,0.145833333,-0.291666667
natural_factor,EQT,2020Q4,30,0,0,180,0.166666667,0
natural_factor,EQT,2021Q1,26,0,0,215,0.120930233,0
natural_factor,EQT,2021Q2,42,0,0,193,0.21761658,0
natural_factor,EQT,2021Q3,45,0.022222222,1,216,0.208333333,0.208333333
natural_factor,EQT,2021Q4,37,0,0,164,0.225609756,0
natural_factor,EQT,2022Q1,34,0,0,150,0.226666667,0
natural_factor,EQT,2022Q2,21,0.095238095,2,131,0.160305344,0.320610687
natural_factor,EQT,2022Q3,9,0.111111111,1,103,0.087378641,0.087378641
natural_factor,EQT,2022Q4,23,0,0,153,0.150326797,0
natural_factor,EQT,2023Q1,15,0,0,151,0.099337748,0
natural_factor,EQT,2023Q2,40,0.1,4,212,0.188679245,0.754716981
natural_factor,EQT,2023Q3,25,0.04,1,137,0.182481752,0.182481752
natural_factor,EQT,2023Q4,26,0.192307692,5,130,0.2,1
natural_factor,EQT,2024Q1,36,0.111111111,4,128,0.28125,1.125
natural_factor,EQT,2024Q2,29,0.068965517,2,102,0.284313725,0.568627451
natural_factor,EQT,2024Q3,21,0.142857143,3,163,0.128834356,0.386503067
natural_factor,EQT,2024Q4,16,0.0625,1,146,0.109589041,0.109589041
natural_factor,EXE,1998Q2,1,0,0,3,0.333333333,0
natural_factor,EXE,1999Q4,1,0,0,6,0.166666667,0
natural_factor,EXE,2000Q2,1,0,0,10,0.1,0
natural_factor,EXE,2001Q3,1,0,0,10,0.1,0
natural_factor,EXE,2002Q2,1,0,0,12,0.083333333,0
natural_factor,EXE,2003Q3,2,0,0,4,0.5,0
natural_factor,EXE,2007Q3,1,0,0,12,0.083333333,0
natural_factor,EXE,2014Q4,1,0,0,81,0.012345679,0
natural_factor,EXE,2015Q3,1,0,0,95,0.010526316,0
natural_factor,EXE,2015Q4,1,0,0,74,0.013513514,0
natural_factor,EXE,2016Q1,1,0,0,88,0.011363636,0
natural_factor,EXE,2024Q4,2,0,0,146,0.01369863,0
natural_factor,FANG,2014Q2,1,0,0,38,0.026315789,0
natural_factor,FANG,2014Q3,1,0,0,39,0.025641026,0
natural_factor,FANG,2016Q1,4,0.25,1,88,0.045454545,0.045454545
natural_factor,FANG,2016Q3,3,0.666666667,2,88,0.034090909,0.068181818
natural_factor,FANG,2016Q4,1,0,0,73,0.01369863,0
natural_factor,FANG,2017Q1,2,0,0,73,0.02739726,0
natural_factor,FANG,2017Q2,6,0,0,98,0.06122449,0
natural_factor,FANG,2017Q3,5,0,0,112,0.044642857,0
natural_factor,FANG,2017Q4,5,0,0,125,0.04,0
natural_factor,FANG,2018Q1,5,0,0,94,0.053191489,0
natural_factor,FANG,2018Q2,17,0,0,130,0.130769231,0
natural_factor,FANG,2018Q3,23,-0.043478261,-1,126,0.182539683,-0.182539683
natural_factor,FANG,2018Q4,19,0,0,143,0.132867133,0
natural_factor,FANG,2019Q1,3,0,0,140,0.021428571,0
natural_factor,FANG,2019Q2,3,-0.333333333,-1,154,0.019480519,-0.019480519
natural_factor,FANG,2019Q3,7,0.142857143,1,157,0.044585987,0.044585987
natural_factor,FANG,2019Q4,1,0,0,172,0.005813953,0
natural_factor,FANG,2020Q1,3,0.333333333,1,213,0.014084507,0.014084507
natural_factor,FANG,2020Q3,2,-1.5,-3,144,0.013888889,-0.041666667
natural_factor,FANG,2020Q4,3,0,0,180,0.016666667,0
natural_factor,FANG,2021Q1,6,-0.333333333,-2,215,0.027906977,-0.055813953
natural_factor,FANG,2021Q2,3,0.333333333,1,193,0.015544041,0.015544041
natural_factor,FANG,2021Q3,3,0.666666667,2,216,0.013888889,0.027777778
natural_factor,FANG,2021Q4,1,1,1,164,0.006097561,0.006097561
natural_factor,FANG,2022Q1,5,0,0,150,0.033333333,0
natural_factor,FANG,2022Q4,4,0,0,153,0.026143791,0
natural_factor,FANG,2023Q2,2,0,0,212,0.009433962,0
natural_factor,FANG,2023Q3,1,0,0,137,0.00729927,0
natural_factor,FANG,2024Q1,1,0,0,128,0.0078125,0
natural_factor,FANG,2024Q3,1,-1,-1,163,0.006134969,-0.006134969
natural_factor,FANG,2024Q4,2,-0.5,-1,146,0.01369863,-0.01369863
natural_factor,FANG,2025Q1,1,1,1,9,0.111111111,0.111111111
natural_factor,GDP,2014Q4,1,0,0,81,0.012345679,0
natural_factor,GDP,2016Q2,4,0,0,90,0.044444444,0
natural_factor,GDP,2016Q4,3,0,0,73,0.04109589,0
natural_factor,GDP,2017Q2,2,0,0,98,0.020408163,0
natural_factor,GDP,2018Q4,2,0,0,143,0.013986014,0
natural_factor,GPRK,2017Q3,1,0,0,112,0.008928571,0
natural_factor,GPRK,2017Q4,1,0,0,125,0.008,0
natural_factor,GPRK,2018Q1,1,0,0,94,0.010638298,0
natural_factor,GPRK,2025Q1,1,2,2,9,0.111111111,0.222222222
natural_factor,HAL,2009Q3,1,0,0,27,0.037037037,0
natural_factor,HAL,2009Q4,1,0,0,32,0.03125,0
natural_factor,HAL,2010Q2,5,-0.4,-2,55,0.090909091,-0.181818182
natural_factor,HAL,2010Q3,5,0,0,92,0.054347826,0
natural_factor,HAL,2011Q1,4,-0.5,-2,39,0.102564103,-0.205128205
natural_factor,HAL,2011Q2,1,1,1,35,0.028571429,0.028571429
natural_factor,HAL,2011Q3,3,0.666666667,2,28,0.107142857,0.214285714
natural_factor,HAL,2012Q2,1,2,2,35,0.028571429,0.057142857
natural_factor,HAL,2012Q3,1,1,1,54,0.018518519,0.018518519
natural_factor,HAL,2012Q4,1,1,1,45,0.022222222,0.022222222
natural_factor,HAL,2013Q1,2,-0.5,-1,68,0.029411765,-0.029411765
natural_factor,HAL,2013Q3,1,-1,-1,55,0.018181818,-0.018181818
natural_factor,HAL,2014Q1,1,1,1,29,0.034482759,0.034482759
natural_factor,HAL,2014Q2,3,0.666666667,2,38,0.078947368,0.157894737
natural_factor,HAL,2014Q4,10,0.6,6,81,0.12345679,0.740740741
natural_factor,HAL,2015Q1,3,0,0,73,0.04109589,0
natural_factor,HAL,2015Q2,3,1,3,59,0.050847458,0.152542373
natural_factor,HAL,2015Q3,5,-0.4,-2,95,0.052631579,-0.105263158
natural_factor,HAL,2015Q4,5,-1.2,-6,74,0.067567568,-0.405405405
natural_factor,HAL,2016Q1,3,-1,-3,88,0.034090909,-0.102272727
natural_factor,HAL,2016Q2,5,-1.2,-6,90,0.055555556,-0.333333333
natural_factor,HAL,2016Q3,2,-0.5,-1,88,0.022727273,-0.022727273
natural_factor,HAL,2016Q4,3,0,0,73,0.04109589,0
natural_factor,HAL,2017Q1,3,-1,-3,73,0.04109589,-0.123287671
natural_factor,HAL,2017Q2,3,0,0,98,0.030612245,0
natural_factor,HAL,2017Q3,2,0,0,112,0.017857143,0
natural_factor,HAL,2017Q4,1,1,1,125,0.008,0.008
natural_factor,HAL,2018Q1,4,0.5,2,94,0.042553191,0.085106383
natural_factor,HAL,2018Q2,1,-1,-1,130,0.007692308,-0.007692308
natural_factor,HAL,2018Q3,2,-1,-2,126,0.015873016,-0.031746032
natural_factor,HAL,2018Q4,2,1,2,143,0.013986014,0.027972028
natural_factor,HAL,2019Q1,2,-1,-2,140,0.014285714,-0.028571429
natural_factor,HAL,2019Q2,4,0.25,1,154,0.025974026,0.025974026
natural_factor,HAL,2019Q3,5,-0.2,-1,157,0.031847134,-0.031847134
natural_factor,HAL,2019Q4,2,-1,-2,172,0.011627907,-0.023255814
natural_factor,HAL,2020Q1,1,-1,-1,213,0.004694836,-0.004694836
natural_factor,HAL,2020Q2,6,-0.5,-3,190,0.031578947,-0.094736842
natural_factor,HAL,2020Q3,6,0.666666667,4,144,0.041666667,0.166666667
natural_factor,HAL,2020Q4,2,-1,-2,180,0.011111111,-0.022222222
natural_factor,HAL,2021Q1,2,2,4,215,0.009302326,0.037209302
natural_factor,HAL,2021Q2,2,0,0,193,0.010362694,0
natural_factor,HAL,2021Q3,11,0.454545455,5,216,0.050925926,0.25462963
natural_factor,HAL,2021Q4,1,2,2,164,0.006097561,0.012195122
natural_factor,HAL,2022Q1,2,1.5,3,150,0.013333333,0.04
natural_factor,HAL,2022Q2,2,0,0,131,0.015267176,0
natural_factor,HAL,2022Q3,1,-1,-1,103,0.009708738,-0.009708738
natural_factor,HAL,2022Q4,1,0,0,153,0.006535948,0
natural_factor,HAL,2023Q2,4,0,0,212,0.018867925,0
natural_factor,HAL,2023Q3,2,-1,-2,137,0.01459854,-0.02919708
natural_factor,HAL,2024Q3,1,0,0,163,0.006134969,0
natural_factor,HAL,2024Q4,1,0,0,146,0.006849315,0
natural_factor,HESM,2019Q4,1,2,2,172,0.005813953,0.011627907
natural_factor,HESM,2023Q4,1,2,2,130,0.007692308,0.015384615
natural_factor,HESM,2024Q3,1,1,1,163,0.006134969,0.006134969
natural_factor,HESM,2024Q4,1,0,0,146,0.006849315,0
natural_factor,HLX,2011Q1,2,0,0,39,0.051282051,0
natural_factor,HLX,2016Q4,1,0,0,73,0.01369863,0
natural_factor,HP,1998Q4,2,0,0,8,0.25,0
natural_factor,HP,1999Q1,1,0,0,18,0.055555556,0
natural_factor,HP,1999Q2,1,0,0,6,0.166666667,0
natural_factor,HP,1999Q3,6,0.166666667,1,14,0.428571429,0.428571429
natural_factor,HP,1999Q4,1,-1,-1,6,0.166666667,-0.166666667
natural_factor,HP,2000Q1,2,0,0,8,0.25,0
natural_factor,HP,2000Q2,1,0,0,10,0.1,0
natural_factor,HP,2000Q3,1,0,0,8,0.125,0
natural_factor,HP,2000Q4,4,0,0,9,0.444444444,0
natural_factor,HP,2001Q1,3,0,0,22,0.136363636,0
natural_factor,HP,2001Q2,1,0,0,11,0.090909091,0
natural_factor,HP,2001Q3,5,0,0,10,0.5,0
natural_factor,HP,2001Q4,3,0,0,12,0.25,0
natural_factor,HP,2002Q1,19,0.105263158,2,32,0.59375,1.1875
natural_factor,HP,2002Q2,4,0,0,12,0.333333333,0
natural_factor,HP,2002Q3,2,0,0,8,0.25,0
natural_factor,HP,2002Q4,2,0.5,1,9,0.222222222,0.222222222
natural_factor,HP,2003Q1,1,0,0,3,0.333333333,0
natural_factor,HP,2003Q4,1,0,0,11,0.090909091,0
natural_factor,HP,2004Q1,7,0,0,19,0.368421053,0
natural_factor,HP,2004Q2,1,0,0,11,0.090909091,0
natural_factor,HP,2004Q4,6,0.166666667,1,12,0.5,0.5
natural_factor,HP,2005Q1,7,0,0,17,0.411764706,0
natural_factor,HP,2005Q2,10,-0.1,-1,18,0.555555556,-0.555555556
natural_factor,HP,2005Q3,1,0,0,6,0.166666667,0
natural_factor,HP,2005Q4,4,0,0,17,0.235294118,0
natural_factor,HP,2006Q1,2,0.5,1,10,0.2,0.2
natural_factor,HP,2006Q2,1,0,0,16,0.0625,0
natural_factor,HP,2006Q3,7,0.571428571,4,18,0.388888889,1.555555556
natural_factor,HP,2006Q4,3,0,0,10,0.3,0
natural_factor,HP,2007Q2,2,0,0,23,0.086956522,0
natural_factor,HP,2007Q3,1,0,0,12,0.083333333,0
natural_factor,HP,2008Q1,1,0,0,10,0.1,0
natural_factor,HP,2008Q2,3,0,0,9,0.333333333,0
natural_factor,HP,2008Q3,1,0,0,8,0.125,0
natural_factor,HP,2008Q4,2,0,0,18,0.111111111,0
natural_factor,HP,2009Q1,4,-0.25,-1,19,0.210526316,-0.210526316
natural_factor,HP,2009Q2,3,0,0,15,0.2,0
natural_factor,HP,2009Q3,6,0,0,27,0.222222222,0
natural_factor,HP,2009Q4,14,0.071428571,1,32,0.4375,0.4375
natural_factor,HP,2010Q1,5,0.2,1,25,0.2,0.2
natural_factor,HP,2010Q2,7,-0.142857143,-1,55,0.127272727,-0.127272727
natural_factor,HP,2010Q3,26,-0.038461538,-1,92,0.282608696,-0.282608696
natural_factor,HP,2010Q4,9,0,0,41,0.219512195,0
natural_factor,HP,2011Q1,4,0.25,1,39,0.102564103,0.102564103
natural_factor,HP,2011Q2,4,0,0,35,0.114285714,0
natural_factor,HP,2011Q3,8,0,0,28,0.285714286,0
natural_factor,HP,2011Q4,6,0.166666667,1,38,0.157894737,0.157894737
natural_factor,HP,2012Q1,5,0,0,48,0.104166667,0
natural_factor,HP,2012Q2,4,0,0,35,0.114285714,0
natural_factor,HP,2012Q3,5,0,0,54,0.092592593,0
natural_factor,HP,2012Q4,9,0,0,45,0.2,0
natural_factor,HP,2013Q1,12,-0.083333333,-1,68,0.176470588,-0.176470588
natural_factor,HP,2013Q2,6,0,0,47,0.127659574,0
natural_factor,HP,2013Q3,7,0,0,55,0.127272727,0
natural_factor,HP,2013Q4,5,0,0,41,0.12195122,0
natural_factor,HP,2014Q1,8,0,0,29,0.275862069,0
natural_factor,HP,2014Q2,1,0,0,38,0.026315789,0
natural_factor,HP,2014Q3,5,0,0,39,0.128205128,0
natural_factor,HP,2014Q4,14,0.142857143,2,81,0.172839506,0.345679012
natural_factor,HP,2015Q1,8,0,0,73,0.109589041,0
natural_factor,HP,2015Q2,14,0,0,59,0.237288136,0
natural_factor,HP,2015Q3,17,-0.117647059,-2,95,0.178947368,-0.357894737
natural_factor,HP,2015Q4,15,-0.066666667,-1,74,0.202702703,-0.202702703
natural_factor,HP,2016Q1,6,0,0,88,0.068181818,0
natural_factor,HP,2016Q2,17,0,0,90,0.188888889,0
natural_factor,HP,2016Q3,15,0,0,88,0.170454545,0
natural_factor,HP,2016Q4,9,0,0,73,0.123287671,0
natural_factor,HP,2017Q1,5,0,0,73,0.068493151,0
natural_factor,HP,2017Q2,15,0.066666667,1,98,0.153061224,0.153061224
natural_factor,HP,2017Q3,12,0,0,112,0.107142857,0
natural_factor,HP,2017Q4,16,0,0,125,0.128,0
natural_factor,HP,2018Q1,9,0,0,94,0.095744681,0
natural_factor,HP,2018Q2,10,0,0,130,0.076923077,0
natural_factor,HP,2018Q3,8,-0.125,-1,126,0.063492063,-0.063492063
natural_factor,HP,2018Q4,9,0.111111111,1,143,0.062937063,0.062937063
natural_factor,HP,2019Q1,23,0.043478261,1,140,0.164285714,0.164285714
natural_factor,HP,2019Q2,11,-0.181818182,-2,154,0.071428571,-0.142857143
natural_factor,HP,2019Q3,10,0,0,157,0.063694268,0
natural_factor,HP,2019Q4,39,0.051282051,2,172,0.226744186,0.453488372
natural_factor,HP,2020Q1,28,-0.035714286,-1,213,0.131455399,-0.131455399
natural_factor,HP,2020Q2,15,-0.266666667,-4,190,0.078947368,-0.315789474
natural_factor,HP,2020Q3,11,-0.272727273,-3,144,0.076388889,-0.229166667
natural_factor,HP,2020Q4,9,0,0,180,0.05,0
natural_factor,HP,2021Q1,10,-0.3,-3,215,0.046511628,-0.139534884
natural_factor,HP,2021Q2,17,-0.117647059,-2,193,0.088082902,-0.176165803
natural_factor,HP,2021Q3,13,-0.076923077,-1,216,0.060185185,-0.060185185
natural_factor,HP,2021Q4,10,0.2,2,164,0.06097561,0.12195122
natural_factor,HP,2022Q1,8,0.125,1,150,0.053333333,0.053333333
natural_factor,HP,2022Q2,19,0.105263158,2,131,0.145038168,0.290076336
natural_factor,HP,2022Q3,5,0,0,103,0.048543689,0
natural_factor,HP,2022Q4,22,-0.136363636,-3,153,0.14379085,-0.431372549
natural_factor,HP,2023Q1,21,0,0,151,0.139072848,0
natural_factor,HP,2023Q2,15,0,0,212,0.070754717,0
natural_factor,HP,2023Q3,20,0,0,137,0.145985401,0
natural_factor,HP,2023Q4,21,0,0,130,0.161538462,0
natural_factor,HP,2024Q1,15,0,0,128,0.1171875,0
natural_factor,HP,2024Q2,12,0,0,102,0.117647059,0
natural_factor,HP,2024Q3,17,0,0,163,0.104294479,0
natural_factor,HP,2024Q4,14,0,0,146,0.095890411,0
natural_factor,IOGPQ,2018Q2,2,-1.5,-3,130,0.015384615,-0.046153846
natural_factor,KRP,2019Q4,1,1,1,172,0.005813953,0.005813953
natural_factor,KRP,2022Q1,1,0,0,150,0.006666667,0
natural_factor,KRP,2024Q4,1,1,1,146,0.006849315,0.006849315
natural_factor,LNG,2024Q4,1,1,1,146,0.006849315,0.006849315
natural_factor,MNR,2008Q1,1,0,0,10,0.1,0
natural_factor,MNR,2012Q3,1,0,0,54,0.018518519,0
natural_factor,MNR,2023Q1,1,-2,-2,151,0.006622517,-0.013245033
natural_factor,MNR,2023Q2,1,1,1,212,0.004716981,0.004716981
natural_factor,MXC,2012Q1,1,0,0,48,0.020833333,0
natural_factor,MXC,2017Q4,2,0,0,125,0.016,0
natural_factor,NBR,2001Q4,2,1,2,12,0.166666667,0.333333333
natural_factor,NBR,2006Q4,1,1,1,10,0.1,0.1
natural_factor,NBR,2007Q4,1,1,1,6,0.166666667,0.166666667
natural_factor,NBR,2008Q4,2,-1,-2,18,0.111111111,-0.222222222
natural_factor,NBR,2009Q1,1,1,1,19,0.052631579,0.052631579
natural_factor,NBR,2009Q2,1,-1,-1,15,0.066666667,-0.066666667
natural_factor,NBR,2010Q2,1,-1,-1,55,0.018181818,-0.018181818
natural_factor,NBR,2011Q2,1,1,1,35,0.028571429,0.028571429
natural_factor,NBR,2011Q4,3,-0.666666667,-2,38,0.078947368,-0.157894737
natural_factor,NBR,2012Q1,1,0,0,48,0.020833333,0
natural_factor,NBR,2012Q4,2,-1.5,-3,45,0.044444444,-0.133333333
natural_factor,NBR,2013Q2,1,-1,-1,47,0.021276596,-0.021276596
natural_factor,NBR,2013Q3,2,-1,-2,55,0.036363636,-0.072727273
natural_factor,NBR,2014Q1,1,0,0,29,0.034482759,0
natural_factor,NBR,2014Q2,4,-0.25,-1,38,0.105263158,-0.105263158
natural_factor,NBR,2014Q3,1,-1,-1,39,0.025641026,-0.025641026
natural_factor,NBR,2014Q4,5,-0.2,-1,81,0.061728395,-0.061728395
natural_factor,NBR,2015Q1,3,-0.666666667,-2,73,0.04109589,-0.082191781
natural_factor,NBR,2015Q2,1,-1,-1,59,0.016949153,-0.016949153
natural_factor,NBR,2015Q3,1,-2,-2,95,0.010526316,-0.021052632
natural_factor,NBR,2015Q4,1,-1,-1,74,0.013513514,-0.013513514
natural_factor,NBR,2017Q4,1,0,0,125,0.008,0
natural_factor,NBR,2019Q1,1,-1,-1,140,0.007142857,-0.007142857
natural_factor,NBR,2021Q2,1,0,0,193,0.005181347,0
natural_factor,NBR,2022Q1,1,0,0,150,0.006666667,0
natural_factor,NBR,2022Q2,1,0,0,131,0.007633588,0
natural_factor,NBR,2023Q1,1,0,0,151,0.006622517,0
natural_factor,NBR,2023Q3,1,0,0,137,0.00729927,0
natural_factor,NBR,2024Q3,1,0,0,163,0.006134969,0
natural_factor,NE,2000Q3,1,0,0,8,0.125,0
natural_factor,NE,2002Q2,1,0,0,12,0.083333333,0
natural_factor,NE,2004Q2,1,0,0,11,0.090909091,0
natural_factor,NE,2004Q3,1,0,0,14,0.071428571,0
natural_factor,NE,2007Q1,1,1,1,9,0.111111111,0.111111111
natural_factor,NE,2007Q3,1,0,0,12,0.083333333,0
natural_factor,NE,2008Q2,1,0,0,9,0.111111111,0
natural_factor,NE,2009Q3,1,0,0,27,0.037037037,0
natural_factor,NE,2012Q4,1,0,0,45,0.022222222,0
natural_factor,NE,2014Q3,1,0,0,39,0.025641026,0
natural_factor,NE,2015Q4,2,-0.5,-1,74,0.027027027,-0.027027027
natural_factor,NE,2016Q1,1,0,0,88,0.011363636,0
natural_factor,NE,2018Q1,1,1,1,94,0.010638298,0.010638298
natural_factor,NE,2018Q2,1,0,0,130,0.007692308,0
natural_factor,NE,2019Q2,1,0,0,154,0.006493506,0
natural_factor,NE,2019Q4,1,0,0,172,0.005813953,0
natural_factor,NE,2021Q2,1,0,0,193,0.005181347,0
natural_factor,NE,2023Q3,1,0,0,137,0.00729927,0
natural_factor,NE,2024Q3,1,0,0,163,0.006134969,0
natural_factor,NE,2024Q4,1,0,0,146,0.006849315,0
natural_factor,NES,2004Q2,1,0,0,11,0.090909091,0
natural_factor,NES,2005Q3,1,0,0,6,0.166666667,0
natural_factor,NES,2010Q4,1,0,0,41,0.024390244,0
natural_factor,NES,2011Q3,1,0,0,28,0.035714286,0
natural_factor,NES,2013Q3,1,0,0,55,0.018181818,0
natural_factor,NES,2014Q1,1,-1,-1,29,0.034482759,-0.034482759
natural_factor,NES,2014Q3,1,2,2,39,0.025641026,0.051282051
natural_factor,NES,2014Q4,1,0,0,81,0.012345679,0
natural_factor,NES,2015Q1,1,0,0,73,0.01369863,0
natural_factor,NES,2015Q4,1,0,0,74,0.013513514,0
natural_factor,NES,2017Q1,2,0.5,1,73,0.02739726,0.02739726
natural_factor,NES,2017Q2,1,-1,-1,98,0.010204082,-0.010204082
natural_factor,NES,2017Q4,1,0,0,125,0.008,0
natural_factor,NES,2018Q2,1,0,0,130,0.007692308,0
natural_factor,NES,2018Q3,1,0,0,126,0.007936508,0
natural_factor,NES,2019Q1,4,0.25,1,140,0.028571429,0.028571429
natural_factor,NES,2020Q4,1,0,0,180,0.005555556,0
natural_factor,NES,2021Q1,1,0,0,215,0.004651163,0
natural_factor,NES,2021Q2,1,0,0,193,0.005181347,0
natural_factor,NES,2021Q4,3,0,0,164,0.018292683,0
natural_factor,NES,2023Q2,1,0,0,212,0.004716981,0
natural_factor,NES,2023Q3,1,0,0,137,0.00729927,0
natural_factor,NES,2023Q4,1,0,0,130,0.007692308,0
natural_factor,NESR,2017Q2,1,1,1,98,0.010204082,0.010204082
natural_factor,NESR,2018Q2,1,1,1,130,0.007692308,0.007692308
natural_factor,NEX,2004Q3,1,0,0,14,0.071428571,0
natural_factor,NEX,2007Q1,1,0,0,9,0.111111111,0
natural_factor,NEX,2009Q4,2,1,2,32,0.0625,0.125
natural_factor,NEX,2010Q4,2,0,0,41,0.048780488,0
natural_factor,NEX,2011Q4,1,0,0,38,0.026315789,0
natural_factor,NEX,2012Q3,1,0,0,54,0.018518519,0
natural_factor,NEX,2016Q3,1,0,0,88,0.011363636,0
natural_factor,NEX,2016Q4,1,0,0,73,0.01369863,0
natural_factor,NEX,2017Q1,1,0,0,73,0.01369863,0
natural_factor,NEX,2017Q2,3,-0.333333333,-1,98,0.030612245,-0.030612245
natural_factor,NEX,2017Q3,2,-0.5,-1,112,0.017857143,-0.017857143
natural_factor,NEX,2018Q1,3,0.333333333,1,94,0.031914894,0.031914894
natural_factor,NEX,2018Q2,1,0,0,130,0.007692308,0
natural_factor,NEX,2018Q3,1,0,0,126,0.007936508,0
natural_factor,NEX,2018Q4,1,0,0,143,0.006993007,0
natural_factor,NEX,2019Q1,1,0,0,140,0.007142857,0
natural_factor,NEX,2019Q3,6,0.166666667,1,157,0.038216561,0.038216561
natural_factor,NEX,2020Q1,2,0,0,213,0.009389671,0
natural_factor,NEX,2020Q2,4,-0.25,-1,190,0.021052632,-0.021052632
natural_factor,NEX,2020Q3,6,-0.333333333,-2,144,0.041666667,-0.083333333
natural_factor,NEX,2020Q4,4,-0.25,-1,180,0.022222222,-0.022222222
natural_factor,NEX,2021Q1,4,0,0,215,0.018604651,0
natural_factor,NEX,2021Q2,2,0.5,1,193,0.010362694,0.010362694
natural_factor,NEX,2021Q3,1,0,0,216,0.00462963,0
natural_factor,NEX,2021Q4,2,0,0,164,0.012195122,0
natural_factor,NEX,2022Q3,1,0,0,103,0.009708738,0
natural_factor,NEX,2023Q2,1,-1,-1,212,0.004716981,-0.004716981
natural_factor,NEX,2023Q3,1,0,0,137,0.00729927,0
natural_factor,PDCE,2016Q1,1,1,1,88,0.011363636,0.011363636
natural_factor,PDCE,2016Q3,3,1.333333333,4,88,0.034090909,0.136363636
natural_factor,PDCE,2017Q1,1,1,1,73,0.01369863,0.01369863
natural_factor,PDCE,2017Q2,1,-2,-2,98,0.010204082,-0.020408163
natural_factor,PDCE,2017Q3,1,1,1,112,0.008928571,0.008928571
natural_factor,PDCE,2017Q4,1,-1,-1,125,0.008,-0.008
natural_factor,PDCE,2019Q1,1,1,1,140,0.007142857,0.007142857
natural_factor,PDCE,2019Q2,1,-1,-1,154,0.006493506,-0.006493506
natural_factor,PDCE,2023Q2,1,1,1,212,0.004716981,0.004716981
natural_factor,PED,2002Q2,1,0,0,12,0.083333333,0
natural_factor,PED,2009Q1,1,0,0,19,0.052631579,0
natural_factor,PED,2010Q2,1,1,1,55,0.018181818,0.018181818
natural_factor,PED,2010Q3,3,-0.333333333,-1,92,0.032608696,-0.032608696
natural_factor,PED,2011Q2,1,1,1,35,0.028571429,0.028571429
natural_factor,PED,2012Q1,1,0,0,48,0.020833333,0
natural_factor,PED,2012Q2,1,0,0,35,0.028571429,0
natural_factor,PED,2012Q3,2,0,0,54,0.037037037,0
natural_factor,PED,2012Q4,1,0,0,45,0.022222222,0
natural_factor,PED,2013Q1,4,-0.25,-1,68,0.058823529,-0.058823529
natural_factor,PED,2013Q2,4,0,0,47,0.085106383,0
natural_factor,PED,2013Q3,11,-0.363636364,-4,55,0.2,-0.8
natural_factor,PED,2013Q4,2,0,0,41,0.048780488,0
natural_factor,PED,2014Q1,3,-0.333333333,-1,29,0.103448276,-0.103448276
natural_factor,PED,2014Q2,5,-0.6,-3,38,0.131578947,-0.394736842
natural_factor,PED,2014Q3,1,0,0,39,0.025641026,0
natural_factor,PED,2014Q4,2,-0.5,-1,81,0.024691358,-0.024691358
natural_factor,PED,2015Q1,4,-0.25,-1,73,0.054794521,-0.054794521
natural_factor,PED,2015Q2,4,0,0,59,0.06779661,0
natural_factor,PED,2015Q3,2,-0.5,-1,95,0.021052632,-0.021052632
natural_factor,PED,2015Q4,1,0,0,74,0.013513514,0
natural_factor,PED,2016Q1,3,0,0,88,0.034090909,0
natural_factor,PED,2016Q3,3,0,0,88,0.034090909,0
natural_factor,PED,2017Q2,1,1,1,98,0.010204082,0.010204082
natural_factor,PED,2019Q3,1,0,0,157,0.006369427,0
natural_factor,PED,2020Q3,1,0,0,144,0.006944444,0
natural_factor,PED,2021Q1,2,-0.5,-1,215,0.009302326,-0.009302326
natural_factor,PED,2022Q2,1,0,0,131,0.007633588,0
natural_factor,PED,2022Q3,1,1,1,103,0.009708738,0.009708738
natural_factor,PED,2022Q4,2,0.5,1,153,0.013071895,0.013071895
natural_factor,PED,2023Q2,1,0,0,212,0.004716981,0
natural_factor,PHX,2009Q1,1,0,0,19,0.052631579,0
natural_factor,PHX,2010Q3,1,-1,-1,92,0.010869565,-0.010869565
natural_factor,PHX,2011Q4,1,0,0,38,0.026315789,0
natural_factor,PHX,2018Q2,1,0,0,130,0.007692308,0
natural_factor,PHX,2019Q4,1,0,0,172,0.005813953,0
natural_factor,PHX,2023Q2,2,0,0,212,0.009433962,0
natural_factor,PHX,2024Q4,1,-1,-1,146,0.006849315,-0.006849315
natural_factor,PNRG,2024Q3,1,-1,-1,163,0.006134969,-0.006134969
natural_factor,PR,1998Q4,1,1,1,8,0.125,0.125
natural_factor,PR,2000Q1,2,1,2,8,0.25,0.5
natural_factor,PR,2000Q2,2,0.5,1,10,0.2,0.2
natural_factor,PR,2000Q3,2,0,0,8,0.25,0
natural_factor,PR,2002Q3,3,0.333333333,1,8,0.375,0.375
natural_factor,PR,2002Q4,1,0,0,9,0.111111111,0
natural_factor,PR,2004Q1,1,0,0,19,0.052631579,0
natural_factor,PR,2004Q2,1,0,0,11,0.090909091,0
natural_factor,PR,2004Q3,1,0,0,14,0.071428571,0
natural_factor,PR,2004Q4,1,1,1,12,0.083333333,0.083333333
natural_factor,PR,2006Q2,2,0.5,1,16,0.125,0.125
natural_factor,PR,2006Q3,2,-1,-2,18,0.111111111,-0.222222222
natural_factor,PR,2007Q1,1,1,1,9,0.111111111,0.111111111
natural_factor,PR,2007Q2,2,-0.5,-1,23,0.086956522,-0.086956522
natural_factor,PR,2007Q3,2,0,0,12,0.166666667,0
natural_factor,PR,2008Q2,2,0.5,1,9,0.222222222,0.222222222
natural_factor,PR,2009Q3,1,0,0,27,0.037037037,0
natural_factor,PR,2010Q1,1,0,0,25,0.04,0
natural_factor,PR,2010Q3,2,0,0,92,0.02173913,0
natural_factor,PR,2010Q4,1,0,0,41,0.024390244,0
natural_factor,PR,2011Q1,1,0,0,39,0.025641026,0
natural_factor,PR,2011Q2,1,0,0,35,0.028571429,0
natural_factor,PR,2011Q3,1,0,0,28,0.035714286,0
natural_factor,PR,2011Q4,1,0,0,38,0.026315789,0
natural_factor,PR,2012Q3,2,0.5,1,54,0.037037037,0.037037037
natural_factor,PR,2013Q2,1,0,0,47,0.021276596,0
natural_factor,PR,2013Q3,2,0,0,55,0.036363636,0
natural_factor,PR,2013Q4,1,0,0,41,0.024390244,0
natural_factor,PR,2015Q1,1,0,0,73,0.01369863,0
natural_factor,PR,2015Q4,4,0,0,74,0.054054054,0
natural_factor,PR,2016Q1,2,0,0,88,0.022727273,0
natural_factor,PR,2016Q2,1,0,0,90,0.011111111,0
natural_factor,PR,2016Q3,1,0,0,88,0.011363636,0
natural_factor,PR,2016Q4,1,0,0,73,0.01369863,0
natural_factor,PR,2017Q3,7,0.142857143,1,112,0.0625,0.0625
natural_factor,PR,2017Q4,2,0,0,125,0.016,0
natural_factor,PR,2018Q1,1,0,0,94,0.010638298,0
natural_factor,PR,2018Q2,2,0,0,130,0.015384615,0
natural_factor,PR,2018Q3,2,0,0,126,0.015873016,0
natural_factor,PR,2018Q4,3,0,0,143,0.020979021,0
natural_factor,PR,2019Q2,1,0,0,154,0.006493506,0
natural_factor,PR,2019Q3,1,0,0,157,0.006369427,0
natural_factor,PR,2020Q1,5,0,0,213,0.023474178,0
natural_factor,PR,2020Q2,3,0,0,190,0.015789474,0
natural_factor,PR,2020Q3,3,0.333333333,1,144,0.020833333,0.020833333
natural_factor,PR,2020Q4,5,0.2,1,180,0.027777778,0.027777778
natural_factor,PR,2021Q1,4,0,0,215,0.018604651,0
natural_factor,PR,2021Q2,3,0.333333333,1,193,0.015544041,0.015544041
natural_factor,PR,2021Q3,2,0,0,216,0.009259259,0
natural_factor,PR,2022Q1,2,0,0,150,0.013333333,0
natural_factor,PR,2022Q2,1,0,0,131,0.007633588,0
natural_factor,PR,2022Q3,5,0,0,103,0.048543689,0
natural_factor,PR,2022Q4,3,0,0,153,0.019607843,0
natural_factor,PR,2023Q2,2,0,0,212,0.009433962,0
natural_factor,PR,2023Q3,1,0,0,137,0.00729927,0
natural_factor,PR,2023Q4,2,0.5,1,130,0.015384615,0.015384615
natural_factor,PR,2024Q1,1,0,0,128,0.0078125,0
natural_factor,PR,2024Q2,1,0,0,102,0.009803922,0
natural_factor,PR,2024Q3,2,0,0,163,0.012269939,0
natural_factor,PR,2024Q4,1,0,0,146,0.006849315,0
natural_factor,PTEN,2003Q4,1,0,0,11,0.090909091,0
natural_factor,PTEN,2005Q3,1,1,1,6,0.166666667,0.166666667
natural_factor,PTEN,2005Q4,1,-1,-1,17,0.058823529,-0.058823529
natural_factor,PTEN,2009Q3,1,1,1,27,0.037037037,0.037037037
natural_factor,PTEN,2011Q1,1,0,0,39,0.025641026,0
natural_factor,PTEN,2016Q4,2,1.5,3,73,0.02739726,0.082191781
natural_factor,PTEN,2017Q3,1,1,1,112,0.008928571,0.008928571
natural_factor,PTEN,2020Q2,1,0,0,190,0.005263158,0
natural_factor,PTEN,2022Q1,1,0,0,150,0.006666667,0
natural_factor,PTEN,2024Q3,1,2,2,163,0.006134969,0.012269939
natural_factor,PTEN,2024Q4,1,-1,-1,146,0.006849315,-0.006849315
natural_factor,PUMP,2019Q3,1,2,2,157,0.006369427,0.012738854
natural_factor,PUMP,2019Q4,2,-1.5,-3,172,0.011627907,-0.034883721
natural_factor,PUMP,2020Q2,1,-1,-1,190,0.005263158,-0.005263158
natural_factor,PUMP,2020Q3,1,0,0,144,0.006944444,0
natural_factor,PUMP,2020Q4,2,0.5,1,180,0.011111111,0.011111111
natural_factor,PUMP,2021Q2,1,1,1,193,0.005181347,0.005181347
natural_factor,PUMP,2021Q3,1,-1,-1,216,0.00462963,-0.00462963
natural_factor,PUMP,2021Q4,2,-0.5,-1,164,0.012195122,-0.012195122
natural_factor,PUMP,2022Q2,1,0,0,131,0.007633588,0
natural_factor,PUMP,2024Q4,1,1,1,146,0.006849315,0.006849315
natural_factor,RES,2013Q3,1,0,0,55,0.018181818,0
natural_factor,RES,2016Q2,1,0,0,90,0.011111111,0
natural_factor,RIG,2008Q3,1,1,1,8,0.125,0.125
natural_factor,RIG,2009Q4,1,1,1,32,0.03125,0.03125
natural_factor,RIG,2010Q1,1,1,1,25,0.04,0.04
natural_factor,RIG,2010Q2,2,-2,-4,55,0.036363636,-0.145454545
natural_factor,RIG,2010Q3,7,-0.285714286,-2,92,0.076086957,-0.152173913
natural_factor,RIG,2010Q4,3,0.666666667,2,41,0.073170732,0.146341463
natural_factor,RIG,2011Q2,1,1,1,35,0.028571429,0.028571429
natural_factor,RIG,2011Q4,1,-2,-2,38,0.026315789,-0.052631579
natural_factor,RIG,2012Q3,2,-1,-2,54,0.037037037,-0.074074074
natural_factor,RIG,2012Q4,1,-1,-1,45,0.022222222,-0.022222222
natural_factor,RIG,2013Q1,6,-1.333333333,-8,68,0.088235294,-0.705882353
natural_factor,RIG,2016Q2,1,0,0,90,0.011111111,0
natural_factor,RIG,2016Q3,1,1,1,88,0.011363636,0.011363636
natural_factor,RIG,2016Q4,1,1,1,73,0.01369863,0.01369863
natural_factor,RIG,2017Q1,4,0,0,73,0.054794521,0
natural_factor,RIG,2017Q2,3,1,3,98,0.030612245,0.091836735
natural_factor,RIG,2017Q3,3,-0.333333333,-1,112,0.026785714,-0.026785714
natural_factor,RIG,2017Q4,4,0.75,3,125,0.032,0.096
natural_factor,RIG,2018Q1,4,0.25,1,94,0.042553191,0.042553191
natural_factor,RIG,2018Q2,6,0.166666667,1,130,0.046153846,0.046153846
natural_factor,RIG,2018Q3,10,0.6,6,126,0.079365079,0.476190476
natural_factor,RIG,2018Q4,2,-0.5,-1,143,0.013986014,-0.013986014
natural_factor,RIG,2019Q1,6,0.333333333,2,140,0.042857143,0.085714286
natural_factor,RIG,2019Q2,4,0.5,2,154,0.025974026,0.051948052
natural_factor,RIG,2019Q3,3,0,0,157,0.01910828,0
natural_factor,RIG,2019Q4,3,0.333333333,1,172,0.01744186,0.01744186
natural_factor,RIG,2020Q1,4,0,0,213,0.018779343,0
natural_factor,RIG,2020Q2,1,-1,-1,190,0.005263158,-0.005263158
natural_factor,RIG,2020Q4,1,-1,-1,180,0.005555556,-0.005555556
natural_factor,RIG,2021Q1,1,1,1,215,0.004651163,0.004651163
natural_factor,RIG,2021Q2,1,-1,-1,193,0.005181347,-0.005181347
natural_factor,RIG,2021Q3,1,1,1,216,0.00462963,0.00462963
natural_factor,RIG,2021Q4,1,2,2,164,0.006097561,0.012195122
natural_factor,RIG,2023Q2,1,0,0,212,0.004716981,0
natural_factor,RIG,2024Q4,1,-1,-1,146,0.006849315,-0.006849315
natural_factor,SD,2002Q1,1,0,0,32,0.03125,0
natural_factor,SD,2013Q1,1,-1,-1,68,0.014705882,-0.014705882
natural_factor,SD,2015Q3,1,1,1,95,0.010526316,0.010526316
natural_factor,SD,2016Q1,3,-1.333333333,-4,88,0.034090909,-0.136363636
natural_factor,SD,2016Q3,1,-2,-2,88,0.011363636,-0.022727273
natural_factor,SD,2017Q1,1,0,0,73,0.01369863,0
natural_factor,SD,2017Q4,7,-0.428571429,-3,125,0.056,-0.168
natural_factor,SD,2018Q1,6,-0.666666667,-4,94,0.063829787,-0.255319149
natural_factor,SD,2018Q2,5,-0.6,-3,130,0.038461538,-0.115384615
natural_factor,SD,2018Q3,2,-0.5,-1,126,0.015873016,-0.015873016
natural_factor,SD,2020Q1,1,0,0,213,0.004694836,0
natural_factor,SD,2020Q2,1,0,0,190,0.005263158,0
natural_factor,SLB,2003Q1,1,1,1,3,0.333333333,0.333333333
natural_factor,SLB,2003Q3,1,-1,-1,4,0.25,-0.25
natural_factor,SLB,2004Q1,1,1,1,19,0.052631579,0.052631579
natural_factor,SLB,2004Q4,1,0,0,12,0.083333333,0
natural_factor,SLB,2005Q1,1,-1,-1,17,0.058823529,-0.058823529
natural_factor,SLB,2005Q3,1,1,1,6,0.166666667,0.166666667
natural_factor,SLB,2006Q1,2,0,0,10,0.2,0
natural_factor,SLB,2006Q2,1,0,0,16,0.0625,0
natural_factor,SLB,2007Q2,1,0,0,23,0.043478261,0
natural_factor,SLB,2007Q3,1,0,0,12,0.083333333,0
natural_factor,SLB,2007Q4,2,0,0,6,0.333333333,0
natural_factor,SLB,2008Q4,1,-1,-1,18,0.055555556,-0.055555556
natural_factor,SLB,2009Q1,2,-0.5,-1,19,0.105263158,-0.105263158
natural_factor,SLB,2009Q2,2,0.5,1,15,0.133333333,0.133333333
natural_factor,SLB,2009Q3,1,-1,-1,27,0.037037037,-0.037037037
natural_factor,SLB,2010Q1,1,2,2,25,0.04,0.08
natural_factor,SLB,2010Q3,1,-1,-1,92,0.010869565,-0.010869565
natural_factor,SLB,2010Q4,1,-1,-1,41,0.024390244,-0.024390244
natural_factor,SLB,2011Q1,1,2,2,39,0.025641026,0.051282051
natural_factor,SLB,2011Q4,1,1,1,38,0.026315789,0.026315789
natural_factor,SLB,2012Q4,1,2,2,45,0.022222222,0.044444444
natural_factor,SLB,2013Q1,2,-0.5,-1,68,0.029411765,-0.029411765
natural_factor,SLB,2013Q3,2,1.5,3,55,0.036363636,0.109090909
natural_factor,SLB,2013Q4,2,1.5,3,41,0.048780488,0.146341463
natural_factor,SLB,2014Q4,2,-0.5,-1,81,0.024691358,-0.024691358
natural_factor,SLB,2015Q1,3,-0.333333333,-1,73,0.04109589,-0.04109589
natural_factor,SLB,2015Q2,1,0,0,59,0.016949153,0
natural_factor,SLB,2015Q3,7,-0.142857143,-1,95,0.073684211,-0.073684211
natural_factor,SLB,2015Q4,2,0,0,74,0.027027027,0
natural_factor,SLB,2016Q1,1,-1,-1,88,0.011363636,-0.011363636
natural_factor,SLB,2016Q2,4,0,0,90,0.044444444,0
natural_factor,SLB,2016Q4,1,0,0,73,0.01369863,0
natural_factor,SLB,2017Q1,1,0,0,73,0.01369863,0
natural_factor,SLB,2017Q2,1,1,1,98,0.010204082,0.010204082
natural_factor,SLB,2017Q3,2,1,2,112,0.017857143,0.035714286
natural_factor,SLB,2017Q4,1,-1,-1,125,0.008,-0.008
natural_factor,SLB,2018Q1,1,0,0,94,0.010638298,0
natural_factor,SLB,2018Q2,2,1,2,130,0.015384615,0.030769231
natural_factor,SLB,2018Q3,2,0,0,126,0.015873016,0
natural_factor,SLB,2018Q4,4,1,4,143,0.027972028,0.111888112
natural_factor,SLB,2019Q1,5,-0.6,-3,140,0.035714286,-0.107142857
natural_factor,SLB,2019Q2,3,1,3,154,0.019480519,0.058441558
natural_factor,SLB,2019Q3,2,-0.5,-1,157,0.012738854,-0.012738854
natural_factor,SLB,2019Q4,3,-0.666666667,-2,172,0.01744186,-0.034883721
natural_factor,SLB,2020Q2,1,-1,-1,190,0.005263158,-0.005263158
natural_factor,SLB,2020Q3,6,0,0,144,0.041666667,0
natural_factor,SLB,2020Q4,9,-0.666666667,-6,180,0.05,-0.3
natural_factor,SLB,2021Q1,4,0.5,2,215,0.018604651,0.037209302
natural_factor,SLB,2021Q2,4,0.75,3,193,0.020725389,0.062176166
natural_factor,SLB,2021Q3,14,0.142857143,2,216,0.064814815,0.12962963
natural_factor,SLB,2022Q1,1,1,1,150,0.006666667,0.006666667
natural_factor,SLB,2022Q3,3,0.666666667,2,103,0.029126214,0.058252427
natural_factor,SLB,2023Q1,2,0.5,1,151,0.013245033,0.013245033
natural_factor,SLB,2023Q2,4,0.25,1,212,0.018867925,0.018867925
natural_factor,SLB,2023Q3,3,-0.666666667,-2,137,0.02189781,-0.04379562
natural_factor,SLB,2023Q4,2,0,0,130,0.015384615,0
natural_factor,SLB,2024Q1,1,1,1,128,0.0078125,0.0078125
natural_factor,SLB,2024Q2,1,-1,-1,102,0.009803922,-0.009803922
natural_factor,SLB,2024Q3,4,-0.5,-2,163,0.024539877,-0.049079755
natural_factor,SLB,2024Q4,2,-1,-2,146,0.01369863,-0.02739726
natural_factor,STR,1999Q3,1,1,1,14,0.071428571,0.071428571
natural_factor,STR,2004Q4,1,0,0,12,0.083333333,0
natural_factor,STR,2006Q4,1,0,0,10,0.1,0
natural_factor,STR,2008Q4,1,0,0,18,0.055555556,0
natural_factor,STR,2009Q2,1,0,0,15,0.066666667,0
natural_factor,STR,2009Q4,2,-0.5,-1,32,0.0625,-0.0625
natural_factor,STR,2010Q2,2,0,0,55,0.036363636,0
natural_factor,STR,2010Q3,1,-1,-1,92,0.010869565,-0.010869565
natural_factor,STR,2012Q2,1,-1,-1,35,0.028571429,-0.028571429
natural_factor,STR,2012Q3,1,0,0,54,0.018518519,0
natural_factor,STR,2013Q1,1,0,0,68,0.014705882,0
natural_factor,STR,2013Q3,3,0.666666667,2,55,0.054545455,0.109090909
natural_factor,STR,2013Q4,1,0,0,41,0.024390244,0
natural_factor,STR,2014Q2,1,0,0,38,0.026315789,0
natural_factor,STR,2014Q4,1,0,0,81,0.012345679,0
natural_factor,STR,2015Q1,6,-0.166666667,-1,73,0.082191781,-0.082191781
natural_factor,STR,2015Q2,3,0,0,59,0.050847458,0
natural_factor,STR,2015Q3,6,-0.333333333,-2,95,0.063157895,-0.126315789
natural_factor,STR,2015Q4,1,-1,-1,74,0.013513514,-0.013513514
natural_factor,STR,2016Q3,3,0,0,88,0.034090909,0
natural_factor,STR,2016Q4,1,0,0,73,0.01369863,0
natural_factor,STR,2017Q1,2,0,0,73,0.02739726,0
natural_factor,STR,2017Q3,4,0,0,112,0.035714286,0
natural_factor,STR,2018Q1,2,0,0,94,0.021276596,0
natural_factor,STR,2018Q2,1,1,1,130,0.007692308,0.007692308
natural_factor,STR,2018Q3,2,0.5,1,126,0.015873016,0.015873016
natural_factor,STR,2018Q4,3,0,0,143,0.020979021,0
natural_factor,STR,2019Q1,3,0.333333333,1,140,0.021428571,0.021428571
natural_factor,STR,2019Q2,6,-0.166666667,-1,154,0.038961039,-0.038961039
natural_factor,STR,2019Q3,4,0,0,157,0.025477707,0
natural_factor,STR,2019Q4,5,0,0,172,0.029069767,0
natural_factor,STR,2020Q1,14,-0.428571429,-6,213,0.0657277,-0.394366197
natural_factor,STR,2020Q2,17,-0.352941176,-6,190,0.089473684,-0.536842105
natural_factor,STR,2020Q3,13,-0.230769231,-3,144,0.090277778,-0.270833333
natural_factor,STR,2020Q4,9,-0.444444444,-4,180,0.05,-0.2
natural_factor,STR,2021Q1,16,0.1875,3,215,0.074418605,0.223255814
natural_factor,STR,2021Q2,13,0.153846154,2,193,0.067357513,0.134715026
natural_factor,STR,2021Q3,11,0.272727273,3,216,0.050925926,0.152777778
natural_factor,STR,2021Q4,12,0,0,164,0.073170732,0
natural_factor,STR,2022Q1,6,0,0,150,0.04,0
natural_factor,STR,2022Q2,6,0,0,131,0.045801527,0
natural_factor,STR,2022Q3,13,-0.153846154,-2,103,0.126213592,-0.252427184
natural_factor,STR,2022Q4,3,0,0,153,0.019607843,0
natural_factor,STR,2023Q1,6,0.166666667,1,151,0.039735099,0.039735099
natural_factor,STR,2023Q2,7,0.428571429,3,212,0.033018868,0.099056604
natural_factor,STR,2023Q3,7,0.142857143,1,137,0.051094891,0.051094891
natural_factor,STR,2023Q4,7,-0.142857143,-1,130,0.053846154,-0.053846154
natural_factor,STR,2024Q1,3,0.333333333,1,128,0.0234375,0.0234375
natural_factor,STR,2024Q2,4,0.25,1,102,0.039215686,0.039215686
natural_factor,STR,2024Q3,1,0,0,163,0.006134969,0
natural_factor,TTI,2000Q2,2,0.5,1,10,0.2,0.2
natural_factor,TTI,2002Q1,1,0,0,32,0.03125,0
natural_factor,TTI,2004Q1,1,0,0,19,0.052631579,0
natural_factor,TTI,2006Q4,1,0,0,10,0.1,0
natural_factor,TTI,2007Q3,1,1,1,12,0.083333333,0.083333333
natural_factor,TTI,2008Q2,1,-1,-1,9,0.111111111,-0.111111111
natural_factor,TTI,2009Q1,1,-1,-1,19,0.052631579,-0.052631579
natural_factor,TTI,2009Q3,3,0,0,27,0.111111111,0
natural_factor,TTI,2010Q2,1,0,0,55,0.018181818,0
natural_factor,TTI,2011Q1,1,0,0,39,0.025641026,0
natural_factor,TTI,2017Q1,4,0,0,73,0.054794521,0
natural_factor,TTI,2017Q4,1,0,0,125,0.008,0
natural_factor,TTI,2018Q3,1,0,0,126,0.007936508,0
natural_factor,TTI,2019Q3,1,1,1,157,0.006369427,0.006369427
natural_factor,TTI,2020Q1,1,0,0,213,0.004694836,0
natural_factor,TTI,2020Q4,3,0,0,180,0.016666667,0
natural_factor,TTI,2021Q4,1,0,0,164,0.006097561,0
natural_factor,TTI,2023Q4,1,0,0,130,0.007692308,0
natural_factor,TUSK,2018Q3,1,0,0,126,0.007936508,0
natural_factor,USEG,2016Q4,1,1,1,73,0.01369863,0.01369863
natural_factor,USEG,2024Q3,3,-0.333333333,-1,163,0.018404908,-0.018404908
natural_factor,VAL,2015Q3,1,1,1,95,0.010526316,0.010526316
natural_factor,VEI,2021Q3,2,-1,-2,216,0.009259259,-0.018518519
natural_factor,VEI,2021Q4,1,1,1,164,0.006097561,0.006097561
natural_factor,VOC,1999Q2,1,0,0,6,0.166666667,0
natural_factor,VOC,2005Q2,1,0,0,18,0.055555556,0
natural_factor,VOC,2013Q4,1,0,0,41,0.024390244,0
natural_factor,VOC,2015Q2,1,1,1,59,0.016949153,0.016949153
natural_factor,VOC,2015Q3,1,0,0,95,0.010526316,0
natural_factor,VOC,2015Q4,1,-1,-1,74,0.013513514,-0.013513514
natural_factor,VOC,2017Q2,1,-2,-2,98,0.010204082,-0.020408163
natural_factor,VOC,2017Q3,1,0,0,112,0.008928571,0
natural_factor,VOC,2017Q4,1,0,0,125,0.008,0
natural_factor,VOC,2018Q1,1,0,0,94,0.010638298,0
natural_factor,VOC,2018Q2,3,0,0,130,0.023076923,0
natural_factor,VOC,2018Q3,5,-0.2,-1,126,0.03968254,-0.03968254
natural_factor,VOC,2019Q1,2,0,0,140,0.014285714,0
natural_factor,VOC,2019Q2,1,-1,-1,154,0.006493506,-0.006493506
natural_factor,VOC,2019Q3,2,-1,-2,157,0.012738854,-0.025477707
natural_factor,VOC,2019Q4,1,0,0,172,0.005813953,0
natural_factor,VOC,2020Q2,1,0,0,190,0.005263158,0
natural_factor,VOC,2020Q3,3,0.333333333,1,144,0.020833333,0.020833333
natural_factor,VOC,2020Q4,3,0,0,180,0.016666667,0
natural_factor,VOC,2021Q1,4,-0.25,-1,215,0.018604651,-0.018604651
natural_factor,VOC,2021Q2,17,-0.176470588,-3,193,0.088082902,-0.264248705
natural_factor,VOC,2021Q3,7,0,0,216,0.032407407,0
natural_factor,VOC,2021Q4,9,-0.111111111,-1,164,0.054878049,-0.054878049
natural_factor,VOC,2022Q1,1,0,0,150,0.006666667,0
natural_factor,VOC,2022Q2,1,-1,-1,131,0.007633588,-0.007633588
natural_factor,VOC,2022Q4,2,0.5,1,153,0.013071895,0.013071895
natural_factor,VOC,2023Q1,2,0.5,1,151,0.013245033,0.013245033
natural_factor,VOC,2023Q2,2,0.5,1,212,0.009433962,0.009433962
natural_factor,VOC,2024Q4,1,1,1,146,0.006849315,0.006849315
natural_factor,VTLE,2023Q2,1,2,2,212,0.004716981,0.009433962
natural_factor,VTLE,2024Q4,3,-0.333333333,-1,146,0.020547945,-0.020547945
natural_factor,VTS,2013Q4,1,0,0,41,0.024390244,0
natural_factor,VTS,2015Q2,1,0,0,59,0.016949153,0
natural_factor,VTS,2016Q4,1,0,0,73,0.01369863,0
natural_factor,VTS,2017Q2,2,0.5,1,98,0.020408163,0.020408163
natural_factor,VTS,2018Q2,2,0.5,1,130,0.015384615,0.015384615
natural_factor,VTS,2018Q4,2,0,0,143,0.013986014,0
natural_factor,VTS,2019Q2,1,0,0,154,0.006493506,0
natural_factor,VTS,2019Q3,2,0,0,157,0.012738854,0
natural_factor,VTS,2019Q4,1,0,0,172,0.005813953,0
natural_factor,VTS,2020Q1,2,0,0,213,0.009389671,0
natural_factor,VTS,2020Q4,1,0,0,180,0.005555556,0
natural_factor,VTS,2021Q1,4,0,0,215,0.018604651,0
natural_factor,VTS,2021Q2,3,0,0,193,0.015544041,0
natural_factor,VTS,2021Q3,1,1,1,216,0.00462963,0.00462963
natural_factor,VTS,2021Q4,3,0,0,164,0.018292683,0
natural_factor,VTS,2022Q1,1,0,0,150,0.006666667,0
natural_factor,VTS,2022Q3,3,-0.333333333,-1,103,0.029126214,-0.029126214
natural_factor,VTS,2023Q1,1,0,0,151,0.006622517,0
natural_factor,VTS,2023Q2,1,0,0,212,0.004716981,0
natural_factor,VTS,2023Q3,1,0,0,137,0.00729927,0
natural_factor,VTS,2024Q2,2,0,0,102,0.019607843,0
natural_factor,WLL,1999Q4,1,0,0,6,0.166666667,0
natural_factor,WLL,2000Q1,1,0,0,8,0.125,0
natural_factor,WLL,2000Q4,3,0,0,9,0.333333333,0
natural_factor,WLL,2001Q1,4,0.25,1,22,0.181818182,0.181818182
natural_factor,WLL,2001Q2,4,0,0,11,0.363636364,0
natural_factor,WLL,2001Q3,1,0,0,10,0.1,0
natural_factor,WLL,2003Q4,2,1,2,11,0.181818182,0.363636364
natural_factor,WLL,2010Q3,1,1,1,92,0.010869565,0.010869565
natural_factor,WLL,2014Q1,1,-1,-1,29,0.034482759,-0.034482759
natural_factor,WLL,2014Q4,2,-1.5,-3,81,0.024691358,-0.074074074
natural_factor,WLL,2015Q1,2,0,0,73,0.02739726,0
natural_factor,WLL,2015Q3,3,-1.666666667,-5,95,0.031578947,-0.157894737
natural_factor,WLL,2017Q4,1,-1,-1,125,0.008,-0.008
natural_factor,WLL,2019Q3,1,1,1,157,0.006369427,0.006369427
natural_factor,WLL,2019Q4,1,-1,-1,172,0.005813953,-0.005813953
natural_factor,WLL,2020Q2,3,-1.666666667,-5,190,0.015789474,-0.078947368
natural_factor,XOG,2016Q4,2,0,0,73,0.02739726,0
natural_factor,XOG,2019Q2,1,-1,-1,154,0.006493506,-0.006493506
natural_factor,XOG,2021Q2,2,0,0,193,0.010362694,0
supply_side,ACDC,1999Q1,1,0,0,18,0.055555556,0
supply_side,AESI,2022Q1,1,0,0,150,0.006666667,0
supply_side,AESI,2023Q1,1,1,1,151,0.006622517,0.006622517
supply_side,APA,1998Q4,2,-1,-2,8,0.25,-0.5
supply_side,APA,1999Q1,1,0,0,18,0.055555556,0
supply_side,APA,1999Q2,1,0,0,6,0.166666667,0
supply_side,APA,2000Q4,1,0,0,9,0.111111111,0
supply_side,APA,2001Q3,1,0,0,10,0.1,0
supply_side,APA,2002Q1,1,0,0,32,0.03125,0
supply_side,APA,2003Q4,1,1,1,11,0.090909091,0.090909091
supply_side,APA,2004Q3,1,0,0,14,0.071428571,0
supply_side,APA,2006Q3,1,0,0,18,0.055555556,0
supply_side,APA,2007Q2,4,0.25,1,23,0.173913043,0.173913043
supply_side,APA,2009Q1,1,-2,-2,19,0.052631579,-0.105263158
supply_side,APA,2009Q4,1,0,0,32,0.03125,0
supply_side,APA,2010Q2,1,0,0,55,0.018181818,0
supply_side,APA,2010Q3,3,0,0,92,0.032608696,0
supply_side,APA,2011Q2,2,1,2,35,0.057142857,0.114285714
supply_side,APA,2011Q4,2,0,0,38,0.052631579,0
supply_side,APA,2012Q2,2,0.5,1,35,0.057142857,0.057142857
supply_side,APA,2012Q3,1,0,0,54,0.018518519,0
supply_side,APA,2013Q2,1,-1,-1,47,0.021276596,-0.021276596
supply_side,APA,2013Q3,1,0,0,55,0.018181818,0
supply_side,APA,2014Q3,2,0,0,39,0.051282051,0
supply_side,APA,2014Q4,2,0,0,81,0.024691358,0
supply_side,APA,2015Q1,2,0,0,73,0.02739726,0
supply_side,APA,2016Q2,1,0,0,90,0.011111111,0
supply_side,APA,2016Q4,2,-0.5,-1,73,0.02739726,-0.02739726
supply_side,APA,2017Q1,1,0,0,73,0.01369863,0
supply_side,APA,2017Q3,1,0,0,112,0.008928571,0
supply_side,APA,2017Q4,1,0,0,125,0.008,0
supply_side,APA,2018Q2,1,-1,-1,130,0.007692308,-0.007692308
supply_side,APA,2018Q4,3,0.666666667,2,143,0.020979021,0.041958042
supply_side,APA,2019Q1,2,0,0,140,0.014285714,0
supply_side,APA,2019Q2,2,0,0,154,0.012987013,0
supply_side,APA,2019Q3,2,0.5,1,157,0.012738854,0.012738854
supply_side,APA,2020Q1,1,0,0,213,0.004694836,0
supply_side,APA,2020Q2,5,-0.2,-1,190,0.026315789,-0.026315789
supply_side,APA,2020Q4,7,0,0,180,0.038888889,0
supply_side,APA,2021Q1,3,0,0,215,0.013953488,0
supply_side,APA,2021Q3,5,0,0,216,0.023148148,0
supply_side,APA,2021Q4,1,1,1,164,0.006097561,0.006097561
supply_side,APA,2022Q1,3,0,0,150,0.02,0
supply_side,APA,2022Q2,2,0,0,131,0.015267176,0
supply_side,APA,2022Q3,3,0,0,103,0.029126214,0
supply_side,APA,2022Q4,6,-0.166666667,-1,153,0.039215686,-0.039215686
supply_side,APA,2023Q1,2,1,2,151,0.013245033,0.026490066
supply_side,APA,2023Q2,6,0.166666667,1,212,0.028301887,0.028301887
supply_side,APA,2023Q3,2,0.5,1,137,0.01459854,0.01459854
supply_side,APA,2023Q4,2,0,0,130,0.015384615,0
supply_side,APA,2024Q1,1,0,0,128,0.0078125,0
supply_side,APA,2024Q3,4,0.5,2,163,0.024539877,0.049079755
supply_side,APA,2024Q4,1,1,1,146,0.006849315,0.006849315
supply_side,AR,2005Q4,1,0,0,17,0.058823529,0
supply_side,AR,2011Q1,1,0,0,39,0.025641026,0
supply_side,AR,2011Q2,1,0,0,35,0.028571429,0
supply_side,AR,2017Q1,1,1,1,73,0.01369863,0.01369863
supply_side,AR,2017Q3,1,-1,-1,112,0.008928571,-0.008928571
supply_side,AR,2017Q4,2,0,0,125,0.016,0
supply_side,AR,2018Q2,1,0,0,130,0.007692308,0
supply_side,AR,2018Q3,1,0,0,126,0.007936508,0
supply_side,AR,2018Q4,1,0,0,143,0.006993007,0
supply_side,AR,2019Q2,1,0,0,154,0.006493506,0
supply_side,AR,2019Q4,1,0,0,172,0.005813953,0
supply_side,AR,2020Q1,4,-0.5,-2,213,0.018779343,-0.037558685
supply_side,AR,2020Q2,3,0,0,190,0.015789474,0
supply_side,AR,2020Q3,1,0,0,144,0.006944444,0
supply_side,AR,2020Q4,2,0,0,180,0.011111111,0
supply_side,AR,2021Q1,3,0,0,215,0.013953488,0
supply_side,AR,2021Q3,2,0,0,216,0.009259259,0
supply_side,AR,2021Q4,3,0,0,164,0.018292683,0
supply_side,AR,2022Q1,3,0,0,150,0.02,0
supply_side,AR,2022Q2,3,0.333333333,1,131,0.022900763,0.022900763
supply_side,AR,2022Q3,1,0,0,103,0.009708738,0
supply_side,AR,2022Q4,2,0,0,153,0.013071895,0
supply_side,AR,2023Q1,1,0,0,151,0.006622517,0
supply_side,AR,2023Q2,2,0,0,212,0.009433962,0
supply_side,AR,2023Q3,1,0,0,137,0.00729927,0
supply_side,BATL,2020Q2,1,0,0,190,0.005263158,0
supply_side,BRN,2014Q2,1,0,0,38,0.026315789,0
supply_side,BRN,2015Q3,1,0,0,95,0.010526316,0
supply_side,BRN,2019Q3,1,0,0,157,0.006369427,0
supply_side,BRN,2022Q2,1,0,0,131,0.007633588,0
supply_side,BSM,2015Q4,1,0,0,74,0.013513514,0
supply_side,BSM,2016Q1,2,0,0,88,0.022727273,0
supply_side,BSM,2017Q2,1,0,0,98,0.010204082,0
supply_side,BSM,2021Q1,1,0,0,215,0.004651163,0
supply_side,BSM,2021Q2,1,0,0,193,0.005181347,0
supply_side,BSM,2023Q1,1,0,0,151,0.006622517,0
supply_side,CCLP,2008Q1,1,0,0,10,0.1,0
supply_side,CLB,2005Q1,1,0,0,17,0.058823529,0
supply_side,CLB,2009Q1,1,0,0,19,0.052631579,0
supply_side,CLB,2011Q4,1,0,0,38,0.026315789,0
supply_side,CLB,2015Q2,1,0,0,59,0.016949153,0
supply_side,CLB,2020Q1,1,0,0,213,0.004694836,0
supply_side,CLB,2024Q4,1,2,2,146,0.006849315,0.01369863
supply_side,CNQ,2024Q3,1,1,1,163,0.006134969,0.006134969
supply_side,CPE,1998Q3,1,0,0,3,0.333333333,0
supply_side,CPE,2000Q1,1,0,0,8,0.125,0
supply_side,CPE,2006Q1,2,0,0,10,0.2,0
supply_side,CPE,2006Q2,3,0,0,16,0.1875,0
supply_side,CPE,2010Q2,1,0,0,55,0.018181818,0
supply_side,CPE,2010Q3,1,0,0,92,0.010869565,0
supply_side,CPE,2016Q4,1,0,0,73,0.01369863,0
supply_side,CPE,2017Q2,1,-1,-1,98,0.010204082,-0.010204082
supply_side,CPE,2019Q3,1,0,0,157,0.006369427,0
supply_side,CPE,2019Q4,2,0.5,1,172,0.011627907,0.011627907
supply_side,CPE,2020Q1,4,0,0,213,0.018779343,0
supply_side,CPE,2021Q1,3,0,0,215,0.013953488,0
supply_side,CPE,2021Q2,2,0.5,1,193,0.010362694,0.010362694
supply_side,CPE,2021Q4,1,0,0,164,0.006097561,0
supply_side,CPE,2022Q1,1,0,0,150,0.006666667,0
supply_side,CPE,2022Q2,1,0,0,131,0.007633588,0
supply_side,CRC,1998Q3,1,0,0,3,0.333333333,0
supply_side,CRC,2006Q3,1,0,0,18,0.055555556,0
supply_side,CRC,2009Q3,1,0,0,27,0.037037037,0
supply_side,CRC,2014Q4,1,1,1,81,0.012345679,0.012345679
supply_side,CRC,2015Q1,1,0,0,73,0.01369863,0
supply_side,CRC,2016Q4,1,0,0,73,0.01369863,0
supply_side,CRC,2017Q4,1,0,0,125,0.008,0
supply_side,CRC,2019Q4,2,0,0,172,0.011627907,0
supply_side,CRC,2020Q2,1,0,0,190,0.005263158,0
supply_side,CRC,2020Q3,1,0,0,144,0.006944444,0
supply_side,CRC,2020Q4,1,0,0,180,0.005555556,0
supply_side,CRC,2021Q1,1,0,0,215,0.004651163,0
supply_side,CRC,2023Q1,1,0,0,151,0.006622517,0
supply_side,CRC,2024Q1,1,0,0,128,0.0078125,0
supply_side,CRC,2024Q4,2,0,0,146,0.01369863,0
supply_side,CRK,2023Q1,2,-0.5,-1,151,0.013245033,-0.013245033
supply_side,CRK,2023Q2,1,0,0,212,0.004716981,0
supply_side,DCP,2016Q3,1,0,0,88,0.011363636,0
supply_side,DCP,2017Q4,1,0,0,125,0.008,0
supply_side,DCP,2018Q3,1,0,0,126,0.007936508,0
supply_side,DCP,2021Q1,1,0,0,215,0.004651163,0
supply_side,DCP,2022Q2,1,1,1,131,0.007633588,0.007633588
supply_side,DO,2015Q3,1,1,1,95,0.010526316,0.010526316
supply_side,DO,2016Q1,1,1,1,88,0.011363636,0.011363636
supply_side,DO,2020Q2,2,-1.5,-3,190,0.010526316,-0.031578947
supply_side,DO,2025Q1,1,1,1,9,0.111111111,0.111111111
supply_side,DWSN,2020Q2,1,0,0,190,0.005263158,0
supply_side,EP,2006Q2,1,0,0,16,0.0625,0
supply_side,EP,2010Q3,1,0,0,92,0.010869565,0
supply_side,EP,2014Q4,1,0,0,81,0.012345679,0
supply_side,EP,2015Q4,1,0,0,74,0.013513514,0
supply_side,EP,2019Q2,1,0,0,154,0.006493506,0
supply_side,EP,2020Q1,2,0,0,213,0.009389671,0
supply_side,EP,2021Q3,1,0,0,216,0.00462963,0
supply_side,EP,2022Q1,2,0,0,150,0.013333333,0
supply_side,EP,2023Q2,1,0,0,212,0.004716981,0
supply_side,EQT,2003Q4,1,0,0,11,0.090909091,0
supply_side,EQT,2004Q1,1,0,0,19,0.052631579,0
supply_side,EQT,2009Q4,2,0,0,32,0.0625,0
supply_side,EQT,2010Q2,1,0,0,55,0.018181818,0
supply_side,EQT,2011Q1,1,0,0,39,0.025641026,0
supply_side,EQT,2011Q4,1,0,0,38,0.026315789,0
supply_side,EQT,2014Q4,2,-0.5,-1,81,0.024691358,-0.024691358
supply_side,EQT,2015Q2,2,0,0,59,0.033898305,0
supply_side,EQT,2015Q3,1,0,0,95,0.010526316,0
supply_side,EQT,2016Q1,1,0,0,88,0.011363636,0
supply_side,EQT,2016Q3,2,0,0,88,0.022727273,0
supply_side,EQT,2016Q4,3,0,0,73,0.04109589,0
supply_side,EQT,2017Q1,4,0.25,1,73,0.054794521,0.054794521
supply_side,EQT,2017Q2,6,0,0,98,0.06122449,0
supply_side,EQT,2017Q3,1,-1,-1,112,0.008928571,-0.008928571
supply_side,EQT,2017Q4,4,0.25,1,125,0.032,0.032
supply_side,EQT,2018Q1,1,0,0,94,0.010638298,0
supply_side,EQT,2018Q2,2,0,0,130,0.015384615,0
supply_side,EQT,2018Q3,1,0,0,126,0.007936508,0
supply_side,EQT,2019Q1,7,0,0,140,0.05,0
supply_side,EQT,2019Q2,7,0,0,154,0.045454545,0
supply_side,EQT,2019Q3,8,0.5,4,157,0.050955414,0.203821656
supply_side,EQT,2019Q4,6,0,0,172,0.034883721,0
supply_side,EQT,2020Q1,6,-0.5,-3,213,0.028169014,-0.084507042
supply_side,EQT,2020Q2,2,0,0,190,0.010526316,0
supply_side,EQT,2020Q3,5,0,0,144,0.034722222,0
supply_side,EQT,2020Q4,10,0.2,2,180,0.055555556,0.111111111
supply_side,EQT,2021Q1,12,0.25,3,215,0.055813953,0.16744186
supply_side,EQT,2021Q2,6,0.166666667,1,193,0.031088083,0.031088083
supply_side,EQT,2021Q3,5,0,0,216,0.023148148,0
supply_side,EQT,2021Q4,8,0.125,1,164,0.048780488,0.048780488
supply_side,EQT,2022Q1,6,0.333333333,2,150,0.04,0.08
supply_side,EQT,2022Q2,2,0.5,1,131,0.015267176,0.015267176
supply_side,EQT,2022Q4,4,0,0,153,0.026143791,0
supply_side,EQT,2023Q1,6,0.333333333,2,151,0.039735099,0.079470199
supply_side,EQT,2023Q2,3,0.333333333,1,212,0.014150943,0.014150943
supply_side,EQT,2023Q3,2,0,0,137,0.01459854,0
supply_side,EQT,2023Q4,2,1,2,130,0.015384615,0.030769231
supply_side,EQT,2024Q1,8,0.125,1,128,0.0625,0.0625
supply_side,EQT,2024Q2,1,0,0,102,0.009803922,0
supply_side,EQT,2024Q4,6,-0.5,-3,146,0.04109589,-0.123287671
supply_side,FANG,2013Q4,1,1,1,41,0.024390244,0.024390244
supply_side,FANG,2016Q1,1,0,0,88,0.011363636,0
supply_side,FANG,2017Q1,1,1,1,73,0.01369863,0.01369863
supply_side,FANG,2017Q2,2,-1,-2,98,0.020408163,-0.040816327
supply_side,FANG,2017Q3,1,1,1,112,0.008928571,0.008928571
supply_side,FANG,2017Q4,3,0,0,125,0.024,0
supply_side,FANG,2018Q1,1,0,0,94,0.010638298,0
supply_side,FANG,2018Q2,4,0,0,130,0.030769231,0
supply_side,FANG,2018Q3,7,0.142857143,1,126,0.055555556,0.055555556
supply_side,FANG,2018Q4,5,0,0,143,0.034965035,0
supply_side,FANG,2019Q1,3,0,0,140,0.021428571,0
supply_side,FANG,2019Q2,4,0,0,154,0.025974026,0
supply_side,FANG,2019Q3,2,0,0,157,0.012738854,0
supply_side,FANG,2020Q1,8,-0.625,-5,213,0.037558685,-0.187793427
supply_side,FANG,2020Q2,2,-0.5,-1,190,0.010526316,-0.010526316
supply_side,FANG,2020Q4,3,1.333333333,4,180,0.016666667,0.066666667
supply_side,FANG,2021Q1,3,-0.666666667,-2,215,0.013953488,-0.027906977
supply_side,FANG,2021Q2,1,1,1,193,0.005181347,0.005181347
supply_side,FANG,2021Q4,1,-1,-1,164,0.006097561,-0.006097561
supply_side,FANG,2022Q3,1,-1,-1,103,0.009708738,-0.009708738
supply_side,FANG,2024Q3,5,1.6,8,163,0.030674847,0.245398773
supply_side,FTSI,2014Q2,1,0,0,38,0.026315789,0
supply_side,GDP,2016Q1,1,-1,-1,88,0.011363636,-0.011363636
supply_side,GDP,2019Q1,1,-1,-1,140,0.007142857,-0.007142857
supply_side,HAL,2001Q2,1,0,0,11,0.090909091,0
supply_side,HAL,2003Q4,1,0,0,11,0.090909091,0
supply_side,HAL,2008Q4,3,0.666666667,2,18,0.166666667,0.333333333
supply_side,HAL,2010Q1,1,-1,-1,25,0.04,-0.04
supply_side,HAL,2010Q2,3,0.666666667,2,55,0.054545455,0.109090909
supply_side,HAL,2010Q4,1,-2,-2,41,0.024390244,-0.048780488
supply_side,HAL,2011Q1,1,0,0,39,0.025641026,0
supply_side,HAL,2011Q2,1,-1,-1,35,0.028571429,-0.028571429
supply_side,HAL,2012Q1,8,-0.375,-3,48,0.166666667,-0.5
supply_side,HAL,2012Q3,3,0.333333333,1,54,0.055555556,0.055555556
supply_side,HAL,2012Q4,1,-1,-1,45,0.022222222,-0.022222222
supply_side,HAL,2013Q1,3,0,0,68,0.044117647,0
supply_side,HAL,2013Q2,1,1,1,47,0.021276596,0.021276596
supply_side,HAL,2013Q3,4,-0.75,-3,55,0.072727273,-0.218181818
supply_side,HAL,2013Q4,3,-0.333333333,-1,41,0.073170732,-0.073170732
supply_side,HAL,2014Q2,1,1,1,38,0.026315789,0.026315789
supply_side,HAL,2014Q3,2,-1,-2,39,0.051282051,-0.102564103
supply_side,HAL,2014Q4,5,0,0,81,0.061728395,0
supply_side,HAL,2015Q1,2,0,0,73,0.02739726,0
supply_side,HAL,2015Q2,2,0,0,59,0.033898305,0
supply_side,HAL,2015Q3,6,-0.666666667,-4,95,0.063157895,-0.252631579
supply_side,HAL,2015Q4,2,1.5,3,74,0.027027027,0.081081081
supply_side,HAL,2016Q1,4,-0.25,-1,88,0.045454545,-0.045454545
supply_side,HAL,2016Q2,4,-1.25,-5,90,0.044444444,-0.222222222
supply_side,HAL,2016Q3,1,-1,-1,88,0.011363636,-0.011363636
supply_side,HAL,2016Q4,2,0,0,73,0.02739726,0
supply_side,HAL,2017Q1,1,-1,-1,73,0.01369863,-0.01369863
supply_side,HAL,2017Q2,2,0,0,98,0.020408163,0
supply_side,HAL,2017Q3,3,0.333333333,1,112,0.026785714,0.026785714
supply_side,HAL,2017Q4,1,0,0,125,0.008,0
supply_side,HAL,2018Q1,1,-1,-1,94,0.010638298,-0.010638298
supply_side,HAL,2018Q2,1,2,2,130,0.007692308,0.015384615
supply_side,HAL,2018Q4,1,-1,-1,143,0.006993007,-0.006993007
supply_side,HAL,2019Q1,2,-1,-2,140,0.014285714,-0.028571429
supply_side,HAL,2019Q2,3,0.666666667,2,154,0.019480519,0.038961039
supply_side,HAL,2019Q3,1,-1,-1,157,0.006369427,-0.006369427
supply_side,HAL,2019Q4,2,0,0,172,0.011627907,0
supply_side,HAL,2020Q1,5,0,0,213,0.023474178,0
supply_side,HAL,2020Q2,6,-1.166666667,-7,190,0.031578947,-0.221052632
supply_side,HAL,2020Q4,3,-1.333333333,-4,180,0.016666667,-0.066666667
supply_side,HAL,2021Q1,2,1,2,215,0.009302326,0.018604651
supply_side,HAL,2021Q2,1,1,1,193,0.005181347,0.005181347
supply_side,HAL,2021Q3,2,0,0,216,0.009259259,0
supply_side,HAL,2022Q2,3,0.333333333,1,131,0.022900763,0.022900763
supply_side,HAL,2022Q3,1,2,2,103,0.009708738,0.019417476
supply_side,HAL,2022Q4,1,2,2,153,0.006535948,0.013071895
supply_side,HAL,2023Q1,3,1.333333333,4,151,0.01986755,0.079470199
supply_side,HAL,2024Q3,1,1,1,163,0.006134969,0.006134969
supply_side,HAL,2024Q4,1,2,2,146,0.006849315,0.01369863
supply_side,HESM,2014Q3,1,2,2,39,0.025641026,0.051282051
supply_side,HESM,2024Q4,2,0.5,1,146,0.01369863,0.01369863
supply_side,HLX,2012Q4,1,1,1,45,0.022222222,0.022222222
supply_side,HLX,2017Q4,1,-1,-1,125,0.008,-0.008
supply_side,HP,1998Q2,1,0,0,3,0.333333333,0
supply_side,HP,2000Q3,1,0,0,8,0.125,0
supply_side,HP,2001Q1,2,0,0,22,0.090909091,0
supply_side,HP,2002Q1,1,0,0,32,0.03125,0
supply_side,HP,2004Q3,1,0,0,14,0.071428571,0
supply_side,HP,2005Q2,1,0,0,18,0.055555556,0
supply_side,HP,2006Q3,2,0,0,18,0.111111111,0
supply_side,HP,2007Q2,1,0,0,23,0.043478261,0
supply_side,HP,2007Q3,1,0,0,12,0.083333333,0
supply_side,HP,2008Q3,3,0,0,8,0.375,0
supply_side,HP,2008Q4,1,0,0,18,0.055555556,0
supply_side,HP,2009Q2,2,0.5,1,15,0.133333333,0.133333333
supply_side,HP,2009Q4,2,0,0,32,0.0625,0
supply_side,HP,2010Q1,1,0,0,25,0.04,0
supply_side,HP,2010Q3,5,-0.2,-1,92,0.054347826,-0.054347826
supply_side,HP,2010Q4,1,0,0,41,0.024390244,0
supply_side,HP,2011Q1,3,-0.333333333,-1,39,0.076923077,-0.076923077
supply_side,HP,2011Q2,1,0,0,35,0.028571429,0
supply_side,HP,2011Q3,3,-0.333333333,-1,28,0.107142857,-0.107142857
supply_side,HP,2012Q3,3,0,0,54,0.055555556,0
supply_side,HP,2012Q4,2,0,0,45,0.044444444,0
supply_side,HP,2013Q1,4,0,0,68,0.058823529,0
supply_side,HP,2013Q2,1,0,0,47,0.021276596,0
supply_side,HP,2013Q4,3,0,0,41,0.073170732,0
supply_side,HP,2014Q1,1,0,0,29,0.034482759,0
supply_side,HP,2014Q2,1,0,0,38,0.026315789,0
supply_side,HP,2014Q4,1,0,0,81,0.012345679,0
supply_side,HP,2015Q1,2,0,0,73,0.02739726,0
supply_side,HP,2015Q3,2,0,0,95,0.021052632,0
supply_side,HP,2015Q4,1,0,0,74,0.013513514,0
supply_side,HP,2016Q1,3,0,0,88,0.034090909,0
supply_side,HP,2016Q3,2,0,0,88,0.022727273,0
supply_side,HP,2016Q4,3,0,0,73,0.04109589,0
supply_side,HP,2017Q1,1,0,0,73,0.01369863,0
supply_side,HP,2017Q2,2,0,0,98,0.020408163,0
supply_side,HP,2017Q3,2,0,0,112,0.017857143,0
supply_side,HP,2017Q4,1,0,0,125,0.008,0
supply_side,HP,2018Q1,1,0,0,94,0.010638298,0
supply_side,HP,2018Q2,2,0,0,130,0.015384615,0
supply_side,HP,2018Q3,1,0,0,126,0.007936508,0
supply_side,HP,2019Q1,2,0,0,140,0.014285714,0
supply_side,HP,2019Q2,1,0,0,154,0.006493506,0
supply_side,HP,2019Q3,3,0,0,157,0.01910828,0
supply_side,HP,2019Q4,3,0,0,172,0.01744186,0
supply_side,HP,2020Q1,8,-0.25,-2,213,0.037558685,-0.075117371
supply_side,HP,2020Q2,4,-0.5,-2,190,0.021052632,-0.042105263
supply_side,HP,2020Q3,3,-0.333333333,-1,144,0.020833333,-0.020833333
supply_side,HP,2020Q4,4,0,0,180,0.022222222,0
supply_side,HP,2021Q1,2,0,0,215,0.009302326,0
supply_side,HP,2021Q2,4,-0.75,-3,193,0.020725389,-0.062176166
supply_side,HP,2021Q3,2,-0.5,-1,216,0.009259259,-0.009259259
supply_side,HP,2021Q4,3,-0.333333333,-1,164,0.018292683,-0.018292683
supply_side,HP,2022Q1,5,0,0,150,0.033333333,0
supply_side,HP,2022Q2,11,-0.090909091,-1,131,0.083969466,-0.083969466
supply_side,HP,2022Q3,2,0,0,103,0.019417476,0
supply_side,HP,2022Q4,8,0.125,1,153,0.052287582,0.052287582
supply_side,HP,2023Q1,7,0.142857143,1,151,0.046357616,0.046357616
supply_side,HP,2023Q2,7,-0.142857143,-1,212,0.033018868,-0.033018868
supply_side,HP,2023Q3,3,0,0,137,0.02189781,0
supply_side,HP,2024Q1,11,0,0,128,0.0859375,0
supply_side,HP,2024Q2,10,0,0,102,0.098039216,0
supply_side,HP,2024Q3,6,0,0,163,0.036809816,0
supply_side,HP,2024Q4,5,-0.2,-1,146,0.034246575,-0.034246575
supply_side,MNR,2023Q4,1,1,1,130,0.007692308,0.007692308
supply_side,MXC,2021Q2,2,0,0,193,0.010362694,0
supply_side,MXC,2021Q3,1,-1,-1,216,0.00462963,-0.00462963
supply_side,NBR,2005Q3,1,1,1,6,0.166666667,0.166666667
supply_side,NBR,2008Q4,1,-1,-1,18,0.055555556,-0.055555556
supply_side,NBR,2010Q3,1,2,2,92,0.010869565,0.02173913
supply_side,NBR,2012Q1,2,1,2,48,0.041666667,0.083333333
supply_side,NBR,2012Q3,1,1,1,54,0.018518519,0.018518519
supply_side,NBR,2013Q1,2,-1,-2,68,0.029411765,-0.058823529
supply_side,NBR,2014Q1,1,1,1,29,0.034482759,0.034482759
supply_side,NBR,2014Q2,1,2,2,38,0.026315789,0.052631579
supply_side,NBR,2014Q3,1,-1,-1,39,0.025641026,-0.025641026
supply_side,NBR,2016Q2,1,-2,-2,90,0.011111111,-0.022222222
supply_side,NBR,2016Q4,1,1,1,73,0.01369863,0.01369863
supply_side,NBR,2017Q3,2,1,2,112,0.017857143,0.035714286
supply_side,NBR,2018Q2,3,-0.333333333,-1,130,0.023076923,-0.023076923
supply_side,NBR,2019Q3,1,-2,-2,157,0.006369427,-0.012738854
supply_side,NBR,2020Q1,1,-1,-1,213,0.004694836,-0.004694836
supply_side,NBR,2022Q4,1,2,2,153,0.006535948,0.013071895
supply_side,NBR,2024Q4,1,-1,-1,146,0.006849315,-0.006849315
supply_side,NE,2013Q1,1,-1,-1,68,0.014705882,-0.014705882
supply_side,NE,2017Q3,1,-1,-1,112,0.008928571,-0.008928571
supply_side,NES,2013Q2,1,0,0,47,0.021276596,0
supply_side,NES,2020Q2,1,0,0,190,0.005263158,0
supply_side,PDCE,2013Q3,1,-1,-1,55,0.018181818,-0.018181818
supply_side,PDCE,2016Q1,1,-1,-1,88,0.011363636,-0.011363636
supply_side,PDCE,2019Q1,1,-2,-2,140,0.007142857,-0.014285714
supply_side,PDCE,2020Q2,1,0,0,190,0.005263158,0
supply_side,PDCE,2020Q3,1,0,0,144,0.006944444,0
supply_side,PDCE,2022Q1,1,1,1,150,0.006666667,0.006666667
supply_side,PDCE,2022Q2,1,0,0,131,0.007633588,0
supply_side,PDCE,2023Q2,2,0,0,212,0.009433962,0
supply_side,PDCE,2023Q4,1,1,1,130,0.007692308,0.007692308
supply_side,PDCE,2024Q4,1,1,1,146,0.006849315,0.006849315
supply_side,PED,2022Q3,1,1,1,103,0.009708738,0.009708738
supply_side,PED,2022Q4,1,0,0,153,0.006535948,0
supply_side,PR,2017Q2,1,0,0,98,0.010204082,0
supply_side,PR,2019Q1,1,0,0,140,0.007142857,0
supply_side,PR,2022Q1,1,1,1,150,0.006666667,0.006666667
supply_side,PR,2024Q1,1,0,0,128,0.0078125,0
supply_side,PR,2024Q3,4,-1,-4,163,0.024539877,-0.098159509
supply_side,PR,2024Q4,1,1,1,146,0.006849315,0.006849315
supply_side,PTEN,2004Q2,1,1,1,11,0.090909091,0.090909091
supply_side,PTEN,2005Q1,1,-1,-1,17,0.058823529,-0.058823529
supply_side,PTEN,2009Q2,1,-1,-1,15,0.066666667,-0.066666667
supply_side,PTEN,2011Q3,1,1,1,28,0.035714286,0.035714286
supply_side,PTEN,2015Q2,1,-1,-1,59,0.016949153,-0.016949153
supply_side,PTEN,2017Q1,1,1,1,73,0.01369863,0.01369863
supply_side,PTEN,2019Q2,1,2,2,154,0.006493506,0.012987013
supply_side,PTEN,2019Q3,1,-2,-2,157,0.006369427,-0.012738854
supply_side,PTEN,2020Q1,1,-1,-1,213,0.004694836,-0.004694836
supply_side,PTEN,2021Q1,1,1,1,215,0.004651163,0.004651163
supply_side,PTEN,2023Q2,3,0.666666667,2,212,0.014150943,0.028301887
supply_side,PTEN,2024Q4,2,-0.5,-1,146,0.01369863,-0.01369863
supply_side,PUMP,2014Q3,1,0,0,39,0.025641026,0
supply_side,PUMP,2017Q2,2,1.5,3,98,0.020408163,0.06122449
supply_side,PUMP,2019Q3,1,1,1,157,0.006369427,0.006369427
supply_side,PUMP,2019Q4,1,0,0,172,0.005813953,0
supply_side,PUMP,2020Q1,2,-2,-4,213,0.009389671,-0.037558685
supply_side,PUMP,2020Q2,2,-0.5,-1,190,0.010526316,-0.010526316
supply_side,PUMP,2021Q1,1,-1,-1,215,0.004651163,-0.004651163
supply_side,PUMP,2021Q2,1,1,1,193,0.005181347,0.005181347
supply_side,PUMP,2021Q3,2,1,2,216,0.009259259,0.018518519
supply_side,PUMP,2022Q1,1,1,1,150,0.006666667,0.006666667
supply_side,PUMP,2024Q3,4,1.25,5,163,0.024539877,0.122699387
supply_side,RES,2014Q1,1,1,1,29,0.034482759,0.034482759
supply_side,RES,2024Q4,1,2,2,146,0.006849315,0.01369863
supply_side,RIG,2004Q3,1,1,1,14,0.071428571,0.071428571
supply_side,RIG,2005Q4,1,-1,-1,17,0.058823529,-0.058823529
supply_side,RIG,2007Q3,1,0,0,12,0.083333333,0
supply_side,RIG,2010Q2,6,-0.5,-3,55,0.109090909,-0.327272727
supply_side,RIG,2010Q3,1,-2,-2,92,0.010869565,-0.02173913
supply_side,RIG,2010Q4,1,1,1,41,0.024390244,0.024390244
supply_side,RIG,2011Q2,2,-1,-2,35,0.057142857,-0.114285714
supply_side,RIG,2011Q4,1,-2,-2,38,0.026315789,-0.052631579
supply_side,RIG,2012Q1,11,-0.545454545,-6,48,0.229166667,-1.375
supply_side,RIG,2012Q2,3,-1,-3,35,0.085714286,-0.257142857
supply_side,RIG,2012Q3,3,-1.333333333,-4,54,0.055555556,-0.222222222
supply_side,RIG,2012Q4,2,-1,-2,45,0.044444444,-0.088888889
supply_side,RIG,2013Q1,7,0.142857143,1,68,0.102941176,0.102941176
supply_side,RIG,2013Q2,2,0,0,47,0.042553191,0
supply_side,RIG,2013Q3,2,-0.5,-1,55,0.036363636,-0.036363636
supply_side,RIG,2013Q4,4,0,0,41,0.097560976,0
supply_side,RIG,2014Q3,4,-0.75,-3,39,0.102564103,-0.307692308
supply_side,RIG,2014Q4,1,-2,-2,81,0.012345679,-0.024691358
supply_side,RIG,2015Q1,1,-1,-1,73,0.01369863,-0.01369863
supply_side,RIG,2015Q2,3,0.333333333,1,59,0.050847458,0.050847458
supply_side,RIG,2015Q3,6,-0.5,-3,95,0.063157895,-0.189473684
supply_side,RIG,2015Q4,1,-1,-1,74,0.013513514,-0.013513514
supply_side,RIG,2016Q1,2,0,0,88,0.022727273,0
supply_side,RIG,2016Q2,1,-1,-1,90,0.011111111,-0.011111111
supply_side,RIG,2016Q4,2,-0.5,-1,73,0.02739726,-0.02739726
supply_side,RIG,2017Q1,2,0.5,1,73,0.02739726,0.02739726
supply_side,RIG,2017Q2,1,0,0,98,0.010204082,0
supply_side,RIG,2017Q3,1,1,1,112,0.008928571,0.008928571
supply_side,RIG,2017Q4,4,-1,-4,125,0.032,-0.128
supply_side,RIG,2018Q1,8,1.125,9,94,0.085106383,0.765957447
supply_side,RIG,2018Q2,5,-0.4,-2,130,0.038461538,-0.076923077
supply_side,RIG,2018Q3,4,0.75,3,126,0.031746032,0.095238095
supply_side,RIG,2019Q1,2,0,0,140,0.014285714,0
supply_side,RIG,2019Q2,1,0,0,154,0.006493506,0
supply_side,RIG,2019Q3,2,0,0,157,0.012738854,0
supply_side,RIG,2019Q4,1,-1,-1,172,0.005813953,-0.005813953
supply_side,RIG,2020Q1,3,-1.333333333,-4,213,0.014084507,-0.056338028
supply_side,RIG,2020Q2,1,-1,-1,190,0.005263158,-0.005263158
supply_side,RIG,2020Q3,2,0.5,1,144,0.013888889,0.013888889
supply_side,RIG,2020Q4,4,-0.25,-1,180,0.022222222,-0.022222222
supply_side,RIG,2021Q1,1,1,1,215,0.004651163,0.004651163
supply_side,RIG,2021Q2,1,1,1,193,0.005181347,0.005181347
supply_side,RIG,2022Q1,2,0,0,150,0.013333333,0
supply_side,RIG,2022Q3,1,-1,-1,103,0.009708738,-0.009708738
supply_side,RIG,2023Q4,1,0,0,130,0.007692308,0
supply_side,RIG,2024Q2,1,0,0,102,0.009803922,0
supply_side,RNGR,2024Q3,1,2,2,163,0.006134969,0.012269939
supply_side,RNGR,2024Q4,1,-1,-1,146,0.006849315,-0.006849315
supply_side,SD,2016Q1,2,-2,-4,88,0.022727273,-0.090909091
supply_side,SD,2016Q2,1,-2,-2,90,0.011111111,-0.022222222
supply_side,SD,2017Q4,2,-1,-2,125,0.016,-0.032
supply_side,SD,2018Q1,4,-0.75,-3,94,0.042553191,-0.127659574
supply_side,SD,2018Q2,4,-0.5,-2,130,0.030769231,-0.061538462
supply_side,SD,2018Q3,1,-1,-1,126,0.007936508,-0.007936508
supply_side,SDRL,2024Q4,1,1,1,146,0.006849315,0.006849315
supply_side,SDRL,2025Q1,1,1,1,9,0.111111111,0.111111111
supply_side,SLB,2003Q4,1,-1,-1,11,0.090909091,-0.090909091
supply_side,SLB,2004Q1,1,1,1,19,0.052631579,0.052631579
supply_side,SLB,2005Q4,1,1,1,17,0.058823529,0.058823529
supply_side,SLB,2007Q3,1,1,1,12,0.083333333,0.083333333
supply_side,SLB,2008Q4,2,-1,-2,18,0.111111111,-0.222222222
supply_side,SLB,2009Q1,1,0,0,19,0.052631579,0
supply_side,SLB,2009Q2,1,0,0,15,0.066666667,0
supply_side,SLB,2009Q3,1,-2,-2,27,0.037037037,-0.074074074
supply_side,SLB,2010Q1,1,2,2,25,0.04,0.08
supply_side,SLB,2010Q4,4,0.75,3,41,0.097560976,0.292682927
supply_side,SLB,2011Q1,1,-1,-1,39,0.025641026,-0.025641026
supply_side,SLB,2011Q2,1,1,1,35,0.028571429,0.028571429
supply_side,SLB,2011Q3,1,2,2,28,0.035714286,0.071428571
supply_side,SLB,2012Q1,2,-0.5,-1,48,0.041666667,-0.041666667
supply_side,SLB,2012Q2,3,0,0,35,0.085714286,0
supply_side,SLB,2012Q3,2,1,2,54,0.037037037,0.074074074
supply_side,SLB,2012Q4,3,0,0,45,0.066666667,0
supply_side,SLB,2013Q3,2,0.5,1,55,0.036363636,0.036363636
supply_side,SLB,2014Q2,6,-0.166666667,-1,38,0.157894737,-0.157894737
supply_side,SLB,2014Q3,1,2,2,39,0.025641026,0.051282051
supply_side,SLB,2014Q4,3,-1.333333333,-4,81,0.037037037,-0.148148148
supply_side,SLB,2015Q1,2,0,0,73,0.02739726,0
supply_side,SLB,2015Q3,5,0,0,95,0.052631579,0
supply_side,SLB,2015Q4,3,-1.333333333,-4,74,0.040540541,-0.162162162
supply_side,SLB,2016Q1,1,1,1,88,0.011363636,0.011363636
supply_side,SLB,2016Q2,4,-0.25,-1,90,0.044444444,-0.044444444
supply_side,SLB,2016Q3,3,-1.333333333,-4,88,0.034090909,-0.136363636
supply_side,SLB,2016Q4,2,0,0,73,0.02739726,0
supply_side,SLB,2017Q1,2,0.5,1,73,0.02739726,0.02739726
supply_side,SLB,2017Q2,3,-0.333333333,-1,98,0.030612245,-0.030612245
supply_side,SLB,2017Q3,3,1,3,112,0.026785714,0.080357143
supply_side,SLB,2017Q4,6,0.166666667,1,125,0.048,0.048
supply_side,SLB,2018Q2,2,0,0,130,0.015384615,0
supply_side,SLB,2018Q3,1,2,2,126,0.007936508,0.015873016
supply_side,SLB,2018Q4,1,-2,-2,143,0.006993007,-0.013986014
supply_side,SLB,2019Q1,2,-1,-2,140,0.014285714,-0.028571429
supply_side,SLB,2019Q2,3,-0.333333333,-1,154,0.019480519,-0.019480519
supply_side,SLB,2019Q3,3,-0.333333333,-1,157,0.01910828,-0.01910828
supply_side,SLB,2019Q4,3,0.666666667,2,172,0.01744186,0.034883721
supply_side,SLB,2020Q1,4,-1.25,-5,213,0.018779343,-0.093896714
supply_side,SLB,2020Q2,2,-1.5,-3,190,0.010526316,-0.031578947
supply_side,SLB,2020Q3,5,-1.2,-6,144,0.034722222,-0.208333333
supply_side,SLB,2020Q4,2,-0.5,-1,180,0.011111111,-0.011111111
supply_side,SLB,2021Q1,2,-1,-2,215,0.009302326,-0.018604651
supply_side,SLB,2021Q3,4,0,0,216,0.018518519,0
supply_side,SLB,2021Q4,4,1.25,5,164,0.024390244,0.12195122
supply_side,SLB,2022Q1,2,1.5,3,150,0.013333333,0.04
supply_side,SLB,2022Q2,1,0,0,131,0.007633588,0
supply_side,SLB,2022Q3,2,1.5,3,103,0.019417476,0.058252427
supply_side,SLB,2022Q4,5,0.2,1,153,0.032679739,0.032679739
supply_side,SLB,2023Q1,6,1,6,151,0.039735099,0.238410596
supply_side,SLB,2023Q2,7,1,7,212,0.033018868,0.231132075
supply_side,SLB,2023Q3,6,-0.5,-3,137,0.04379562,-0.131386861
supply_side,SLB,2023Q4,4,1.25,5,130,0.030769231,0.153846154
supply_side,SLB,2024Q1,2,1,2,128,0.015625,0.03125
supply_side,SLB,2024Q2,2,1,2,102,0.019607843,0.039215686
supply_side,SLB,2024Q3,5,0.6,3,163,0.030674847,0.09202454
supply_side,SLB,2024Q4,2,0,0,146,0.01369863,0
supply_side,STR,2012Q4,1,-1,-1,45,0.022222222,-0.022222222
supply_side,STR,2013Q2,1,-1,-1,47,0.021276596,-0.021276596
supply_side,STR,2015Q3,1,0,0,95,0.010526316,0
supply_side,STR,2016Q3,1,0,0,88,0.011363636,0
supply_side,STR,2019Q4,2,-0.5,-1,172,0.011627907,-0.011627907
supply_side,STR,2020Q1,2,-0.5,-1,213,0.009389671,-0.009389671
supply_side,STR,2020Q3,1,1,1,144,0.006944444,0.006944444
supply_side,STR,2021Q2,1,0,0,193,0.005181347,0
supply_side,STR,2021Q4,1,-1,-1,164,0.006097561,-0.006097561
supply_side,STR,2022Q1,1,0,0,150,0.006666667,0
supply_side,STR,2023Q2,1,-1,-1,212,0.004716981,-0.004716981
supply_side,STR,2024Q1,1,1,1,128,0.0078125,0.0078125
supply_side,TTI,2011Q1,1,0,0,39,0.025641026,0
supply_side,TTI,2016Q2,1,0,0,90,0.011111111,0
supply_side,TTI,2016Q4,1,0,0,73,0.01369863,0
supply_side,TTI,2020Q3,2,0.5,1,144,0.013888889,0.013888889
supply_side,TTI,2020Q4,1,0,0,180,0.005555556,0
supply_side,TTI,2021Q1,1,0,0,215,0.004651163,0
supply_side,TTI,2021Q2,1,0,0,193,0.005181347,0
supply_side,TTI,2021Q3,2,-0.5,-1,216,0.009259259,-0.009259259
supply_side,TTI,2022Q4,1,0,0,153,0.006535948,0
supply_side,TUSK,2017Q1,1,2,2,73,0.01369863,0.02739726
supply_side,TUSK,2024Q3,1,0,0,163,0.006134969,0
supply_side,VAL,2024Q4,2,0,0,146,0.01369863,0
supply_side,VEI,2021Q3,1,1,1,216,0.00462963,0.00462963
supply_side,VEI,2021Q4,1,0,0,164,0.006097561,0
supply_side,VOC,2015Q4,1,0,0,74,0.013513514,0
supply_side,VOC,2018Q4,1,-1,-1,143,0.006993007,-0.006993007
supply_side,VOC,2020Q4,1,0,0,180,0.005555556,0
supply_side,VOC,2022Q2,1,-1,-1,131,0.007633588,-0.007633588
supply_side,VTS,2020Q4,1,0,0,180,0.005555556,0
supply_side,VTS,2021Q1,1,0,0,215,0.004651163,0
supply_side,WLL,1999Q3,1,0,0,14,0.071428571,0
supply_side,WLL,2001Q1,1,0,0,22,0.045454545,0
supply_side,WLL,2013Q4,1,1,1,41,0.024390244,0.024390244
supply_side,WLL,2014Q3,1,2,2,39,0.025641026,0.051282051
supply_side,WLL,2014Q4,2,0,0,81,0.024691358,0
supply_side,WLL,2015Q1,4,-0.75,-3,73,0.054794521,-0.164383562
supply_side,WLL,2015Q2,2,0,0,59,0.033898305,0
supply_side,WLL,2015Q3,2,-0.5,-1,95,0.021052632,-0.021052632
supply_side,WLL,2015Q4,1,-1,-1,74,0.013513514,-0.013513514
supply_side,WLL,2016Q3,2,0.5,1,88,0.022727273,0.022727273
supply_side,WLL,2017Q2,1,-1,-1,98,0.010204082,-0.010204082
supply_side,WLL,2018Q1,1,-1,-1,94,0.010638298,-0.010638298
supply_side,WLL,2018Q2,1,-1,-1,130,0.007692308,-0.007692308
supply_side,WLL,2018Q4,1,-1,-1,143,0.006993007,-0.006993007
supply_side,WLL,2019Q2,2,-1.5,-3,154,0.012987013,-0.038961039
supply_side,WLL,2019Q4,3,-0.666666667,-2,172,0.01744186,-0.034883721
supply_side,WLL,2020Q1,4,-1.25,-5,213,0.018779343,-0.093896714
supply_side,WLL,2020Q2,7,-1.714285714,-12,190,0.036842105,-0.442105263
supply_side,WLL,2020Q3,4,-0.75,-3,144,0.027777778,-0.083333333
supply_side,WLL,2021Q2,1,1,1,193,0.005181347,0.005181347
supply_side,WLL,2022Q1,3,1.333333333,4,150,0.02,0.08
supply_side,XOG,2016Q4,2,1.5,3,73,0.02739726,0.082191781
